code_module,code_presentation,id_student,period,date_unregistration,final_result
AAA,2013J,30268,P2,12.0,Withdrawn
AAA,2013J,292923,P2,-121.0,Withdrawn
AAA,2013J,305539,P2,-3.0,Withdrawn
AAA,2013J,354858,P2,5.0,Withdrawn
AAA,2013J,405961,P2,-100.0,Withdrawn
AAA,2013J,721259,P2,23.0,Withdrawn
AAA,2013J,1456619,P2,27.0,Withdrawn
AAA,2013J,1763015,P2,-2.0,Withdrawn
AAA,2013J,2149225,P2,10.0,Withdrawn
AAA,2013J,2318055,P2,-19.0,Withdrawn
AAA,2013J,2324976,P2,-50.0,Withdrawn
AAA,2013J,2365101,P2,-80.0,Withdrawn
AAA,2013J,2542724,P2,13.0,Withdrawn
AAA,2014J,135335,P4,24.0,SEALED
AAA,2014J,260355,P4,-87.0,SEALED
AAA,2014J,323805,P4,-101.0,SEALED
AAA,2014J,328734,P4,-47.0,SEALED
AAA,2014J,387954,P4,18.0,SEALED
AAA,2014J,488382,P4,-137.0,SEALED
AAA,2014J,514526,P4,-12.0,SEALED
AAA,2014J,567922,P4,-22.0,SEALED
AAA,2014J,598070,P4,-2.0,SEALED
AAA,2014J,608440,P4,-11.0,SEALED
AAA,2014J,623710,P4,-129.0,SEALED
AAA,2014J,628312,P4,9.0,SEALED
AAA,2014J,1469279,P4,-22.0,SEALED
AAA,2014J,2158196,P4,12.0,SEALED
AAA,2014J,2313257,P4,-16.0,SEALED
AAA,2014J,2365101,P4,-54.0,SEALED
AAA,2014J,2630087,P4,-8.0,SEALED
BBB,2013B,34431,P1,27.0,Withdrawn
BBB,2013B,34694,P1,-54.0,Withdrawn
BBB,2013B,72070,P1,10.0,Withdrawn
BBB,2013B,87604,P1,-75.0,Withdrawn
BBB,2013B,88580,P1,-8.0,Withdrawn
BBB,2013B,102849,P1,-4.0,Withdrawn
BBB,2013B,123379,P1,-59.0,Withdrawn
BBB,2013B,127209,P1,-225.0,Withdrawn
BBB,2013B,128776,P1,24.0,Withdrawn
BBB,2013B,143854,P1,27.0,Withdrawn
BBB,2013B,155735,P1,13.0,Withdrawn
BBB,2013B,174321,P1,-19.0,Withdrawn
BBB,2013B,177639,P1,11.0,Withdrawn
BBB,2013B,200863,P1,25.0,Withdrawn
BBB,2013B,228049,P1,11.0,Withdrawn
BBB,2013B,228235,P1,6.0,Withdrawn
BBB,2013B,230348,P1,-68.0,Withdrawn
BBB,2013B,232600,P1,-9.0,Withdrawn
BBB,2013B,232745,P1,-65.0,Withdrawn
BBB,2013B,252652,P1,-25.0,Withdrawn
BBB,2013B,256215,P1,-92.0,Withdrawn
BBB,2013B,258402,P1,-1.0,Withdrawn
BBB,2013B,259182,P1,-5.0,Withdrawn
BBB,2013B,263531,P1,-22.0,Withdrawn
BBB,2013B,265405,P1,27.0,Withdrawn
BBB,2013B,269289,P1,-82.0,Withdrawn
BBB,2013B,291701,P1,-25.0,Withdrawn
BBB,2013B,292027,P1,22.0,Withdrawn
BBB,2013B,296408,P1,-117.0,Withdrawn
BBB,2013B,302550,P1,-163.0,Withdrawn
BBB,2013B,306984,P1,27.0,Withdrawn
BBB,2013B,330376,P1,27.0,Withdrawn
BBB,2013B,338912,P1,-16.0,Withdrawn
BBB,2013B,340378,P1,27.0,Withdrawn
BBB,2013B,341235,P1,-8.0,Withdrawn
BBB,2013B,353918,P1,-18.0,Withdrawn
BBB,2013B,359170,P1,-36.0,Withdrawn
BBB,2013B,364323,P1,5.0,Withdrawn
BBB,2013B,369212,P1,27.0,Withdrawn
BBB,2013B,372624,P1,-73.0,Withdrawn
BBB,2013B,375312,P1,9.0,Withdrawn
BBB,2013B,377695,P1,-73.0,Withdrawn
BBB,2013B,379405,P1,-30.0,Withdrawn
BBB,2013B,383828,P1,13.0,Withdrawn
BBB,2013B,387276,P1,-80.0,Withdrawn
BBB,2013B,388014,P1,-209.0,Withdrawn
BBB,2013B,393327,P1,-109.0,Withdrawn
BBB,2013B,395107,P1,-2.0,Withdrawn
BBB,2013B,397763,P1,27.0,Withdrawn
BBB,2013B,398949,P1,-22.0,Withdrawn
BBB,2013B,399108,P1,5.0,Withdrawn
BBB,2013B,400718,P1,-106.0,Withdrawn
BBB,2013B,402660,P1,27.0,Withdrawn
BBB,2013B,403191,P1,27.0,Withdrawn
BBB,2013B,415548,P1,-29.0,Withdrawn
BBB,2013B,429158,P1,-47.0,Withdrawn
BBB,2013B,430160,P1,9.0,Withdrawn
BBB,2013B,438210,P1,26.0,Withdrawn
BBB,2013B,438379,P1,-8.0,Withdrawn
BBB,2013B,441423,P1,-26.0,Withdrawn
BBB,2013B,467835,P1,27.0,Withdrawn
BBB,2013B,476816,P1,18.0,Withdrawn
BBB,2013B,479267,P1,27.0,Withdrawn
BBB,2013B,480151,P1,10.0,Withdrawn
BBB,2013B,485352,P1,-16.0,Withdrawn
BBB,2013B,486214,P1,27.0,Withdrawn
BBB,2013B,488929,P1,27.0,Withdrawn
BBB,2013B,490110,P1,27.0,Withdrawn
BBB,2013B,490733,P1,27.0,Withdrawn
BBB,2013B,492336,P1,27.0,Withdrawn
BBB,2013B,495377,P1,-30.0,Withdrawn
BBB,2013B,502279,P1,-96.0,Withdrawn
BBB,2013B,504689,P1,26.0,Withdrawn
BBB,2013B,505123,P1,-68.0,Withdrawn
BBB,2013B,505499,P1,-2.0,Withdrawn
BBB,2013B,505592,P1,27.0,Withdrawn
BBB,2013B,507221,P1,3.0,Withdrawn
BBB,2013B,507303,P1,27.0,Withdrawn
BBB,2013B,507320,P1,27.0,Withdrawn
BBB,2013B,507485,P1,27.0,Withdrawn
BBB,2013B,507685,P1,4.0,Withdrawn
BBB,2013B,508103,P1,26.0,Withdrawn
BBB,2013B,509130,P1,27.0,Withdrawn
BBB,2013B,509295,P1,-25.0,Withdrawn
BBB,2013B,509334,P1,-81.0,Withdrawn
BBB,2013B,511652,P1,-30.0,Withdrawn
BBB,2013B,512924,P1,-2.0,Withdrawn
BBB,2013B,513016,P1,-80.0,Withdrawn
BBB,2013B,513196,P1,5.0,Withdrawn
BBB,2013B,513368,P1,-29.0,Withdrawn
BBB,2013B,514365,P1,20.0,Withdrawn
BBB,2013B,514819,P1,-16.0,Withdrawn
BBB,2013B,515174,P1,27.0,Withdrawn
BBB,2013B,517701,P1,-2.0,Withdrawn
BBB,2013B,519647,P1,27.0,Withdrawn
BBB,2013B,520049,P1,-2.0,Withdrawn
BBB,2013B,520230,P1,27.0,Withdrawn
BBB,2013B,520749,P1,16.0,Withdrawn
BBB,2013B,523156,P1,27.0,Withdrawn
BBB,2013B,523789,P1,-23.0,Withdrawn
BBB,2013B,524496,P1,16.0,Withdrawn
BBB,2013B,524769,P1,27.0,Withdrawn
BBB,2013B,524968,P1,-2.0,Withdrawn
BBB,2013B,525543,P1,-142.0,Withdrawn
BBB,2013B,528270,P1,-131.0,Withdrawn
BBB,2013B,529118,P1,-5.0,Withdrawn
BBB,2013B,529767,P1,27.0,Withdrawn
BBB,2013B,530215,P1,12.0,Withdrawn
BBB,2013B,530245,P1,5.0,Withdrawn
BBB,2013B,530398,P1,14.0,Withdrawn
BBB,2013B,530483,P1,-28.0,Withdrawn
BBB,2013B,531000,P1,12.0,Withdrawn
BBB,2013B,531481,P1,-75.0,Withdrawn
BBB,2013B,532000,P1,27.0,Withdrawn
BBB,2013B,532742,P1,27.0,Withdrawn
BBB,2013B,532928,P1,-1.0,Withdrawn
BBB,2013B,533512,P1,-2.0,Withdrawn
BBB,2013B,533737,P1,-1.0,Withdrawn
BBB,2013B,534151,P1,27.0,Withdrawn
BBB,2013B,534217,P1,-16.0,Withdrawn
BBB,2013B,534426,P1,-11.0,Withdrawn
BBB,2013B,534671,P1,27.0,Withdrawn
BBB,2013B,534713,P1,18.0,Withdrawn
BBB,2013B,534758,P1,-19.0,Withdrawn
BBB,2013B,534830,P1,-17.0,Withdrawn
BBB,2013B,534922,P1,-80.0,Withdrawn
BBB,2013B,535272,P1,-36.0,Withdrawn
BBB,2013B,535303,P1,27.0,Withdrawn
BBB,2013B,535526,P1,-94.0,Withdrawn
BBB,2013B,535558,P1,-4.0,Withdrawn
BBB,2013B,536471,P1,-19.0,Withdrawn
BBB,2013B,536520,P1,-30.0,Withdrawn
BBB,2013B,536670,P1,27.0,Withdrawn
BBB,2013B,537263,P1,-8.0,Withdrawn
BBB,2013B,539041,P1,-12.0,Withdrawn
BBB,2013B,540568,P1,-25.0,Withdrawn
BBB,2013B,540594,P1,9.0,Withdrawn
BBB,2013B,540767,P1,27.0,Withdrawn
BBB,2013B,540953,P1,27.0,Withdrawn
BBB,2013B,541061,P1,12.0,Withdrawn
BBB,2013B,541573,P1,-45.0,Withdrawn
BBB,2013B,541709,P1,3.0,Withdrawn
BBB,2013B,541727,P1,11.0,Withdrawn
BBB,2013B,541985,P1,27.0,Withdrawn
BBB,2013B,542081,P1,2.0,Withdrawn
BBB,2013B,542562,P1,-73.0,Withdrawn
BBB,2013B,542602,P1,11.0,Withdrawn
BBB,2013B,542760,P1,-9.0,Withdrawn
BBB,2013B,543199,P1,2.0,Withdrawn
BBB,2013B,543365,P1,-47.0,Withdrawn
BBB,2013B,543896,P1,-49.0,Withdrawn
BBB,2013B,544435,P1,-2.0,Withdrawn
BBB,2013B,544491,P1,27.0,Withdrawn
BBB,2013B,544686,P1,17.0,Withdrawn
BBB,2013B,544796,P1,-16.0,Withdrawn
BBB,2013B,545001,P1,-15.0,Withdrawn
BBB,2013B,545219,P1,17.0,Withdrawn
BBB,2013B,545337,P1,16.0,Withdrawn
BBB,2013B,545514,P1,-29.0,Withdrawn
BBB,2013B,545799,P1,-85.0,Withdrawn
BBB,2013B,545896,P1,27.0,Withdrawn
BBB,2013B,545927,P1,12.0,Withdrawn
BBB,2013B,546015,P1,27.0,Withdrawn
BBB,2013B,546333,P1,28.0,Withdrawn
BBB,2013B,546786,P1,5.0,Withdrawn
BBB,2013B,546941,P1,-30.0,Withdrawn
BBB,2013B,547052,P1,-44.0,Withdrawn
BBB,2013B,547267,P1,27.0,Withdrawn
BBB,2013B,547303,P1,4.0,Withdrawn
BBB,2013B,547472,P1,-17.0,Withdrawn
BBB,2013B,547855,P1,-15.0,Withdrawn
BBB,2013B,548800,P1,-5.0,Withdrawn
BBB,2013B,548881,P1,11.0,Withdrawn
BBB,2013B,549352,P1,-1.0,Withdrawn
BBB,2013B,549563,P1,-11.0,Withdrawn
BBB,2013B,549622,P1,12.0,Withdrawn
BBB,2013B,550676,P1,-29.0,Withdrawn
BBB,2013B,550842,P1,-29.0,Withdrawn
BBB,2013B,551172,P1,18.0,Withdrawn
BBB,2013B,551601,P1,-17.0,Withdrawn
BBB,2013B,551724,P1,0.0,Withdrawn
BBB,2013B,552640,P1,4.0,Withdrawn
BBB,2013B,552719,P1,27.0,Withdrawn
BBB,2013B,553526,P1,-22.0,Withdrawn
BBB,2013B,553938,P1,-1.0,Withdrawn
BBB,2013B,554249,P1,-29.0,Withdrawn
BBB,2013B,554290,P1,-18.0,Withdrawn
BBB,2013B,554362,P1,-5.0,Withdrawn
BBB,2013B,554454,P1,-2.0,Withdrawn
BBB,2013B,554482,P1,2.0,Withdrawn
BBB,2013B,554637,P1,27.0,Withdrawn
BBB,2013B,554920,P1,27.0,Withdrawn
BBB,2013B,555212,P1,27.0,Withdrawn
BBB,2013B,555338,P1,-8.0,Withdrawn
BBB,2013B,555552,P1,27.0,Withdrawn
BBB,2013B,555707,P1,27.0,Withdrawn
BBB,2013B,555995,P1,27.0,Withdrawn
BBB,2013B,556077,P1,17.0,Withdrawn
BBB,2013B,556481,P1,27.0,Withdrawn
BBB,2013B,556585,P1,-15.0,Withdrawn
BBB,2013B,556929,P1,-18.0,Withdrawn
BBB,2013B,556988,P1,26.0,Withdrawn
BBB,2013B,557155,P1,-11.0,Withdrawn
BBB,2013B,557170,P1,27.0,Withdrawn
BBB,2013B,557338,P1,-17.0,Withdrawn
BBB,2013B,557729,P1,27.0,Withdrawn
BBB,2013B,557938,P1,27.0,Withdrawn
BBB,2013B,557997,P1,-15.0,Withdrawn
BBB,2013B,558146,P1,27.0,Withdrawn
BBB,2013B,558212,P1,27.0,Withdrawn
BBB,2013B,558231,P1,-2.0,Withdrawn
BBB,2013B,558326,P1,11.0,Withdrawn
BBB,2013B,558395,P1,27.0,Withdrawn
BBB,2013B,558974,P1,-5.0,Withdrawn
BBB,2013B,559227,P1,27.0,Withdrawn
BBB,2013B,559291,P1,-5.0,Withdrawn
BBB,2013B,560102,P1,-1.0,Withdrawn
BBB,2013B,560161,P1,27.0,Withdrawn
BBB,2013B,560185,P1,11.0,Withdrawn
BBB,2013B,560458,P1,-2.0,Withdrawn
BBB,2013B,1996746,P1,2.0,Withdrawn
BBB,2013B,2265234,P1,11.0,Withdrawn
BBB,2013B,2287671,P1,27.0,Withdrawn
BBB,2013B,2394212,P1,-22.0,Withdrawn
BBB,2013B,2399361,P1,-19.0,Withdrawn
BBB,2013B,2415962,P1,18.0,Withdrawn
BBB,2013B,2444102,P1,-4.0,Withdrawn
BBB,2013B,2475034,P1,-8.0,Withdrawn
BBB,2013B,2480865,P1,-136.0,Withdrawn
BBB,2013B,2528352,P1,-50.0,Withdrawn
BBB,2013B,2534033,P1,-43.0,Withdrawn
BBB,2013B,2540746,P1,27.0,Withdrawn
BBB,2013B,2578041,P1,-75.0,Withdrawn
BBB,2013B,2597027,P1,-5.0,Withdrawn
BBB,2013B,2617650,P1,-53.0,Withdrawn
BBB,2013B,2692381,P1,-29.0,Withdrawn
BBB,2013B,2693974,P1,-2.0,Withdrawn
BBB,2013J,23632,P2,-51.0,Withdrawn
BBB,2013J,25629,P2,-30.0,Withdrawn
BBB,2013J,26677,P2,-1.0,Withdrawn
BBB,2013J,27457,P2,-12.0,Withdrawn
BBB,2013J,53360,P2,0.0,Withdrawn
BBB,2013J,54388,P2,0.0,Withdrawn
BBB,2013J,57369,P2,-1.0,Withdrawn
BBB,2013J,61118,P2,-16.0,Withdrawn
BBB,2013J,64246,P2,-32.0,Withdrawn
BBB,2013J,65807,P2,-61.0,Withdrawn
BBB,2013J,67863,P2,0.0,Withdrawn
BBB,2013J,69843,P2,-28.0,Withdrawn
BBB,2013J,72057,P2,-14.0,Withdrawn
BBB,2013J,74169,P2,-67.0,Withdrawn
BBB,2013J,125874,P2,0.0,Withdrawn
BBB,2013J,133269,P2,-50.0,Withdrawn
BBB,2013J,152867,P2,18.0,Withdrawn
BBB,2013J,165823,P2,12.0,Withdrawn
BBB,2013J,184236,P2,-12.0,Withdrawn
BBB,2013J,184897,P2,-52.0,Withdrawn
BBB,2013J,185597,P2,-51.0,Withdrawn
BBB,2013J,228243,P2,-176.0,Withdrawn
BBB,2013J,228513,P2,-15.0,Withdrawn
BBB,2013J,233102,P2,-19.0,Withdrawn
BBB,2013J,235258,P2,-8.0,Withdrawn
BBB,2013J,235428,P2,-43.0,Withdrawn
BBB,2013J,238825,P2,-14.0,Withdrawn
BBB,2013J,243047,P2,-80.0,Withdrawn
BBB,2013J,244917,P2,0.0,Withdrawn
BBB,2013J,259182,P2,-1.0,Withdrawn
BBB,2013J,264842,P2,-25.0,Withdrawn
BBB,2013J,271346,P2,-1.0,Withdrawn
BBB,2013J,274577,P2,-23.0,Withdrawn
BBB,2013J,278773,P2,-57.0,Withdrawn
BBB,2013J,280439,P2,-51.0,Withdrawn
BBB,2013J,299561,P2,-84.0,Withdrawn
BBB,2013J,304795,P2,-12.0,Withdrawn
BBB,2013J,305547,P2,-26.0,Withdrawn
BBB,2013J,312531,P2,-61.0,Withdrawn
BBB,2013J,322728,P2,18.0,Withdrawn
BBB,2013J,332257,P2,0.0,Withdrawn
BBB,2013J,338878,P2,27.0,Withdrawn
BBB,2013J,339656,P2,-2.0,Withdrawn
BBB,2013J,340661,P2,-19.0,Withdrawn
BBB,2013J,341612,P2,-52.0,Withdrawn
BBB,2013J,342678,P2,-33.0,Withdrawn
BBB,2013J,352161,P2,-1.0,Withdrawn
BBB,2013J,355692,P2,-11.0,Withdrawn
BBB,2013J,360101,P2,0.0,Withdrawn
BBB,2013J,361988,P2,0.0,Withdrawn
BBB,2013J,362907,P2,0.0,Fail
BBB,2013J,363151,P2,-71.0,Withdrawn
BBB,2013J,363711,P2,0.0,Withdrawn
BBB,2013J,364185,P2,-32.0,Withdrawn
BBB,2013J,365288,P2,0.0,Fail
BBB,2013J,369507,P2,0.0,Withdrawn
BBB,2013J,373633,P2,-36.0,Withdrawn
BBB,2013J,386904,P2,-78.0,Withdrawn
BBB,2013J,387276,P2,-42.0,Withdrawn
BBB,2013J,387378,P2,-72.0,Withdrawn
BBB,2013J,395358,P2,-22.0,Withdrawn
BBB,2013J,396256,P2,0.0,Withdrawn
BBB,2013J,401319,P2,0.0,Withdrawn
BBB,2013J,413052,P2,0.0,Withdrawn
BBB,2013J,417677,P2,0.0,Withdrawn
BBB,2013J,417967,P2,-17.0,Withdrawn
BBB,2013J,422505,P2,0.0,Withdrawn
BBB,2013J,424014,P2,-2.0,Withdrawn
BBB,2013J,430352,P2,-12.0,Withdrawn
BBB,2013J,434035,P2,0.0,Withdrawn
BBB,2013J,437030,P2,-86.0,Withdrawn
BBB,2013J,439684,P2,0.0,Withdrawn
BBB,2013J,440751,P2,-8.0,Withdrawn
BBB,2013J,442144,P2,-67.0,Withdrawn
BBB,2013J,444729,P2,-96.0,Withdrawn
BBB,2013J,445230,P2,5.0,Withdrawn
BBB,2013J,467330,P2,-92.0,Withdrawn
BBB,2013J,467396,P2,-50.0,Withdrawn
BBB,2013J,467721,P2,-16.0,Withdrawn
BBB,2013J,473509,P2,-78.0,Withdrawn
BBB,2013J,475682,P2,0.0,Withdrawn
BBB,2013J,482556,P2,0.0,Withdrawn
BBB,2013J,483135,P2,-22.0,Withdrawn
BBB,2013J,483339,P2,0.0,Withdrawn
BBB,2013J,484446,P2,-5.0,Withdrawn
BBB,2013J,485560,P2,-18.0,Withdrawn
BBB,2013J,486550,P2,25.0,Withdrawn
BBB,2013J,488908,P2,-92.0,Withdrawn
BBB,2013J,489966,P2,-47.0,Withdrawn
BBB,2013J,491758,P2,-22.0,Withdrawn
BBB,2013J,492229,P2,-21.0,Withdrawn
BBB,2013J,492247,P2,0.0,Withdrawn
BBB,2013J,493672,P2,-32.0,Withdrawn
BBB,2013J,493891,P2,-51.0,Withdrawn
BBB,2013J,497925,P2,0.0,Withdrawn
BBB,2013J,499373,P2,10.0,Withdrawn
BBB,2013J,500625,P2,12.0,Withdrawn
BBB,2013J,502452,P2,-57.0,Withdrawn
BBB,2013J,502621,P2,-46.0,Withdrawn
BBB,2013J,504842,P2,0.0,Withdrawn
BBB,2013J,507944,P2,-19.0,Withdrawn
BBB,2013J,510650,P2,-80.0,Withdrawn
BBB,2013J,513648,P2,0.0,Withdrawn
BBB,2013J,514824,P2,-9.0,Withdrawn
BBB,2013J,515209,P2,0.0,Withdrawn
BBB,2013J,516055,P2,-37.0,Withdrawn
BBB,2013J,516165,P2,-1.0,Withdrawn
BBB,2013J,516212,P2,0.0,Withdrawn
BBB,2013J,516214,P2,0.0,Withdrawn
BBB,2013J,516447,P2,-1.0,Withdrawn
BBB,2013J,517075,P2,-95.0,Withdrawn
BBB,2013J,517922,P2,-17.0,Withdrawn
BBB,2013J,518029,P2,18.0,Withdrawn
BBB,2013J,519751,P2,-8.0,Withdrawn
BBB,2013J,519945,P2,2.0,Withdrawn
BBB,2013J,520153,P2,-110.0,Withdrawn
BBB,2013J,521209,P2,0.0,Withdrawn
BBB,2013J,521456,P2,-53.0,Withdrawn
BBB,2013J,523885,P2,-36.0,Withdrawn
BBB,2013J,526506,P2,-94.0,Withdrawn
BBB,2013J,528204,P2,0.0,Withdrawn
BBB,2013J,528642,P2,-93.0,Withdrawn
BBB,2013J,529163,P2,0.0,Withdrawn
BBB,2013J,531287,P2,-37.0,Withdrawn
BBB,2013J,533414,P2,-1.0,Withdrawn
BBB,2013J,533449,P2,18.0,Withdrawn
BBB,2013J,535168,P2,4.0,Withdrawn
BBB,2013J,536409,P2,-23.0,Withdrawn
BBB,2013J,536487,P2,0.0,Withdrawn
BBB,2013J,539299,P2,-18.0,Withdrawn
BBB,2013J,539414,P2,-3.0,Withdrawn
BBB,2013J,541842,P2,-9.0,Withdrawn
BBB,2013J,542562,P2,25.0,Withdrawn
BBB,2013J,543199,P2,6.0,Withdrawn
BBB,2013J,545521,P2,10.0,Withdrawn
BBB,2013J,546124,P2,-9.0,Withdrawn
BBB,2013J,547266,P2,-58.0,Withdrawn
BBB,2013J,547755,P2,-87.0,Withdrawn
BBB,2013J,551628,P2,18.0,Withdrawn
BBB,2013J,552865,P2,0.0,Withdrawn
BBB,2013J,553556,P2,-137.0,Withdrawn
BBB,2013J,555789,P2,-8.0,Withdrawn
BBB,2013J,556637,P2,12.0,Withdrawn
BBB,2013J,559344,P2,-64.0,Withdrawn
BBB,2013J,560490,P2,-23.0,Withdrawn
BBB,2013J,560559,P2,0.0,Withdrawn
BBB,2013J,563022,P2,0.0,Withdrawn
BBB,2013J,563063,P2,-11.0,Withdrawn
BBB,2013J,564300,P2,-123.0,Withdrawn
BBB,2013J,564791,P2,-92.0,Withdrawn
BBB,2013J,564930,P2,-24.0,Withdrawn
BBB,2013J,564972,P2,19.0,Withdrawn
BBB,2013J,565402,P2,6.0,Withdrawn
BBB,2013J,565518,P2,-124.0,Withdrawn
BBB,2013J,565819,P2,-50.0,Withdrawn
BBB,2013J,567059,P2,2.0,Withdrawn
BBB,2013J,567145,P2,0.0,Withdrawn
BBB,2013J,567598,P2,-36.0,Withdrawn
BBB,2013J,567925,P2,-16.0,Withdrawn
BBB,2013J,568293,P2,-29.0,Withdrawn
BBB,2013J,568523,P2,-9.0,Withdrawn
BBB,2013J,569426,P2,-44.0,Withdrawn
BBB,2013J,570177,P2,16.0,Withdrawn
BBB,2013J,570862,P2,0.0,Withdrawn
BBB,2013J,570970,P2,-3.0,Withdrawn
BBB,2013J,571540,P2,-3.0,Withdrawn
BBB,2013J,571601,P2,19.0,Withdrawn
BBB,2013J,571770,P2,-96.0,Withdrawn
BBB,2013J,571794,P2,-136.0,Withdrawn
BBB,2013J,572029,P2,0.0,Withdrawn
BBB,2013J,572054,P2,0.0,Withdrawn
BBB,2013J,572626,P2,-18.0,Withdrawn
BBB,2013J,573409,P2,0.0,Withdrawn
BBB,2013J,573431,P2,-124.0,Withdrawn
BBB,2013J,573485,P2,0.0,Withdrawn
BBB,2013J,573683,P2,-12.0,Withdrawn
BBB,2013J,573758,P2,0.0,Withdrawn
BBB,2013J,573810,P2,0.0,Withdrawn
BBB,2013J,574053,P2,0.0,Withdrawn
BBB,2013J,574146,P2,-12.0,Withdrawn
BBB,2013J,574276,P2,-1.0,Withdrawn
BBB,2013J,574319,P2,0.0,Withdrawn
BBB,2013J,574591,P2,-1.0,Withdrawn
BBB,2013J,574674,P2,-50.0,Withdrawn
BBB,2013J,574727,P2,-14.0,Withdrawn
BBB,2013J,574783,P2,0.0,Withdrawn
BBB,2013J,574962,P2,-178.0,Withdrawn
BBB,2013J,574998,P2,11.0,Withdrawn
BBB,2013J,575207,P2,6.0,Withdrawn
BBB,2013J,575421,P2,-103.0,Withdrawn
BBB,2013J,575520,P2,-24.0,Withdrawn
BBB,2013J,575672,P2,-1.0,Withdrawn
BBB,2013J,575794,P2,-17.0,Withdrawn
BBB,2013J,575992,P2,-14.0,Withdrawn
BBB,2013J,576046,P2,5.0,Withdrawn
BBB,2013J,576098,P2,-4.0,Withdrawn
BBB,2013J,576375,P2,-163.0,Withdrawn
BBB,2013J,576513,P2,9.0,Withdrawn
BBB,2013J,576550,P2,-123.0,Withdrawn
BBB,2013J,576664,P2,-46.0,Withdrawn
BBB,2013J,576985,P2,4.0,Withdrawn
BBB,2013J,577215,P2,-100.0,Withdrawn
BBB,2013J,577239,P2,4.0,Withdrawn
BBB,2013J,577449,P2,-5.0,Withdrawn
BBB,2013J,577695,P2,9.0,Withdrawn
BBB,2013J,577965,P2,10.0,Withdrawn
BBB,2013J,577992,P2,-30.0,Withdrawn
BBB,2013J,578264,P2,0.0,Withdrawn
BBB,2013J,578598,P2,-21.0,Withdrawn
BBB,2013J,578953,P2,0.0,Withdrawn
BBB,2013J,579046,P2,14.0,Withdrawn
BBB,2013J,579050,P2,-11.0,Withdrawn
BBB,2013J,579256,P2,-8.0,Withdrawn
BBB,2013J,579259,P2,0.0,Withdrawn
BBB,2013J,579300,P2,2.0,Withdrawn
BBB,2013J,579448,P2,-18.0,Withdrawn
BBB,2013J,580328,P2,-1.0,Withdrawn
BBB,2013J,580497,P2,11.0,Withdrawn
BBB,2013J,580654,P2,0.0,Withdrawn
BBB,2013J,580854,P2,-138.0,Withdrawn
BBB,2013J,581016,P2,-107.0,Withdrawn
BBB,2013J,581492,P2,-18.0,Withdrawn
BBB,2013J,581493,P2,-46.0,Withdrawn
BBB,2013J,581672,P2,-1.0,Withdrawn
BBB,2013J,581959,P2,-24.0,Withdrawn
BBB,2013J,582084,P2,-33.0,Withdrawn
BBB,2013J,582404,P2,-114.0,Withdrawn
BBB,2013J,582443,P2,-92.0,Withdrawn
BBB,2013J,582469,P2,-82.0,Withdrawn
BBB,2013J,582806,P2,0.0,Withdrawn
BBB,2013J,582963,P2,0.0,Withdrawn
BBB,2013J,583065,P2,-1.0,Withdrawn
BBB,2013J,583179,P2,2.0,Withdrawn
BBB,2013J,583235,P2,0.0,Withdrawn
BBB,2013J,583333,P2,0.0,Withdrawn
BBB,2013J,583429,P2,-15.0,Withdrawn
BBB,2013J,583832,P2,-106.0,Withdrawn
BBB,2013J,583967,P2,-2.0,Withdrawn
BBB,2013J,584223,P2,-91.0,Withdrawn
BBB,2013J,584342,P2,0.0,Withdrawn
BBB,2013J,584374,P2,-100.0,Withdrawn
BBB,2013J,584534,P2,-30.0,Withdrawn
BBB,2013J,584588,P2,0.0,Withdrawn
BBB,2013J,584676,P2,0.0,Withdrawn
BBB,2013J,584892,P2,0.0,Withdrawn
BBB,2013J,585004,P2,-113.0,Withdrawn
BBB,2013J,585342,P2,-2.0,Withdrawn
BBB,2013J,585459,P2,-11.0,Withdrawn
BBB,2013J,585461,P2,-2.0,Withdrawn
BBB,2013J,585618,P2,0.0,Withdrawn
BBB,2013J,585764,P2,0.0,Withdrawn
BBB,2013J,586450,P2,-38.0,Withdrawn
BBB,2013J,586854,P2,-43.0,Withdrawn
BBB,2013J,586890,P2,-15.0,Withdrawn
BBB,2013J,586975,P2,-32.0,Withdrawn
BBB,2013J,587120,P2,-108.0,Withdrawn
BBB,2013J,587155,P2,-2.0,Withdrawn
BBB,2013J,587285,P2,0.0,Withdrawn
BBB,2013J,587349,P2,-106.0,Withdrawn
BBB,2013J,587623,P2,-19.0,Withdrawn
BBB,2013J,587665,P2,0.0,Withdrawn
BBB,2013J,587851,P2,-107.0,Withdrawn
BBB,2013J,588191,P2,6.0,Withdrawn
BBB,2013J,588194,P2,-25.0,Withdrawn
BBB,2013J,588205,P2,-15.0,Withdrawn
BBB,2013J,588252,P2,-2.0,Withdrawn
BBB,2013J,588445,P2,-2.0,Withdrawn
BBB,2013J,588504,P2,-23.0,Withdrawn
BBB,2013J,588685,P2,-4.0,Withdrawn
BBB,2013J,588969,P2,-86.0,Withdrawn
BBB,2013J,589216,P2,12.0,Withdrawn
BBB,2013J,589234,P2,-11.0,Withdrawn
BBB,2013J,589239,P2,0.0,Withdrawn
BBB,2013J,589580,P2,-46.0,Withdrawn
BBB,2013J,589810,P2,-82.0,Withdrawn
BBB,2013J,590244,P2,-50.0,Withdrawn
BBB,2013J,590310,P2,-10.0,Withdrawn
BBB,2013J,590478,P2,-18.0,Withdrawn
BBB,2013J,590713,P2,-23.0,Withdrawn
BBB,2013J,591461,P2,0.0,Withdrawn
BBB,2013J,591721,P2,0.0,Withdrawn
BBB,2013J,591912,P2,0.0,Withdrawn
BBB,2013J,591937,P2,-53.0,Withdrawn
BBB,2013J,591986,P2,-3.0,Withdrawn
BBB,2013J,592669,P2,-2.0,Withdrawn
BBB,2013J,592683,P2,-16.0,Withdrawn
BBB,2013J,592756,P2,16.0,Withdrawn
BBB,2013J,592889,P2,0.0,Withdrawn
BBB,2013J,592972,P2,0.0,Withdrawn
BBB,2013J,593266,P2,0.0,Withdrawn
BBB,2013J,593571,P2,-11.0,Withdrawn
BBB,2013J,594057,P2,11.0,Withdrawn
BBB,2013J,594208,P2,-8.0,Withdrawn
BBB,2013J,594253,P2,-30.0,Withdrawn
BBB,2013J,594812,P2,11.0,Withdrawn
BBB,2013J,595047,P2,-80.0,Withdrawn
BBB,2013J,595095,P2,0.0,Withdrawn
BBB,2013J,595234,P2,25.0,Withdrawn
BBB,2013J,595287,P2,-24.0,Withdrawn
BBB,2013J,595388,P2,0.0,Withdrawn
BBB,2013J,595420,P2,-47.0,Withdrawn
BBB,2013J,595594,P2,0.0,Withdrawn
BBB,2013J,595791,P2,12.0,Withdrawn
BBB,2013J,596095,P2,-52.0,Withdrawn
BBB,2013J,596103,P2,-18.0,Withdrawn
BBB,2013J,596112,P2,-1.0,Withdrawn
BBB,2013J,596241,P2,-17.0,Withdrawn
BBB,2013J,596641,P2,9.0,Withdrawn
BBB,2013J,596988,P2,-15.0,Withdrawn
BBB,2013J,597109,P2,-30.0,Withdrawn
BBB,2013J,598199,P2,-25.0,Withdrawn
BBB,2013J,598394,P2,0.0,Withdrawn
BBB,2013J,598596,P2,0.0,Withdrawn
BBB,2013J,598901,P2,-51.0,Withdrawn
BBB,2013J,599456,P2,-56.0,Withdrawn
BBB,2013J,599475,P2,-26.0,Withdrawn
BBB,2013J,599606,P2,5.0,Withdrawn
BBB,2013J,600006,P2,0.0,Withdrawn
BBB,2013J,600218,P2,0.0,Withdrawn
BBB,2013J,600254,P2,3.0,Withdrawn
BBB,2013J,600407,P2,-2.0,Withdrawn
BBB,2013J,600681,P2,0.0,Withdrawn
BBB,2013J,600844,P2,0.0,Withdrawn
BBB,2013J,601424,P2,5.0,Withdrawn
BBB,2013J,601491,P2,0.0,Withdrawn
BBB,2013J,602631,P2,-1.0,Withdrawn
BBB,2013J,602634,P2,0.0,Withdrawn
BBB,2013J,602666,P2,9.0,Withdrawn
BBB,2013J,602803,P2,12.0,Withdrawn
BBB,2013J,602971,P2,-5.0,Withdrawn
BBB,2013J,603052,P2,-33.0,Withdrawn
BBB,2013J,603113,P2,3.0,Withdrawn
BBB,2013J,603296,P2,5.0,Withdrawn
BBB,2013J,603471,P2,0.0,Withdrawn
BBB,2013J,603516,P2,-18.0,Withdrawn
BBB,2013J,603789,P2,0.0,Withdrawn
BBB,2013J,604079,P2,5.0,Withdrawn
BBB,2013J,604161,P2,-2.0,Withdrawn
BBB,2013J,604298,P2,0.0,Withdrawn
BBB,2013J,604523,P2,19.0,Withdrawn
BBB,2013J,604610,P2,0.0,Withdrawn
BBB,2013J,605292,P2,12.0,Withdrawn
BBB,2013J,605691,P2,9.0,Withdrawn
BBB,2013J,605914,P2,-16.0,Withdrawn
BBB,2013J,606333,P2,0.0,Withdrawn
BBB,2013J,606426,P2,16.0,Withdrawn
BBB,2013J,606627,P2,-1.0,Withdrawn
BBB,2013J,606797,P2,0.0,Withdrawn
BBB,2013J,607080,P2,-3.0,Withdrawn
BBB,2013J,607517,P2,0.0,Withdrawn
BBB,2013J,607607,P2,0.0,Withdrawn
BBB,2013J,607861,P2,0.0,Withdrawn
BBB,2013J,607888,P2,-28.0,Withdrawn
BBB,2013J,608026,P2,-31.0,Withdrawn
BBB,2013J,608038,P2,-8.0,Withdrawn
BBB,2013J,608060,P2,-4.0,Withdrawn
BBB,2013J,609107,P2,-3.0,Withdrawn
BBB,2013J,609190,P2,10.0,Withdrawn
BBB,2013J,609388,P2,0.0,Withdrawn
BBB,2013J,609860,P2,6.0,Withdrawn
BBB,2013J,610392,P2,0.0,Withdrawn
BBB,2013J,610449,P2,-9.0,Withdrawn
BBB,2013J,610770,P2,-18.0,Withdrawn
BBB,2013J,610783,P2,0.0,Withdrawn
BBB,2013J,611046,P2,0.0,Withdrawn
BBB,2013J,612050,P2,20.0,Withdrawn
BBB,2013J,613159,P2,6.0,Withdrawn
BBB,2013J,613176,P2,19.0,Withdrawn
BBB,2013J,613273,P2,19.0,Withdrawn
BBB,2013J,1588208,P2,26.0,Withdrawn
BBB,2013J,1934047,P2,-17.0,Withdrawn
BBB,2013J,1988213,P2,0.0,Withdrawn
BBB,2013J,2009558,P2,-4.0,Withdrawn
BBB,2013J,2022801,P2,3.0,Withdrawn
BBB,2013J,2075158,P2,-20.0,Withdrawn
BBB,2013J,2075264,P2,-22.0,Withdrawn
BBB,2013J,2082318,P2,-72.0,Withdrawn
BBB,2013J,2210681,P2,0.0,Withdrawn
BBB,2013J,2271743,P2,5.0,Withdrawn
BBB,2013J,2272630,P2,3.0,Withdrawn
BBB,2013J,2276893,P2,0.0,Withdrawn
BBB,2013J,2291034,P2,-24.0,Withdrawn
BBB,2013J,2296908,P2,0.0,Withdrawn
BBB,2013J,2313615,P2,-67.0,Withdrawn
BBB,2013J,2383103,P2,0.0,Withdrawn
BBB,2013J,2476144,P2,-1.0,Withdrawn
BBB,2013J,2481657,P2,-12.0,Withdrawn
BBB,2013J,2487785,P2,-124.0,Withdrawn
BBB,2013J,2488714,P2,-120.0,Withdrawn
BBB,2013J,2496235,P2,-23.0,Withdrawn
BBB,2013J,2513083,P2,12.0,Withdrawn
BBB,2013J,2518589,P2,0.0,Withdrawn
BBB,2013J,2522312,P2,-26.0,Withdrawn
BBB,2013J,2573570,P2,0.0,Withdrawn
BBB,2013J,2579817,P2,-9.0,Withdrawn
BBB,2013J,2587950,P2,-46.0,Withdrawn
BBB,2013J,2620432,P2,-1.0,Withdrawn
BBB,2013J,2625752,P2,-46.0,Withdrawn
BBB,2013J,2632668,P2,0.0,Withdrawn
BBB,2013J,2648206,P2,-36.0,Withdrawn
BBB,2013J,2690077,P2,-143.0,Withdrawn
BBB,2013J,2693772,P2,11.0,Withdrawn
BBB,2014B,75118,P3,-56.0,Withdrawn
BBB,2014B,76196,P3,-50.0,Withdrawn
BBB,2014B,92274,P3,-14.0,Withdrawn
BBB,2014B,93925,P3,-16.0,Withdrawn
BBB,2014B,104238,P3,-61.0,Withdrawn
BBB,2014B,170519,P3,0.0,Withdrawn
BBB,2014B,189986,P3,-2.0,Withdrawn
BBB,2014B,194073,P3,-57.0,Withdrawn
BBB,2014B,200506,P3,-23.0,Withdrawn
BBB,2014B,235097,P3,-7.0,Withdrawn
BBB,2014B,263098,P3,-24.0,Withdrawn
BBB,2014B,270256,P3,-82.0,Withdrawn
BBB,2014B,271346,P3,-42.0,Withdrawn
BBB,2014B,279557,P3,-29.0,Withdrawn
BBB,2014B,282161,P3,-30.0,Withdrawn
BBB,2014B,284589,P3,-23.0,Withdrawn
BBB,2014B,284593,P3,-2.0,Withdrawn
BBB,2014B,287004,P3,-18.0,Withdrawn
BBB,2014B,288717,P3,0.0,Withdrawn
BBB,2014B,289993,P3,-82.0,Withdrawn
BBB,2014B,299485,P3,-2.0,Withdrawn
BBB,2014B,305307,P3,0.0,Withdrawn
BBB,2014B,305824,P3,-7.0,Withdrawn
BBB,2014B,312275,P3,0.0,Withdrawn
BBB,2014B,317855,P3,-26.0,Withdrawn
BBB,2014B,320661,P3,-110.0,Withdrawn
BBB,2014B,331494,P3,-10.0,Withdrawn
BBB,2014B,340962,P3,-26.0,Withdrawn
BBB,2014B,341027,P3,-171.0,Withdrawn
BBB,2014B,349401,P3,-50.0,Withdrawn
BBB,2014B,351767,P3,-3.0,Withdrawn
BBB,2014B,354121,P3,-7.0,Withdrawn
BBB,2014B,354560,P3,2.0,Withdrawn
BBB,2014B,364712,P3,-88.0,Withdrawn
BBB,2014B,377929,P3,0.0,Withdrawn
BBB,2014B,379785,P3,-10.0,Withdrawn
BBB,2014B,381525,P3,-1.0,Withdrawn
BBB,2014B,382877,P3,2.0,Withdrawn
BBB,2014B,384099,P3,-14.0,Withdrawn
BBB,2014B,387276,P3,-96.0,Withdrawn
BBB,2014B,388041,P3,-8.0,Withdrawn
BBB,2014B,388168,P3,-32.0,Withdrawn
BBB,2014B,394010,P3,-30.0,Withdrawn
BBB,2014B,400729,P3,-71.0,Withdrawn
BBB,2014B,408469,P3,15.0,Withdrawn
BBB,2014B,412156,P3,-7.0,Withdrawn
BBB,2014B,420641,P3,-126.0,Withdrawn
BBB,2014B,424659,P3,-86.0,Withdrawn
BBB,2014B,439925,P3,0.0,Withdrawn
BBB,2014B,440075,P3,13.0,Withdrawn
BBB,2014B,440664,P3,-19.0,Withdrawn
BBB,2014B,466248,P3,18.0,Withdrawn
BBB,2014B,475631,P3,-2.0,Withdrawn
BBB,2014B,480924,P3,-1.0,Withdrawn
BBB,2014B,484351,P3,-18.0,Withdrawn
BBB,2014B,484446,P3,-12.0,Withdrawn
BBB,2014B,487226,P3,-7.0,Withdrawn
BBB,2014B,487386,P3,-19.0,Withdrawn
BBB,2014B,487573,P3,-7.0,Withdrawn
BBB,2014B,491114,P3,26.0,Withdrawn
BBB,2014B,492468,P3,-25.0,Withdrawn
BBB,2014B,494948,P3,13.0,Withdrawn
BBB,2014B,495958,P3,-7.0,Withdrawn
BBB,2014B,496547,P3,-75.0,Withdrawn
BBB,2014B,499952,P3,-10.0,Withdrawn
BBB,2014B,504393,P3,4.0,Withdrawn
BBB,2014B,505151,P3,-1.0,Withdrawn
BBB,2014B,507817,P3,0.0,Withdrawn
BBB,2014B,511238,P3,-53.0,Withdrawn
BBB,2014B,511469,P3,6.0,Withdrawn
BBB,2014B,515648,P3,-7.0,Withdrawn
BBB,2014B,517075,P3,-121.0,Withdrawn
BBB,2014B,526948,P3,-26.0,Withdrawn
BBB,2014B,531290,P3,-2.0,Withdrawn
BBB,2014B,532468,P3,-7.0,Withdrawn
BBB,2014B,534428,P3,-73.0,Withdrawn
BBB,2014B,534830,P3,-27.0,Withdrawn
BBB,2014B,542456,P3,-141.0,Withdrawn
BBB,2014B,542562,P3,-212.0,Withdrawn
BBB,2014B,545160,P3,-30.0,Withdrawn
BBB,2014B,547268,P3,-10.0,Withdrawn
BBB,2014B,548578,P3,-87.0,Withdrawn
BBB,2014B,552931,P3,-47.0,Withdrawn
BBB,2014B,553000,P3,-7.0,Withdrawn
BBB,2014B,554766,P3,-9.0,Withdrawn
BBB,2014B,555603,P3,2.0,Withdrawn
BBB,2014B,558702,P3,-30.0,Withdrawn
BBB,2014B,560636,P3,13.0,Withdrawn
BBB,2014B,562139,P3,2.0,Withdrawn
BBB,2014B,562267,P3,-1.0,Withdrawn
BBB,2014B,562438,P3,-7.0,Withdrawn
BBB,2014B,563945,P3,-24.0,Withdrawn
BBB,2014B,564460,P3,19.0,Withdrawn
BBB,2014B,564810,P3,-50.0,Withdrawn
BBB,2014B,565008,P3,-15.0,Withdrawn
BBB,2014B,565402,P3,16.0,Withdrawn
BBB,2014B,567273,P3,-60.0,Withdrawn
BBB,2014B,569199,P3,0.0,Withdrawn
BBB,2014B,569660,P3,-12.0,Withdrawn
BBB,2014B,570133,P3,-33.0,Withdrawn
BBB,2014B,570721,P3,-113.0,Withdrawn
BBB,2014B,571732,P3,-317.0,Withdrawn
BBB,2014B,572370,P3,-11.0,Withdrawn
BBB,2014B,572378,P3,-128.0,Withdrawn
BBB,2014B,572987,P3,-50.0,Withdrawn
BBB,2014B,573000,P3,-64.0,Withdrawn
BBB,2014B,574264,P3,-23.0,Withdrawn
BBB,2014B,574553,P3,-7.0,Withdrawn
BBB,2014B,574748,P3,-60.0,Withdrawn
BBB,2014B,575980,P3,12.0,Withdrawn
BBB,2014B,576179,P3,-17.0,Withdrawn
BBB,2014B,579448,P3,-31.0,Withdrawn
BBB,2014B,581333,P3,-75.0,Withdrawn
BBB,2014B,581647,P3,-5.0,Withdrawn
BBB,2014B,582496,P3,-126.0,Withdrawn
BBB,2014B,584566,P3,0.0,Withdrawn
BBB,2014B,585283,P3,-25.0,Withdrawn
BBB,2014B,586133,P3,-4.0,Withdrawn
BBB,2014B,586417,P3,-10.0,Withdrawn
BBB,2014B,586435,P3,-53.0,Withdrawn
BBB,2014B,588096,P3,-143.0,Withdrawn
BBB,2014B,589300,P3,-118.0,Withdrawn
BBB,2014B,590798,P3,0.0,Withdrawn
BBB,2014B,591309,P3,-177.0,Withdrawn
BBB,2014B,593465,P3,-1.0,Withdrawn
BBB,2014B,596602,P3,-77.0,Withdrawn
BBB,2014B,597744,P3,-163.0,Withdrawn
BBB,2014B,598150,P3,-103.0,Withdrawn
BBB,2014B,598836,P3,0.0,Withdrawn
BBB,2014B,599382,P3,-36.0,Withdrawn
BBB,2014B,599430,P3,-46.0,Withdrawn
BBB,2014B,599480,P3,-60.0,Withdrawn
BBB,2014B,600259,P3,-7.0,Withdrawn
BBB,2014B,601316,P3,20.0,Withdrawn
BBB,2014B,603348,P3,-110.0,Withdrawn
BBB,2014B,603888,P3,-59.0,Withdrawn
BBB,2014B,604375,P3,-33.0,Withdrawn
BBB,2014B,605388,P3,-19.0,Withdrawn
BBB,2014B,605771,P3,-51.0,Withdrawn
BBB,2014B,605971,P3,-109.0,Withdrawn
BBB,2014B,606155,P3,-9.0,Withdrawn
BBB,2014B,606335,P3,-7.0,Withdrawn
BBB,2014B,607339,P3,0.0,Withdrawn
BBB,2014B,607487,P3,19.0,Withdrawn
BBB,2014B,607646,P3,-38.0,Withdrawn
BBB,2014B,607973,P3,-50.0,Withdrawn
BBB,2014B,608060,P3,-7.0,Withdrawn
BBB,2014B,608774,P3,-10.0,Withdrawn
BBB,2014B,609282,P3,-16.0,Withdrawn
BBB,2014B,610494,P3,3.0,Withdrawn
BBB,2014B,610531,P3,-59.0,Withdrawn
BBB,2014B,610589,P3,-52.0,Withdrawn
BBB,2014B,611649,P3,-122.0,Withdrawn
BBB,2014B,611732,P3,-60.0,Withdrawn
BBB,2014B,611816,P3,-7.0,Withdrawn
BBB,2014B,611977,P3,-53.0,Withdrawn
BBB,2014B,611979,P3,2.0,Withdrawn
BBB,2014B,612395,P3,-31.0,Withdrawn
BBB,2014B,612561,P3,-7.0,Withdrawn
BBB,2014B,613512,P3,0.0,Withdrawn
BBB,2014B,613559,P3,-24.0,Withdrawn
BBB,2014B,613641,P3,-15.0,Withdrawn
BBB,2014B,613896,P3,2.0,Withdrawn
BBB,2014B,613983,P3,-101.0,Withdrawn
BBB,2014B,614270,P3,-142.0,Withdrawn
BBB,2014B,614561,P3,-108.0,Withdrawn
BBB,2014B,614562,P3,-7.0,Withdrawn
BBB,2014B,614586,P3,-65.0,Withdrawn
BBB,2014B,615018,P3,-9.0,Withdrawn
BBB,2014B,615047,P3,-61.0,Withdrawn
BBB,2014B,615212,P3,-2.0,Withdrawn
BBB,2014B,616332,P3,25.0,Withdrawn
BBB,2014B,616361,P3,-7.0,Withdrawn
BBB,2014B,616414,P3,-7.0,Withdrawn
BBB,2014B,616428,P3,-65.0,Withdrawn
BBB,2014B,616809,P3,-23.0,Withdrawn
BBB,2014B,616816,P3,-64.0,Withdrawn
BBB,2014B,616848,P3,-41.0,Withdrawn
BBB,2014B,617140,P3,-100.0,Withdrawn
BBB,2014B,617525,P3,-29.0,Withdrawn
BBB,2014B,617905,P3,3.0,Withdrawn
BBB,2014B,617950,P3,-2.0,Withdrawn
BBB,2014B,618054,P3,-7.0,Withdrawn
BBB,2014B,618108,P3,-64.0,Withdrawn
BBB,2014B,618292,P3,-87.0,Withdrawn
BBB,2014B,618360,P3,-51.0,Withdrawn
BBB,2014B,618362,P3,-52.0,Withdrawn
BBB,2014B,618586,P3,-7.0,Withdrawn
BBB,2014B,618710,P3,-80.0,Withdrawn
BBB,2014B,618784,P3,18.0,Withdrawn
BBB,2014B,618858,P3,-7.0,Withdrawn
BBB,2014B,618870,P3,-29.0,Withdrawn
BBB,2014B,618957,P3,5.0,Withdrawn
BBB,2014B,619265,P3,-11.0,Withdrawn
BBB,2014B,619901,P3,-89.0,Withdrawn
BBB,2014B,620047,P3,-7.0,Withdrawn
BBB,2014B,620175,P3,-7.0,Withdrawn
BBB,2014B,620230,P3,-9.0,Withdrawn
BBB,2014B,620289,P3,-10.0,Withdrawn
BBB,2014B,620389,P3,3.0,Withdrawn
BBB,2014B,620486,P3,9.0,Withdrawn
BBB,2014B,620546,P3,-7.0,Withdrawn
BBB,2014B,620791,P3,-23.0,Withdrawn
BBB,2014B,620865,P3,-81.0,Withdrawn
BBB,2014B,621607,P3,-7.0,Withdrawn
BBB,2014B,621731,P3,-7.0,Withdrawn
BBB,2014B,621885,P3,-64.0,Withdrawn
BBB,2014B,621890,P3,-21.0,Withdrawn
BBB,2014B,622180,P3,-11.0,Withdrawn
BBB,2014B,622498,P3,-17.0,Withdrawn
BBB,2014B,622645,P3,-97.0,Withdrawn
BBB,2014B,622767,P3,-11.0,Withdrawn
BBB,2014B,622925,P3,-42.0,Withdrawn
BBB,2014B,623104,P3,-7.0,Withdrawn
BBB,2014B,623392,P3,-71.0,Withdrawn
BBB,2014B,623548,P3,-29.0,Withdrawn
BBB,2014B,623651,P3,-26.0,Withdrawn
BBB,2014B,623914,P3,-79.0,Withdrawn
BBB,2014B,624202,P3,-36.0,Withdrawn
BBB,2014B,624298,P3,-7.0,Withdrawn
BBB,2014B,624341,P3,-3.0,Withdrawn
BBB,2014B,624411,P3,-53.0,Withdrawn
BBB,2014B,624427,P3,-3.0,Withdrawn
BBB,2014B,624518,P3,-7.0,Withdrawn
BBB,2014B,624544,P3,11.0,Withdrawn
BBB,2014B,624549,P3,-23.0,Withdrawn
BBB,2014B,624572,P3,-15.0,Withdrawn
BBB,2014B,624663,P3,-7.0,Withdrawn
BBB,2014B,624743,P3,-7.0,Withdrawn
BBB,2014B,624950,P3,-25.0,Withdrawn
BBB,2014B,625173,P3,-7.0,Withdrawn
BBB,2014B,625202,P3,-67.0,Withdrawn
BBB,2014B,625307,P3,-7.0,Withdrawn
BBB,2014B,625465,P3,-19.0,Withdrawn
BBB,2014B,625493,P3,-7.0,Withdrawn
BBB,2014B,625511,P3,-22.0,Withdrawn
BBB,2014B,625581,P3,-7.0,Withdrawn
BBB,2014B,625619,P3,0.0,Withdrawn
BBB,2014B,625751,P3,-10.0,Withdrawn
BBB,2014B,625834,P3,-7.0,Withdrawn
BBB,2014B,626330,P3,-23.0,Withdrawn
BBB,2014B,626460,P3,-19.0,Withdrawn
BBB,2014B,626485,P3,-33.0,Withdrawn
BBB,2014B,626549,P3,-29.0,Withdrawn
BBB,2014B,626597,P3,-18.0,Withdrawn
BBB,2014B,626746,P3,-25.0,Withdrawn
BBB,2014B,626773,P3,-10.0,Withdrawn
BBB,2014B,626806,P3,-47.0,Withdrawn
BBB,2014B,626840,P3,-19.0,Withdrawn
BBB,2014B,626872,P3,5.0,Withdrawn
BBB,2014B,626876,P3,-22.0,Withdrawn
BBB,2014B,627228,P3,-17.0,Withdrawn
BBB,2014B,627245,P3,-33.0,Withdrawn
BBB,2014B,627252,P3,-19.0,Withdrawn
BBB,2014B,627256,P3,-30.0,Withdrawn
BBB,2014B,627277,P3,2.0,Withdrawn
BBB,2014B,627670,P3,-57.0,Withdrawn
BBB,2014B,627748,P3,-16.0,Withdrawn
BBB,2014B,628142,P3,-24.0,Withdrawn
BBB,2014B,628327,P3,-11.0,Withdrawn
BBB,2014B,628341,P3,-57.0,Withdrawn
BBB,2014B,628360,P3,-24.0,Withdrawn
BBB,2014B,628392,P3,0.0,Withdrawn
BBB,2014B,628762,P3,-7.0,Withdrawn
BBB,2014B,628765,P3,-7.0,Withdrawn
BBB,2014B,628843,P3,-37.0,Withdrawn
BBB,2014B,629029,P3,-47.0,Withdrawn
BBB,2014B,629340,P3,-10.0,Withdrawn
BBB,2014B,629462,P3,20.0,Withdrawn
BBB,2014B,629484,P3,0.0,Withdrawn
BBB,2014B,629538,P3,11.0,Withdrawn
BBB,2014B,629574,P3,0.0,Withdrawn
BBB,2014B,629671,P3,-42.0,Withdrawn
BBB,2014B,629736,P3,-47.0,Withdrawn
BBB,2014B,629971,P3,-8.0,Withdrawn
BBB,2014B,629983,P3,0.0,Withdrawn
BBB,2014B,629991,P3,11.0,Withdrawn
BBB,2014B,630037,P3,-50.0,Withdrawn
BBB,2014B,630134,P3,-22.0,Withdrawn
BBB,2014B,630182,P3,-33.0,Withdrawn
BBB,2014B,630340,P3,-7.0,Withdrawn
BBB,2014B,630902,P3,0.0,Withdrawn
BBB,2014B,630920,P3,-10.0,Withdrawn
BBB,2014B,630957,P3,0.0,Withdrawn
BBB,2014B,631082,P3,-51.0,Withdrawn
BBB,2014B,631190,P3,0.0,Withdrawn
BBB,2014B,631197,P3,0.0,Withdrawn
BBB,2014B,631518,P3,0.0,Withdrawn
BBB,2014B,631941,P3,-7.0,Withdrawn
BBB,2014B,632605,P3,-8.0,Withdrawn
BBB,2014B,632911,P3,-22.0,Withdrawn
BBB,2014B,633052,P3,10.0,Withdrawn
BBB,2014B,633462,P3,13.0,Withdrawn
BBB,2014B,633599,P3,-22.0,Withdrawn
BBB,2014B,633613,P3,-25.0,Withdrawn
BBB,2014B,633883,P3,-7.0,Withdrawn
BBB,2014B,633900,P3,11.0,Withdrawn
BBB,2014B,633912,P3,-5.0,Withdrawn
BBB,2014B,634298,P3,7.0,Withdrawn
BBB,2014B,634373,P3,-10.0,Withdrawn
BBB,2014B,634396,P3,0.0,Withdrawn
BBB,2014B,634428,P3,-7.0,Withdrawn
BBB,2014B,634486,P3,-22.0,Withdrawn
BBB,2014B,635777,P3,6.0,Withdrawn
BBB,2014B,1108120,P3,-3.0,Withdrawn
BBB,2014B,1933555,P3,0.0,Withdrawn
BBB,2014B,1969081,P3,3.0,Withdrawn
BBB,2014B,2034455,P3,-7.0,Withdrawn
BBB,2014B,2052966,P3,-11.0,Withdrawn
BBB,2014B,2184026,P3,12.0,Withdrawn
BBB,2014B,2246708,P3,-7.0,Withdrawn
BBB,2014B,2353787,P3,-7.0,Withdrawn
BBB,2014B,2363561,P3,-4.0,Withdrawn
BBB,2014B,2372088,P3,25.0,Withdrawn
BBB,2014B,2409808,P3,-109.0,Withdrawn
BBB,2014B,2410331,P3,-5.0,Withdrawn
BBB,2014B,2417841,P3,-7.0,Withdrawn
BBB,2014B,2421428,P3,-79.0,Withdrawn
BBB,2014B,2437062,P3,-26.0,Withdrawn
BBB,2014B,2438291,P3,-93.0,Withdrawn
BBB,2014B,2439442,P3,-149.0,Withdrawn
BBB,2014B,2494258,P3,-65.0,Withdrawn
BBB,2014B,2509297,P3,-11.0,Withdrawn
BBB,2014B,2538123,P3,17.0,Withdrawn
BBB,2014B,2552149,P3,-110.0,Withdrawn
BBB,2014B,2567352,P3,-7.0,Withdrawn
BBB,2014B,2605113,P3,0.0,Withdrawn
BBB,2014B,2626511,P3,0.0,Withdrawn
BBB,2014B,2632243,P3,-30.0,Withdrawn
BBB,2014B,2687644,P3,-17.0,Withdrawn
BBB,2014B,2690719,P3,3.0,Withdrawn
BBB,2014J,34431,P4,12.0,SEALED
BBB,2014J,53236,P4,5.0,SEALED
BBB,2014J,58520,P4,3.0,SEALED
BBB,2014J,65807,P4,-23.0,SEALED
BBB,2014J,70750,P4,5.0,SEALED
BBB,2014J,74574,P4,-22.0,SEALED
BBB,2014J,82611,P4,-12.0,SEALED
BBB,2014J,98452,P4,12.0,SEALED
BBB,2014J,102067,P4,12.0,SEALED
BBB,2014J,119437,P4,12.0,SEALED
BBB,2014J,125874,P4,12.0,SEALED
BBB,2014J,132055,P4,-15.0,SEALED
BBB,2014J,161811,P4,-1.0,SEALED
BBB,2014J,165498,P4,-11.0,SEALED
BBB,2014J,201655,P4,-16.0,SEALED
BBB,2014J,205978,P4,12.0,SEALED
BBB,2014J,228235,P4,-1.0,SEALED
BBB,2014J,254313,P4,-30.0,SEALED
BBB,2014J,255957,P4,-16.0,SEALED
BBB,2014J,260777,P4,3.0,SEALED
BBB,2014J,264281,P4,12.0,SEALED
BBB,2014J,264732,P4,19.0,SEALED
BBB,2014J,270191,P4,-15.0,SEALED
BBB,2014J,279238,P4,12.0,SEALED
BBB,2014J,285992,P4,-12.0,SEALED
BBB,2014J,288655,P4,12.0,SEALED
BBB,2014J,292813,P4,5.0,SEALED
BBB,2014J,306880,P4,12.0,SEALED
BBB,2014J,316421,P4,12.0,SEALED
BBB,2014J,330981,P4,12.0,SEALED
BBB,2014J,335765,P4,12.0,SEALED
BBB,2014J,349924,P4,12.0,SEALED
BBB,2014J,366791,P4,-29.0,SEALED
BBB,2014J,376117,P4,2.0,SEALED
BBB,2014J,380515,P4,12.0,SEALED
BBB,2014J,384266,P4,12.0,SEALED
BBB,2014J,387276,P4,-96.0,SEALED
BBB,2014J,393529,P4,-1.0,SEALED
BBB,2014J,398071,P4,-16.0,SEALED
BBB,2014J,411105,P4,12.0,SEALED
BBB,2014J,414663,P4,-11.0,SEALED
BBB,2014J,418206,P4,-4.0,SEALED
BBB,2014J,418502,P4,5.0,SEALED
BBB,2014J,423613,P4,12.0,SEALED
BBB,2014J,424586,P4,-32.0,SEALED
BBB,2014J,426340,P4,-16.0,SEALED
BBB,2014J,440912,P4,-8.0,SEALED
BBB,2014J,442685,P4,12.0,SEALED
BBB,2014J,442745,P4,18.0,SEALED
BBB,2014J,445647,P4,12.0,SEALED
BBB,2014J,469803,P4,-15.0,SEALED
BBB,2014J,473444,P4,-11.0,SEALED
BBB,2014J,476253,P4,-8.0,SEALED
BBB,2014J,480988,P4,12.0,SEALED
BBB,2014J,484158,P4,-1.0,SEALED
BBB,2014J,488242,P4,4.0,SEALED
BBB,2014J,488854,P4,12.0,SEALED
BBB,2014J,490299,P4,12.0,SEALED
BBB,2014J,491001,P4,-38.0,SEALED
BBB,2014J,492579,P4,5.0,SEALED
BBB,2014J,496373,P4,-9.0,SEALED
BBB,2014J,501414,P4,-39.0,SEALED
BBB,2014J,503159,P4,12.0,SEALED
BBB,2014J,503663,P4,12.0,SEALED
BBB,2014J,504066,P4,-9.0,SEALED
BBB,2014J,505692,P4,-29.0,SEALED
BBB,2014J,506679,P4,12.0,SEALED
BBB,2014J,508431,P4,12.0,SEALED
BBB,2014J,511424,P4,-46.0,SEALED
BBB,2014J,511962,P4,-19.0,SEALED
BBB,2014J,512493,P4,2.0,SEALED
BBB,2014J,514006,P4,-8.0,SEALED
BBB,2014J,514581,P4,-46.0,SEALED
BBB,2014J,517112,P4,-19.0,SEALED
BBB,2014J,519995,P4,0.0,SEALED
BBB,2014J,522784,P4,24.0,SEALED
BBB,2014J,526789,P4,12.0,SEALED
BBB,2014J,526844,P4,-18.0,SEALED
BBB,2014J,530960,P4,-79.0,SEALED
BBB,2014J,532794,P4,-87.0,SEALED
BBB,2014J,534588,P4,12.0,SEALED
BBB,2014J,539657,P4,12.0,SEALED
BBB,2014J,541123,P4,12.0,SEALED
BBB,2014J,541995,P4,12.0,SEALED
BBB,2014J,544177,P4,-75.0,SEALED
BBB,2014J,546114,P4,12.0,SEALED
BBB,2014J,549288,P4,24.0,SEALED
BBB,2014J,549839,P4,-31.0,SEALED
BBB,2014J,551237,P4,2.0,SEALED
BBB,2014J,553196,P4,-1.0,SEALED
BBB,2014J,557085,P4,-26.0,SEALED
BBB,2014J,561773,P4,-16.0,SEALED
BBB,2014J,561798,P4,-17.0,SEALED
BBB,2014J,562769,P4,-22.0,SEALED
BBB,2014J,569157,P4,-68.0,SEALED
BBB,2014J,569256,P4,-10.0,SEALED
BBB,2014J,571868,P4,5.0,SEALED
BBB,2014J,573554,P4,5.0,SEALED
BBB,2014J,574306,P4,-12.0,SEALED
BBB,2014J,575892,P4,20.0,SEALED
BBB,2014J,576445,P4,24.0,SEALED
BBB,2014J,577934,P4,-10.0,SEALED
BBB,2014J,578445,P4,12.0,SEALED
BBB,2014J,579031,P4,-50.0,SEALED
BBB,2014J,579201,P4,-10.0,SEALED
BBB,2014J,581672,P4,-53.0,SEALED
BBB,2014J,583179,P4,5.0,SEALED
BBB,2014J,584274,P4,-155.0,SEALED
BBB,2014J,584283,P4,-75.0,SEALED
BBB,2014J,584595,P4,-17.0,SEALED
BBB,2014J,584664,P4,-30.0,SEALED
BBB,2014J,586398,P4,12.0,SEALED
BBB,2014J,588062,P4,12.0,SEALED
BBB,2014J,589968,P4,12.0,SEALED
BBB,2014J,590764,P4,12.0,SEALED
BBB,2014J,590867,P4,12.0,SEALED
BBB,2014J,592090,P4,-46.0,SEALED
BBB,2014J,592262,P4,5.0,SEALED
BBB,2014J,592815,P4,12.0,SEALED
BBB,2014J,593791,P4,11.0,SEALED
BBB,2014J,595018,P4,-89.0,SEALED
BBB,2014J,595850,P4,-64.0,SEALED
BBB,2014J,596072,P4,12.0,SEALED
BBB,2014J,596496,P4,12.0,SEALED
BBB,2014J,596744,P4,12.0,SEALED
BBB,2014J,597532,P4,24.0,SEALED
BBB,2014J,598317,P4,-38.0,SEALED
BBB,2014J,599232,P4,-6.0,SEALED
BBB,2014J,599644,P4,1.0,SEALED
BBB,2014J,601285,P4,-12.0,SEALED
BBB,2014J,601882,P4,-53.0,SEALED
BBB,2014J,603203,P4,-152.0,SEALED
BBB,2014J,606004,P4,4.0,SEALED
BBB,2014J,608319,P4,4.0,SEALED
BBB,2014J,610437,P4,-81.0,SEALED
BBB,2014J,610494,P4,3.0,SEALED
BBB,2014J,612337,P4,12.0,SEALED
BBB,2014J,612473,P4,12.0,SEALED
BBB,2014J,614405,P4,-40.0,SEALED
BBB,2014J,615016,P4,12.0,SEALED
BBB,2014J,615165,P4,12.0,SEALED
BBB,2014J,617671,P4,-21.0,SEALED
BBB,2014J,617804,P4,-46.0,SEALED
BBB,2014J,617811,P4,-1.0,SEALED
BBB,2014J,618858,P4,-19.0,SEALED
BBB,2014J,620135,P4,-120.0,SEALED
BBB,2014J,620655,P4,5.0,SEALED
BBB,2014J,621899,P4,12.0,SEALED
BBB,2014J,621935,P4,-4.0,SEALED
BBB,2014J,622722,P4,-21.0,SEALED
BBB,2014J,623319,P4,-1.0,SEALED
BBB,2014J,624795,P4,27.0,SEALED
BBB,2014J,626597,P4,-96.0,SEALED
BBB,2014J,626660,P4,12.0,SEALED
BBB,2014J,626835,P4,-30.0,SEALED
BBB,2014J,628435,P4,-156.0,SEALED
BBB,2014J,628819,P4,-15.0,SEALED
BBB,2014J,630465,P4,12.0,SEALED
BBB,2014J,632144,P4,-15.0,SEALED
BBB,2014J,632431,P4,-38.0,SEALED
BBB,2014J,633016,P4,2.0,SEALED
BBB,2014J,635251,P4,-51.0,SEALED
BBB,2014J,635425,P4,12.0,SEALED
BBB,2014J,635716,P4,12.0,SEALED
BBB,2014J,636064,P4,-74.0,SEALED
BBB,2014J,636807,P4,17.0,SEALED
BBB,2014J,637295,P4,-9.0,SEALED
BBB,2014J,638417,P4,2.0,SEALED
BBB,2014J,638575,P4,-1.0,SEALED
BBB,2014J,638818,P4,-29.0,SEALED
BBB,2014J,639659,P4,-25.0,SEALED
BBB,2014J,640330,P4,5.0,SEALED
BBB,2014J,640501,P4,11.0,SEALED
BBB,2014J,640712,P4,-4.0,SEALED
BBB,2014J,641045,P4,-3.0,SEALED
BBB,2014J,641262,P4,-16.0,SEALED
BBB,2014J,641540,P4,-16.0,SEALED
BBB,2014J,642292,P4,10.0,SEALED
BBB,2014J,642731,P4,-61.0,SEALED
BBB,2014J,642802,P4,1.0,SEALED
BBB,2014J,642836,P4,-67.0,SEALED
BBB,2014J,644482,P4,12.0,SEALED
BBB,2014J,644883,P4,12.0,SEALED
BBB,2014J,644975,P4,-74.0,SEALED
BBB,2014J,645052,P4,5.0,SEALED
BBB,2014J,645510,P4,12.0,SEALED
BBB,2014J,645996,P4,2.0,SEALED
BBB,2014J,646133,P4,12.0,SEALED
BBB,2014J,646151,P4,-2.0,SEALED
BBB,2014J,646445,P4,-102.0,SEALED
BBB,2014J,646455,P4,-5.0,SEALED
BBB,2014J,646515,P4,-123.0,SEALED
BBB,2014J,646580,P4,12.0,SEALED
BBB,2014J,646636,P4,-23.0,SEALED
BBB,2014J,646770,P4,-57.0,SEALED
BBB,2014J,646906,P4,-58.0,SEALED
BBB,2014J,647126,P4,1.0,SEALED
BBB,2014J,647220,P4,12.0,SEALED
BBB,2014J,647312,P4,5.0,SEALED
BBB,2014J,647740,P4,12.0,SEALED
BBB,2014J,647807,P4,-12.0,SEALED
BBB,2014J,647864,P4,-131.0,SEALED
BBB,2014J,647940,P4,-29.0,SEALED
BBB,2014J,647964,P4,-36.0,SEALED
BBB,2014J,647993,P4,-37.0,SEALED
BBB,2014J,647999,P4,-18.0,SEALED
BBB,2014J,648203,P4,-106.0,SEALED
BBB,2014J,648238,P4,-80.0,SEALED
BBB,2014J,648247,P4,-4.0,SEALED
BBB,2014J,648317,P4,-88.0,SEALED
BBB,2014J,648519,P4,12.0,SEALED
BBB,2014J,648556,P4,12.0,SEALED
BBB,2014J,648589,P4,12.0,SEALED
BBB,2014J,648596,P4,4.0,SEALED
BBB,2014J,648640,P4,-16.0,SEALED
BBB,2014J,648754,P4,12.0,SEALED
BBB,2014J,648820,P4,-87.0,SEALED
BBB,2014J,648961,P4,-21.0,SEALED
BBB,2014J,649000,P4,12.0,SEALED
BBB,2014J,649209,P4,-67.0,SEALED
BBB,2014J,649247,P4,-19.0,SEALED
BBB,2014J,649278,P4,12.0,SEALED
BBB,2014J,649351,P4,-25.0,SEALED
BBB,2014J,649444,P4,12.0,SEALED
BBB,2014J,649686,P4,-19.0,SEALED
BBB,2014J,649731,P4,-29.0,SEALED
BBB,2014J,649886,P4,12.0,SEALED
BBB,2014J,650090,P4,12.0,SEALED
BBB,2014J,650121,P4,-103.0,SEALED
BBB,2014J,650181,P4,-37.0,SEALED
BBB,2014J,650357,P4,-18.0,SEALED
BBB,2014J,650676,P4,12.0,SEALED
BBB,2014J,650746,P4,12.0,SEALED
BBB,2014J,650964,P4,12.0,SEALED
BBB,2014J,651030,P4,2.0,SEALED
BBB,2014J,651520,P4,10.0,SEALED
BBB,2014J,651586,P4,5.0,SEALED
BBB,2014J,651609,P4,12.0,SEALED
BBB,2014J,651610,P4,12.0,SEALED
BBB,2014J,651798,P4,12.0,SEALED
BBB,2014J,651801,P4,12.0,SEALED
BBB,2014J,651814,P4,-26.0,SEALED
BBB,2014J,651831,P4,-2.0,SEALED
BBB,2014J,651974,P4,5.0,SEALED
BBB,2014J,652006,P4,-149.0,SEALED
BBB,2014J,652017,P4,-94.0,SEALED
BBB,2014J,652130,P4,11.0,SEALED
BBB,2014J,652315,P4,12.0,SEALED
BBB,2014J,652366,P4,-16.0,SEALED
BBB,2014J,652533,P4,-29.0,SEALED
BBB,2014J,652558,P4,12.0,SEALED
BBB,2014J,652584,P4,-18.0,SEALED
BBB,2014J,652585,P4,12.0,SEALED
BBB,2014J,652744,P4,-10.0,SEALED
BBB,2014J,652803,P4,12.0,SEALED
BBB,2014J,652906,P4,-9.0,SEALED
BBB,2014J,652933,P4,12.0,SEALED
BBB,2014J,653034,P4,12.0,SEALED
BBB,2014J,653097,P4,12.0,SEALED
BBB,2014J,653193,P4,12.0,SEALED
BBB,2014J,653244,P4,12.0,SEALED
BBB,2014J,653295,P4,-10.0,SEALED
BBB,2014J,653385,P4,12.0,SEALED
BBB,2014J,653551,P4,-33.0,SEALED
BBB,2014J,653730,P4,-1.0,SEALED
BBB,2014J,653826,P4,2.0,SEALED
BBB,2014J,653952,P4,12.0,SEALED
BBB,2014J,654001,P4,10.0,SEALED
BBB,2014J,654214,P4,12.0,SEALED
BBB,2014J,654256,P4,-103.0,SEALED
BBB,2014J,654259,P4,-4.0,SEALED
BBB,2014J,654333,P4,-12.0,SEALED
BBB,2014J,654422,P4,12.0,SEALED
BBB,2014J,654639,P4,12.0,SEALED
BBB,2014J,654796,P4,12.0,SEALED
BBB,2014J,654913,P4,-32.0,SEALED
BBB,2014J,654958,P4,2.0,SEALED
BBB,2014J,655224,P4,12.0,SEALED
BBB,2014J,655406,P4,-7.0,SEALED
BBB,2014J,655414,P4,5.0,SEALED
BBB,2014J,655829,P4,-10.0,SEALED
BBB,2014J,655878,P4,-21.0,SEALED
BBB,2014J,655992,P4,-11.0,SEALED
BBB,2014J,656112,P4,-17.0,SEALED
BBB,2014J,656129,P4,-16.0,SEALED
BBB,2014J,656228,P4,12.0,SEALED
BBB,2014J,656412,P4,12.0,SEALED
BBB,2014J,656453,P4,20.0,SEALED
BBB,2014J,656472,P4,12.0,SEALED
BBB,2014J,656576,P4,-1.0,SEALED
BBB,2014J,674280,P4,-9.0,SEALED
BBB,2014J,674319,P4,12.0,SEALED
BBB,2014J,674323,P4,12.0,SEALED
BBB,2014J,674501,P4,-36.0,SEALED
BBB,2014J,674502,P4,-9.0,SEALED
BBB,2014J,674643,P4,-8.0,SEALED
BBB,2014J,674746,P4,27.0,SEALED
BBB,2014J,675047,P4,12.0,SEALED
BBB,2014J,675116,P4,12.0,SEALED
BBB,2014J,675161,P4,-30.0,SEALED
BBB,2014J,675165,P4,12.0,SEALED
BBB,2014J,675178,P4,-93.0,SEALED
BBB,2014J,675246,P4,-33.0,SEALED
BBB,2014J,675627,P4,-16.0,SEALED
BBB,2014J,675673,P4,12.0,SEALED
BBB,2014J,675922,P4,12.0,SEALED
BBB,2014J,676093,P4,-22.0,SEALED
BBB,2014J,676258,P4,12.0,SEALED
BBB,2014J,676376,P4,-33.0,SEALED
BBB,2014J,676420,P4,27.0,SEALED
BBB,2014J,676785,P4,-31.0,SEALED
BBB,2014J,676973,P4,12.0,SEALED
BBB,2014J,677039,P4,-22.0,SEALED
BBB,2014J,677190,P4,-94.0,SEALED
BBB,2014J,677230,P4,-12.0,SEALED
BBB,2014J,677338,P4,12.0,SEALED
BBB,2014J,677411,P4,-12.0,SEALED
BBB,2014J,677706,P4,-65.0,SEALED
BBB,2014J,677744,P4,12.0,SEALED
BBB,2014J,677864,P4,-15.0,SEALED
BBB,2014J,677950,P4,-43.0,SEALED
BBB,2014J,678016,P4,12.0,SEALED
BBB,2014J,678107,P4,12.0,SEALED
BBB,2014J,678109,P4,-10.0,SEALED
BBB,2014J,678114,P4,12.0,SEALED
BBB,2014J,678327,P4,12.0,SEALED
BBB,2014J,678328,P4,-96.0,SEALED
BBB,2014J,678398,P4,-11.0,SEALED
BBB,2014J,678550,P4,12.0,SEALED
BBB,2014J,678585,P4,12.0,SEALED
BBB,2014J,678702,P4,-1.0,SEALED
BBB,2014J,678795,P4,12.0,SEALED
BBB,2014J,678975,P4,5.0,SEALED
BBB,2014J,679057,P4,-66.0,SEALED
BBB,2014J,679504,P4,12.0,SEALED
BBB,2014J,679528,P4,-86.0,SEALED
BBB,2014J,679568,P4,-87.0,SEALED
BBB,2014J,679675,P4,-4.0,SEALED
BBB,2014J,679726,P4,12.0,SEALED
BBB,2014J,679747,P4,12.0,SEALED
BBB,2014J,679919,P4,-46.0,SEALED
BBB,2014J,680110,P4,12.0,SEALED
BBB,2014J,680522,P4,12.0,SEALED
BBB,2014J,680560,P4,12.0,SEALED
BBB,2014J,680732,P4,-43.0,SEALED
BBB,2014J,680816,P4,12.0,SEALED
BBB,2014J,680878,P4,12.0,SEALED
BBB,2014J,680959,P4,12.0,SEALED
BBB,2014J,680991,P4,12.0,SEALED
BBB,2014J,681016,P4,-36.0,SEALED
BBB,2014J,681089,P4,-22.0,SEALED
BBB,2014J,681166,P4,12.0,SEALED
BBB,2014J,681964,P4,12.0,SEALED
BBB,2014J,681971,P4,-81.0,SEALED
BBB,2014J,682163,P4,-24.0,SEALED
BBB,2014J,682289,P4,12.0,SEALED
BBB,2014J,682366,P4,9.0,SEALED
BBB,2014J,682728,P4,12.0,SEALED
BBB,2014J,683054,P4,12.0,SEALED
BBB,2014J,683172,P4,-31.0,SEALED
BBB,2014J,683301,P4,10.0,SEALED
BBB,2014J,683315,P4,-10.0,SEALED
BBB,2014J,683338,P4,12.0,SEALED
BBB,2014J,683465,P4,-17.0,SEALED
BBB,2014J,683768,P4,12.0,SEALED
BBB,2014J,683792,P4,18.0,SEALED
BBB,2014J,683802,P4,-57.0,SEALED
BBB,2014J,683993,P4,12.0,SEALED
BBB,2014J,684502,P4,9.0,SEALED
BBB,2014J,684525,P4,-43.0,SEALED
BBB,2014J,684607,P4,-2.0,SEALED
BBB,2014J,684641,P4,-23.0,SEALED
BBB,2014J,684736,P4,12.0,SEALED
BBB,2014J,684890,P4,-1.0,SEALED
BBB,2014J,684982,P4,-66.0,SEALED
BBB,2014J,685506,P4,-21.0,SEALED
BBB,2014J,685599,P4,-52.0,SEALED
BBB,2014J,685740,P4,-8.0,SEALED
BBB,2014J,685861,P4,12.0,SEALED
BBB,2014J,686093,P4,12.0,SEALED
BBB,2014J,686201,P4,6.0,SEALED
BBB,2014J,686266,P4,-4.0,SEALED
BBB,2014J,686530,P4,12.0,SEALED
BBB,2014J,686633,P4,12.0,SEALED
BBB,2014J,686703,P4,2.0,SEALED
BBB,2014J,686752,P4,12.0,SEALED
BBB,2014J,687154,P4,12.0,SEALED
BBB,2014J,687256,P4,19.0,SEALED
BBB,2014J,687369,P4,12.0,SEALED
BBB,2014J,687444,P4,12.0,SEALED
BBB,2014J,687578,P4,12.0,SEALED
BBB,2014J,687977,P4,12.0,SEALED
BBB,2014J,687978,P4,12.0,SEALED
BBB,2014J,688000,P4,-36.0,SEALED
BBB,2014J,688522,P4,-51.0,SEALED
BBB,2014J,688545,P4,-2.0,SEALED
BBB,2014J,688710,P4,4.0,SEALED
BBB,2014J,688927,P4,12.0,SEALED
BBB,2014J,689112,P4,12.0,SEALED
BBB,2014J,689173,P4,19.0,SEALED
BBB,2014J,689180,P4,-2.0,SEALED
BBB,2014J,689350,P4,-40.0,SEALED
BBB,2014J,689478,P4,-32.0,SEALED
BBB,2014J,689628,P4,-12.0,SEALED
BBB,2014J,689778,P4,2.0,SEALED
BBB,2014J,689952,P4,-10.0,SEALED
BBB,2014J,690235,P4,12.0,SEALED
BBB,2014J,690329,P4,-29.0,SEALED
BBB,2014J,690554,P4,12.0,SEALED
BBB,2014J,690825,P4,12.0,SEALED
BBB,2014J,690940,P4,12.0,SEALED
BBB,2014J,691286,P4,8.0,SEALED
BBB,2014J,691343,P4,5.0,SEALED
BBB,2014J,691367,P4,-12.0,SEALED
BBB,2014J,691509,P4,-11.0,SEALED
BBB,2014J,691663,P4,-1.0,SEALED
BBB,2014J,691815,P4,-5.0,SEALED
BBB,2014J,691867,P4,12.0,SEALED
BBB,2014J,692392,P4,3.0,SEALED
BBB,2014J,692528,P4,12.0,SEALED
BBB,2014J,692532,P4,-19.0,SEALED
BBB,2014J,692537,P4,12.0,SEALED
BBB,2014J,692540,P4,12.0,SEALED
BBB,2014J,692625,P4,12.0,SEALED
BBB,2014J,692629,P4,12.0,SEALED
BBB,2014J,692855,P4,-2.0,SEALED
BBB,2014J,692871,P4,-17.0,SEALED
BBB,2014J,692914,P4,-15.0,SEALED
BBB,2014J,692961,P4,-9.0,SEALED
BBB,2014J,693116,P4,12.0,SEALED
BBB,2014J,693127,P4,12.0,SEALED
BBB,2014J,693269,P4,-19.0,SEALED
BBB,2014J,693333,P4,-29.0,SEALED
BBB,2014J,693352,P4,-16.0,SEALED
BBB,2014J,693615,P4,6.0,SEALED
BBB,2014J,693620,P4,-2.0,SEALED
BBB,2014J,693643,P4,12.0,SEALED
BBB,2014J,693709,P4,-15.0,SEALED
BBB,2014J,693744,P4,12.0,SEALED
BBB,2014J,693983,P4,12.0,SEALED
BBB,2014J,694001,P4,-36.0,SEALED
BBB,2014J,694003,P4,-8.0,SEALED
BBB,2014J,694222,P4,11.0,SEALED
BBB,2014J,694329,P4,25.0,SEALED
BBB,2014J,694458,P4,-17.0,SEALED
BBB,2014J,694554,P4,12.0,SEALED
BBB,2014J,694682,P4,12.0,SEALED
BBB,2014J,694951,P4,-4.0,SEALED
BBB,2014J,695035,P4,24.0,SEALED
BBB,2014J,695051,P4,25.0,SEALED
BBB,2014J,695125,P4,25.0,SEALED
BBB,2014J,695356,P4,12.0,SEALED
BBB,2014J,695411,P4,12.0,SEALED
BBB,2014J,695695,P4,-10.0,SEALED
BBB,2014J,695941,P4,12.0,SEALED
BBB,2014J,695981,P4,24.0,SEALED
BBB,2014J,695982,P4,12.0,SEALED
BBB,2014J,696481,P4,-19.0,SEALED
BBB,2014J,696527,P4,12.0,SEALED
BBB,2014J,696634,P4,-12.0,SEALED
BBB,2014J,696716,P4,12.0,SEALED
BBB,2014J,697065,P4,-16.0,SEALED
BBB,2014J,697119,P4,25.0,SEALED
BBB,2014J,697136,P4,12.0,SEALED
BBB,2014J,697148,P4,-22.0,SEALED
BBB,2014J,697298,P4,12.0,SEALED
BBB,2014J,697319,P4,-12.0,SEALED
BBB,2014J,697514,P4,-8.0,SEALED
BBB,2014J,697868,P4,-17.0,SEALED
BBB,2014J,697893,P4,12.0,SEALED
BBB,2014J,698025,P4,-15.0,SEALED
BBB,2014J,698490,P4,3.0,SEALED
BBB,2014J,698498,P4,12.0,SEALED
BBB,2014J,698586,P4,5.0,SEALED
BBB,2014J,699493,P4,-1.0,SEALED
BBB,2014J,699875,P4,25.0,SEALED
BBB,2014J,1888723,P4,-18.0,SEALED
BBB,2014J,1929491,P4,-12.0,SEALED
BBB,2014J,2003628,P4,12.0,SEALED
BBB,2014J,2051809,P4,-11.0,SEALED
BBB,2014J,2093092,P4,-12.0,SEALED
BBB,2014J,2108914,P4,12.0,SEALED
BBB,2014J,2145101,P4,-51.0,SEALED
BBB,2014J,2159336,P4,12.0,SEALED
BBB,2014J,2169127,P4,-12.0,SEALED
BBB,2014J,2218789,P4,11.0,SEALED
BBB,2014J,2239766,P4,-5.0,SEALED
BBB,2014J,2276854,P4,12.0,SEALED
BBB,2014J,2285017,P4,-29.0,SEALED
BBB,2014J,2292824,P4,-1.0,SEALED
BBB,2014J,2344216,P4,12.0,SEALED
BBB,2014J,2357372,P4,-44.0,SEALED
BBB,2014J,2399380,P4,12.0,SEALED
BBB,2014J,2454351,P4,5.0,SEALED
BBB,2014J,2464901,P4,12.0,SEALED
BBB,2014J,2497189,P4,24.0,SEALED
BBB,2014J,2603061,P4,2.0,SEALED
BBB,2014J,2603534,P4,12.0,SEALED
BBB,2014J,2609768,P4,3.0,SEALED
BBB,2014J,2610170,P4,-16.0,SEALED
BBB,2014J,2614271,P4,12.0,SEALED
BBB,2014J,2627493,P4,-87.0,SEALED
BBB,2014J,2629503,P4,12.0,SEALED
BBB,2014J,2684107,P4,-2.0,SEALED
BBB,2014J,2687739,P4,5.0,SEALED
CCC,2014B,40333,P3,17.0,Withdrawn
CCC,2014B,59541,P3,27.0,Withdrawn
CCC,2014B,69489,P3,-204.0,Withdrawn
CCC,2014B,69494,P3,22.0,Withdrawn
CCC,2014B,75469,P3,-22.0,Withdrawn
CCC,2014B,88758,P3,-59.0,Withdrawn
CCC,2014B,97486,P3,0.0,Withdrawn
CCC,2014B,108947,P3,-12.0,Withdrawn
CCC,2014B,116174,P3,10.0,Withdrawn
CCC,2014B,119353,P3,18.0,Withdrawn
CCC,2014B,124124,P3,5.0,Withdrawn
CCC,2014B,131695,P3,-52.0,Withdrawn
CCC,2014B,139190,P3,0.0,Withdrawn
CCC,2014B,146125,P3,-86.0,Withdrawn
CCC,2014B,153687,P3,-30.0,Withdrawn
CCC,2014B,153788,P3,23.0,Withdrawn
CCC,2014B,157310,P3,-1.0,Withdrawn
CCC,2014B,171896,P3,18.0,Withdrawn
CCC,2014B,174807,P3,-26.0,Withdrawn
CCC,2014B,178654,P3,-88.0,Withdrawn
CCC,2014B,183331,P3,19.0,Withdrawn
CCC,2014B,191000,P3,20.0,Withdrawn
CCC,2014B,194377,P3,-148.0,Withdrawn
CCC,2014B,197486,P3,10.0,Withdrawn
CCC,2014B,203707,P3,12.0,Withdrawn
CCC,2014B,227833,P3,-52.0,Withdrawn
CCC,2014B,230340,P3,0.0,Withdrawn
CCC,2014B,235175,P3,-40.0,Withdrawn
CCC,2014B,242778,P3,25.0,Withdrawn
CCC,2014B,243351,P3,-155.0,Withdrawn
CCC,2014B,244902,P3,20.0,Withdrawn
CCC,2014B,248252,P3,0.0,Withdrawn
CCC,2014B,255140,P3,16.0,Withdrawn
CCC,2014B,264285,P3,-81.0,Withdrawn
CCC,2014B,268127,P3,-24.0,Withdrawn
CCC,2014B,272103,P3,-23.0,Withdrawn
CCC,2014B,277577,P3,-23.0,Withdrawn
CCC,2014B,277809,P3,-53.0,Withdrawn
CCC,2014B,279883,P3,0.0,Withdrawn
CCC,2014B,289397,P3,22.0,Withdrawn
CCC,2014B,294578,P3,7.0,Withdrawn
CCC,2014B,305783,P3,13.0,Withdrawn
CCC,2014B,305974,P3,-40.0,Withdrawn
CCC,2014B,306150,P3,-91.0,Withdrawn
CCC,2014B,309515,P3,-17.0,Withdrawn
CCC,2014B,318574,P3,-57.0,Withdrawn
CCC,2014B,330994,P3,20.0,Withdrawn
CCC,2014B,338854,P3,-96.0,Withdrawn
CCC,2014B,339353,P3,-74.0,Withdrawn
CCC,2014B,347257,P3,-58.0,Withdrawn
CCC,2014B,347518,P3,-120.0,Withdrawn
CCC,2014B,353066,P3,-142.0,Withdrawn
CCC,2014B,353979,P3,12.0,Withdrawn
CCC,2014B,357214,P3,-16.0,Withdrawn
CCC,2014B,357485,P3,-19.0,Withdrawn
CCC,2014B,359460,P3,19.0,Withdrawn
CCC,2014B,362661,P3,12.0,Withdrawn
CCC,2014B,366424,P3,28.0,Withdrawn
CCC,2014B,366872,P3,0.0,Withdrawn
CCC,2014B,367807,P3,-26.0,Withdrawn
CCC,2014B,369908,P3,-169.0,Withdrawn
CCC,2014B,371113,P3,0.0,Withdrawn
CCC,2014B,374055,P3,12.0,Withdrawn
CCC,2014B,375688,P3,0.0,Withdrawn
CCC,2014B,383015,P3,-66.0,Withdrawn
CCC,2014B,385980,P3,-108.0,Withdrawn
CCC,2014B,386121,P3,28.0,Withdrawn
CCC,2014B,386671,P3,-95.0,Withdrawn
CCC,2014B,389680,P3,-47.0,Withdrawn
CCC,2014B,390233,P3,-26.0,Withdrawn
CCC,2014B,394791,P3,-61.0,Withdrawn
CCC,2014B,395164,P3,12.0,Withdrawn
CCC,2014B,397149,P3,4.0,Withdrawn
CCC,2014B,397797,P3,0.0,Withdrawn
CCC,2014B,398877,P3,-9.0,Withdrawn
CCC,2014B,399863,P3,-232.0,Withdrawn
CCC,2014B,405192,P3,-25.0,Withdrawn
CCC,2014B,406337,P3,18.0,Withdrawn
CCC,2014B,412268,P3,24.0,Withdrawn
CCC,2014B,420428,P3,-8.0,Withdrawn
CCC,2014B,425714,P3,0.0,Withdrawn
CCC,2014B,429220,P3,-9.0,Withdrawn
CCC,2014B,432718,P3,26.0,Withdrawn
CCC,2014B,435271,P3,-12.0,Withdrawn
CCC,2014B,437432,P3,-54.0,Withdrawn
CCC,2014B,439669,P3,20.0,Withdrawn
CCC,2014B,440171,P3,-87.0,Withdrawn
CCC,2014B,440297,P3,-8.0,Withdrawn
CCC,2014B,440591,P3,25.0,Withdrawn
CCC,2014B,442530,P3,-99.0,Withdrawn
CCC,2014B,464724,P3,18.0,Withdrawn
CCC,2014B,465194,P3,-133.0,Withdrawn
CCC,2014B,465517,P3,19.0,Withdrawn
CCC,2014B,465764,P3,5.0,Withdrawn
CCC,2014B,469113,P3,21.0,Withdrawn
CCC,2014B,469732,P3,11.0,Withdrawn
CCC,2014B,472856,P3,-8.0,Withdrawn
CCC,2014B,474377,P3,-50.0,Withdrawn
CCC,2014B,475443,P3,-262.0,Withdrawn
CCC,2014B,476868,P3,18.0,Withdrawn
CCC,2014B,478025,P3,-1.0,Withdrawn
CCC,2014B,479714,P3,-141.0,Withdrawn
CCC,2014B,480928,P3,26.0,Withdrawn
CCC,2014B,481024,P3,12.0,Withdrawn
CCC,2014B,483666,P3,3.0,Withdrawn
CCC,2014B,484305,P3,19.0,Withdrawn
CCC,2014B,484787,P3,3.0,Withdrawn
CCC,2014B,486737,P3,-1.0,Withdrawn
CCC,2014B,487570,P3,-75.0,Withdrawn
CCC,2014B,489309,P3,-4.0,Withdrawn
CCC,2014B,490665,P3,20.0,Withdrawn
CCC,2014B,493793,P3,-52.0,Withdrawn
CCC,2014B,497047,P3,-8.0,Withdrawn
CCC,2014B,498225,P3,-4.0,Withdrawn
CCC,2014B,500001,P3,-129.0,Withdrawn
CCC,2014B,502466,P3,-60.0,Withdrawn
CCC,2014B,505967,P3,-7.0,Withdrawn
CCC,2014B,506380,P3,27.0,Withdrawn
CCC,2014B,507801,P3,-8.0,Withdrawn
CCC,2014B,508848,P3,-212.0,Withdrawn
CCC,2014B,513854,P3,-98.0,Withdrawn
CCC,2014B,513969,P3,-54.0,Withdrawn
CCC,2014B,513997,P3,-29.0,Withdrawn
CCC,2014B,518330,P3,-8.0,Withdrawn
CCC,2014B,520332,P3,-12.0,Withdrawn
CCC,2014B,521601,P3,17.0,Withdrawn
CCC,2014B,523271,P3,23.0,Withdrawn
CCC,2014B,528083,P3,19.0,Withdrawn
CCC,2014B,530270,P3,-95.0,Withdrawn
CCC,2014B,532252,P3,-5.0,Withdrawn
CCC,2014B,532440,P3,-8.0,Withdrawn
CCC,2014B,533311,P3,4.0,Withdrawn
CCC,2014B,534047,P3,19.0,Withdrawn
CCC,2014B,535590,P3,-18.0,Withdrawn
CCC,2014B,539695,P3,-53.0,Withdrawn
CCC,2014B,540509,P3,-89.0,Withdrawn
CCC,2014B,540937,P3,-15.0,Withdrawn
CCC,2014B,543571,P3,-2.0,Withdrawn
CCC,2014B,543628,P3,3.0,Withdrawn
CCC,2014B,544075,P3,-39.0,Withdrawn
CCC,2014B,546830,P3,0.0,Withdrawn
CCC,2014B,546954,P3,-4.0,Withdrawn
CCC,2014B,547685,P3,-19.0,Withdrawn
CCC,2014B,547816,P3,0.0,Withdrawn
CCC,2014B,548926,P3,12.0,Withdrawn
CCC,2014B,552234,P3,-1.0,Withdrawn
CCC,2014B,553568,P3,-43.0,Withdrawn
CCC,2014B,554470,P3,16.0,Withdrawn
CCC,2014B,554588,P3,0.0,Withdrawn
CCC,2014B,556007,P3,-110.0,Withdrawn
CCC,2014B,556709,P3,16.0,Withdrawn
CCC,2014B,557849,P3,-18.0,Withdrawn
CCC,2014B,558806,P3,-29.0,Withdrawn
CCC,2014B,561823,P3,27.0,Withdrawn
CCC,2014B,563556,P3,-1.0,Withdrawn
CCC,2014B,564325,P3,3.0,Withdrawn
CCC,2014B,564444,P3,-110.0,Withdrawn
CCC,2014B,564841,P3,-29.0,Withdrawn
CCC,2014B,565275,P3,-185.0,Withdrawn
CCC,2014B,566704,P3,18.0,Withdrawn
CCC,2014B,569928,P3,-205.0,Withdrawn
CCC,2014B,570377,P3,4.0,Withdrawn
CCC,2014B,570488,P3,25.0,Withdrawn
CCC,2014B,571128,P3,14.0,Withdrawn
CCC,2014B,571276,P3,-179.0,Withdrawn
CCC,2014B,571365,P3,17.0,Withdrawn
CCC,2014B,571702,P3,12.0,Withdrawn
CCC,2014B,572154,P3,-25.0,Withdrawn
CCC,2014B,572241,P3,-60.0,Withdrawn
CCC,2014B,572909,P3,-59.0,Withdrawn
CCC,2014B,573462,P3,19.0,Withdrawn
CCC,2014B,573665,P3,-10.0,Withdrawn
CCC,2014B,574523,P3,25.0,Withdrawn
CCC,2014B,574564,P3,0.0,Withdrawn
CCC,2014B,574830,P3,27.0,Withdrawn
CCC,2014B,575287,P3,-2.0,Withdrawn
CCC,2014B,575419,P3,-24.0,Withdrawn
CCC,2014B,575703,P3,27.0,Withdrawn
CCC,2014B,577603,P3,-14.0,Withdrawn
CCC,2014B,577688,P3,-59.0,Withdrawn
CCC,2014B,580477,P3,9.0,Withdrawn
CCC,2014B,580722,P3,24.0,Withdrawn
CCC,2014B,581745,P3,-68.0,Withdrawn
CCC,2014B,582723,P3,16.0,Withdrawn
CCC,2014B,583051,P3,-26.0,Withdrawn
CCC,2014B,583238,P3,16.0,Withdrawn
CCC,2014B,584305,P3,-123.0,Withdrawn
CCC,2014B,584468,P3,-1.0,Withdrawn
CCC,2014B,584586,P3,-108.0,Withdrawn
CCC,2014B,584749,P3,-53.0,Withdrawn
CCC,2014B,584913,P3,-58.0,Withdrawn
CCC,2014B,585011,P3,21.0,Withdrawn
CCC,2014B,585433,P3,13.0,Withdrawn
CCC,2014B,585464,P3,15.0,Withdrawn
CCC,2014B,586476,P3,-53.0,Withdrawn
CCC,2014B,586962,P3,10.0,Withdrawn
CCC,2014B,587122,P3,18.0,Withdrawn
CCC,2014B,587179,P3,-52.0,Withdrawn
CCC,2014B,587884,P3,12.0,Withdrawn
CCC,2014B,588059,P3,-8.0,Withdrawn
CCC,2014B,588125,P3,26.0,Withdrawn
CCC,2014B,588175,P3,23.0,Withdrawn
CCC,2014B,588694,P3,-194.0,Withdrawn
CCC,2014B,589018,P3,-12.0,Withdrawn
CCC,2014B,589023,P3,-22.0,Withdrawn
CCC,2014B,589108,P3,0.0,Withdrawn
CCC,2014B,589517,P3,-4.0,Withdrawn
CCC,2014B,590626,P3,25.0,Withdrawn
CCC,2014B,590699,P3,-31.0,Withdrawn
CCC,2014B,590744,P3,-54.0,Withdrawn
CCC,2014B,590881,P3,-51.0,Withdrawn
CCC,2014B,592284,P3,-197.0,Withdrawn
CCC,2014B,592407,P3,27.0,Withdrawn
CCC,2014B,592437,P3,-40.0,Withdrawn
CCC,2014B,592684,P3,-25.0,Withdrawn
CCC,2014B,594052,P3,20.0,Withdrawn
CCC,2014B,594199,P3,25.0,Withdrawn
CCC,2014B,594326,P3,-1.0,Withdrawn
CCC,2014B,594419,P3,-59.0,Withdrawn
CCC,2014B,595992,P3,26.0,Withdrawn
CCC,2014B,596029,P3,-53.0,Withdrawn
CCC,2014B,596699,P3,-63.0,Withdrawn
CCC,2014B,597363,P3,16.0,Withdrawn
CCC,2014B,597560,P3,-108.0,Withdrawn
CCC,2014B,598757,P3,-22.0,Withdrawn
CCC,2014B,599341,P3,-23.0,Withdrawn
CCC,2014B,599547,P3,-87.0,Withdrawn
CCC,2014B,599986,P3,-171.0,Withdrawn
CCC,2014B,600436,P3,7.0,Withdrawn
CCC,2014B,600814,P3,11.0,Withdrawn
CCC,2014B,600879,P3,-51.0,Withdrawn
CCC,2014B,600938,P3,27.0,Withdrawn
CCC,2014B,602150,P3,20.0,Withdrawn
CCC,2014B,602891,P3,-1.0,Withdrawn
CCC,2014B,603999,P3,-158.0,Withdrawn
CCC,2014B,604078,P3,-52.0,Withdrawn
CCC,2014B,604480,P3,-168.0,Withdrawn
CCC,2014B,604559,P3,-52.0,Withdrawn
CCC,2014B,604643,P3,0.0,Withdrawn
CCC,2014B,604665,P3,0.0,Withdrawn
CCC,2014B,604906,P3,24.0,Withdrawn
CCC,2014B,605130,P3,-25.0,Withdrawn
CCC,2014B,605926,P3,-145.0,Withdrawn
CCC,2014B,606025,P3,0.0,Withdrawn
CCC,2014B,606127,P3,18.0,Withdrawn
CCC,2014B,606205,P3,-59.0,Withdrawn
CCC,2014B,606300,P3,-59.0,Withdrawn
CCC,2014B,606417,P3,-105.0,Withdrawn
CCC,2014B,606663,P3,-51.0,Withdrawn
CCC,2014B,607060,P3,-58.0,Withdrawn
CCC,2014B,607063,P3,-72.0,Withdrawn
CCC,2014B,607413,P3,-46.0,Withdrawn
CCC,2014B,607442,P3,-89.0,Withdrawn
CCC,2014B,607453,P3,-74.0,Withdrawn
CCC,2014B,607609,P3,-58.0,Withdrawn
CCC,2014B,607703,P3,-156.0,Withdrawn
CCC,2014B,607896,P3,-105.0,Withdrawn
CCC,2014B,608549,P3,-53.0,Withdrawn
CCC,2014B,608643,P3,17.0,Withdrawn
CCC,2014B,608750,P3,7.0,Withdrawn
CCC,2014B,608923,P3,-11.0,Withdrawn
CCC,2014B,609241,P3,-12.0,Withdrawn
CCC,2014B,609383,P3,26.0,Withdrawn
CCC,2014B,609450,P3,24.0,Withdrawn
CCC,2014B,609605,P3,-72.0,Withdrawn
CCC,2014B,609828,P3,-1.0,Withdrawn
CCC,2014B,610234,P3,-24.0,Withdrawn
CCC,2014B,611750,P3,-12.0,Withdrawn
CCC,2014B,612124,P3,-19.0,Withdrawn
CCC,2014B,612397,P3,25.0,Withdrawn
CCC,2014B,612805,P3,0.0,Withdrawn
CCC,2014B,612822,P3,-60.0,Withdrawn
CCC,2014B,612860,P3,-24.0,Withdrawn
CCC,2014B,613120,P3,-1.0,Withdrawn
CCC,2014B,613280,P3,27.0,Withdrawn
CCC,2014B,613390,P3,-63.0,Withdrawn
CCC,2014B,613441,P3,-12.0,Withdrawn
CCC,2014B,613447,P3,-40.0,Withdrawn
CCC,2014B,613873,P3,-75.0,Withdrawn
CCC,2014B,614265,P3,-53.0,Withdrawn
CCC,2014B,614345,P3,26.0,Withdrawn
CCC,2014B,616439,P3,-16.0,Withdrawn
CCC,2014B,617307,P3,-45.0,Withdrawn
CCC,2014B,617925,P3,11.0,Withdrawn
CCC,2014B,618078,P3,12.0,Withdrawn
CCC,2014B,618171,P3,-12.0,Withdrawn
CCC,2014B,618514,P3,-65.0,Withdrawn
CCC,2014B,618590,P3,-46.0,Withdrawn
CCC,2014B,618606,P3,26.0,Withdrawn
CCC,2014B,618649,P3,-54.0,Withdrawn
CCC,2014B,618744,P3,-73.0,Withdrawn
CCC,2014B,618861,P3,20.0,Withdrawn
CCC,2014B,619524,P3,-12.0,Withdrawn
CCC,2014B,620215,P3,25.0,Withdrawn
CCC,2014B,620243,P3,-54.0,Withdrawn
CCC,2014B,620320,P3,-85.0,Withdrawn
CCC,2014B,620356,P3,3.0,Withdrawn
CCC,2014B,620376,P3,4.0,Withdrawn
CCC,2014B,620935,P3,0.0,Withdrawn
CCC,2014B,621300,P3,-73.0,Withdrawn
CCC,2014B,621619,P3,0.0,Withdrawn
CCC,2014B,621696,P3,-52.0,Withdrawn
CCC,2014B,621807,P3,-1.0,Withdrawn
CCC,2014B,622015,P3,-3.0,Withdrawn
CCC,2014B,622130,P3,-43.0,Withdrawn
CCC,2014B,622398,P3,3.0,Withdrawn
CCC,2014B,622430,P3,-92.0,Withdrawn
CCC,2014B,622897,P3,-72.0,Withdrawn
CCC,2014B,623190,P3,-50.0,Withdrawn
CCC,2014B,623511,P3,-9.0,Withdrawn
CCC,2014B,623619,P3,-42.0,Withdrawn
CCC,2014B,623738,P3,10.0,Withdrawn
CCC,2014B,623786,P3,12.0,Withdrawn
CCC,2014B,624354,P3,-56.0,Withdrawn
CCC,2014B,624593,P3,5.0,Withdrawn
CCC,2014B,625121,P3,0.0,Withdrawn
CCC,2014B,625207,P3,23.0,Withdrawn
CCC,2014B,625213,P3,18.0,Withdrawn
CCC,2014B,625267,P3,-12.0,Withdrawn
CCC,2014B,625568,P3,-74.0,Withdrawn
CCC,2014B,625774,P3,-12.0,Withdrawn
CCC,2014B,625785,P3,-25.0,Withdrawn
CCC,2014B,625793,P3,-1.0,Withdrawn
CCC,2014B,625884,P3,-60.0,Withdrawn
CCC,2014B,625950,P3,19.0,Withdrawn
CCC,2014B,626173,P3,12.0,Withdrawn
CCC,2014B,626296,P3,-47.0,Withdrawn
CCC,2014B,626349,P3,-51.0,Withdrawn
CCC,2014B,626438,P3,0.0,Withdrawn
CCC,2014B,626469,P3,-30.0,Withdrawn
CCC,2014B,626518,P3,-3.0,Withdrawn
CCC,2014B,626625,P3,-23.0,Withdrawn
CCC,2014B,626772,P3,-8.0,Withdrawn
CCC,2014B,627160,P3,17.0,Withdrawn
CCC,2014B,627176,P3,12.0,Withdrawn
CCC,2014B,627307,P3,12.0,Withdrawn
CCC,2014B,627395,P3,-19.0,Withdrawn
CCC,2014B,627516,P3,-23.0,Withdrawn
CCC,2014B,627632,P3,0.0,Withdrawn
CCC,2014B,627636,P3,9.0,Withdrawn
CCC,2014B,627907,P3,20.0,Withdrawn
CCC,2014B,628022,P3,0.0,Withdrawn
CCC,2014B,628141,P3,-22.0,Withdrawn
CCC,2014B,628677,P3,-25.0,Withdrawn
CCC,2014B,628718,P3,-25.0,Withdrawn
CCC,2014B,628725,P3,12.0,Withdrawn
CCC,2014B,628803,P3,-45.0,Withdrawn
CCC,2014B,628846,P3,12.0,Withdrawn
CCC,2014B,628938,P3,20.0,Withdrawn
CCC,2014B,628993,P3,-46.0,Withdrawn
CCC,2014B,629209,P3,-26.0,Withdrawn
CCC,2014B,629445,P3,-18.0,Withdrawn
CCC,2014B,629560,P3,24.0,Withdrawn
CCC,2014B,629601,P3,-25.0,Withdrawn
CCC,2014B,629623,P3,0.0,Withdrawn
CCC,2014B,629632,P3,-17.0,Withdrawn
CCC,2014B,629692,P3,7.0,Withdrawn
CCC,2014B,629887,P3,0.0,Withdrawn
CCC,2014B,629893,P3,0.0,Withdrawn
CCC,2014B,629906,P3,26.0,Withdrawn
CCC,2014B,630514,P3,0.0,Withdrawn
CCC,2014B,630531,P3,5.0,Withdrawn
CCC,2014B,630657,P3,26.0,Withdrawn
CCC,2014B,631038,P3,7.0,Withdrawn
CCC,2014B,631365,P3,0.0,Withdrawn
CCC,2014B,631657,P3,-25.0,Withdrawn
CCC,2014B,632114,P3,12.0,Withdrawn
CCC,2014B,632260,P3,-19.0,Withdrawn
CCC,2014B,632332,P3,-14.0,Withdrawn
CCC,2014B,632486,P3,3.0,Withdrawn
CCC,2014B,632487,P3,0.0,Withdrawn
CCC,2014B,632637,P3,11.0,Withdrawn
CCC,2014B,632641,P3,19.0,Withdrawn
CCC,2014B,632780,P3,-7.0,Withdrawn
CCC,2014B,632903,P3,-1.0,Withdrawn
CCC,2014B,633455,P3,24.0,Withdrawn
CCC,2014B,633527,P3,3.0,Withdrawn
CCC,2014B,633716,P3,18.0,Withdrawn
CCC,2014B,633859,P3,0.0,Withdrawn
CCC,2014B,633913,P3,27.0,Withdrawn
CCC,2014B,634057,P3,17.0,Withdrawn
CCC,2014B,634083,P3,0.0,Withdrawn
CCC,2014B,634139,P3,0.0,Withdrawn
CCC,2014B,634176,P3,12.0,Withdrawn
CCC,2014B,634523,P3,24.0,Withdrawn
CCC,2014B,634655,P3,-12.0,Withdrawn
CCC,2014B,634737,P3,25.0,Withdrawn
CCC,2014B,835603,P3,-82.0,Withdrawn
CCC,2014B,1047645,P3,-3.0,Withdrawn
CCC,2014B,1106724,P3,26.0,Withdrawn
CCC,2014B,1398821,P3,-206.0,Withdrawn
CCC,2014B,1407549,P3,-117.0,Withdrawn
CCC,2014B,1464952,P3,-1.0,Withdrawn
CCC,2014B,1514245,P3,-72.0,Withdrawn
CCC,2014B,1551895,P3,24.0,Withdrawn
CCC,2014B,1600062,P3,-152.0,Withdrawn
CCC,2014B,1619251,P3,4.0,Withdrawn
CCC,2014B,1638548,P3,-10.0,Withdrawn
CCC,2014B,1649896,P3,-9.0,Withdrawn
CCC,2014B,1656486,P3,9.0,Withdrawn
CCC,2014B,1664810,P3,0.0,Withdrawn
CCC,2014B,1877732,P3,-80.0,Withdrawn
CCC,2014B,1937511,P3,16.0,Withdrawn
CCC,2014B,1938024,P3,-54.0,Withdrawn
CCC,2014B,2080916,P3,-10.0,Withdrawn
CCC,2014B,2096918,P3,16.0,Withdrawn
CCC,2014B,2139273,P3,-24.0,Withdrawn
CCC,2014B,2142662,P3,16.0,Withdrawn
CCC,2014B,2148297,P3,-10.0,Withdrawn
CCC,2014B,2188680,P3,16.0,Withdrawn
CCC,2014B,2198356,P3,-124.0,Withdrawn
CCC,2014B,2202076,P3,11.0,Withdrawn
CCC,2014B,2229583,P3,-9.0,Withdrawn
CCC,2014B,2343809,P3,10.0,Withdrawn
CCC,2014B,2355744,P3,-93.0,Withdrawn
CCC,2014B,2365009,P3,10.0,Withdrawn
CCC,2014B,2374376,P3,-15.0,Withdrawn
CCC,2014B,2383036,P3,-49.0,Withdrawn
CCC,2014B,2384615,P3,-89.0,Withdrawn
CCC,2014B,2394090,P3,-47.0,Withdrawn
CCC,2014B,2408651,P3,-47.0,Withdrawn
CCC,2014B,2436400,P3,7.0,Withdrawn
CCC,2014B,2446778,P3,26.0,Withdrawn
CCC,2014B,2464727,P3,-80.0,Withdrawn
CCC,2014B,2493107,P3,-21.0,Withdrawn
CCC,2014B,2524572,P3,-39.0,Withdrawn
CCC,2014B,2530985,P3,-54.0,Withdrawn
CCC,2014B,2576298,P3,-87.0,Withdrawn
CCC,2014B,2591014,P3,-22.0,Withdrawn
CCC,2014B,2604856,P3,-1.0,Withdrawn
CCC,2014B,2605030,P3,-4.0,Withdrawn
CCC,2014B,2621379,P3,12.0,Withdrawn
CCC,2014B,2631547,P3,-130.0,Withdrawn
CCC,2014B,2646795,P3,-5.0,Withdrawn
CCC,2014B,2682834,P3,0.0,Withdrawn
CCC,2014B,2686074,P3,-1.0,Withdrawn
CCC,2014B,2691267,P3,-51.0,Withdrawn
CCC,2014B,2691780,P3,-80.0,Withdrawn
CCC,2014J,28952,P4,12.0,SEALED
CCC,2014J,48635,P4,12.0,SEALED
CCC,2014J,67685,P4,-4.0,SEALED
CCC,2014J,80243,P4,12.0,SEALED
CCC,2014J,88758,P4,-8.0,SEALED
CCC,2014J,101700,P4,-25.0,SEALED
CCC,2014J,119310,P4,25.0,SEALED
CCC,2014J,132423,P4,12.0,SEALED
CCC,2014J,134982,P4,25.0,SEALED
CCC,2014J,152626,P4,9.0,SEALED
CCC,2014J,153788,P4,-106.0,SEALED
CCC,2014J,157310,P4,-5.0,SEALED
CCC,2014J,163067,P4,12.0,SEALED
CCC,2014J,205218,P4,-113.0,SEALED
CCC,2014J,248818,P4,27.0,SEALED
CCC,2014J,263150,P4,12.0,SEALED
CCC,2014J,278413,P4,27.0,SEALED
CCC,2014J,278600,P4,12.0,SEALED
CCC,2014J,279883,P4,12.0,SEALED
CCC,2014J,284741,P4,-10.0,SEALED
CCC,2014J,285412,P4,9.0,SEALED
CCC,2014J,287897,P4,-11.0,SEALED
CCC,2014J,293321,P4,10.0,SEALED
CCC,2014J,296222,P4,-4.0,SEALED
CCC,2014J,298777,P4,-3.0,SEALED
CCC,2014J,301681,P4,-36.0,SEALED
CCC,2014J,307789,P4,-11.0,SEALED
CCC,2014J,314555,P4,-64.0,SEALED
CCC,2014J,316454,P4,12.0,SEALED
CCC,2014J,319035,P4,-17.0,SEALED
CCC,2014J,324440,P4,-44.0,SEALED
CCC,2014J,325497,P4,12.0,SEALED
CCC,2014J,325518,P4,12.0,SEALED
CCC,2014J,329455,P4,16.0,SEALED
CCC,2014J,331622,P4,-3.0,SEALED
CCC,2014J,344740,P4,-4.0,SEALED
CCC,2014J,350929,P4,9.0,SEALED
CCC,2014J,357820,P4,12.0,SEALED
CCC,2014J,359657,P4,10.0,SEALED
CCC,2014J,360483,P4,16.0,SEALED
CCC,2014J,364066,P4,-36.0,SEALED
CCC,2014J,371429,P4,12.0,SEALED
CCC,2014J,382857,P4,-68.0,SEALED
CCC,2014J,384106,P4,12.0,SEALED
CCC,2014J,389267,P4,19.0,SEALED
CCC,2014J,394218,P4,-137.0,SEALED
CCC,2014J,400266,P4,12.0,SEALED
CCC,2014J,401258,P4,12.0,SEALED
CCC,2014J,406254,P4,12.0,SEALED
CCC,2014J,415023,P4,3.0,SEALED
CCC,2014J,425919,P4,4.0,SEALED
CCC,2014J,440637,P4,17.0,SEALED
CCC,2014J,441024,P4,6.0,SEALED
CCC,2014J,442823,P4,7.0,SEALED
CCC,2014J,443837,P4,-16.0,SEALED
CCC,2014J,445921,P4,12.0,SEALED
CCC,2014J,464924,P4,-81.0,SEALED
CCC,2014J,465281,P4,-57.0,SEALED
CCC,2014J,466430,P4,12.0,SEALED
CCC,2014J,468623,P4,12.0,SEALED
CCC,2014J,470253,P4,13.0,SEALED
CCC,2014J,470617,P4,12.0,SEALED
CCC,2014J,471374,P4,-57.0,SEALED
CCC,2014J,471977,P4,-117.0,SEALED
CCC,2014J,472616,P4,-4.0,SEALED
CCC,2014J,474377,P4,-98.0,SEALED
CCC,2014J,477246,P4,12.0,SEALED
CCC,2014J,477488,P4,-12.0,SEALED
CCC,2014J,478562,P4,26.0,SEALED
CCC,2014J,481618,P4,17.0,SEALED
CCC,2014J,482751,P4,26.0,SEALED
CCC,2014J,485949,P4,-78.0,SEALED
CCC,2014J,488192,P4,-50.0,SEALED
CCC,2014J,489990,P4,-85.0,SEALED
CCC,2014J,490542,P4,-68.0,SEALED
CCC,2014J,491926,P4,23.0,SEALED
CCC,2014J,494911,P4,12.0,SEALED
CCC,2014J,500339,P4,6.0,SEALED
CCC,2014J,500440,P4,-5.0,SEALED
CCC,2014J,501897,P4,10.0,SEALED
CCC,2014J,502004,P4,12.0,SEALED
CCC,2014J,505815,P4,18.0,SEALED
CCC,2014J,507671,P4,-44.0,SEALED
CCC,2014J,508775,P4,12.0,SEALED
CCC,2014J,509148,P4,9.0,SEALED
CCC,2014J,509177,P4,12.0,SEALED
CCC,2014J,511859,P4,-3.0,SEALED
CCC,2014J,512861,P4,-30.0,SEALED
CCC,2014J,513918,P4,12.0,SEALED
CCC,2014J,518503,P4,12.0,SEALED
CCC,2014J,519879,P4,13.0,SEALED
CCC,2014J,520854,P4,-12.0,SEALED
CCC,2014J,524431,P4,-1.0,SEALED
CCC,2014J,525060,P4,-4.0,SEALED
CCC,2014J,528021,P4,9.0,SEALED
CCC,2014J,528700,P4,2.0,SEALED
CCC,2014J,529512,P4,24.0,SEALED
CCC,2014J,531674,P4,12.0,SEALED
CCC,2014J,532744,P4,-11.0,SEALED
CCC,2014J,533006,P4,12.0,SEALED
CCC,2014J,536736,P4,21.0,SEALED
CCC,2014J,539408,P4,12.0,SEALED
CCC,2014J,539727,P4,12.0,SEALED
CCC,2014J,540885,P4,10.0,SEALED
CCC,2014J,542134,P4,-1.0,SEALED
CCC,2014J,544071,P4,-3.0,SEALED
CCC,2014J,544271,P4,-29.0,SEALED
CCC,2014J,545493,P4,-5.0,SEALED
CCC,2014J,547128,P4,-113.0,SEALED
CCC,2014J,549113,P4,12.0,SEALED
CCC,2014J,549677,P4,12.0,SEALED
CCC,2014J,549922,P4,-1.0,SEALED
CCC,2014J,551589,P4,28.0,SEALED
CCC,2014J,552255,P4,26.0,SEALED
CCC,2014J,552475,P4,12.0,SEALED
CCC,2014J,554444,P4,12.0,SEALED
CCC,2014J,556521,P4,23.0,SEALED
CCC,2014J,556788,P4,-14.0,SEALED
CCC,2014J,559672,P4,-25.0,SEALED
CCC,2014J,559912,P4,12.0,SEALED
CCC,2014J,563430,P4,12.0,SEALED
CCC,2014J,563951,P4,-4.0,SEALED
CCC,2014J,563967,P4,-78.0,SEALED
CCC,2014J,565109,P4,-5.0,SEALED
CCC,2014J,565707,P4,-80.0,SEALED
CCC,2014J,567152,P4,-1.0,SEALED
CCC,2014J,569132,P4,-101.0,SEALED
CCC,2014J,570717,P4,-30.0,SEALED
CCC,2014J,571950,P4,-93.0,SEALED
CCC,2014J,572659,P4,12.0,SEALED
CCC,2014J,572754,P4,-60.0,SEALED
CCC,2014J,572816,P4,23.0,SEALED
CCC,2014J,573153,P4,-58.0,SEALED
CCC,2014J,574056,P4,12.0,SEALED
CCC,2014J,575258,P4,-24.0,SEALED
CCC,2014J,576876,P4,-60.0,SEALED
CCC,2014J,577149,P4,20.0,SEALED
CCC,2014J,579283,P4,23.0,SEALED
CCC,2014J,579325,P4,23.0,SEALED
CCC,2014J,581914,P4,10.0,SEALED
CCC,2014J,582340,P4,12.0,SEALED
CCC,2014J,583288,P4,12.0,SEALED
CCC,2014J,584414,P4,8.0,SEALED
CCC,2014J,585433,P4,-4.0,SEALED
CCC,2014J,585526,P4,3.0,SEALED
CCC,2014J,585662,P4,23.0,SEALED
CCC,2014J,585911,P4,12.0,SEALED
CCC,2014J,586233,P4,9.0,SEALED
CCC,2014J,586550,P4,12.0,SEALED
CCC,2014J,587122,P4,6.0,SEALED
CCC,2014J,587195,P4,12.0,SEALED
CCC,2014J,587793,P4,-43.0,SEALED
CCC,2014J,587900,P4,12.0,SEALED
CCC,2014J,588261,P4,-7.0,SEALED
CCC,2014J,589223,P4,12.0,SEALED
CCC,2014J,589723,P4,27.0,SEALED
CCC,2014J,590886,P4,10.0,SEALED
CCC,2014J,591593,P4,-25.0,SEALED
CCC,2014J,591619,P4,-20.0,SEALED
CCC,2014J,592657,P4,12.0,SEALED
CCC,2014J,592805,P4,10.0,SEALED
CCC,2014J,592950,P4,28.0,SEALED
CCC,2014J,594052,P4,12.0,SEALED
CCC,2014J,594399,P4,23.0,SEALED
CCC,2014J,595655,P4,10.0,SEALED
CCC,2014J,595746,P4,-12.0,SEALED
CCC,2014J,596052,P4,9.0,SEALED
CCC,2014J,596245,P4,-30.0,SEALED
CCC,2014J,596789,P4,19.0,SEALED
CCC,2014J,596812,P4,19.0,SEALED
CCC,2014J,596855,P4,12.0,SEALED
CCC,2014J,596931,P4,12.0,SEALED
CCC,2014J,597560,P4,6.0,SEALED
CCC,2014J,597948,P4,19.0,SEALED
CCC,2014J,598887,P4,12.0,SEALED
CCC,2014J,599429,P4,23.0,SEALED
CCC,2014J,599461,P4,12.0,SEALED
CCC,2014J,600042,P4,-5.0,SEALED
CCC,2014J,600547,P4,11.0,SEALED
CCC,2014J,600869,P4,12.0,SEALED
CCC,2014J,600898,P4,-4.0,SEALED
CCC,2014J,601753,P4,25.0,SEALED
CCC,2014J,602585,P4,9.0,SEALED
CCC,2014J,602806,P4,-80.0,SEALED
CCC,2014J,604340,P4,-45.0,SEALED
CCC,2014J,607427,P4,6.0,SEALED
CCC,2014J,607600,P4,12.0,SEALED
CCC,2014J,608821,P4,-1.0,SEALED
CCC,2014J,608983,P4,17.0,SEALED
CCC,2014J,610684,P4,26.0,SEALED
CCC,2014J,611465,P4,12.0,SEALED
CCC,2014J,611520,P4,-87.0,SEALED
CCC,2014J,611852,P4,12.0,SEALED
CCC,2014J,614623,P4,-114.0,SEALED
CCC,2014J,615225,P4,-64.0,SEALED
CCC,2014J,615426,P4,-103.0,SEALED
CCC,2014J,617341,P4,-10.0,SEALED
CCC,2014J,620608,P4,5.0,SEALED
CCC,2014J,620819,P4,26.0,SEALED
CCC,2014J,621001,P4,-15.0,SEALED
CCC,2014J,621699,P4,-93.0,SEALED
CCC,2014J,621906,P4,12.0,SEALED
CCC,2014J,622086,P4,18.0,SEALED
CCC,2014J,622686,P4,11.0,SEALED
CCC,2014J,623079,P4,23.0,SEALED
CCC,2014J,623407,P4,12.0,SEALED
CCC,2014J,623523,P4,-22.0,SEALED
CCC,2014J,624126,P4,-17.0,SEALED
CCC,2014J,624585,P4,16.0,SEALED
CCC,2014J,625078,P4,27.0,SEALED
CCC,2014J,625218,P4,-2.0,SEALED
CCC,2014J,625288,P4,10.0,SEALED
CCC,2014J,627295,P4,10.0,SEALED
CCC,2014J,628806,P4,12.0,SEALED
CCC,2014J,629014,P4,-25.0,SEALED
CCC,2014J,629400,P4,-3.0,SEALED
CCC,2014J,630510,P4,-1.0,SEALED
CCC,2014J,630541,P4,-5.0,SEALED
CCC,2014J,631023,P4,-110.0,SEALED
CCC,2014J,631356,P4,-107.0,SEALED
CCC,2014J,632389,P4,19.0,SEALED
CCC,2014J,632626,P4,8.0,SEALED
CCC,2014J,633157,P4,-67.0,SEALED
CCC,2014J,633205,P4,2.0,SEALED
CCC,2014J,633756,P4,17.0,SEALED
CCC,2014J,633990,P4,25.0,SEALED
CCC,2014J,634655,P4,-3.0,SEALED
CCC,2014J,636243,P4,16.0,SEALED
CCC,2014J,636443,P4,-3.0,SEALED
CCC,2014J,636743,P4,-11.0,SEALED
CCC,2014J,637086,P4,-49.0,SEALED
CCC,2014J,637939,P4,-18.0,SEALED
CCC,2014J,638426,P4,-2.0,SEALED
CCC,2014J,639176,P4,-5.0,SEALED
CCC,2014J,639232,P4,12.0,SEALED
CCC,2014J,640109,P4,12.0,SEALED
CCC,2014J,640443,P4,-61.0,SEALED
CCC,2014J,640662,P4,-11.0,SEALED
CCC,2014J,642066,P4,-5.0,SEALED
CCC,2014J,642744,P4,-17.0,SEALED
CCC,2014J,642790,P4,4.0,SEALED
CCC,2014J,643114,P4,-11.0,SEALED
CCC,2014J,643200,P4,-4.0,SEALED
CCC,2014J,643269,P4,-11.0,SEALED
CCC,2014J,643278,P4,-20.0,SEALED
CCC,2014J,643357,P4,-89.0,SEALED
CCC,2014J,643416,P4,-2.0,SEALED
CCC,2014J,643457,P4,-5.0,SEALED
CCC,2014J,643514,P4,-2.0,SEALED
CCC,2014J,644453,P4,-39.0,SEALED
CCC,2014J,645160,P4,12.0,SEALED
CCC,2014J,645219,P4,-39.0,SEALED
CCC,2014J,645481,P4,-46.0,SEALED
CCC,2014J,645710,P4,-78.0,SEALED
CCC,2014J,645847,P4,-2.0,SEALED
CCC,2014J,646077,P4,12.0,SEALED
CCC,2014J,646359,P4,12.0,SEALED
CCC,2014J,646459,P4,12.0,SEALED
CCC,2014J,646502,P4,10.0,SEALED
CCC,2014J,646547,P4,-38.0,SEALED
CCC,2014J,646689,P4,4.0,SEALED
CCC,2014J,646747,P4,-18.0,SEALED
CCC,2014J,646751,P4,-5.0,SEALED
CCC,2014J,646938,P4,-74.0,SEALED
CCC,2014J,647391,P4,-30.0,SEALED
CCC,2014J,647406,P4,12.0,SEALED
CCC,2014J,647417,P4,12.0,SEALED
CCC,2014J,647518,P4,12.0,SEALED
CCC,2014J,647645,P4,-6.0,SEALED
CCC,2014J,647684,P4,23.0,SEALED
CCC,2014J,647887,P4,12.0,SEALED
CCC,2014J,647947,P4,9.0,SEALED
CCC,2014J,648250,P4,12.0,SEALED
CCC,2014J,648314,P4,12.0,SEALED
CCC,2014J,648354,P4,-19.0,SEALED
CCC,2014J,648419,P4,-25.0,SEALED
CCC,2014J,648477,P4,12.0,SEALED
CCC,2014J,648521,P4,-120.0,SEALED
CCC,2014J,648536,P4,-87.0,SEALED
CCC,2014J,648605,P4,12.0,SEALED
CCC,2014J,648606,P4,9.0,SEALED
CCC,2014J,648625,P4,-45.0,SEALED
CCC,2014J,648819,P4,-4.0,SEALED
CCC,2014J,648833,P4,12.0,SEALED
CCC,2014J,648868,P4,12.0,SEALED
CCC,2014J,649215,P4,-8.0,SEALED
CCC,2014J,649248,P4,-10.0,SEALED
CCC,2014J,649394,P4,12.0,SEALED
CCC,2014J,649413,P4,-148.0,SEALED
CCC,2014J,649523,P4,-12.0,SEALED
CCC,2014J,649701,P4,12.0,SEALED
CCC,2014J,649780,P4,16.0,SEALED
CCC,2014J,650070,P4,-15.0,SEALED
CCC,2014J,650074,P4,8.0,SEALED
CCC,2014J,650085,P4,12.0,SEALED
CCC,2014J,650163,P4,-30.0,SEALED
CCC,2014J,650424,P4,-57.0,SEALED
CCC,2014J,650544,P4,12.0,SEALED
CCC,2014J,650838,P4,-4.0,SEALED
CCC,2014J,650927,P4,-3.0,SEALED
CCC,2014J,651156,P4,12.0,SEALED
CCC,2014J,651187,P4,27.0,SEALED
CCC,2014J,651217,P4,12.0,SEALED
CCC,2014J,651298,P4,-26.0,SEALED
CCC,2014J,651371,P4,-8.0,SEALED
CCC,2014J,651616,P4,18.0,SEALED
CCC,2014J,651651,P4,12.0,SEALED
CCC,2014J,651839,P4,12.0,SEALED
CCC,2014J,651963,P4,9.0,SEALED
CCC,2014J,652406,P4,-59.0,SEALED
CCC,2014J,652570,P4,-10.0,SEALED
CCC,2014J,652571,P4,12.0,SEALED
CCC,2014J,652945,P4,-123.0,SEALED
CCC,2014J,652971,P4,12.0,SEALED
CCC,2014J,653062,P4,11.0,SEALED
CCC,2014J,653352,P4,18.0,SEALED
CCC,2014J,653726,P4,12.0,SEALED
CCC,2014J,653977,P4,12.0,SEALED
CCC,2014J,654202,P4,-5.0,SEALED
CCC,2014J,654258,P4,27.0,SEALED
CCC,2014J,654407,P4,-10.0,SEALED
CCC,2014J,654671,P4,27.0,SEALED
CCC,2014J,654828,P4,-81.0,SEALED
CCC,2014J,654888,P4,-14.0,SEALED
CCC,2014J,654960,P4,-18.0,SEALED
CCC,2014J,655627,P4,-61.0,SEALED
CCC,2014J,655761,P4,-64.0,SEALED
CCC,2014J,655953,P4,-67.0,SEALED
CCC,2014J,656026,P4,12.0,SEALED
CCC,2014J,656068,P4,-107.0,SEALED
CCC,2014J,656535,P4,-5.0,SEALED
CCC,2014J,656634,P4,12.0,SEALED
CCC,2014J,656878,P4,-19.0,SEALED
CCC,2014J,656978,P4,-93.0,SEALED
CCC,2014J,657211,P4,12.0,SEALED
CCC,2014J,657319,P4,-2.0,SEALED
CCC,2014J,674814,P4,-2.0,SEALED
CCC,2014J,675116,P4,-96.0,SEALED
CCC,2014J,675450,P4,-3.0,SEALED
CCC,2014J,675758,P4,-45.0,SEALED
CCC,2014J,676138,P4,9.0,SEALED
CCC,2014J,676366,P4,-53.0,SEALED
CCC,2014J,676736,P4,-68.0,SEALED
CCC,2014J,676760,P4,12.0,SEALED
CCC,2014J,676884,P4,12.0,SEALED
CCC,2014J,677323,P4,-32.0,SEALED
CCC,2014J,677382,P4,-58.0,SEALED
CCC,2014J,677566,P4,-17.0,SEALED
CCC,2014J,677721,P4,-8.0,SEALED
CCC,2014J,677887,P4,17.0,SEALED
CCC,2014J,678088,P4,-36.0,SEALED
CCC,2014J,678090,P4,12.0,SEALED
CCC,2014J,678538,P4,-5.0,SEALED
CCC,2014J,678811,P4,12.0,SEALED
CCC,2014J,679037,P4,-32.0,SEALED
CCC,2014J,679114,P4,-2.0,SEALED
CCC,2014J,679207,P4,-4.0,SEALED
CCC,2014J,679325,P4,-1.0,SEALED
CCC,2014J,679468,P4,6.0,SEALED
CCC,2014J,679599,P4,12.0,SEALED
CCC,2014J,680222,P4,12.0,SEALED
CCC,2014J,680333,P4,-65.0,SEALED
CCC,2014J,680698,P4,12.0,SEALED
CCC,2014J,681335,P4,12.0,SEALED
CCC,2014J,681704,P4,-22.0,SEALED
CCC,2014J,681789,P4,-3.0,SEALED
CCC,2014J,681844,P4,10.0,SEALED
CCC,2014J,682041,P4,12.0,SEALED
CCC,2014J,682212,P4,-31.0,SEALED
CCC,2014J,682565,P4,-2.0,SEALED
CCC,2014J,683073,P4,-61.0,SEALED
CCC,2014J,683203,P4,3.0,SEALED
CCC,2014J,683220,P4,18.0,SEALED
CCC,2014J,683449,P4,12.0,SEALED
CCC,2014J,683912,P4,-19.0,SEALED
CCC,2014J,684313,P4,12.0,SEALED
CCC,2014J,684511,P4,-3.0,SEALED
CCC,2014J,684944,P4,-5.0,SEALED
CCC,2014J,685015,P4,6.0,SEALED
CCC,2014J,685663,P4,12.0,SEALED
CCC,2014J,685750,P4,-2.0,SEALED
CCC,2014J,685802,P4,12.0,SEALED
CCC,2014J,686003,P4,10.0,SEALED
CCC,2014J,686071,P4,-5.0,SEALED
CCC,2014J,686813,P4,6.0,SEALED
CCC,2014J,686877,P4,-24.0,SEALED
CCC,2014J,687146,P4,-10.0,SEALED
CCC,2014J,687283,P4,-31.0,SEALED
CCC,2014J,687319,P4,12.0,SEALED
CCC,2014J,687345,P4,-12.0,SEALED
CCC,2014J,687953,P4,-23.0,SEALED
CCC,2014J,688171,P4,12.0,SEALED
CCC,2014J,688271,P4,12.0,SEALED
CCC,2014J,688297,P4,-17.0,SEALED
CCC,2014J,688672,P4,12.0,SEALED
CCC,2014J,688683,P4,-3.0,SEALED
CCC,2014J,688776,P4,12.0,SEALED
CCC,2014J,689042,P4,12.0,SEALED
CCC,2014J,689143,P4,12.0,SEALED
CCC,2014J,689264,P4,12.0,SEALED
CCC,2014J,689346,P4,2.0,SEALED
CCC,2014J,689352,P4,12.0,SEALED
CCC,2014J,689807,P4,12.0,SEALED
CCC,2014J,690406,P4,12.0,SEALED
CCC,2014J,690631,P4,6.0,SEALED
CCC,2014J,690724,P4,-15.0,SEALED
CCC,2014J,691008,P4,12.0,SEALED
CCC,2014J,691056,P4,3.0,SEALED
CCC,2014J,692179,P4,17.0,SEALED
CCC,2014J,692219,P4,12.0,SEALED
CCC,2014J,693147,P4,6.0,SEALED
CCC,2014J,693456,P4,12.0,SEALED
CCC,2014J,693812,P4,12.0,SEALED
CCC,2014J,693836,P4,-8.0,SEALED
CCC,2014J,693910,P4,-5.0,SEALED
CCC,2014J,694147,P4,12.0,SEALED
CCC,2014J,694150,P4,27.0,SEALED
CCC,2014J,694361,P4,-2.0,SEALED
CCC,2014J,694536,P4,12.0,SEALED
CCC,2014J,694705,P4,11.0,SEALED
CCC,2014J,694914,P4,12.0,SEALED
CCC,2014J,695369,P4,27.0,SEALED
CCC,2014J,695760,P4,12.0,SEALED
CCC,2014J,695874,P4,25.0,SEALED
CCC,2014J,695976,P4,-3.0,SEALED
CCC,2014J,696253,P4,-3.0,SEALED
CCC,2014J,696930,P4,12.0,SEALED
CCC,2014J,697120,P4,-5.0,SEALED
CCC,2014J,697283,P4,12.0,SEALED
CCC,2014J,697490,P4,12.0,SEALED
CCC,2014J,697511,P4,7.0,SEALED
CCC,2014J,697554,P4,-4.0,SEALED
CCC,2014J,698112,P4,12.0,SEALED
CCC,2014J,1118218,P4,12.0,SEALED
CCC,2014J,1407549,P4,-1.0,SEALED
CCC,2014J,1425806,P4,-121.0,SEALED
CCC,2014J,1529458,P4,10.0,SEALED
CCC,2014J,1532840,P4,12.0,SEALED
CCC,2014J,1559964,P4,-11.0,SEALED
CCC,2014J,1638548,P4,-4.0,SEALED
CCC,2014J,1639743,P4,-17.0,SEALED
CCC,2014J,1719166,P4,4.0,SEALED
CCC,2014J,1829051,P4,-94.0,SEALED
CCC,2014J,1841850,P4,16.0,SEALED
CCC,2014J,1881041,P4,-35.0,SEALED
CCC,2014J,1930949,P4,12.0,SEALED
CCC,2014J,1937511,P4,-48.0,SEALED
CCC,2014J,1976004,P4,-8.0,SEALED
CCC,2014J,2009279,P4,24.0,SEALED
CCC,2014J,2030241,P4,-22.0,SEALED
CCC,2014J,2039190,P4,-52.0,SEALED
CCC,2014J,2041743,P4,-5.0,SEALED
CCC,2014J,2063436,P4,4.0,SEALED
CCC,2014J,2138146,P4,13.0,SEALED
CCC,2014J,2138904,P4,9.0,SEALED
CCC,2014J,2147889,P4,15.0,SEALED
CCC,2014J,2149324,P4,12.0,SEALED
CCC,2014J,2182333,P4,11.0,SEALED
CCC,2014J,2216442,P4,24.0,SEALED
CCC,2014J,2242383,P4,25.0,SEALED
CCC,2014J,2297770,P4,12.0,SEALED
CCC,2014J,2372788,P4,12.0,SEALED
CCC,2014J,2376717,P4,9.0,SEALED
CCC,2014J,2377769,P4,-10.0,SEALED
CCC,2014J,2422258,P4,-99.0,SEALED
CCC,2014J,2424697,P4,12.0,SEALED
CCC,2014J,2480654,P4,9.0,SEALED
CCC,2014J,2485655,P4,16.0,SEALED
CCC,2014J,2502882,P4,-12.0,SEALED
CCC,2014J,2561862,P4,18.0,SEALED
CCC,2014J,2585270,P4,10.0,SEALED
CCC,2014J,2595526,P4,12.0,SEALED
CCC,2014J,2612725,P4,24.0,SEALED
CCC,2014J,2619472,P4,-68.0,SEALED
CCC,2014J,2633981,P4,-5.0,SEALED
CCC,2014J,2672114,P4,-57.0,SEALED
CCC,2014J,2677097,P4,-1.0,SEALED
DDD,2013B,24213,P1,-46.0,Withdrawn
DDD,2013B,53895,P1,27.0,Withdrawn
DDD,2013B,57359,P1,4.0,Withdrawn
DDD,2013B,72451,P1,-15.0,Withdrawn
DDD,2013B,96945,P1,11.0,Withdrawn
DDD,2013B,117862,P1,27.0,Withdrawn
DDD,2013B,124728,P1,7.0,Withdrawn
DDD,2013B,125677,P1,-12.0,Withdrawn
DDD,2013B,128965,P1,-24.0,Withdrawn
DDD,2013B,131609,P1,27.0,Withdrawn
DDD,2013B,138709,P1,25.0,Withdrawn
DDD,2013B,141766,P1,-5.0,Withdrawn
DDD,2013B,142998,P1,-47.0,Withdrawn
DDD,2013B,167123,P1,-122.0,Withdrawn
DDD,2013B,191398,P1,27.0,Withdrawn
DDD,2013B,191491,P1,-5.0,Withdrawn
DDD,2013B,196902,P1,-30.0,Withdrawn
DDD,2013B,241971,P1,-1.0,Withdrawn
DDD,2013B,257369,P1,-117.0,Withdrawn
DDD,2013B,272313,P1,6.0,Withdrawn
DDD,2013B,297582,P1,27.0,Withdrawn
DDD,2013B,305313,P1,10.0,Withdrawn
DDD,2013B,316772,P1,-191.0,Withdrawn
DDD,2013B,335264,P1,10.0,Withdrawn
DDD,2013B,342176,P1,6.0,Withdrawn
DDD,2013B,343427,P1,-1.0,Withdrawn
DDD,2013B,349145,P1,9.0,Withdrawn
DDD,2013B,357595,P1,-87.0,Withdrawn
DDD,2013B,364440,P1,-29.0,Withdrawn
DDD,2013B,382408,P1,26.0,Withdrawn
DDD,2013B,387652,P1,-15.0,Withdrawn
DDD,2013B,389076,P1,27.0,Withdrawn
DDD,2013B,404852,P1,-67.0,Withdrawn
DDD,2013B,409766,P1,27.0,Withdrawn
DDD,2013B,409880,P1,23.0,Withdrawn
DDD,2013B,412431,P1,-53.0,Withdrawn
DDD,2013B,412754,P1,27.0,Withdrawn
DDD,2013B,416000,P1,-145.0,Withdrawn
DDD,2013B,421221,P1,-29.0,Withdrawn
DDD,2013B,423474,P1,-99.0,Withdrawn
DDD,2013B,426137,P1,19.0,Withdrawn
DDD,2013B,426701,P1,3.0,Withdrawn
DDD,2013B,428411,P1,-87.0,Withdrawn
DDD,2013B,430055,P1,-3.0,Withdrawn
DDD,2013B,430516,P1,-3.0,Withdrawn
DDD,2013B,432204,P1,27.0,Withdrawn
DDD,2013B,434767,P1,3.0,Withdrawn
DDD,2013B,437747,P1,-61.0,Withdrawn
DDD,2013B,443500,P1,27.0,Withdrawn
DDD,2013B,464596,P1,-17.0,Withdrawn
DDD,2013B,464615,P1,-116.0,Withdrawn
DDD,2013B,470119,P1,-8.0,Withdrawn
DDD,2013B,475480,P1,27.0,Withdrawn
DDD,2013B,475604,P1,-10.0,Withdrawn
DDD,2013B,477160,P1,-137.0,Withdrawn
DDD,2013B,479347,P1,27.0,Withdrawn
DDD,2013B,484754,P1,-3.0,Withdrawn
DDD,2013B,485519,P1,18.0,Withdrawn
DDD,2013B,485943,P1,-271.0,Withdrawn
DDD,2013B,488694,P1,27.0,Withdrawn
DDD,2013B,491885,P1,-8.0,Withdrawn
DDD,2013B,493365,P1,27.0,Withdrawn
DDD,2013B,497405,P1,-4.0,Withdrawn
DDD,2013B,497584,P1,27.0,Withdrawn
DDD,2013B,497898,P1,-16.0,Withdrawn
DDD,2013B,502903,P1,27.0,Withdrawn
DDD,2013B,504246,P1,-5.0,Withdrawn
DDD,2013B,504602,P1,-4.0,Withdrawn
DDD,2013B,509680,P1,-1.0,Withdrawn
DDD,2013B,511514,P1,27.0,Withdrawn
DDD,2013B,511958,P1,16.0,Withdrawn
DDD,2013B,515812,P1,-8.0,Withdrawn
DDD,2013B,518451,P1,-10.0,Withdrawn
DDD,2013B,519491,P1,-3.0,Withdrawn
DDD,2013B,520026,P1,-31.0,Withdrawn
DDD,2013B,522739,P1,27.0,Withdrawn
DDD,2013B,526699,P1,27.0,Withdrawn
DDD,2013B,527081,P1,11.0,Withdrawn
DDD,2013B,527403,P1,26.0,Withdrawn
DDD,2013B,527619,P1,-71.0,Withdrawn
DDD,2013B,528642,P1,23.0,Withdrawn
DDD,2013B,529384,P1,-30.0,Withdrawn
DDD,2013B,529670,P1,-67.0,Withdrawn
DDD,2013B,529877,P1,27.0,Withdrawn
DDD,2013B,530137,P1,-18.0,Withdrawn
DDD,2013B,530901,P1,11.0,Withdrawn
DDD,2013B,532067,P1,12.0,Withdrawn
DDD,2013B,532144,P1,-15.0,Withdrawn
DDD,2013B,534777,P1,27.0,Withdrawn
DDD,2013B,535169,P1,-15.0,Withdrawn
DDD,2013B,535747,P1,26.0,Withdrawn
DDD,2013B,535789,P1,27.0,Withdrawn
DDD,2013B,539224,P1,-53.0,Withdrawn
DDD,2013B,539302,P1,26.0,Withdrawn
DDD,2013B,540422,P1,24.0,Withdrawn
DDD,2013B,543231,P1,2.0,Withdrawn
DDD,2013B,543383,P1,9.0,Withdrawn
DDD,2013B,543386,P1,26.0,Withdrawn
DDD,2013B,543421,P1,27.0,Withdrawn
DDD,2013B,543845,P1,-67.0,Withdrawn
DDD,2013B,545201,P1,-11.0,Withdrawn
DDD,2013B,546654,P1,-24.0,Withdrawn
DDD,2013B,546747,P1,-4.0,Withdrawn
DDD,2013B,546861,P1,27.0,Withdrawn
DDD,2013B,547787,P1,27.0,Withdrawn
DDD,2013B,547897,P1,-5.0,Withdrawn
DDD,2013B,548420,P1,11.0,Withdrawn
DDD,2013B,549156,P1,-5.0,Withdrawn
DDD,2013B,549575,P1,16.0,Withdrawn
DDD,2013B,550205,P1,-47.0,Withdrawn
DDD,2013B,550657,P1,24.0,Withdrawn
DDD,2013B,552255,P1,-2.0,Withdrawn
DDD,2013B,552327,P1,27.0,Withdrawn
DDD,2013B,553627,P1,27.0,Withdrawn
DDD,2013B,553864,P1,5.0,Withdrawn
DDD,2013B,554046,P1,27.0,Withdrawn
DDD,2013B,554587,P1,24.0,Withdrawn
DDD,2013B,554729,P1,-16.0,Withdrawn
DDD,2013B,555151,P1,27.0,Withdrawn
DDD,2013B,555297,P1,5.0,Withdrawn
DDD,2013B,555830,P1,-26.0,Withdrawn
DDD,2013B,556713,P1,27.0,Withdrawn
DDD,2013B,556739,P1,24.0,Withdrawn
DDD,2013B,557083,P1,-17.0,Withdrawn
DDD,2013B,557706,P1,-2.0,Withdrawn
DDD,2013B,558123,P1,17.0,Withdrawn
DDD,2013B,558134,P1,27.0,Withdrawn
DDD,2013B,558317,P1,27.0,Withdrawn
DDD,2013B,558817,P1,-8.0,Withdrawn
DDD,2013B,558954,P1,-9.0,Withdrawn
DDD,2013B,559261,P1,27.0,Withdrawn
DDD,2013B,560384,P1,12.0,Withdrawn
DDD,2013B,987203,P1,-1.0,Withdrawn
DDD,2013B,1060973,P1,-58.0,Withdrawn
DDD,2013B,1730611,P1,3.0,Withdrawn
DDD,2013B,1741838,P1,6.0,Withdrawn
DDD,2013B,1766513,P1,-184.0,Withdrawn
DDD,2013B,1819994,P1,-15.0,Withdrawn
DDD,2013B,1841753,P1,-19.0,Withdrawn
DDD,2013B,1901165,P1,9.0,Withdrawn
DDD,2013B,1935774,P1,11.0,Withdrawn
DDD,2013B,2034000,P1,-24.0,Withdrawn
DDD,2013B,2046628,P1,23.0,Withdrawn
DDD,2013B,2191819,P1,2.0,Withdrawn
DDD,2013B,2214589,P1,6.0,Withdrawn
DDD,2013B,2229785,P1,27.0,Withdrawn
DDD,2013B,2283212,P1,-63.0,Withdrawn
DDD,2013B,2298696,P1,-21.0,Withdrawn
DDD,2013B,2480562,P1,-149.0,Withdrawn
DDD,2013B,2517826,P1,7.0,Withdrawn
DDD,2013B,2535493,P1,-9.0,Withdrawn
DDD,2013B,2546792,P1,18.0,Withdrawn
DDD,2013B,2614272,P1,-16.0,Withdrawn
DDD,2013B,2629511,P1,-25.0,Withdrawn
DDD,2013B,2648271,P1,-9.0,Withdrawn
DDD,2013B,2665767,P1,21.0,Withdrawn
DDD,2013B,2667605,P1,-45.0,Withdrawn
DDD,2013J,3733,P2,-8.0,Withdrawn
DDD,2013J,31269,P2,19.0,Withdrawn
DDD,2013J,46633,P2,0.0,Withdrawn
DDD,2013J,49530,P2,-43.0,Withdrawn
DDD,2013J,52494,P2,-57.0,Withdrawn
DDD,2013J,74130,P2,-56.0,Withdrawn
DDD,2013J,92166,P2,-49.0,Withdrawn
DDD,2013J,108275,P2,-15.0,Withdrawn
DDD,2013J,138709,P2,9.0,Withdrawn
DDD,2013J,142998,P2,-3.0,Withdrawn
DDD,2013J,160178,P2,-24.0,Withdrawn
DDD,2013J,172965,P2,-32.0,Withdrawn
DDD,2013J,198953,P2,-120.0,Withdrawn
DDD,2013J,227167,P2,-9.0,Withdrawn
DDD,2013J,227491,P2,-66.0,Withdrawn
DDD,2013J,236150,P2,12.0,Withdrawn
DDD,2013J,237418,P2,10.0,Withdrawn
DDD,2013J,250456,P2,-40.0,Withdrawn
DDD,2013J,257359,P2,-52.0,Withdrawn
DDD,2013J,279883,P2,-11.0,Withdrawn
DDD,2013J,281656,P2,-87.0,Withdrawn
DDD,2013J,283401,P2,0.0,Withdrawn
DDD,2013J,289529,P2,-7.0,Withdrawn
DDD,2013J,296813,P2,-30.0,Withdrawn
DDD,2013J,297382,P2,-5.0,Withdrawn
DDD,2013J,308982,P2,-11.0,Withdrawn
DDD,2013J,309258,P2,23.0,Withdrawn
DDD,2013J,314123,P2,-25.0,Withdrawn
DDD,2013J,314219,P2,-7.0,Withdrawn
DDD,2013J,315082,P2,0.0,Fail
DDD,2013J,315517,P2,5.0,Withdrawn
DDD,2013J,318574,P2,0.0,Withdrawn
DDD,2013J,319479,P2,-1.0,Withdrawn
DDD,2013J,335910,P2,-43.0,Withdrawn
DDD,2013J,337314,P2,-2.0,Withdrawn
DDD,2013J,342176,P2,-5.0,Withdrawn
DDD,2013J,352641,P2,23.0,Withdrawn
DDD,2013J,366535,P2,9.0,Withdrawn
DDD,2013J,367045,P2,-2.0,Withdrawn
DDD,2013J,370920,P2,0.0,Withdrawn
DDD,2013J,371362,P2,0.0,Withdrawn
DDD,2013J,371679,P2,-8.0,Withdrawn
DDD,2013J,376067,P2,0.0,Withdrawn
DDD,2013J,386912,P2,-6.0,Withdrawn
DDD,2013J,387453,P2,-11.0,Withdrawn
DDD,2013J,399863,P2,-121.0,Withdrawn
DDD,2013J,403052,P2,0.0,Fail
DDD,2013J,411730,P2,0.0,Withdrawn
DDD,2013J,414077,P2,0.0,Withdrawn
DDD,2013J,419822,P2,-95.0,Withdrawn
DDD,2013J,420745,P2,-142.0,Withdrawn
DDD,2013J,423474,P2,-89.0,Withdrawn
DDD,2013J,426097,P2,5.0,Withdrawn
DDD,2013J,442530,P2,10.0,Withdrawn
DDD,2013J,465399,P2,-25.0,Withdrawn
DDD,2013J,465418,P2,-44.0,Withdrawn
DDD,2013J,466158,P2,-50.0,Withdrawn
DDD,2013J,470119,P2,-75.0,Withdrawn
DDD,2013J,473406,P2,-8.0,Withdrawn
DDD,2013J,476906,P2,-24.0,Withdrawn
DDD,2013J,478692,P2,-10.0,Withdrawn
DDD,2013J,478744,P2,-7.0,Withdrawn
DDD,2013J,484266,P2,-29.0,Withdrawn
DDD,2013J,485980,P2,-61.0,Withdrawn
DDD,2013J,486777,P2,0.0,Withdrawn
DDD,2013J,489150,P2,0.0,Withdrawn
DDD,2013J,491688,P2,-100.0,Withdrawn
DDD,2013J,491912,P2,-7.0,Withdrawn
DDD,2013J,492842,P2,0.0,Withdrawn
DDD,2013J,493147,P2,24.0,Withdrawn
DDD,2013J,495115,P2,-85.0,Withdrawn
DDD,2013J,495762,P2,3.0,Withdrawn
DDD,2013J,496373,P2,-42.0,Withdrawn
DDD,2013J,498877,P2,3.0,Withdrawn
DDD,2013J,498903,P2,0.0,Withdrawn
DDD,2013J,502057,P2,19.0,Withdrawn
DDD,2013J,504064,P2,-8.0,Withdrawn
DDD,2013J,506597,P2,0.0,Withdrawn
DDD,2013J,508227,P2,-7.0,Withdrawn
DDD,2013J,509416,P2,-7.0,Withdrawn
DDD,2013J,511636,P2,-7.0,Withdrawn
DDD,2013J,511890,P2,-17.0,Withdrawn
DDD,2013J,514218,P2,0.0,Withdrawn
DDD,2013J,514495,P2,0.0,Withdrawn
DDD,2013J,514934,P2,0.0,Withdrawn
DDD,2013J,518194,P2,-7.0,Withdrawn
DDD,2013J,519449,P2,-7.0,Withdrawn
DDD,2013J,522690,P2,6.0,Withdrawn
DDD,2013J,523632,P2,-7.0,Withdrawn
DDD,2013J,524730,P2,-130.0,Withdrawn
DDD,2013J,526659,P2,15.0,Withdrawn
DDD,2013J,529670,P2,-166.0,Withdrawn
DDD,2013J,530270,P2,17.0,Withdrawn
DDD,2013J,537652,P2,-53.0,Withdrawn
DDD,2013J,537691,P2,28.0,Withdrawn
DDD,2013J,542244,P2,-101.0,Withdrawn
DDD,2013J,542321,P2,-7.0,Withdrawn
DDD,2013J,544155,P2,-80.0,Withdrawn
DDD,2013J,544587,P2,-14.0,Withdrawn
DDD,2013J,546403,P2,-53.0,Withdrawn
DDD,2013J,548851,P2,-7.0,Withdrawn
DDD,2013J,549160,P2,-17.0,Withdrawn
DDD,2013J,550142,P2,-196.0,Withdrawn
DDD,2013J,551674,P2,-4.0,Withdrawn
DDD,2013J,552003,P2,-25.0,Withdrawn
DDD,2013J,552192,P2,-7.0,Withdrawn
DDD,2013J,553170,P2,16.0,Withdrawn
DDD,2013J,553992,P2,-66.0,Withdrawn
DDD,2013J,555422,P2,12.0,Withdrawn
DDD,2013J,555636,P2,-52.0,Withdrawn
DDD,2013J,556821,P2,-71.0,Withdrawn
DDD,2013J,557320,P2,-12.0,Withdrawn
DDD,2013J,558029,P2,23.0,Withdrawn
DDD,2013J,559547,P2,17.0,Withdrawn
DDD,2013J,562096,P2,-114.0,Withdrawn
DDD,2013J,562287,P2,-7.0,Withdrawn
DDD,2013J,562548,P2,-53.0,Withdrawn
DDD,2013J,562561,P2,23.0,Withdrawn
DDD,2013J,562758,P2,-39.0,Withdrawn
DDD,2013J,563503,P2,-7.0,Withdrawn
DDD,2013J,565662,P2,-74.0,Withdrawn
DDD,2013J,566445,P2,-15.0,Withdrawn
DDD,2013J,566704,P2,23.0,Withdrawn
DDD,2013J,567246,P2,-7.0,Withdrawn
DDD,2013J,568045,P2,-7.0,Withdrawn
DDD,2013J,568296,P2,-92.0,Withdrawn
DDD,2013J,568580,P2,-53.0,Withdrawn
DDD,2013J,569743,P2,-26.0,Withdrawn
DDD,2013J,569891,P2,-7.0,Withdrawn
DDD,2013J,570319,P2,-129.0,Withdrawn
DDD,2013J,570401,P2,-46.0,Withdrawn
DDD,2013J,571000,P2,-10.0,Withdrawn
DDD,2013J,571382,P2,-80.0,Withdrawn
DDD,2013J,571682,P2,-156.0,Withdrawn
DDD,2013J,572038,P2,-92.0,Withdrawn
DDD,2013J,572089,P2,-40.0,Withdrawn
DDD,2013J,572281,P2,5.0,Withdrawn
DDD,2013J,572548,P2,-100.0,Withdrawn
DDD,2013J,572620,P2,-11.0,Withdrawn
DDD,2013J,572698,P2,-38.0,Withdrawn
DDD,2013J,572900,P2,-88.0,Withdrawn
DDD,2013J,573284,P2,-73.0,Withdrawn
DDD,2013J,573541,P2,-123.0,Withdrawn
DDD,2013J,573709,P2,-37.0,Withdrawn
DDD,2013J,573970,P2,-50.0,Withdrawn
DDD,2013J,574029,P2,12.0,Withdrawn
DDD,2013J,574181,P2,-7.0,Withdrawn
DDD,2013J,574665,P2,-116.0,Withdrawn
DDD,2013J,574860,P2,-7.0,Withdrawn
DDD,2013J,575365,P2,-7.0,Withdrawn
DDD,2013J,575855,P2,-149.0,Withdrawn
DDD,2013J,576031,P2,19.0,Withdrawn
DDD,2013J,576040,P2,-7.0,Withdrawn
DDD,2013J,576231,P2,-82.0,Withdrawn
DDD,2013J,577558,P2,-93.0,Withdrawn
DDD,2013J,577736,P2,0.0,Withdrawn
DDD,2013J,577930,P2,9.0,Withdrawn
DDD,2013J,578285,P2,-121.0,Withdrawn
DDD,2013J,578544,P2,-7.0,Withdrawn
DDD,2013J,580595,P2,2.0,Withdrawn
DDD,2013J,581065,P2,16.0,Withdrawn
DDD,2013J,581283,P2,-22.0,Withdrawn
DDD,2013J,581584,P2,0.0,Withdrawn
DDD,2013J,581648,P2,-155.0,Withdrawn
DDD,2013J,582288,P2,4.0,Withdrawn
DDD,2013J,582954,P2,-7.0,Fail
DDD,2013J,583147,P2,20.0,Withdrawn
DDD,2013J,583221,P2,-144.0,Withdrawn
DDD,2013J,583438,P2,-4.0,Withdrawn
DDD,2013J,584305,P2,23.0,Withdrawn
DDD,2013J,584517,P2,-5.0,Withdrawn
DDD,2013J,584532,P2,-86.0,Withdrawn
DDD,2013J,584628,P2,17.0,Withdrawn
DDD,2013J,584883,P2,-21.0,Withdrawn
DDD,2013J,585384,P2,-43.0,Withdrawn
DDD,2013J,585579,P2,0.0,Withdrawn
DDD,2013J,585929,P2,0.0,Withdrawn
DDD,2013J,586317,P2,-18.0,Withdrawn
DDD,2013J,586536,P2,-15.0,Withdrawn
DDD,2013J,586823,P2,-1.0,Withdrawn
DDD,2013J,586961,P2,-15.0,Withdrawn
DDD,2013J,587099,P2,25.0,Withdrawn
DDD,2013J,587179,P2,0.0,Withdrawn
DDD,2013J,587310,P2,-17.0,Withdrawn
DDD,2013J,587552,P2,-15.0,Withdrawn
DDD,2013J,588242,P2,-4.0,Withdrawn
DDD,2013J,588485,P2,0.0,Withdrawn
DDD,2013J,588658,P2,-18.0,Withdrawn
DDD,2013J,588815,P2,-94.0,Withdrawn
DDD,2013J,589212,P2,2.0,Withdrawn
DDD,2013J,589445,P2,-9.0,Withdrawn
DDD,2013J,589569,P2,-92.0,Withdrawn
DDD,2013J,589630,P2,0.0,Withdrawn
DDD,2013J,589963,P2,6.0,Withdrawn
DDD,2013J,590177,P2,0.0,Withdrawn
DDD,2013J,590380,P2,-31.0,Withdrawn
DDD,2013J,590464,P2,-42.0,Withdrawn
DDD,2013J,590541,P2,16.0,Withdrawn
DDD,2013J,590881,P2,0.0,Withdrawn
DDD,2013J,591852,P2,23.0,Withdrawn
DDD,2013J,592173,P2,0.0,Withdrawn
DDD,2013J,592299,P2,-52.0,Withdrawn
DDD,2013J,592658,P2,-78.0,Withdrawn
DDD,2013J,592804,P2,0.0,Withdrawn
DDD,2013J,593075,P2,-22.0,Withdrawn
DDD,2013J,593345,P2,12.0,Withdrawn
DDD,2013J,594079,P2,0.0,Withdrawn
DDD,2013J,594599,P2,-66.0,Withdrawn
DDD,2013J,594880,P2,0.0,Withdrawn
DDD,2013J,595720,P2,19.0,Withdrawn
DDD,2013J,595894,P2,0.0,Withdrawn
DDD,2013J,596978,P2,-17.0,Withdrawn
DDD,2013J,597192,P2,-14.0,Withdrawn
DDD,2013J,597308,P2,-35.0,Withdrawn
DDD,2013J,597453,P2,-66.0,Withdrawn
DDD,2013J,597504,P2,-26.0,Withdrawn
DDD,2013J,597561,P2,-10.0,Withdrawn
DDD,2013J,597754,P2,-16.0,Withdrawn
DDD,2013J,597924,P2,18.0,Withdrawn
DDD,2013J,598430,P2,12.0,Withdrawn
DDD,2013J,599101,P2,-7.0,Withdrawn
DDD,2013J,599262,P2,0.0,Withdrawn
DDD,2013J,599406,P2,-7.0,Withdrawn
DDD,2013J,599649,P2,12.0,Withdrawn
DDD,2013J,599876,P2,-49.0,Withdrawn
DDD,2013J,600289,P2,-7.0,Withdrawn
DDD,2013J,600525,P2,-15.0,Withdrawn
DDD,2013J,600753,P2,-50.0,Withdrawn
DDD,2013J,600842,P2,-7.0,Withdrawn
DDD,2013J,601270,P2,23.0,Withdrawn
DDD,2013J,601392,P2,28.0,Withdrawn
DDD,2013J,601488,P2,-1.0,Withdrawn
DDD,2013J,602413,P2,20.0,Withdrawn
DDD,2013J,602692,P2,-29.0,Withdrawn
DDD,2013J,602706,P2,-32.0,Withdrawn
DDD,2013J,603201,P2,-3.0,Withdrawn
DDD,2013J,603669,P2,25.0,Withdrawn
DDD,2013J,603684,P2,0.0,Withdrawn
DDD,2013J,603749,P2,-30.0,Withdrawn
DDD,2013J,603850,P2,18.0,Withdrawn
DDD,2013J,603931,P2,-52.0,Withdrawn
DDD,2013J,603953,P2,-9.0,Withdrawn
DDD,2013J,604392,P2,0.0,Withdrawn
DDD,2013J,604398,P2,-1.0,Withdrawn
DDD,2013J,604729,P2,-22.0,Withdrawn
DDD,2013J,604912,P2,0.0,Withdrawn
DDD,2013J,605005,P2,12.0,Withdrawn
DDD,2013J,606719,P2,4.0,Withdrawn
DDD,2013J,607515,P2,0.0,Withdrawn
DDD,2013J,607928,P2,4.0,Withdrawn
DDD,2013J,608170,P2,-7.0,Withdrawn
DDD,2013J,608848,P2,-7.0,Withdrawn
DDD,2013J,608943,P2,23.0,Withdrawn
DDD,2013J,609381,P2,-7.0,Withdrawn
DDD,2013J,610606,P2,27.0,Withdrawn
DDD,2013J,610817,P2,26.0,Withdrawn
DDD,2013J,610834,P2,10.0,Withdrawn
DDD,2013J,610913,P2,0.0,Withdrawn
DDD,2013J,835603,P2,-81.0,Withdrawn
DDD,2013J,997948,P2,-29.0,Withdrawn
DDD,2013J,1464932,P2,-7.0,Withdrawn
DDD,2013J,1517755,P2,-7.0,Withdrawn
DDD,2013J,1592048,P2,9.0,Withdrawn
DDD,2013J,1796059,P2,-7.0,Withdrawn
DDD,2013J,1833308,P2,-130.0,Withdrawn
DDD,2013J,1840610,P2,-81.0,Withdrawn
DDD,2013J,2046628,P2,-11.0,Withdrawn
DDD,2013J,2149701,P2,26.0,Withdrawn
DDD,2013J,2194777,P2,-24.0,Withdrawn
DDD,2013J,2256318,P2,0.0,Withdrawn
DDD,2013J,2321492,P2,7.0,Withdrawn
DDD,2013J,2352039,P2,20.0,Withdrawn
DDD,2013J,2366701,P2,-8.0,Withdrawn
DDD,2013J,2367887,P2,-25.0,Withdrawn
DDD,2013J,2409396,P2,28.0,Withdrawn
DDD,2013J,2410364,P2,-36.0,Withdrawn
DDD,2013J,2445016,P2,-65.0,Withdrawn
DDD,2013J,2485856,P2,-1.0,Withdrawn
DDD,2013J,2501578,P2,10.0,Withdrawn
DDD,2013J,2505389,P2,0.0,Withdrawn
DDD,2013J,2505413,P2,-22.0,Withdrawn
DDD,2013J,2595968,P2,0.0,Withdrawn
DDD,2013J,2598861,P2,-7.0,Withdrawn
DDD,2013J,2608420,P2,-7.0,Withdrawn
DDD,2013J,2630796,P2,-137.0,Withdrawn
DDD,2013J,2642498,P2,-4.0,Withdrawn
DDD,2013J,2648271,P2,-3.0,Withdrawn
DDD,2013J,2649310,P2,-7.0,Withdrawn
DDD,2013J,2662451,P2,-23.0,Withdrawn
DDD,2013J,2678587,P2,-7.0,Withdrawn
DDD,2013J,2683696,P2,-192.0,Withdrawn
DDD,2013J,2685827,P2,-30.0,Withdrawn
DDD,2013J,2697921,P2,-108.0,Withdrawn
DDD,2014B,28149,P3,-4.0,Withdrawn
DDD,2014B,50309,P3,0.0,Withdrawn
DDD,2014B,50619,P3,-16.0,Withdrawn
DDD,2014B,75309,P3,-10.0,Withdrawn
DDD,2014B,75469,P3,-22.0,Withdrawn
DDD,2014B,85304,P3,-3.0,Withdrawn
DDD,2014B,103891,P3,-7.0,Withdrawn
DDD,2014B,118578,P3,-57.0,Withdrawn
DDD,2014B,124847,P3,-113.0,Withdrawn
DDD,2014B,134721,P3,12.0,Withdrawn
DDD,2014B,141182,P3,-2.0,Withdrawn
DDD,2014B,141301,P3,-53.0,Withdrawn
DDD,2014B,157310,P3,-129.0,Withdrawn
DDD,2014B,161286,P3,-46.0,Withdrawn
DDD,2014B,162901,P3,-3.0,Withdrawn
DDD,2014B,196264,P3,-10.0,Withdrawn
DDD,2014B,237925,P3,-15.0,Withdrawn
DDD,2014B,237969,P3,-109.0,Withdrawn
DDD,2014B,244438,P3,0.0,Withdrawn
DDD,2014B,247342,P3,-1.0,Withdrawn
DDD,2014B,250058,P3,-18.0,Withdrawn
DDD,2014B,255622,P3,-148.0,Withdrawn
DDD,2014B,260367,P3,-44.0,Withdrawn
DDD,2014B,263022,P3,-274.0,Withdrawn
DDD,2014B,287499,P3,0.0,Withdrawn
DDD,2014B,288407,P3,0.0,Withdrawn
DDD,2014B,309258,P3,7.0,Withdrawn
DDD,2014B,315633,P3,-22.0,Withdrawn
DDD,2014B,315723,P3,0.0,Withdrawn
DDD,2014B,334504,P3,0.0,Withdrawn
DDD,2014B,352600,P3,-46.0,Withdrawn
DDD,2014B,361842,P3,10.0,Withdrawn
DDD,2014B,367045,P3,26.0,Withdrawn
DDD,2014B,373795,P3,0.0,Withdrawn
DDD,2014B,395164,P3,0.0,Withdrawn
DDD,2014B,400461,P3,10.0,Withdrawn
DDD,2014B,406753,P3,-10.0,Withdrawn
DDD,2014B,421242,P3,9.0,Withdrawn
DDD,2014B,421877,P3,11.0,Withdrawn
DDD,2014B,430282,P3,0.0,Withdrawn
DDD,2014B,466158,P3,-52.0,Withdrawn
DDD,2014B,479921,P3,-59.0,Withdrawn
DDD,2014B,484305,P3,19.0,Withdrawn
DDD,2014B,491792,P3,-16.0,Withdrawn
DDD,2014B,491912,P3,-143.0,Withdrawn
DDD,2014B,493055,P3,12.0,Withdrawn
DDD,2014B,493793,P3,-52.0,Withdrawn
DDD,2014B,493984,P3,16.0,Withdrawn
DDD,2014B,497206,P3,0.0,Withdrawn
DDD,2014B,497405,P3,10.0,Withdrawn
DDD,2014B,498438,P3,-123.0,Withdrawn
DDD,2014B,501890,P3,6.0,Withdrawn
DDD,2014B,509100,P3,-16.0,Withdrawn
DDD,2014B,509417,P3,0.0,Withdrawn
DDD,2014B,511869,P3,-44.0,Withdrawn
DDD,2014B,514277,P3,10.0,Withdrawn
DDD,2014B,518265,P3,-11.0,Withdrawn
DDD,2014B,518330,P3,-8.0,Withdrawn
DDD,2014B,521249,P3,-10.0,Withdrawn
DDD,2014B,522690,P3,-58.0,Withdrawn
DDD,2014B,526098,P3,-248.0,Withdrawn
DDD,2014B,528330,P3,11.0,Withdrawn
DDD,2014B,528822,P3,10.0,Withdrawn
DDD,2014B,536794,P3,-72.0,Withdrawn
DDD,2014B,537238,P3,-60.0,Withdrawn
DDD,2014B,543356,P3,-23.0,Withdrawn
DDD,2014B,547816,P3,0.0,Withdrawn
DDD,2014B,547860,P3,-26.0,Withdrawn
DDD,2014B,549785,P3,-7.0,Withdrawn
DDD,2014B,551109,P3,23.0,Withdrawn
DDD,2014B,551340,P3,11.0,Withdrawn
DDD,2014B,556836,P3,-57.0,Withdrawn
DDD,2014B,557751,P3,-46.0,Withdrawn
DDD,2014B,564643,P3,10.0,Withdrawn
DDD,2014B,564944,P3,10.0,Withdrawn
DDD,2014B,564970,P3,9.0,Withdrawn
DDD,2014B,572043,P3,-11.0,Withdrawn
DDD,2014B,576869,P3,-53.0,Withdrawn
DDD,2014B,577977,P3,-12.0,Withdrawn
DDD,2014B,579178,P3,9.0,Withdrawn
DDD,2014B,581409,P3,-66.0,Withdrawn
DDD,2014B,583348,P3,-147.0,Withdrawn
DDD,2014B,584952,P3,-18.0,Withdrawn
DDD,2014B,585384,P3,-142.0,Withdrawn
DDD,2014B,585485,P3,-4.0,Withdrawn
DDD,2014B,586537,P3,-1.0,Withdrawn
DDD,2014B,587310,P3,-47.0,Withdrawn
DDD,2014B,588059,P3,18.0,Withdrawn
DDD,2014B,588560,P3,-58.0,Withdrawn
DDD,2014B,589445,P3,-50.0,Withdrawn
DDD,2014B,591100,P3,-23.0,Withdrawn
DDD,2014B,591648,P3,-213.0,Withdrawn
DDD,2014B,591742,P3,-63.0,Withdrawn
DDD,2014B,591852,P3,-3.0,Withdrawn
DDD,2014B,593099,P3,-206.0,Withdrawn
DDD,2014B,597242,P3,5.0,Withdrawn
DDD,2014B,597379,P3,-64.0,Withdrawn
DDD,2014B,600814,P3,-176.0,Withdrawn
DDD,2014B,603241,P3,-80.0,Withdrawn
DDD,2014B,604027,P3,25.0,Withdrawn
DDD,2014B,604398,P3,0.0,Withdrawn
DDD,2014B,604480,P3,-168.0,Withdrawn
DDD,2014B,605131,P3,0.0,Withdrawn
DDD,2014B,606905,P3,0.0,Withdrawn
DDD,2014B,607063,P3,17.0,Withdrawn
DDD,2014B,607214,P3,16.0,Withdrawn
DDD,2014B,607705,P3,-4.0,Withdrawn
DDD,2014B,607946,P3,11.0,Withdrawn
DDD,2014B,609267,P3,-9.0,Withdrawn
DDD,2014B,610129,P3,-60.0,Withdrawn
DDD,2014B,610170,P3,24.0,Withdrawn
DDD,2014B,610609,P3,-1.0,Withdrawn
DDD,2014B,611800,P3,-8.0,Withdrawn
DDD,2014B,611988,P3,0.0,Withdrawn
DDD,2014B,612111,P3,4.0,Withdrawn
DDD,2014B,612805,P3,0.0,Withdrawn
DDD,2014B,613617,P3,0.0,Withdrawn
DDD,2014B,614879,P3,-46.0,Withdrawn
DDD,2014B,616166,P3,12.0,Withdrawn
DDD,2014B,616388,P3,-78.0,Withdrawn
DDD,2014B,616684,P3,0.0,Withdrawn
DDD,2014B,616874,P3,3.0,Withdrawn
DDD,2014B,617350,P3,-2.0,Withdrawn
DDD,2014B,618300,P3,-68.0,Withdrawn
DDD,2014B,618583,P3,-47.0,Withdrawn
DDD,2014B,618913,P3,0.0,Withdrawn
DDD,2014B,619015,P3,-16.0,Withdrawn
DDD,2014B,619908,P3,-46.0,Withdrawn
DDD,2014B,620106,P3,0.0,Withdrawn
DDD,2014B,620393,P3,25.0,Withdrawn
DDD,2014B,620508,P3,-68.0,Withdrawn
DDD,2014B,621675,P3,6.0,Withdrawn
DDD,2014B,622199,P3,0.0,Withdrawn
DDD,2014B,622256,P3,-46.0,Withdrawn
DDD,2014B,622333,P3,0.0,Withdrawn
DDD,2014B,622626,P3,-77.0,Withdrawn
DDD,2014B,622873,P3,24.0,Withdrawn
DDD,2014B,622968,P3,-17.0,Withdrawn
DDD,2014B,623332,P3,-12.0,Withdrawn
DDD,2014B,623601,P3,-46.0,Withdrawn
DDD,2014B,623834,P3,0.0,Withdrawn
DDD,2014B,623997,P3,12.0,Withdrawn
DDD,2014B,624068,P3,0.0,Withdrawn
DDD,2014B,624492,P3,0.0,Withdrawn
DDD,2014B,624651,P3,12.0,Withdrawn
DDD,2014B,625568,P3,-74.0,Withdrawn
DDD,2014B,625613,P3,11.0,Withdrawn
DDD,2014B,625913,P3,0.0,Withdrawn
DDD,2014B,626546,P3,20.0,Withdrawn
DDD,2014B,627370,P3,0.0,Withdrawn
DDD,2014B,627616,P3,26.0,Withdrawn
DDD,2014B,627690,P3,-18.0,Withdrawn
DDD,2014B,628150,P3,0.0,Withdrawn
DDD,2014B,628262,P3,0.0,Withdrawn
DDD,2014B,628437,P3,-26.0,Withdrawn
DDD,2014B,628858,P3,0.0,Withdrawn
DDD,2014B,628947,P3,0.0,Withdrawn
DDD,2014B,629442,P3,0.0,Withdrawn
DDD,2014B,629707,P3,-21.0,Withdrawn
DDD,2014B,629713,P3,0.0,Withdrawn
DDD,2014B,630009,P3,12.0,Withdrawn
DDD,2014B,630531,P3,5.0,Withdrawn
DDD,2014B,630556,P3,0.0,Withdrawn
DDD,2014B,630939,P3,0.0,Withdrawn
DDD,2014B,631560,P3,11.0,Withdrawn
DDD,2014B,631630,P3,17.0,Withdrawn
DDD,2014B,632260,P3,-19.0,Withdrawn
DDD,2014B,632879,P3,-21.0,Withdrawn
DDD,2014B,632975,P3,-11.0,Withdrawn
DDD,2014B,633477,P3,17.0,Withdrawn
DDD,2014B,633618,P3,-15.0,Withdrawn
DDD,2014B,634107,P3,-1.0,Withdrawn
DDD,2014B,634108,P3,0.0,Withdrawn
DDD,2014B,634295,P3,23.0,Withdrawn
DDD,2014B,634313,P3,23.0,Withdrawn
DDD,2014B,634816,P3,-1.0,Withdrawn
DDD,2014B,835603,P3,-82.0,Withdrawn
DDD,2014B,997948,P3,24.0,Withdrawn
DDD,2014B,1175060,P3,-9.0,Withdrawn
DDD,2014B,1614808,P3,-80.0,Withdrawn
DDD,2014B,1845093,P3,-133.0,Withdrawn
DDD,2014B,1994454,P3,9.0,Withdrawn
DDD,2014B,2043916,P3,5.0,Withdrawn
DDD,2014B,2305237,P3,27.0,Withdrawn
DDD,2014B,2352039,P3,19.0,Withdrawn
DDD,2014B,2357168,P3,10.0,Withdrawn
DDD,2014B,2365009,P3,10.0,Withdrawn
DDD,2014B,2446778,P3,26.0,Withdrawn
DDD,2014B,2521837,P3,-1.0,Withdrawn
DDD,2014B,2544678,P3,26.0,Withdrawn
DDD,2014B,2558536,P3,10.0,Withdrawn
DDD,2014B,2588296,P3,16.0,Withdrawn
DDD,2014B,2599201,P3,-124.0,Withdrawn
DDD,2014B,2610581,P3,0.0,Withdrawn
DDD,2014B,2621984,P3,-53.0,Withdrawn
DDD,2014B,2631092,P3,9.0,Withdrawn
DDD,2014B,2638464,P3,0.0,Withdrawn
DDD,2014B,2683696,P3,-51.0,Withdrawn
DDD,2014J,8462,P4,18.0,SEALED
DDD,2014J,36385,P4,-96.0,SEALED
DDD,2014J,39208,P4,-82.0,SEALED
DDD,2014J,51253,P4,-109.0,SEALED
DDD,2014J,69239,P4,-85.0,SEALED
DDD,2014J,75309,P4,-32.0,SEALED
DDD,2014J,99609,P4,27.0,SEALED
DDD,2014J,101187,P4,-74.0,SEALED
DDD,2014J,103891,P4,5.0,SEALED
DDD,2014J,104215,P4,-43.0,SEALED
DDD,2014J,111415,P4,-32.0,SEALED
DDD,2014J,124210,P4,-31.0,SEALED
DDD,2014J,135999,P4,12.0,SEALED
DDD,2014J,175804,P4,12.0,SEALED
DDD,2014J,231697,P4,5.0,SEALED
DDD,2014J,236017,P4,12.0,SEALED
DDD,2014J,236150,P4,-31.0,SEALED
DDD,2014J,260639,P4,-15.0,SEALED
DDD,2014J,264601,P4,-1.0,SEALED
DDD,2014J,281252,P4,11.0,SEALED
DDD,2014J,281799,P4,12.0,SEALED
DDD,2014J,282498,P4,-12.0,SEALED
DDD,2014J,288762,P4,-75.0,SEALED
DDD,2014J,301036,P4,12.0,SEALED
DDD,2014J,303341,P4,20.0,SEALED
DDD,2014J,306754,P4,12.0,SEALED
DDD,2014J,309258,P4,-16.0,SEALED
DDD,2014J,319325,P4,3.0,SEALED
DDD,2014J,323025,P4,3.0,SEALED
DDD,2014J,331526,P4,-15.0,SEALED
DDD,2014J,335922,P4,12.0,SEALED
DDD,2014J,337048,P4,12.0,SEALED
DDD,2014J,350361,P4,-42.0,SEALED
DDD,2014J,352954,P4,-9.0,SEALED
DDD,2014J,355034,P4,12.0,SEALED
DDD,2014J,373795,P4,12.0,SEALED
DDD,2014J,384106,P4,12.0,SEALED
DDD,2014J,389076,P4,12.0,SEALED
DDD,2014J,392250,P4,-57.0,SEALED
DDD,2014J,393094,P4,12.0,SEALED
DDD,2014J,395980,P4,-1.0,SEALED
DDD,2014J,402268,P4,12.0,SEALED
DDD,2014J,402829,P4,-38.0,SEALED
DDD,2014J,417157,P4,-50.0,SEALED
DDD,2014J,418851,P4,5.0,SEALED
DDD,2014J,420745,P4,-1.0,SEALED
DDD,2014J,421242,P4,-33.0,SEALED
DDD,2014J,423650,P4,-57.0,SEALED
DDD,2014J,425393,P4,-16.0,SEALED
DDD,2014J,429740,P4,-17.0,SEALED
DDD,2014J,435536,P4,-17.0,SEALED
DDD,2014J,441354,P4,-5.0,SEALED
DDD,2014J,442191,P4,-3.0,SEALED
DDD,2014J,444388,P4,12.0,SEALED
DDD,2014J,444625,P4,-1.0,SEALED
DDD,2014J,445474,P4,-12.0,SEALED
DDD,2014J,445595,P4,-22.0,SEALED
DDD,2014J,447393,P4,-37.0,SEALED
DDD,2014J,466714,P4,-12.0,SEALED
DDD,2014J,466956,P4,-71.0,SEALED
DDD,2014J,471781,P4,-25.0,SEALED
DDD,2014J,472649,P4,-37.0,SEALED
DDD,2014J,475443,P4,12.0,SEALED
DDD,2014J,477099,P4,12.0,SEALED
DDD,2014J,478326,P4,12.0,SEALED
DDD,2014J,483343,P4,6.0,SEALED
DDD,2014J,484171,P4,-145.0,SEALED
DDD,2014J,486244,P4,14.0,SEALED
DDD,2014J,486539,P4,12.0,SEALED
DDD,2014J,491688,P4,12.0,SEALED
DDD,2014J,492254,P4,-25.0,SEALED
DDD,2014J,493826,P4,4.0,SEALED
DDD,2014J,495762,P4,12.0,SEALED
DDD,2014J,497989,P4,12.0,SEALED
DDD,2014J,498326,P4,12.0,SEALED
DDD,2014J,500339,P4,-1.0,SEALED
DDD,2014J,504841,P4,9.0,SEALED
DDD,2014J,507576,P4,-16.0,SEALED
DDD,2014J,510532,P4,12.0,SEALED
DDD,2014J,513356,P4,-72.0,SEALED
DDD,2014J,524020,P4,12.0,SEALED
DDD,2014J,526699,P4,12.0,SEALED
DDD,2014J,529789,P4,12.0,SEALED
DDD,2014J,529885,P4,-5.0,SEALED
DDD,2014J,530807,P4,-8.0,SEALED
DDD,2014J,534827,P4,5.0,SEALED
DDD,2014J,536736,P4,12.0,SEALED
DDD,2014J,540885,P4,3.0,SEALED
DDD,2014J,545127,P4,12.0,SEALED
DDD,2014J,547464,P4,12.0,SEALED
DDD,2014J,548486,P4,9.0,SEALED
DDD,2014J,548851,P4,12.0,SEALED
DDD,2014J,551595,P4,12.0,SEALED
DDD,2014J,554215,P4,3.0,SEALED
DDD,2014J,554407,P4,-8.0,SEALED
DDD,2014J,554885,P4,12.0,SEALED
DDD,2014J,559882,P4,-15.0,SEALED
DDD,2014J,562890,P4,5.0,SEALED
DDD,2014J,563710,P4,-1.0,SEALED
DDD,2014J,564643,P4,12.0,SEALED
DDD,2014J,566560,P4,-54.0,SEALED
DDD,2014J,566712,P4,11.0,SEALED
DDD,2014J,567281,P4,12.0,SEALED
DDD,2014J,567597,P4,-8.0,SEALED
DDD,2014J,572043,P4,-38.0,SEALED
DDD,2014J,572413,P4,-40.0,SEALED
DDD,2014J,572722,P4,-1.0,SEALED
DDD,2014J,575272,P4,-38.0,SEALED
DDD,2014J,577359,P4,11.0,SEALED
DDD,2014J,577934,P4,-16.0,SEALED
DDD,2014J,583604,P4,12.0,SEALED
DDD,2014J,586957,P4,-19.0,SEALED
DDD,2014J,587772,P4,12.0,SEALED
DDD,2014J,588383,P4,-50.0,SEALED
DDD,2014J,590110,P4,12.0,SEALED
DDD,2014J,590632,P4,4.0,SEALED
DDD,2014J,592344,P4,5.0,SEALED
DDD,2014J,594164,P4,-17.0,SEALED
DDD,2014J,595396,P4,12.0,SEALED
DDD,2014J,598493,P4,12.0,SEALED
DDD,2014J,599742,P4,12.0,SEALED
DDD,2014J,599877,P4,-4.0,SEALED
DDD,2014J,600616,P4,5.0,SEALED
DDD,2014J,603490,P4,12.0,SEALED
DDD,2014J,603726,P4,12.0,SEALED
DDD,2014J,604632,P4,12.0,SEALED
DDD,2014J,605313,P4,12.0,SEALED
DDD,2014J,605676,P4,-1.0,SEALED
DDD,2014J,606089,P4,12.0,SEALED
DDD,2014J,606247,P4,-4.0,SEALED
DDD,2014J,609681,P4,-12.0,SEALED
DDD,2014J,611356,P4,12.0,SEALED
DDD,2014J,612615,P4,-17.0,SEALED
DDD,2014J,614499,P4,12.0,SEALED
DDD,2014J,614912,P4,16.0,SEALED
DDD,2014J,618531,P4,-15.0,SEALED
DDD,2014J,618825,P4,-43.0,SEALED
DDD,2014J,620676,P4,-10.0,SEALED
DDD,2014J,623224,P4,-21.0,SEALED
DDD,2014J,623407,P4,12.0,SEALED
DDD,2014J,623586,P4,-38.0,SEALED
DDD,2014J,624631,P4,12.0,SEALED
DDD,2014J,625012,P4,-12.0,SEALED
DDD,2014J,625013,P4,-26.0,SEALED
DDD,2014J,626151,P4,12.0,SEALED
DDD,2014J,626386,P4,24.0,SEALED
DDD,2014J,626552,P4,-120.0,SEALED
DDD,2014J,628685,P4,5.0,SEALED
DDD,2014J,628733,P4,12.0,SEALED
DDD,2014J,630775,P4,12.0,SEALED
DDD,2014J,631295,P4,1.0,SEALED
DDD,2014J,631486,P4,10.0,SEALED
DDD,2014J,631960,P4,-1.0,SEALED
DDD,2014J,632473,P4,-10.0,SEALED
DDD,2014J,633237,P4,26.0,SEALED
DDD,2014J,633525,P4,-5.0,SEALED
DDD,2014J,635071,P4,-29.0,SEALED
DDD,2014J,635986,P4,2.0,SEALED
DDD,2014J,636590,P4,-163.0,SEALED
DDD,2014J,636712,P4,12.0,SEALED
DDD,2014J,638023,P4,12.0,SEALED
DDD,2014J,638243,P4,26.0,SEALED
DDD,2014J,638358,P4,-29.0,SEALED
DDD,2014J,638657,P4,5.0,SEALED
DDD,2014J,639190,P4,12.0,SEALED
DDD,2014J,640054,P4,-117.0,SEALED
DDD,2014J,640691,P4,12.0,SEALED
DDD,2014J,641613,P4,12.0,SEALED
DDD,2014J,642222,P4,2.0,SEALED
DDD,2014J,642785,P4,-80.0,SEALED
DDD,2014J,643021,P4,-68.0,SEALED
DDD,2014J,644881,P4,-44.0,SEALED
DDD,2014J,645019,P4,12.0,SEALED
DDD,2014J,645710,P4,-85.0,SEALED
DDD,2014J,645738,P4,-42.0,SEALED
DDD,2014J,645850,P4,-30.0,SEALED
DDD,2014J,645906,P4,-32.0,SEALED
DDD,2014J,646020,P4,-39.0,SEALED
DDD,2014J,646027,P4,-40.0,SEALED
DDD,2014J,646077,P4,12.0,SEALED
DDD,2014J,646086,P4,-22.0,SEALED
DDD,2014J,646314,P4,18.0,SEALED
DDD,2014J,646689,P4,-3.0,SEALED
DDD,2014J,646755,P4,-61.0,SEALED
DDD,2014J,647468,P4,-11.0,SEALED
DDD,2014J,647824,P4,5.0,SEALED
DDD,2014J,647920,P4,12.0,SEALED
DDD,2014J,647947,P4,5.0,SEALED
DDD,2014J,647953,P4,-26.0,SEALED
DDD,2014J,647968,P4,12.0,SEALED
DDD,2014J,648833,P4,5.0,SEALED
DDD,2014J,648888,P4,-12.0,SEALED
DDD,2014J,648947,P4,-1.0,SEALED
DDD,2014J,648966,P4,-43.0,SEALED
DDD,2014J,649230,P4,-66.0,SEALED
DDD,2014J,649394,P4,12.0,SEALED
DDD,2014J,649689,P4,12.0,SEALED
DDD,2014J,650074,P4,1.0,SEALED
DDD,2014J,650243,P4,-1.0,SEALED
DDD,2014J,650414,P4,3.0,SEALED
DDD,2014J,650829,P4,-19.0,SEALED
DDD,2014J,651174,P4,-2.0,SEALED
DDD,2014J,651481,P4,5.0,SEALED
DDD,2014J,651651,P4,12.0,SEALED
DDD,2014J,651963,P4,1.0,SEALED
DDD,2014J,652406,P4,-66.0,SEALED
DDD,2014J,652531,P4,-100.0,SEALED
DDD,2014J,653060,P4,12.0,SEALED
DDD,2014J,653296,P4,-2.0,SEALED
DDD,2014J,653723,P4,-11.0,SEALED
DDD,2014J,653770,P4,12.0,SEALED
DDD,2014J,653771,P4,-9.0,SEALED
DDD,2014J,653942,P4,12.0,SEALED
DDD,2014J,653977,P4,12.0,SEALED
DDD,2014J,654091,P4,12.0,SEALED
DDD,2014J,654828,P4,-88.0,SEALED
DDD,2014J,654863,P4,12.0,SEALED
DDD,2014J,655254,P4,-5.0,SEALED
DDD,2014J,655761,P4,-71.0,SEALED
DDD,2014J,656115,P4,9.0,SEALED
DDD,2014J,656175,P4,12.0,SEALED
DDD,2014J,656459,P4,2.0,SEALED
DDD,2014J,657161,P4,-29.0,SEALED
DDD,2014J,674219,P4,-95.0,SEALED
DDD,2014J,674361,P4,-43.0,SEALED
DDD,2014J,674393,P4,22.0,SEALED
DDD,2014J,674419,P4,5.0,SEALED
DDD,2014J,674469,P4,20.0,SEALED
DDD,2014J,675052,P4,-16.0,SEALED
DDD,2014J,675253,P4,5.0,SEALED
DDD,2014J,675471,P4,12.0,SEALED
DDD,2014J,675638,P4,11.0,SEALED
DDD,2014J,675656,P4,12.0,SEALED
DDD,2014J,676368,P4,17.0,SEALED
DDD,2014J,676642,P4,12.0,SEALED
DDD,2014J,677012,P4,-52.0,SEALED
DDD,2014J,677449,P4,-44.0,SEALED
DDD,2014J,678246,P4,-65.0,SEALED
DDD,2014J,678262,P4,5.0,SEALED
DDD,2014J,678382,P4,12.0,SEALED
DDD,2014J,678737,P4,12.0,SEALED
DDD,2014J,679000,P4,18.0,SEALED
DDD,2014J,679234,P4,-36.0,SEALED
DDD,2014J,679388,P4,2.0,SEALED
DDD,2014J,679427,P4,5.0,SEALED
DDD,2014J,679558,P4,12.0,SEALED
DDD,2014J,680612,P4,6.0,SEALED
DDD,2014J,680698,P4,12.0,SEALED
DDD,2014J,680846,P4,12.0,SEALED
DDD,2014J,681182,P4,5.0,SEALED
DDD,2014J,681210,P4,-2.0,SEALED
DDD,2014J,681638,P4,-8.0,SEALED
DDD,2014J,681695,P4,24.0,SEALED
DDD,2014J,683340,P4,-17.0,SEALED
DDD,2014J,684215,P4,12.0,SEALED
DDD,2014J,684712,P4,-12.0,SEALED
DDD,2014J,684886,P4,-9.0,SEALED
DDD,2014J,684887,P4,-9.0,SEALED
DDD,2014J,685033,P4,12.0,SEALED
DDD,2014J,685123,P4,9.0,SEALED
DDD,2014J,685403,P4,12.0,SEALED
DDD,2014J,685546,P4,12.0,SEALED
DDD,2014J,685639,P4,12.0,SEALED
DDD,2014J,685661,P4,-53.0,SEALED
DDD,2014J,686003,P4,3.0,SEALED
DDD,2014J,686313,P4,-7.0,SEALED
DDD,2014J,687715,P4,-25.0,SEALED
DDD,2014J,687765,P4,12.0,SEALED
DDD,2014J,688128,P4,-15.0,SEALED
DDD,2014J,688171,P4,12.0,SEALED
DDD,2014J,688213,P4,12.0,SEALED
DDD,2014J,688285,P4,12.0,SEALED
DDD,2014J,688615,P4,-8.0,SEALED
DDD,2014J,688656,P4,-3.0,SEALED
DDD,2014J,688672,P4,12.0,SEALED
DDD,2014J,688805,P4,-25.0,SEALED
DDD,2014J,689143,P4,12.0,SEALED
DDD,2014J,689198,P4,12.0,SEALED
DDD,2014J,689816,P4,19.0,SEALED
DDD,2014J,689999,P4,12.0,SEALED
DDD,2014J,690118,P4,9.0,SEALED
DDD,2014J,690181,P4,-10.0,SEALED
DDD,2014J,690780,P4,14.0,SEALED
DDD,2014J,690843,P4,12.0,SEALED
DDD,2014J,691008,P4,12.0,SEALED
DDD,2014J,691040,P4,12.0,SEALED
DDD,2014J,692664,P4,12.0,SEALED
DDD,2014J,693047,P4,3.0,SEALED
DDD,2014J,693310,P4,-2.0,SEALED
DDD,2014J,693468,P4,12.0,SEALED
DDD,2014J,693863,P4,3.0,SEALED
DDD,2014J,693926,P4,5.0,SEALED
DDD,2014J,694147,P4,12.0,SEALED
DDD,2014J,694705,P4,4.0,SEALED
DDD,2014J,694753,P4,-1.0,SEALED
DDD,2014J,694802,P4,12.0,SEALED
DDD,2014J,695473,P4,-8.0,SEALED
DDD,2014J,695611,P4,12.0,SEALED
DDD,2014J,695794,P4,5.0,SEALED
DDD,2014J,695956,P4,2.0,SEALED
DDD,2014J,696265,P4,12.0,SEALED
DDD,2014J,696546,P4,12.0,SEALED
DDD,2014J,697283,P4,12.0,SEALED
DDD,2014J,697390,P4,-15.0,SEALED
DDD,2014J,697730,P4,5.0,SEALED
DDD,2014J,697841,P4,5.0,SEALED
DDD,2014J,698007,P4,12.0,SEALED
DDD,2014J,698252,P4,4.0,SEALED
DDD,2014J,1209065,P4,24.0,SEALED
DDD,2014J,1373661,P4,-51.0,SEALED
DDD,2014J,1459010,P4,6.0,SEALED
DDD,2014J,1484626,P4,-10.0,SEALED
DDD,2014J,1794309,P4,-46.0,SEALED
DDD,2014J,1811098,P4,-29.0,SEALED
DDD,2014J,1812797,P4,4.0,SEALED
DDD,2014J,1871306,P4,5.0,SEALED
DDD,2014J,1876461,P4,20.0,SEALED
DDD,2014J,1991049,P4,3.0,SEALED
DDD,2014J,2014252,P4,12.0,SEALED
DDD,2014J,2031234,P4,-21.0,SEALED
DDD,2014J,2038885,P4,11.0,SEALED
DDD,2014J,2046628,P4,9.0,SEALED
DDD,2014J,2106468,P4,-86.0,SEALED
DDD,2014J,2337919,P4,3.0,SEALED
DDD,2014J,2345307,P4,12.0,SEALED
DDD,2014J,2348143,P4,-85.0,SEALED
DDD,2014J,2369962,P4,-39.0,SEALED
DDD,2014J,2471812,P4,10.0,SEALED
DDD,2014J,2488965,P4,-10.0,SEALED
DDD,2014J,2524969,P4,-22.0,SEALED
DDD,2014J,2574453,P4,10.0,SEALED
DDD,2014J,2595526,P4,12.0,SEALED
DDD,2014J,2599883,P4,-81.0,SEALED
DDD,2014J,2600000,P4,-56.0,SEALED
DDD,2014J,2635658,P4,9.0,SEALED
DDD,2014J,2639205,P4,12.0,SEALED
DDD,2014J,2639339,P4,-2.0,SEALED
DDD,2014J,2672908,P4,-19.0,SEALED
DDD,2014J,2698109,P4,-2.0,SEALED
DDD,2014J,2716795,P4,5.0,SEALED
EEE,2013J,32553,P2,-12.0,Withdrawn
EEE,2013J,40508,P2,1.0,Withdrawn
EEE,2013J,100758,P2,-23.0,Withdrawn
EEE,2013J,101414,P2,-11.0,Withdrawn
EEE,2013J,110461,P2,16.0,Withdrawn
EEE,2013J,111383,P2,-51.0,Withdrawn
EEE,2013J,125619,P2,0.0,Withdrawn
EEE,2013J,141301,P2,-134.0,Withdrawn
EEE,2013J,171107,P2,-45.0,Withdrawn
EEE,2013J,197730,P2,-60.0,Withdrawn
EEE,2013J,227811,P2,-50.0,Withdrawn
EEE,2013J,231673,P2,-45.0,Withdrawn
EEE,2013J,278786,P2,-93.0,Withdrawn
EEE,2013J,283811,P2,-10.0,Withdrawn
EEE,2013J,288769,P2,0.0,Withdrawn
EEE,2013J,330354,P2,-121.0,Withdrawn
EEE,2013J,330937,P2,0.0,Withdrawn
EEE,2013J,339353,P2,-75.0,Withdrawn
EEE,2013J,348708,P2,0.0,Withdrawn
EEE,2013J,355205,P2,-102.0,Withdrawn
EEE,2013J,392250,P2,-82.0,Withdrawn
EEE,2013J,400208,P2,0.0,Withdrawn
EEE,2013J,465845,P2,-2.0,Withdrawn
EEE,2013J,466430,P2,11.0,Withdrawn
EEE,2013J,470002,P2,-85.0,Withdrawn
EEE,2013J,470674,P2,13.0,Withdrawn
EEE,2013J,481934,P2,-75.0,Withdrawn
EEE,2013J,493743,P2,-21.0,Withdrawn
EEE,2013J,494383,P2,-61.0,Withdrawn
EEE,2013J,512693,P2,6.0,Withdrawn
EEE,2013J,514040,P2,0.0,Withdrawn
EEE,2013J,518805,P2,0.0,Withdrawn
EEE,2013J,518906,P2,0.0,Withdrawn
EEE,2013J,519258,P2,12.0,Withdrawn
EEE,2013J,520337,P2,0.0,Withdrawn
EEE,2013J,526051,P2,-11.0,Withdrawn
EEE,2013J,529503,P2,25.0,Withdrawn
EEE,2013J,549139,P2,17.0,Withdrawn
EEE,2013J,555020,P2,-37.0,Withdrawn
EEE,2013J,555925,P2,-25.0,Withdrawn
EEE,2013J,556836,P2,-25.0,Withdrawn
EEE,2013J,561787,P2,0.0,Withdrawn
EEE,2013J,562315,P2,3.0,Withdrawn
EEE,2013J,562675,P2,-95.0,Withdrawn
EEE,2013J,564444,P2,9.0,Withdrawn
EEE,2013J,565275,P2,-66.0,Withdrawn
EEE,2013J,566306,P2,-33.0,Withdrawn
EEE,2013J,566970,P2,12.0,Withdrawn
EEE,2013J,571617,P2,-109.0,Withdrawn
EEE,2013J,571710,P2,0.0,Withdrawn
EEE,2013J,571754,P2,-68.0,Withdrawn
EEE,2013J,571963,P2,10.0,Withdrawn
EEE,2013J,572186,P2,0.0,Withdrawn
EEE,2013J,572658,P2,0.0,Withdrawn
EEE,2013J,573242,P2,-14.0,Withdrawn
EEE,2013J,573244,P2,-23.0,Withdrawn
EEE,2013J,573547,P2,-7.0,Withdrawn
EEE,2013J,573944,P2,18.0,Withdrawn
EEE,2013J,574670,P2,0.0,Withdrawn
EEE,2013J,575469,P2,-50.0,Withdrawn
EEE,2013J,576298,P2,-8.0,Withdrawn
EEE,2013J,576301,P2,0.0,Withdrawn
EEE,2013J,576409,P2,-5.0,Withdrawn
EEE,2013J,576834,P2,11.0,Withdrawn
EEE,2013J,577603,P2,-12.0,Withdrawn
EEE,2013J,578722,P2,0.0,Withdrawn
EEE,2013J,579098,P2,-123.0,Withdrawn
EEE,2013J,579321,P2,-58.0,Withdrawn
EEE,2013J,581047,P2,-8.0,Withdrawn
EEE,2013J,581453,P2,-45.0,Withdrawn
EEE,2013J,582170,P2,8.0,Withdrawn
EEE,2013J,583427,P2,-11.0,Withdrawn
EEE,2013J,583844,P2,-8.0,Withdrawn
EEE,2013J,584115,P2,0.0,Withdrawn
EEE,2013J,584444,P2,0.0,Withdrawn
EEE,2013J,585056,P2,-99.0,Withdrawn
EEE,2013J,586587,P2,-64.0,Withdrawn
EEE,2013J,588383,P2,-11.0,Withdrawn
EEE,2013J,588694,P2,-75.0,Withdrawn
EEE,2013J,588706,P2,23.0,Withdrawn
EEE,2013J,588852,P2,10.0,Withdrawn
EEE,2013J,588974,P2,0.0,Withdrawn
EEE,2013J,589472,P2,0.0,Withdrawn
EEE,2013J,589484,P2,-9.0,Withdrawn
EEE,2013J,589555,P2,11.0,Withdrawn
EEE,2013J,590942,P2,-73.0,Withdrawn
EEE,2013J,591178,P2,-22.0,Withdrawn
EEE,2013J,591398,P2,9.0,Withdrawn
EEE,2013J,592581,P2,27.0,Withdrawn
EEE,2013J,594755,P2,0.0,Withdrawn
EEE,2013J,595077,P2,-15.0,Withdrawn
EEE,2013J,595100,P2,-5.0,Withdrawn
EEE,2013J,595362,P2,6.0,Withdrawn
EEE,2013J,595453,P2,0.0,Withdrawn
EEE,2013J,595990,P2,0.0,Withdrawn
EEE,2013J,598821,P2,0.0,Withdrawn
EEE,2013J,599263,P2,-11.0,Withdrawn
EEE,2013J,599520,P2,-65.0,Withdrawn
EEE,2013J,599547,P2,0.0,Withdrawn
EEE,2013J,599982,P2,0.0,Withdrawn
EEE,2013J,600623,P2,-2.0,Withdrawn
EEE,2013J,600978,P2,5.0,Withdrawn
EEE,2013J,601370,P2,9.0,Withdrawn
EEE,2013J,602037,P2,0.0,Withdrawn
EEE,2013J,602659,P2,-5.0,Withdrawn
EEE,2013J,603357,P2,26.0,Withdrawn
EEE,2013J,604875,P2,14.0,Withdrawn
EEE,2013J,605262,P2,-5.0,Withdrawn
EEE,2013J,605926,P2,-26.0,Withdrawn
EEE,2013J,606190,P2,-11.0,Withdrawn
EEE,2013J,606303,P2,-12.0,Withdrawn
EEE,2013J,607883,P2,0.0,Withdrawn
EEE,2013J,608591,P2,0.0,Withdrawn
EEE,2013J,609490,P2,0.0,Withdrawn
EEE,2013J,610695,P2,12.0,Withdrawn
EEE,2013J,611405,P2,12.0,Withdrawn
EEE,2013J,611565,P2,-1.0,Withdrawn
EEE,2013J,1400592,P2,-2.0,Withdrawn
EEE,2013J,2115680,P2,2.0,Withdrawn
EEE,2013J,2128283,P2,-134.0,Withdrawn
EEE,2013J,2198356,P2,-5.0,Withdrawn
EEE,2013J,2384615,P2,-178.0,Withdrawn
EEE,2013J,2435050,P2,-117.0,Withdrawn
EEE,2013J,2610857,P2,9.0,Withdrawn
EEE,2013J,2681277,P2,-166.0,Withdrawn
EEE,2014B,69239,P3,-29.0,Withdrawn
EEE,2014B,97486,P3,0.0,Withdrawn
EEE,2014B,174512,P3,-136.0,Withdrawn
EEE,2014B,294578,P3,7.0,Withdrawn
EEE,2014B,339353,P3,-74.0,Withdrawn
EEE,2014B,359728,P3,11.0,Withdrawn
EEE,2014B,371113,P3,0.0,Withdrawn
EEE,2014B,416689,P3,-1.0,Withdrawn
EEE,2014B,422341,P3,0.0,Withdrawn
EEE,2014B,491570,P3,3.0,Withdrawn
EEE,2014B,497047,P3,-8.0,Withdrawn
EEE,2014B,498261,P3,-45.0,Withdrawn
EEE,2014B,510545,P3,-103.0,Withdrawn
EEE,2014B,532570,P3,-10.0,Withdrawn
EEE,2014B,536996,P3,0.0,Withdrawn
EEE,2014B,553914,P3,-50.0,Withdrawn
EEE,2014B,558342,P3,16.0,Withdrawn
EEE,2014B,563902,P3,18.0,Withdrawn
EEE,2014B,565275,P3,-29.0,Withdrawn
EEE,2014B,569342,P3,-130.0,Withdrawn
EEE,2014B,571946,P3,-1.0,Withdrawn
EEE,2014B,573072,P3,-2.0,Withdrawn
EEE,2014B,573665,P3,-10.0,Withdrawn
EEE,2014B,577603,P3,-14.0,Withdrawn
EEE,2014B,589001,P3,7.0,Withdrawn
EEE,2014B,589083,P3,-16.0,Withdrawn
EEE,2014B,590699,P3,14.0,Withdrawn
EEE,2014B,592080,P3,-22.0,Withdrawn
EEE,2014B,593941,P3,-19.0,Withdrawn
EEE,2014B,600879,P3,-51.0,Withdrawn
EEE,2014B,604078,P3,-52.0,Withdrawn
EEE,2014B,604665,P3,0.0,Withdrawn
EEE,2014B,605130,P3,20.0,Withdrawn
EEE,2014B,605136,P3,26.0,Withdrawn
EEE,2014B,606025,P3,0.0,Withdrawn
EEE,2014B,606290,P3,0.0,Withdrawn
EEE,2014B,607703,P3,-96.0,Withdrawn
EEE,2014B,608694,P3,7.0,Withdrawn
EEE,2014B,609241,P3,-12.0,Withdrawn
EEE,2014B,609605,P3,-72.0,Withdrawn
EEE,2014B,611971,P3,27.0,Withdrawn
EEE,2014B,612124,P3,-19.0,Withdrawn
EEE,2014B,613120,P3,-1.0,Withdrawn
EEE,2014B,616976,P3,-16.0,Withdrawn
EEE,2014B,617309,P3,-8.0,Withdrawn
EEE,2014B,617331,P3,0.0,Withdrawn
EEE,2014B,618514,P3,-65.0,Withdrawn
EEE,2014B,618701,P3,-115.0,Withdrawn
EEE,2014B,618768,P3,-30.0,Withdrawn
EEE,2014B,619887,P3,-59.0,Withdrawn
EEE,2014B,620376,P3,4.0,Withdrawn
EEE,2014B,620434,P3,-8.0,Withdrawn
EEE,2014B,621619,P3,0.0,Withdrawn
EEE,2014B,621853,P3,5.0,Withdrawn
EEE,2014B,622398,P3,3.0,Withdrawn
EEE,2014B,623111,P3,-72.0,Withdrawn
EEE,2014B,624034,P3,26.0,Withdrawn
EEE,2014B,624050,P3,0.0,Withdrawn
EEE,2014B,625121,P3,0.0,Withdrawn
EEE,2014B,625207,P3,10.0,Withdrawn
EEE,2014B,625774,P3,-12.0,Withdrawn
EEE,2014B,625884,P3,0.0,Withdrawn
EEE,2014B,625950,P3,8.0,Withdrawn
EEE,2014B,626789,P3,-29.0,Withdrawn
EEE,2014B,627160,P3,17.0,Withdrawn
EEE,2014B,628686,P3,-46.0,Withdrawn
EEE,2014B,628993,P3,-46.0,Withdrawn
EEE,2014B,629234,P3,0.0,Withdrawn
EEE,2014B,629421,P3,-18.0,Withdrawn
EEE,2014B,629623,P3,0.0,Withdrawn
EEE,2014B,629765,P3,-1.0,Withdrawn
EEE,2014B,629887,P3,0.0,Withdrawn
EEE,2014B,629893,P3,0.0,Withdrawn
EEE,2014B,630120,P3,-15.0,Withdrawn
EEE,2014B,630514,P3,0.0,Withdrawn
EEE,2014B,631657,P3,-8.0,Withdrawn
EEE,2014B,632780,P3,-11.0,Withdrawn
EEE,2014B,633859,P3,0.0,Withdrawn
EEE,2014B,634083,P3,0.0,Withdrawn
EEE,2014B,1664810,P3,0.0,Withdrawn
EEE,2014B,1683692,P3,-15.0,Withdrawn
EEE,2014B,1863564,P3,-248.0,Withdrawn
EEE,2014B,1878160,P3,-52.0,Withdrawn
EEE,2014B,2188680,P3,16.0,Withdrawn
EEE,2014B,2295254,P3,-61.0,Withdrawn
EEE,2014B,2384615,P3,-89.0,Withdrawn
EEE,2014B,2388492,P3,-2.0,Withdrawn
EEE,2014B,2554047,P3,-17.0,Withdrawn
EEE,2014B,2619011,P3,-8.0,Withdrawn
EEE,2014J,46048,P4,12.0,SEALED
EEE,2014J,174512,P4,-2.0,SEALED
EEE,2014J,177186,P4,9.0,SEALED
EEE,2014J,247653,P4,-4.0,SEALED
EEE,2014J,293321,P4,10.0,SEALED
EEE,2014J,316454,P4,12.0,SEALED
EEE,2014J,325518,P4,12.0,SEALED
EEE,2014J,331622,P4,-3.0,SEALED
EEE,2014J,337741,P4,-31.0,SEALED
EEE,2014J,382432,P4,12.0,SEALED
EEE,2014J,388252,P4,-2.0,SEALED
EEE,2014J,391572,P4,12.0,SEALED
EEE,2014J,402906,P4,12.0,SEALED
EEE,2014J,443701,P4,26.0,SEALED
EEE,2014J,444814,P4,12.0,SEALED
EEE,2014J,466430,P4,12.0,SEALED
EEE,2014J,501422,P4,12.0,SEALED
EEE,2014J,516398,P4,12.0,SEALED
EEE,2014J,524431,P4,-1.0,SEALED
EEE,2014J,542167,P4,-93.0,SEALED
EEE,2014J,544071,P4,4.0,SEALED
EEE,2014J,551117,P4,8.0,SEALED
EEE,2014J,553753,P4,12.0,SEALED
EEE,2014J,558342,P4,-86.0,SEALED
EEE,2014J,560953,P4,10.0,SEALED
EEE,2014J,567926,P4,-15.0,SEALED
EEE,2014J,570278,P4,6.0,SEALED
EEE,2014J,572659,P4,12.0,SEALED
EEE,2014J,573922,P4,-1.0,SEALED
EEE,2014J,582340,P4,12.0,SEALED
EEE,2014J,583288,P4,12.0,SEALED
EEE,2014J,596423,P4,12.0,SEALED
EEE,2014J,596614,P4,12.0,SEALED
EEE,2014J,604875,P4,12.0,SEALED
EEE,2014J,625288,P4,12.0,SEALED
EEE,2014J,627457,P4,23.0,SEALED
EEE,2014J,628366,P4,17.0,SEALED
EEE,2014J,629421,P4,-103.0,SEALED
EEE,2014J,634655,P4,-3.0,SEALED
EEE,2014J,634957,P4,12.0,SEALED
EEE,2014J,637601,P4,12.0,SEALED
EEE,2014J,637846,P4,-120.0,SEALED
EEE,2014J,639232,P4,12.0,SEALED
EEE,2014J,640443,P4,-61.0,SEALED
EEE,2014J,641716,P4,-23.0,SEALED
EEE,2014J,643269,P4,-11.0,SEALED
EEE,2014J,643755,P4,6.0,SEALED
EEE,2014J,644064,P4,-1.0,SEALED
EEE,2014J,644163,P4,12.0,SEALED
EEE,2014J,645045,P4,12.0,SEALED
EEE,2014J,645151,P4,-17.0,SEALED
EEE,2014J,645481,P4,-46.0,SEALED
EEE,2014J,645867,P4,-88.0,SEALED
EEE,2014J,646218,P4,12.0,SEALED
EEE,2014J,646722,P4,12.0,SEALED
EEE,2014J,646747,P4,-18.0,SEALED
EEE,2014J,647217,P4,12.0,SEALED
EEE,2014J,647405,P4,12.0,SEALED
EEE,2014J,647518,P4,10.0,SEALED
EEE,2014J,647791,P4,12.0,SEALED
EEE,2014J,647887,P4,12.0,SEALED
EEE,2014J,648250,P4,2.0,SEALED
EEE,2014J,648429,P4,-15.0,SEALED
EEE,2014J,648440,P4,6.0,SEALED
EEE,2014J,649230,P4,-5.0,SEALED
EEE,2014J,649332,P4,12.0,SEALED
EEE,2014J,649701,P4,12.0,SEALED
EEE,2014J,649755,P4,-39.0,SEALED
EEE,2014J,649840,P4,-2.0,SEALED
EEE,2014J,649863,P4,12.0,SEALED
EEE,2014J,650137,P4,-1.0,SEALED
EEE,2014J,650192,P4,12.0,SEALED
EEE,2014J,650223,P4,-9.0,SEALED
EEE,2014J,650334,P4,12.0,SEALED
EEE,2014J,650384,P4,-120.0,SEALED
EEE,2014J,650578,P4,12.0,SEALED
EEE,2014J,651086,P4,12.0,SEALED
EEE,2014J,651156,P4,12.0,SEALED
EEE,2014J,651191,P4,10.0,SEALED
EEE,2014J,651298,P4,-26.0,SEALED
EEE,2014J,651361,P4,12.0,SEALED
EEE,2014J,651371,P4,-8.0,SEALED
EEE,2014J,651384,P4,12.0,SEALED
EEE,2014J,651616,P4,-6.0,SEALED
EEE,2014J,651839,P4,12.0,SEALED
EEE,2014J,651915,P4,16.0,SEALED
EEE,2014J,652233,P4,12.0,SEALED
EEE,2014J,652571,P4,12.0,SEALED
EEE,2014J,652606,P4,12.0,SEALED
EEE,2014J,652667,P4,12.0,SEALED
EEE,2014J,654202,P4,-5.0,SEALED
EEE,2014J,654295,P4,-1.0,SEALED
EEE,2014J,654464,P4,12.0,SEALED
EEE,2014J,654570,P4,-117.0,SEALED
EEE,2014J,654579,P4,-38.0,SEALED
EEE,2014J,654888,P4,-14.0,SEALED
EEE,2014J,655383,P4,-119.0,SEALED
EEE,2014J,655634,P4,-117.0,SEALED
EEE,2014J,656203,P4,-4.0,SEALED
EEE,2014J,656535,P4,-5.0,SEALED
EEE,2014J,656825,P4,12.0,SEALED
EEE,2014J,656928,P4,12.0,SEALED
EEE,2014J,657091,P4,12.0,SEALED
EEE,2014J,674296,P4,12.0,SEALED
EEE,2014J,674888,P4,12.0,SEALED
EEE,2014J,674965,P4,-7.0,SEALED
EEE,2014J,675104,P4,-4.0,SEALED
EEE,2014J,675337,P4,-4.0,SEALED
EEE,2014J,675391,P4,12.0,SEALED
EEE,2014J,675972,P4,10.0,SEALED
EEE,2014J,676181,P4,-66.0,SEALED
EEE,2014J,677416,P4,12.0,SEALED
EEE,2014J,677721,P4,-8.0,SEALED
EEE,2014J,677776,P4,12.0,SEALED
EEE,2014J,678310,P4,12.0,SEALED
EEE,2014J,678811,P4,12.0,SEALED
EEE,2014J,679037,P4,-32.0,SEALED
EEE,2014J,679431,P4,-5.0,SEALED
EEE,2014J,679883,P4,-1.0,SEALED
EEE,2014J,680074,P4,12.0,SEALED
EEE,2014J,680333,P4,-54.0,SEALED
EEE,2014J,680563,P4,12.0,SEALED
EEE,2014J,680678,P4,24.0,SEALED
EEE,2014J,680829,P4,12.0,SEALED
EEE,2014J,682041,P4,-67.0,SEALED
EEE,2014J,682319,P4,12.0,SEALED
EEE,2014J,682414,P4,12.0,SEALED
EEE,2014J,682575,P4,12.0,SEALED
EEE,2014J,684498,P4,-5.0,SEALED
EEE,2014J,685750,P4,-2.0,SEALED
EEE,2014J,685913,P4,-8.0,SEALED
EEE,2014J,685991,P4,-4.0,SEALED
EEE,2014J,686339,P4,5.0,SEALED
EEE,2014J,686462,P4,12.0,SEALED
EEE,2014J,686877,P4,-24.0,SEALED
EEE,2014J,687283,P4,-31.0,SEALED
EEE,2014J,687367,P4,12.0,SEALED
EEE,2014J,687953,P4,-23.0,SEALED
EEE,2014J,688942,P4,11.0,SEALED
EEE,2014J,689618,P4,-33.0,SEALED
EEE,2014J,689807,P4,12.0,SEALED
EEE,2014J,689944,P4,-18.0,SEALED
EEE,2014J,690406,P4,12.0,SEALED
EEE,2014J,690470,P4,23.0,SEALED
EEE,2014J,693111,P4,-2.0,SEALED
EEE,2014J,693147,P4,6.0,SEALED
EEE,2014J,694081,P4,18.0,SEALED
EEE,2014J,694106,P4,12.0,SEALED
EEE,2014J,694548,P4,12.0,SEALED
EEE,2014J,694658,P4,12.0,SEALED
EEE,2014J,695760,P4,12.0,SEALED
EEE,2014J,696464,P4,12.0,SEALED
EEE,2014J,696796,P4,12.0,SEALED
EEE,2014J,696930,P4,12.0,SEALED
EEE,2014J,697120,P4,-5.0,SEALED
EEE,2014J,699049,P4,-10.0,SEALED
EEE,2014J,699050,P4,-10.0,SEALED
EEE,2014J,1895399,P4,-68.0,SEALED
EEE,2014J,1953275,P4,-143.0,SEALED
EEE,2014J,2242383,P4,11.0,SEALED
EEE,2014J,2372573,P4,8.0,SEALED
EEE,2014J,2395505,P4,-79.0,SEALED
EEE,2014J,2443165,P4,12.0,SEALED
EEE,2014J,2501127,P4,12.0,SEALED
EEE,2014J,2566474,P4,-43.0,SEALED
EEE,2014J,2612725,P4,24.0,SEALED
EEE,2014J,2631935,P4,10.0,SEALED
FFF,2013B,36842,P1,-18.0,Withdrawn
FFF,2013B,43011,P1,-2.0,Withdrawn
FFF,2013B,49095,P1,-207.0,Withdrawn
FFF,2013B,88957,P1,-2.0,Withdrawn
FFF,2013B,107955,P1,-40.0,Withdrawn
FFF,2013B,112010,P1,-51.0,Withdrawn
FFF,2013B,149567,P1,26.0,Withdrawn
FFF,2013B,193803,P1,-14.0,Withdrawn
FFF,2013B,203442,P1,27.0,Withdrawn
FFF,2013B,228635,P1,-60.0,Withdrawn
FFF,2013B,234196,P1,27.0,Withdrawn
FFF,2013B,247940,P1,9.0,Withdrawn
FFF,2013B,274237,P1,-61.0,Withdrawn
FFF,2013B,277577,P1,-8.0,Withdrawn
FFF,2013B,278282,P1,27.0,Withdrawn
FFF,2013B,281785,P1,-8.0,Withdrawn
FFF,2013B,284395,P1,-120.0,Withdrawn
FFF,2013B,286067,P1,27.0,Withdrawn
FFF,2013B,296911,P1,24.0,Withdrawn
FFF,2013B,311401,P1,27.0,Withdrawn
FFF,2013B,331104,P1,27.0,Withdrawn
FFF,2013B,347410,P1,-53.0,Withdrawn
FFF,2013B,352152,P1,-10.0,Withdrawn
FFF,2013B,355149,P1,-220.0,Withdrawn
FFF,2013B,362356,P1,27.0,Withdrawn
FFF,2013B,366836,P1,9.0,Withdrawn
FFF,2013B,383388,P1,23.0,Withdrawn
FFF,2013B,385681,P1,11.0,Withdrawn
FFF,2013B,386985,P1,26.0,Withdrawn
FFF,2013B,392217,P1,-29.0,Withdrawn
FFF,2013B,395010,P1,27.0,Withdrawn
FFF,2013B,397297,P1,-5.0,Withdrawn
FFF,2013B,408762,P1,-18.0,Withdrawn
FFF,2013B,417863,P1,0.0,Withdrawn
FFF,2013B,427228,P1,-82.0,Withdrawn
FFF,2013B,437432,P1,17.0,Withdrawn
FFF,2013B,440288,P1,27.0,Withdrawn
FFF,2013B,441421,P1,27.0,Withdrawn
FFF,2013B,446825,P1,-1.0,Withdrawn
FFF,2013B,464616,P1,-1.0,Withdrawn
FFF,2013B,464755,P1,23.0,Withdrawn
FFF,2013B,466582,P1,28.0,Withdrawn
FFF,2013B,472981,P1,-1.0,Withdrawn
FFF,2013B,473081,P1,28.0,Withdrawn
FFF,2013B,474256,P1,-82.0,Withdrawn
FFF,2013B,479828,P1,24.0,Withdrawn
FFF,2013B,479892,P1,27.0,Withdrawn
FFF,2013B,483117,P1,-4.0,Withdrawn
FFF,2013B,483179,P1,-1.0,Withdrawn
FFF,2013B,485412,P1,-16.0,Withdrawn
FFF,2013B,490542,P1,-127.0,Withdrawn
FFF,2013B,491011,P1,-89.0,Withdrawn
FFF,2013B,492111,P1,-64.0,Withdrawn
FFF,2013B,495318,P1,27.0,Withdrawn
FFF,2013B,497891,P1,28.0,Withdrawn
FFF,2013B,499419,P1,-31.0,Withdrawn
FFF,2013B,501302,P1,-57.0,Withdrawn
FFF,2013B,501411,P1,-12.0,Withdrawn
FFF,2013B,502361,P1,-18.0,Withdrawn
FFF,2013B,502517,P1,-21.0,Withdrawn
FFF,2013B,503134,P1,19.0,Withdrawn
FFF,2013B,504741,P1,-53.0,Withdrawn
FFF,2013B,505244,P1,27.0,Withdrawn
FFF,2013B,505501,P1,24.0,Withdrawn
FFF,2013B,506092,P1,-4.0,Withdrawn
FFF,2013B,509177,P1,-2.0,Withdrawn
FFF,2013B,509535,P1,27.0,Withdrawn
FFF,2013B,511005,P1,12.0,Withdrawn
FFF,2013B,512305,P1,27.0,Withdrawn
FFF,2013B,514605,P1,-124.0,Withdrawn
FFF,2013B,515370,P1,-22.0,Withdrawn
FFF,2013B,516222,P1,27.0,Withdrawn
FFF,2013B,516519,P1,-5.0,Withdrawn
FFF,2013B,519500,P1,27.0,Withdrawn
FFF,2013B,519600,P1,27.0,Withdrawn
FFF,2013B,520061,P1,-57.0,Withdrawn
FFF,2013B,520153,P1,-15.0,Withdrawn
FFF,2013B,520307,P1,16.0,Withdrawn
FFF,2013B,520525,P1,-2.0,Withdrawn
FFF,2013B,520873,P1,16.0,Withdrawn
FFF,2013B,524609,P1,-130.0,Withdrawn
FFF,2013B,525353,P1,-23.0,Withdrawn
FFF,2013B,526356,P1,7.0,Withdrawn
FFF,2013B,526420,P1,-9.0,Withdrawn
FFF,2013B,527505,P1,27.0,Withdrawn
FFF,2013B,528071,P1,-1.0,Withdrawn
FFF,2013B,528879,P1,-145.0,Withdrawn
FFF,2013B,528996,P1,24.0,Withdrawn
FFF,2013B,529277,P1,-21.0,Withdrawn
FFF,2013B,531251,P1,-94.0,Withdrawn
FFF,2013B,531667,P1,19.0,Withdrawn
FFF,2013B,531866,P1,-23.0,Withdrawn
FFF,2013B,532476,P1,-10.0,Withdrawn
FFF,2013B,533458,P1,-9.0,Withdrawn
FFF,2013B,533874,P1,27.0,Withdrawn
FFF,2013B,533944,P1,18.0,Withdrawn
FFF,2013B,534944,P1,27.0,Withdrawn
FFF,2013B,535761,P1,-59.0,Withdrawn
FFF,2013B,535981,P1,27.0,Withdrawn
FFF,2013B,536454,P1,27.0,Withdrawn
FFF,2013B,536503,P1,27.0,Withdrawn
FFF,2013B,537000,P1,-110.0,Withdrawn
FFF,2013B,537151,P1,27.0,Withdrawn
FFF,2013B,539128,P1,-23.0,Withdrawn
FFF,2013B,539668,P1,-5.0,Withdrawn
FFF,2013B,540637,P1,-22.0,Withdrawn
FFF,2013B,542062,P1,27.0,Withdrawn
FFF,2013B,543095,P1,27.0,Withdrawn
FFF,2013B,543604,P1,-88.0,Withdrawn
FFF,2013B,544802,P1,27.0,Withdrawn
FFF,2013B,544955,P1,-22.0,Withdrawn
FFF,2013B,545522,P1,-45.0,Withdrawn
FFF,2013B,545565,P1,26.0,Withdrawn
FFF,2013B,545600,P1,-51.0,Withdrawn
FFF,2013B,545693,P1,27.0,Withdrawn
FFF,2013B,546164,P1,27.0,Withdrawn
FFF,2013B,546243,P1,-5.0,Withdrawn
FFF,2013B,546863,P1,27.0,Withdrawn
FFF,2013B,547267,P1,6.0,Withdrawn
FFF,2013B,547609,P1,27.0,Withdrawn
FFF,2013B,547666,P1,27.0,Withdrawn
FFF,2013B,547667,P1,-3.0,Withdrawn
FFF,2013B,548331,P1,-23.0,Withdrawn
FFF,2013B,550377,P1,18.0,Withdrawn
FFF,2013B,551492,P1,-11.0,Withdrawn
FFF,2013B,552041,P1,-22.0,Withdrawn
FFF,2013B,552614,P1,-26.0,Withdrawn
FFF,2013B,553240,P1,-6.0,Withdrawn
FFF,2013B,553631,P1,-16.0,Withdrawn
FFF,2013B,554045,P1,23.0,Withdrawn
FFF,2013B,554152,P1,-3.0,Withdrawn
FFF,2013B,555110,P1,-1.0,Withdrawn
FFF,2013B,555148,P1,27.0,Withdrawn
FFF,2013B,555539,P1,27.0,Withdrawn
FFF,2013B,555653,P1,27.0,Withdrawn
FFF,2013B,556134,P1,-16.0,Withdrawn
FFF,2013B,556203,P1,27.0,Withdrawn
FFF,2013B,556489,P1,-11.0,Withdrawn
FFF,2013B,556927,P1,-2.0,Withdrawn
FFF,2013B,557588,P1,27.0,Withdrawn
FFF,2013B,558354,P1,27.0,Withdrawn
FFF,2013B,558957,P1,27.0,Withdrawn
FFF,2013B,559019,P1,27.0,Withdrawn
FFF,2013B,559656,P1,27.0,Withdrawn
FFF,2013B,560197,P1,27.0,Withdrawn
FFF,2013B,560443,P1,-3.0,Withdrawn
FFF,2013B,560459,P1,27.0,Withdrawn
FFF,2013B,1411562,P1,-15.0,Withdrawn
FFF,2013B,1494901,P1,-7.0,Withdrawn
FFF,2013B,1559365,P1,-2.0,Withdrawn
FFF,2013B,1813664,P1,27.0,Withdrawn
FFF,2013B,1824428,P1,-66.0,Withdrawn
FFF,2013B,1839785,P1,27.0,Withdrawn
FFF,2013B,1855249,P1,-31.0,Withdrawn
FFF,2013B,1874403,P1,28.0,Withdrawn
FFF,2013B,1936935,P1,-5.0,Withdrawn
FFF,2013B,2245011,P1,20.0,Withdrawn
FFF,2013B,2288493,P1,-2.0,Withdrawn
FFF,2013B,2446784,P1,-19.0,Withdrawn
FFF,2013B,2532652,P1,18.0,Withdrawn
FFF,2013B,2581800,P1,20.0,Withdrawn
FFF,2013B,2610837,P1,-136.0,Withdrawn
FFF,2013B,2628246,P1,3.0,Withdrawn
FFF,2013B,2644664,P1,27.0,Withdrawn
FFF,2013J,39882,P2,-31.0,Withdrawn
FFF,2013J,49670,P2,6.0,Withdrawn
FFF,2013J,54739,P2,-26.0,Withdrawn
FFF,2013J,71897,P2,24.0,Withdrawn
FFF,2013J,87042,P2,-122.0,Withdrawn
FFF,2013J,106690,P2,19.0,Withdrawn
FFF,2013J,112010,P2,-23.0,Withdrawn
FFF,2013J,113487,P2,-10.0,Withdrawn
FFF,2013J,118176,P2,17.0,Withdrawn
FFF,2013J,128723,P2,23.0,Withdrawn
FFF,2013J,143752,P2,27.0,Withdrawn
FFF,2013J,148931,P2,-4.0,Withdrawn
FFF,2013J,150121,P2,-79.0,Withdrawn
FFF,2013J,152037,P2,-66.0,Withdrawn
FFF,2013J,156755,P2,-38.0,Withdrawn
FFF,2013J,160720,P2,9.0,Withdrawn
FFF,2013J,178258,P2,-92.0,Withdrawn
FFF,2013J,184925,P2,-46.0,Withdrawn
FFF,2013J,229191,P2,-29.0,Withdrawn
FFF,2013J,234004,P2,0.0,Fail
FFF,2013J,236150,P2,-157.0,Withdrawn
FFF,2013J,241792,P2,26.0,Withdrawn
FFF,2013J,243351,P2,-36.0,Withdrawn
FFF,2013J,259609,P2,-36.0,Withdrawn
FFF,2013J,264924,P2,-12.0,Withdrawn
FFF,2013J,268343,P2,0.0,Withdrawn
FFF,2013J,271702,P2,-169.0,Withdrawn
FFF,2013J,279069,P2,-68.0,Withdrawn
FFF,2013J,284742,P2,0.0,Withdrawn
FFF,2013J,296100,P2,12.0,Withdrawn
FFF,2013J,301128,P2,-44.0,Withdrawn
FFF,2013J,310899,P2,-45.0,Withdrawn
FFF,2013J,330669,P2,-78.0,Withdrawn
FFF,2013J,339624,P2,9.0,Withdrawn
FFF,2013J,340751,P2,-1.0,Withdrawn
FFF,2013J,342208,P2,-123.0,Withdrawn
FFF,2013J,352083,P2,-18.0,Withdrawn
FFF,2013J,352102,P2,0.0,Withdrawn
FFF,2013J,353066,P2,-23.0,Withdrawn
FFF,2013J,369826,P2,-15.0,Withdrawn
FFF,2013J,370934,P2,-110.0,Withdrawn
FFF,2013J,372619,P2,0.0,Withdrawn
FFF,2013J,380161,P2,-101.0,Withdrawn
FFF,2013J,382125,P2,0.0,Withdrawn
FFF,2013J,387941,P2,0.0,Withdrawn
FFF,2013J,410666,P2,-42.0,Withdrawn
FFF,2013J,413259,P2,-33.0,Withdrawn
FFF,2013J,416426,P2,-31.0,Withdrawn
FFF,2013J,418129,P2,-8.0,Withdrawn
FFF,2013J,423544,P2,-61.0,Withdrawn
FFF,2013J,424069,P2,2.0,Withdrawn
FFF,2013J,429194,P2,0.0,Withdrawn
FFF,2013J,443300,P2,0.0,Withdrawn
FFF,2013J,445728,P2,-10.0,Withdrawn
FFF,2013J,446746,P2,0.0,Withdrawn
FFF,2013J,447374,P2,-109.0,Withdrawn
FFF,2013J,464522,P2,-29.0,Withdrawn
FFF,2013J,467291,P2,-37.0,Withdrawn
FFF,2013J,480910,P2,-92.0,Withdrawn
FFF,2013J,482554,P2,-131.0,Withdrawn
FFF,2013J,482580,P2,0.0,Withdrawn
FFF,2013J,486473,P2,0.0,Withdrawn
FFF,2013J,491011,P2,12.0,Withdrawn
FFF,2013J,491688,P2,0.0,Withdrawn
FFF,2013J,493067,P2,0.0,Withdrawn
FFF,2013J,494191,P2,-53.0,Withdrawn
FFF,2013J,494414,P2,-43.0,Withdrawn
FFF,2013J,496981,P2,0.0,Withdrawn
FFF,2013J,499768,P2,-5.0,Withdrawn
FFF,2013J,503401,P2,-10.0,Withdrawn
FFF,2013J,504700,P2,-1.0,Withdrawn
FFF,2013J,504899,P2,-121.0,Withdrawn
FFF,2013J,506288,P2,12.0,Withdrawn
FFF,2013J,508232,P2,0.0,Withdrawn
FFF,2013J,510112,P2,28.0,Withdrawn
FFF,2013J,511432,P2,-5.0,Withdrawn
FFF,2013J,512725,P2,10.0,Withdrawn
FFF,2013J,513796,P2,0.0,Withdrawn
FFF,2013J,516673,P2,-1.0,Withdrawn
FFF,2013J,517571,P2,0.0,Withdrawn
FFF,2013J,523777,P2,0.0,Fail
FFF,2013J,524232,P2,-4.0,Withdrawn
FFF,2013J,524379,P2,12.0,Withdrawn
FFF,2013J,525596,P2,-10.0,Withdrawn
FFF,2013J,525694,P2,-67.0,Withdrawn
FFF,2013J,525781,P2,0.0,Withdrawn
FFF,2013J,526948,P2,-86.0,Withdrawn
FFF,2013J,531344,P2,0.0,Withdrawn
FFF,2013J,540909,P2,-122.0,Withdrawn
FFF,2013J,547442,P2,-12.0,Withdrawn
FFF,2013J,547593,P2,-2.0,Withdrawn
FFF,2013J,548080,P2,-39.0,Withdrawn
FFF,2013J,551373,P2,-8.0,Withdrawn
FFF,2013J,551500,P2,0.0,Withdrawn
FFF,2013J,551823,P2,-12.0,Withdrawn
FFF,2013J,555691,P2,-8.0,Withdrawn
FFF,2013J,556275,P2,-66.0,Withdrawn
FFF,2013J,556492,P2,-1.0,Withdrawn
FFF,2013J,558309,P2,0.0,Withdrawn
FFF,2013J,558909,P2,0.0,Withdrawn
FFF,2013J,559599,P2,-16.0,Withdrawn
FFF,2013J,560496,P2,-122.0,Withdrawn
FFF,2013J,560670,P2,21.0,Withdrawn
FFF,2013J,560772,P2,-4.0,Withdrawn
FFF,2013J,562428,P2,-9.0,Withdrawn
FFF,2013J,563239,P2,-50.0,Withdrawn
FFF,2013J,563430,P2,0.0,Withdrawn
FFF,2013J,565608,P2,0.0,Withdrawn
FFF,2013J,565977,P2,-52.0,Withdrawn
FFF,2013J,566675,P2,0.0,Withdrawn
FFF,2013J,568857,P2,-23.0,Withdrawn
FFF,2013J,569070,P2,-17.0,Withdrawn
FFF,2013J,571044,P2,-142.0,Withdrawn
FFF,2013J,571079,P2,-4.0,Withdrawn
FFF,2013J,571702,P2,12.0,Withdrawn
FFF,2013J,571935,P2,0.0,Withdrawn
FFF,2013J,571994,P2,-117.0,Withdrawn
FFF,2013J,572128,P2,26.0,Withdrawn
FFF,2013J,572910,P2,0.0,Withdrawn
FFF,2013J,572981,P2,-65.0,Withdrawn
FFF,2013J,573922,P2,-50.0,Withdrawn
FFF,2013J,574232,P2,-22.0,Withdrawn
FFF,2013J,574237,P2,-51.0,Withdrawn
FFF,2013J,574305,P2,-46.0,Withdrawn
FFF,2013J,574737,P2,0.0,Withdrawn
FFF,2013J,574950,P2,-14.0,Withdrawn
FFF,2013J,575019,P2,0.0,Withdrawn
FFF,2013J,575476,P2,26.0,Withdrawn
FFF,2013J,575533,P2,0.0,Withdrawn
FFF,2013J,575655,P2,-171.0,Withdrawn
FFF,2013J,575941,P2,25.0,Withdrawn
FFF,2013J,576670,P2,0.0,Withdrawn
FFF,2013J,576681,P2,-15.0,Withdrawn
FFF,2013J,576943,P2,-140.0,Withdrawn
FFF,2013J,577371,P2,-44.0,Withdrawn
FFF,2013J,577673,P2,-84.0,Withdrawn
FFF,2013J,577688,P2,0.0,Withdrawn
FFF,2013J,577721,P2,20.0,Withdrawn
FFF,2013J,578152,P2,13.0,Withdrawn
FFF,2013J,578258,P2,19.0,Withdrawn
FFF,2013J,578259,P2,0.0,Withdrawn
FFF,2013J,578649,P2,-39.0,Withdrawn
FFF,2013J,579307,P2,12.0,Withdrawn
FFF,2013J,579361,P2,0.0,Withdrawn
FFF,2013J,580358,P2,-8.0,Withdrawn
FFF,2013J,580533,P2,0.0,Withdrawn
FFF,2013J,580658,P2,-107.0,Withdrawn
FFF,2013J,580755,P2,-45.0,Withdrawn
FFF,2013J,580771,P2,-17.0,Withdrawn
FFF,2013J,581716,P2,-103.0,Withdrawn
FFF,2013J,581897,P2,-130.0,Withdrawn
FFF,2013J,582154,P2,0.0,Withdrawn
FFF,2013J,582181,P2,0.0,Withdrawn
FFF,2013J,582251,P2,9.0,Withdrawn
FFF,2013J,582665,P2,0.0,Withdrawn
FFF,2013J,582679,P2,-96.0,Withdrawn
FFF,2013J,582690,P2,-32.0,Withdrawn
FFF,2013J,582842,P2,-68.0,Withdrawn
FFF,2013J,583033,P2,-37.0,Withdrawn
FFF,2013J,583081,P2,0.0,Withdrawn
FFF,2013J,583591,P2,0.0,Withdrawn
FFF,2013J,583826,P2,-2.0,Withdrawn
FFF,2013J,583840,P2,3.0,Withdrawn
FFF,2013J,584673,P2,11.0,Withdrawn
FFF,2013J,584749,P2,0.0,Withdrawn
FFF,2013J,584792,P2,0.0,Withdrawn
FFF,2013J,585389,P2,-2.0,Withdrawn
FFF,2013J,585454,P2,-109.0,Withdrawn
FFF,2013J,586011,P2,9.0,Withdrawn
FFF,2013J,586112,P2,-58.0,Withdrawn
FFF,2013J,586249,P2,0.0,Withdrawn
FFF,2013J,586445,P2,-51.0,Withdrawn
FFF,2013J,586510,P2,6.0,Withdrawn
FFF,2013J,586620,P2,-5.0,Withdrawn
FFF,2013J,587659,P2,0.0,Withdrawn
FFF,2013J,587912,P2,-2.0,Withdrawn
FFF,2013J,587934,P2,-108.0,Withdrawn
FFF,2013J,588360,P2,-17.0,Withdrawn
FFF,2013J,588539,P2,-31.0,Withdrawn
FFF,2013J,588796,P2,2.0,Withdrawn
FFF,2013J,589017,P2,-12.0,Withdrawn
FFF,2013J,589267,P2,11.0,Withdrawn
FFF,2013J,589665,P2,-26.0,Withdrawn
FFF,2013J,589768,P2,-17.0,Withdrawn
FFF,2013J,590466,P2,0.0,Withdrawn
FFF,2013J,590494,P2,-8.0,Withdrawn
FFF,2013J,590545,P2,-96.0,Withdrawn
FFF,2013J,590555,P2,-46.0,Withdrawn
FFF,2013J,590571,P2,-85.0,Withdrawn
FFF,2013J,590815,P2,-87.0,Withdrawn
FFF,2013J,590898,P2,0.0,Withdrawn
FFF,2013J,591015,P2,0.0,Withdrawn
FFF,2013J,591057,P2,-11.0,Withdrawn
FFF,2013J,591411,P2,-3.0,Withdrawn
FFF,2013J,591620,P2,-3.0,Withdrawn
FFF,2013J,591638,P2,0.0,Withdrawn
FFF,2013J,591661,P2,0.0,Withdrawn
FFF,2013J,591677,P2,-12.0,Withdrawn
FFF,2013J,592458,P2,-87.0,Withdrawn
FFF,2013J,592563,P2,0.0,Withdrawn
FFF,2013J,592939,P2,-30.0,Withdrawn
FFF,2013J,593157,P2,10.0,Withdrawn
FFF,2013J,593511,P2,-19.0,Withdrawn
FFF,2013J,593532,P2,-17.0,Withdrawn
FFF,2013J,593865,P2,-54.0,Withdrawn
FFF,2013J,594221,P2,-4.0,Withdrawn
FFF,2013J,594341,P2,-4.0,Withdrawn
FFF,2013J,594603,P2,-15.0,Withdrawn
FFF,2013J,594737,P2,-11.0,Withdrawn
FFF,2013J,594881,P2,0.0,Withdrawn
FFF,2013J,594933,P2,0.0,Withdrawn
FFF,2013J,595359,P2,-5.0,Withdrawn
FFF,2013J,596480,P2,0.0,Withdrawn
FFF,2013J,596601,P2,-12.0,Withdrawn
FFF,2013J,596774,P2,-51.0,Withdrawn
FFF,2013J,597190,P2,-23.0,Withdrawn
FFF,2013J,597402,P2,-4.0,Withdrawn
FFF,2013J,597555,P2,-14.0,Withdrawn
FFF,2013J,597557,P2,0.0,Withdrawn
FFF,2013J,597761,P2,-23.0,Withdrawn
FFF,2013J,597880,P2,11.0,Withdrawn
FFF,2013J,597931,P2,0.0,Withdrawn
FFF,2013J,598259,P2,-36.0,Withdrawn
FFF,2013J,598268,P2,-1.0,Withdrawn
FFF,2013J,598353,P2,9.0,Withdrawn
FFF,2013J,598629,P2,0.0,Withdrawn
FFF,2013J,599464,P2,-26.0,Withdrawn
FFF,2013J,599776,P2,0.0,Withdrawn
FFF,2013J,600037,P2,-26.0,Withdrawn
FFF,2013J,600564,P2,-5.0,Withdrawn
FFF,2013J,600667,P2,0.0,Withdrawn
FFF,2013J,600748,P2,17.0,Withdrawn
FFF,2013J,600955,P2,-32.0,Withdrawn
FFF,2013J,601640,P2,-4.0,Fail
FFF,2013J,601855,P2,-17.0,Withdrawn
FFF,2013J,602152,P2,-17.0,Withdrawn
FFF,2013J,602672,P2,-1.0,Withdrawn
FFF,2013J,602781,P2,0.0,Withdrawn
FFF,2013J,603204,P2,-18.0,Withdrawn
FFF,2013J,603575,P2,-22.0,Withdrawn
FFF,2013J,603873,P2,10.0,Withdrawn
FFF,2013J,604296,P2,0.0,Withdrawn
FFF,2013J,604449,P2,0.0,Withdrawn
FFF,2013J,604619,P2,-25.0,Withdrawn
FFF,2013J,604889,P2,2.0,Withdrawn
FFF,2013J,604946,P2,6.0,Withdrawn
FFF,2013J,605108,P2,-46.0,Withdrawn
FFF,2013J,605145,P2,0.0,Withdrawn
FFF,2013J,605228,P2,0.0,Withdrawn
FFF,2013J,606189,P2,4.0,Withdrawn
FFF,2013J,606369,P2,-11.0,Withdrawn
FFF,2013J,606911,P2,13.0,Withdrawn
FFF,2013J,606967,P2,-1.0,Withdrawn
FFF,2013J,607613,P2,0.0,Withdrawn
FFF,2013J,607629,P2,3.0,Withdrawn
FFF,2013J,608211,P2,0.0,Withdrawn
FFF,2013J,608348,P2,0.0,Withdrawn
FFF,2013J,608453,P2,0.0,Withdrawn
FFF,2013J,608535,P2,-12.0,Withdrawn
FFF,2013J,608606,P2,-1.0,Withdrawn
FFF,2013J,608727,P2,-11.0,Withdrawn
FFF,2013J,609163,P2,0.0,Withdrawn
FFF,2013J,609367,P2,-5.0,Withdrawn
FFF,2013J,609891,P2,-30.0,Withdrawn
FFF,2013J,610335,P2,0.0,Withdrawn
FFF,2013J,611213,P2,0.0,Withdrawn
FFF,2013J,1107596,P2,-38.0,Withdrawn
FFF,2013J,1532921,P2,0.0,Withdrawn
FFF,2013J,1559959,P2,-11.0,Withdrawn
FFF,2013J,1678617,P2,-1.0,Withdrawn
FFF,2013J,1763186,P2,-143.0,Withdrawn
FFF,2013J,1859407,P2,2.0,Withdrawn
FFF,2013J,1891977,P2,-62.0,Withdrawn
FFF,2013J,1902283,P2,10.0,Withdrawn
FFF,2013J,1910111,P2,-29.0,Withdrawn
FFF,2013J,1929219,P2,-51.0,Withdrawn
FFF,2013J,1931370,P2,0.0,Withdrawn
FFF,2013J,1941149,P2,-30.0,Withdrawn
FFF,2013J,1978492,P2,-9.0,Withdrawn
FFF,2013J,1983331,P2,-12.0,Withdrawn
FFF,2013J,2292047,P2,0.0,Withdrawn
FFF,2013J,2298402,P2,-8.0,Withdrawn
FFF,2013J,2305237,P2,-47.0,Withdrawn
FFF,2013J,2356049,P2,5.0,Withdrawn
FFF,2013J,2366574,P2,-77.0,Withdrawn
FFF,2013J,2380602,P2,-5.0,Withdrawn
FFF,2013J,2382965,P2,0.0,Withdrawn
FFF,2013J,2383169,P2,-30.0,Withdrawn
FFF,2013J,2389837,P2,9.0,Withdrawn
FFF,2013J,2410687,P2,20.0,Withdrawn
FFF,2013J,2447469,P2,7.0,Withdrawn
FFF,2013J,2471302,P2,-39.0,Withdrawn
FFF,2013J,2555893,P2,3.0,Withdrawn
FFF,2013J,2586313,P2,-15.0,Withdrawn
FFF,2013J,2610837,P2,0.0,Withdrawn
FFF,2013J,2622634,P2,10.0,Withdrawn
FFF,2013J,2637239,P2,16.0,Withdrawn
FFF,2013J,2657185,P2,-42.0,Withdrawn
FFF,2013J,2672155,P2,0.0,Withdrawn
FFF,2013J,2678373,P2,-44.0,Withdrawn
FFF,2013J,2697608,P2,0.0,Withdrawn
FFF,2014B,26269,P3,-12.0,Withdrawn
FFF,2014B,33600,P3,-66.0,Withdrawn
FFF,2014B,58221,P3,-19.0,Withdrawn
FFF,2014B,81216,P3,-1.0,Withdrawn
FFF,2014B,106747,P3,-51.0,Withdrawn
FFF,2014B,115875,P3,-57.0,Withdrawn
FFF,2014B,116174,P3,10.0,Withdrawn
FFF,2014B,174155,P3,-47.0,Withdrawn
FFF,2014B,190829,P3,-54.0,Withdrawn
FFF,2014B,193803,P3,10.0,Withdrawn
FFF,2014B,195552,P3,-22.0,Withdrawn
FFF,2014B,197097,P3,-67.0,Withdrawn
FFF,2014B,247714,P3,-4.0,Withdrawn
FFF,2014B,271702,P3,-17.0,Withdrawn
FFF,2014B,289180,P3,-43.0,Withdrawn
FFF,2014B,301128,P3,-297.0,Withdrawn
FFF,2014B,302363,P3,-72.0,Withdrawn
FFF,2014B,323688,P3,-107.0,Withdrawn
FFF,2014B,326995,P3,-54.0,Withdrawn
FFF,2014B,328797,P3,-43.0,Withdrawn
FFF,2014B,330669,P3,-60.0,Withdrawn
FFF,2014B,335996,P3,-2.0,Withdrawn
FFF,2014B,347257,P3,-58.0,Withdrawn
FFF,2014B,354552,P3,0.0,Withdrawn
FFF,2014B,356535,P3,0.0,Withdrawn
FFF,2014B,385547,P3,-148.0,Withdrawn
FFF,2014B,398357,P3,0.0,Withdrawn
FFF,2014B,406116,P3,-134.0,Withdrawn
FFF,2014B,421989,P3,-1.0,Withdrawn
FFF,2014B,426782,P3,-29.0,Withdrawn
FFF,2014B,427276,P3,-15.0,Withdrawn
FFF,2014B,427485,P3,26.0,Withdrawn
FFF,2014B,437303,P3,-145.0,Withdrawn
FFF,2014B,442819,P3,-12.0,Withdrawn
FFF,2014B,447036,P3,-134.0,Withdrawn
FFF,2014B,480531,P3,-60.0,Withdrawn
FFF,2014B,483195,P3,-2.0,Withdrawn
FFF,2014B,484292,P3,9.0,Withdrawn
FFF,2014B,494495,P3,-130.0,Withdrawn
FFF,2014B,499244,P3,-60.0,Withdrawn
FFF,2014B,499404,P3,-46.0,Withdrawn
FFF,2014B,503024,P3,-19.0,Withdrawn
FFF,2014B,504583,P3,0.0,Withdrawn
FFF,2014B,504700,P3,10.0,Withdrawn
FFF,2014B,505900,P3,0.0,Withdrawn
FFF,2014B,513796,P3,4.0,Withdrawn
FFF,2014B,521032,P3,-81.0,Withdrawn
FFF,2014B,521073,P3,-15.0,Withdrawn
FFF,2014B,524379,P3,-46.0,Withdrawn
FFF,2014B,529390,P3,0.0,Withdrawn
FFF,2014B,535460,P3,-365.0,Withdrawn
FFF,2014B,536711,P3,-15.0,Withdrawn
FFF,2014B,541478,P3,-58.0,Withdrawn
FFF,2014B,543785,P3,-4.0,Withdrawn
FFF,2014B,544276,P3,-46.0,Withdrawn
FFF,2014B,548332,P3,-11.0,Withdrawn
FFF,2014B,554597,P3,-32.0,Withdrawn
FFF,2014B,556052,P3,12.0,Withdrawn
FFF,2014B,557141,P3,-46.0,Withdrawn
FFF,2014B,561796,P3,0.0,Withdrawn
FFF,2014B,563813,P3,0.0,Withdrawn
FFF,2014B,565257,P3,0.0,Withdrawn
FFF,2014B,567168,P3,24.0,Withdrawn
FFF,2014B,569556,P3,11.0,Withdrawn
FFF,2014B,572952,P3,-6.0,Withdrawn
FFF,2014B,575855,P3,-22.0,Withdrawn
FFF,2014B,576557,P3,-232.0,Withdrawn
FFF,2014B,577679,P3,-5.0,Withdrawn
FFF,2014B,577795,P3,-59.0,Withdrawn
FFF,2014B,584843,P3,0.0,Withdrawn
FFF,2014B,587248,P3,-30.0,Withdrawn
FFF,2014B,593004,P3,-54.0,Withdrawn
FFF,2014B,593563,P3,-10.0,Withdrawn
FFF,2014B,594122,P3,-204.0,Withdrawn
FFF,2014B,595481,P3,0.0,Withdrawn
FFF,2014B,596637,P3,-51.0,Withdrawn
FFF,2014B,598362,P3,-119.0,Withdrawn
FFF,2014B,601435,P3,0.0,Withdrawn
FFF,2014B,601649,P3,-46.0,Withdrawn
FFF,2014B,601678,P3,-86.0,Withdrawn
FFF,2014B,604614,P3,-1.0,Withdrawn
FFF,2014B,604678,P3,-113.0,Withdrawn
FFF,2014B,604946,P3,-19.0,Withdrawn
FFF,2014B,605228,P3,0.0,Withdrawn
FFF,2014B,606300,P3,-59.0,Withdrawn
FFF,2014B,608173,P3,20.0,Withdrawn
FFF,2014B,608618,P3,-17.0,Withdrawn
FFF,2014B,611581,P3,0.0,Withdrawn
FFF,2014B,612254,P3,-88.0,Withdrawn
FFF,2014B,612338,P3,-57.0,Withdrawn
FFF,2014B,613106,P3,-26.0,Withdrawn
FFF,2014B,613146,P3,0.0,Withdrawn
FFF,2014B,613775,P3,0.0,Withdrawn
FFF,2014B,614661,P3,0.0,Withdrawn
FFF,2014B,614907,P3,0.0,Withdrawn
FFF,2014B,614984,P3,10.0,Withdrawn
FFF,2014B,616557,P3,-10.0,Withdrawn
FFF,2014B,617015,P3,12.0,Withdrawn
FFF,2014B,617212,P3,26.0,Withdrawn
FFF,2014B,617255,P3,-47.0,Withdrawn
FFF,2014B,617307,P3,-45.0,Withdrawn
FFF,2014B,617406,P3,0.0,Withdrawn
FFF,2014B,617557,P3,0.0,Withdrawn
FFF,2014B,617647,P3,-91.0,Withdrawn
FFF,2014B,617824,P3,0.0,Withdrawn
FFF,2014B,617847,P3,26.0,Withdrawn
FFF,2014B,618642,P3,-112.0,Withdrawn
FFF,2014B,618684,P3,-73.0,Withdrawn
FFF,2014B,618848,P3,-4.0,Withdrawn
FFF,2014B,619204,P3,-57.0,Withdrawn
FFF,2014B,619205,P3,-10.0,Withdrawn
FFF,2014B,619887,P3,-5.0,Withdrawn
FFF,2014B,620337,P3,-5.0,Withdrawn
FFF,2014B,620356,P3,3.0,Withdrawn
FFF,2014B,620364,P3,-11.0,Withdrawn
FFF,2014B,620430,P3,9.0,Withdrawn
FFF,2014B,621675,P3,6.0,Withdrawn
FFF,2014B,621990,P3,4.0,Withdrawn
FFF,2014B,622038,P3,-71.0,Withdrawn
FFF,2014B,622164,P3,-46.0,Withdrawn
FFF,2014B,622239,P3,-60.0,Withdrawn
FFF,2014B,622894,P3,-11.0,Withdrawn
FFF,2014B,622897,P3,0.0,Withdrawn
FFF,2014B,622899,P3,12.0,Withdrawn
FFF,2014B,623232,P3,0.0,Withdrawn
FFF,2014B,623326,P3,23.0,Withdrawn
FFF,2014B,623917,P3,-3.0,Withdrawn
FFF,2014B,623939,P3,-11.0,Withdrawn
FFF,2014B,624056,P3,-16.0,Withdrawn
FFF,2014B,624243,P3,-46.0,Withdrawn
FFF,2014B,624959,P3,0.0,Withdrawn
FFF,2014B,625043,P3,11.0,Withdrawn
FFF,2014B,625229,P3,-8.0,Withdrawn
FFF,2014B,625341,P3,3.0,Withdrawn
FFF,2014B,625373,P3,0.0,Withdrawn
FFF,2014B,625667,P3,17.0,Withdrawn
FFF,2014B,625885,P3,-30.0,Withdrawn
FFF,2014B,625903,P3,-18.0,Withdrawn
FFF,2014B,625986,P3,0.0,Withdrawn
FFF,2014B,626047,P3,-16.0,Withdrawn
FFF,2014B,626174,P3,6.0,Withdrawn
FFF,2014B,626281,P3,0.0,Withdrawn
FFF,2014B,626422,P3,-40.0,Withdrawn
FFF,2014B,626875,P3,-28.0,Withdrawn
FFF,2014B,627333,P3,-17.0,Withdrawn
FFF,2014B,627379,P3,-47.0,Withdrawn
FFF,2014B,627383,P3,0.0,Withdrawn
FFF,2014B,627395,P3,-1.0,Withdrawn
FFF,2014B,627522,P3,-12.0,Withdrawn
FFF,2014B,627651,P3,-65.0,Withdrawn
FFF,2014B,628010,P3,-4.0,Withdrawn
FFF,2014B,628296,P3,9.0,Withdrawn
FFF,2014B,628666,P3,-47.0,Withdrawn
FFF,2014B,628736,P3,-10.0,Withdrawn
FFF,2014B,629228,P3,-18.0,Withdrawn
FFF,2014B,629404,P3,0.0,Withdrawn
FFF,2014B,629543,P3,-8.0,Withdrawn
FFF,2014B,629735,P3,0.0,Withdrawn
FFF,2014B,630032,P3,13.0,Withdrawn
FFF,2014B,630782,P3,-15.0,Withdrawn
FFF,2014B,630870,P3,10.0,Withdrawn
FFF,2014B,630950,P3,-40.0,Withdrawn
FFF,2014B,631195,P3,17.0,Withdrawn
FFF,2014B,631365,P3,0.0,Withdrawn
FFF,2014B,632235,P3,0.0,Withdrawn
FFF,2014B,632621,P3,0.0,Withdrawn
FFF,2014B,632634,P3,-22.0,Withdrawn
FFF,2014B,632773,P3,3.0,Withdrawn
FFF,2014B,632841,P3,0.0,Withdrawn
FFF,2014B,633102,P3,-16.0,Withdrawn
FFF,2014B,633233,P3,0.0,Withdrawn
FFF,2014B,633243,P3,11.0,Withdrawn
FFF,2014B,633401,P3,0.0,Withdrawn
FFF,2014B,633739,P3,-10.0,Withdrawn
FFF,2014B,634007,P3,0.0,Withdrawn
FFF,2014B,634176,P3,12.0,Withdrawn
FFF,2014B,634339,P3,-1.0,Withdrawn
FFF,2014B,634480,P3,-5.0,Withdrawn
FFF,2014B,634796,P3,0.0,Withdrawn
FFF,2014B,634979,P3,-9.0,Withdrawn
FFF,2014B,1290731,P3,-82.0,Withdrawn
FFF,2014B,1450604,P3,-50.0,Withdrawn
FFF,2014B,1683192,P3,-59.0,Withdrawn
FFF,2014B,1773925,P3,-8.0,Withdrawn
FFF,2014B,1936935,P3,14.0,Withdrawn
FFF,2014B,2209846,P3,16.0,Withdrawn
FFF,2014B,2239539,P3,-16.0,Withdrawn
FFF,2014B,2298316,P3,22.0,Withdrawn
FFF,2014B,2381745,P3,-108.0,Withdrawn
FFF,2014B,2419081,P3,24.0,Withdrawn
FFF,2014B,2436584,P3,-17.0,Withdrawn
FFF,2014B,2462281,P3,-21.0,Withdrawn
FFF,2014B,2465589,P3,-151.0,Withdrawn
FFF,2014B,2517983,P3,-88.0,Withdrawn
FFF,2014B,2524794,P3,-47.0,Withdrawn
FFF,2014B,2593175,P3,3.0,Withdrawn
FFF,2014B,2602542,P3,-4.0,Withdrawn
FFF,2014B,2636921,P3,10.0,Withdrawn
FFF,2014J,35747,P4,12.0,SEALED
FFF,2014J,54772,P4,-92.0,SEALED
FFF,2014J,61297,P4,-2.0,SEALED
FFF,2014J,69439,P4,12.0,SEALED
FFF,2014J,90651,P4,12.0,SEALED
FFF,2014J,98256,P4,12.0,SEALED
FFF,2014J,103594,P4,-60.0,SEALED
FFF,2014J,109907,P4,-31.0,SEALED
FFF,2014J,127179,P4,12.0,SEALED
FFF,2014J,132423,P4,12.0,SEALED
FFF,2014J,161837,P4,-36.0,SEALED
FFF,2014J,184627,P4,12.0,SEALED
FFF,2014J,230656,P4,-9.0,SEALED
FFF,2014J,231980,P4,-43.0,SEALED
FFF,2014J,234031,P4,24.0,SEALED
FFF,2014J,235747,P4,12.0,SEALED
FFF,2014J,238301,P4,-1.0,SEALED
FFF,2014J,251397,P4,-18.0,SEALED
FFF,2014J,251916,P4,23.0,SEALED
FFF,2014J,260275,P4,10.0,SEALED
FFF,2014J,262332,P4,-39.0,SEALED
FFF,2014J,263143,P4,-85.0,SEALED
FFF,2014J,268727,P4,-108.0,SEALED
FFF,2014J,271702,P4,-10.0,SEALED
FFF,2014J,272704,P4,13.0,SEALED
FFF,2014J,277384,P4,12.0,SEALED
FFF,2014J,279883,P4,12.0,SEALED
FFF,2014J,281970,P4,12.0,SEALED
FFF,2014J,287715,P4,12.0,SEALED
FFF,2014J,289179,P4,12.0,SEALED
FFF,2014J,300848,P4,-29.0,SEALED
FFF,2014J,312126,P4,12.0,SEALED
FFF,2014J,316061,P4,12.0,SEALED
FFF,2014J,318289,P4,-21.0,SEALED
FFF,2014J,319461,P4,5.0,SEALED
FFF,2014J,327664,P4,12.0,SEALED
FFF,2014J,328377,P4,17.0,SEALED
FFF,2014J,332676,P4,10.0,SEALED
FFF,2014J,351293,P4,-5.0,SEALED
FFF,2014J,360278,P4,16.0,SEALED
FFF,2014J,360752,P4,-2.0,SEALED
FFF,2014J,368389,P4,-155.0,SEALED
FFF,2014J,375993,P4,12.0,SEALED
FFF,2014J,381528,P4,12.0,SEALED
FFF,2014J,384331,P4,10.0,SEALED
FFF,2014J,396136,P4,12.0,SEALED
FFF,2014J,408872,P4,12.0,SEALED
FFF,2014J,416426,P4,-95.0,SEALED
FFF,2014J,418486,P4,9.0,SEALED
FFF,2014J,425467,P4,-53.0,SEALED
FFF,2014J,441020,P4,3.0,SEALED
FFF,2014J,441170,P4,-103.0,SEALED
FFF,2014J,441540,P4,-73.0,SEALED
FFF,2014J,445459,P4,11.0,SEALED
FFF,2014J,446778,P4,19.0,SEALED
FFF,2014J,464522,P4,12.0,SEALED
FFF,2014J,465245,P4,-18.0,SEALED
FFF,2014J,466717,P4,12.0,SEALED
FFF,2014J,467312,P4,12.0,SEALED
FFF,2014J,468623,P4,12.0,SEALED
FFF,2014J,470121,P4,2.0,SEALED
FFF,2014J,471374,P4,23.0,SEALED
FFF,2014J,472401,P4,16.0,SEALED
FFF,2014J,475566,P4,-1.0,SEALED
FFF,2014J,475699,P4,9.0,SEALED
FFF,2014J,484494,P4,12.0,SEALED
FFF,2014J,488136,P4,12.0,SEALED
FFF,2014J,489048,P4,12.0,SEALED
FFF,2014J,489104,P4,-4.0,SEALED
FFF,2014J,489493,P4,4.0,SEALED
FFF,2014J,496815,P4,6.0,SEALED
FFF,2014J,503684,P4,12.0,SEALED
FFF,2014J,504700,P4,-25.0,SEALED
FFF,2014J,509177,P4,12.0,SEALED
FFF,2014J,511859,P4,-3.0,SEALED
FFF,2014J,512335,P4,12.0,SEALED
FFF,2014J,518599,P4,-109.0,SEALED
FFF,2014J,521032,P4,12.0,SEALED
FFF,2014J,521703,P4,12.0,SEALED
FFF,2014J,523589,P4,10.0,SEALED
FFF,2014J,530196,P4,12.0,SEALED
FFF,2014J,532744,P4,-11.0,SEALED
FFF,2014J,537321,P4,10.0,SEALED
FFF,2014J,539913,P4,-35.0,SEALED
FFF,2014J,540155,P4,-1.0,SEALED
FFF,2014J,541184,P4,20.0,SEALED
FFF,2014J,542550,P4,9.0,SEALED
FFF,2014J,555277,P4,-71.0,SEALED
FFF,2014J,559882,P4,26.0,SEALED
FFF,2014J,560459,P4,12.0,SEALED
FFF,2014J,560659,P4,12.0,SEALED
FFF,2014J,560823,P4,12.0,SEALED
FFF,2014J,561519,P4,-66.0,SEALED
FFF,2014J,562762,P4,-32.0,SEALED
FFF,2014J,565474,P4,12.0,SEALED
FFF,2014J,568443,P4,-103.0,SEALED
FFF,2014J,568447,P4,12.0,SEALED
FFF,2014J,569556,P4,12.0,SEALED
FFF,2014J,569745,P4,12.0,SEALED
FFF,2014J,571932,P4,-9.0,SEALED
FFF,2014J,572804,P4,12.0,SEALED
FFF,2014J,573291,P4,12.0,SEALED
FFF,2014J,573697,P4,11.0,SEALED
FFF,2014J,574068,P4,4.0,SEALED
FFF,2014J,574638,P4,4.0,SEALED
FFF,2014J,575710,P4,11.0,SEALED
FFF,2014J,575983,P4,12.0,SEALED
FFF,2014J,576140,P4,18.0,SEALED
FFF,2014J,576423,P4,12.0,SEALED
FFF,2014J,577950,P4,-3.0,SEALED
FFF,2014J,578573,P4,-1.0,SEALED
FFF,2014J,582749,P4,4.0,SEALED
FFF,2014J,584210,P4,12.0,SEALED
FFF,2014J,584594,P4,12.0,SEALED
FFF,2014J,585021,P4,17.0,SEALED
FFF,2014J,585301,P4,12.0,SEALED
FFF,2014J,586282,P4,8.0,SEALED
FFF,2014J,589798,P4,12.0,SEALED
FFF,2014J,590381,P4,-23.0,SEALED
FFF,2014J,592233,P4,10.0,SEALED
FFF,2014J,592657,P4,12.0,SEALED
FFF,2014J,595673,P4,-5.0,SEALED
FFF,2014J,596052,P4,12.0,SEALED
FFF,2014J,596245,P4,-30.0,SEALED
FFF,2014J,596693,P4,12.0,SEALED
FFF,2014J,597391,P4,12.0,SEALED
FFF,2014J,598442,P4,4.0,SEALED
FFF,2014J,598582,P4,-47.0,SEALED
FFF,2014J,598939,P4,12.0,SEALED
FFF,2014J,599007,P4,20.0,SEALED
FFF,2014J,600615,P4,12.0,SEALED
FFF,2014J,604142,P4,12.0,SEALED
FFF,2014J,604652,P4,-29.0,SEALED
FFF,2014J,606293,P4,-32.0,SEALED
FFF,2014J,607533,P4,2.0,SEALED
FFF,2014J,611465,P4,12.0,SEALED
FFF,2014J,612763,P4,12.0,SEALED
FFF,2014J,619863,P4,12.0,SEALED
FFF,2014J,619887,P4,-9.0,SEALED
FFF,2014J,621307,P4,12.0,SEALED
FFF,2014J,622899,P4,6.0,SEALED
FFF,2014J,623763,P4,12.0,SEALED
FFF,2014J,623945,P4,12.0,SEALED
FFF,2014J,624740,P4,11.0,SEALED
FFF,2014J,627238,P4,-15.0,SEALED
FFF,2014J,627443,P4,-3.0,SEALED
FFF,2014J,627840,P4,-47.0,SEALED
FFF,2014J,630024,P4,-3.0,SEALED
FFF,2014J,630289,P4,-88.0,SEALED
FFF,2014J,630358,P4,12.0,SEALED
FFF,2014J,630510,P4,-1.0,SEALED
FFF,2014J,631750,P4,12.0,SEALED
FFF,2014J,632276,P4,12.0,SEALED
FFF,2014J,632773,P4,12.0,SEALED
FFF,2014J,635191,P4,23.0,SEALED
FFF,2014J,635271,P4,-8.0,SEALED
FFF,2014J,636749,P4,-15.0,SEALED
FFF,2014J,637338,P4,12.0,SEALED
FFF,2014J,637474,P4,12.0,SEALED
FFF,2014J,638414,P4,-39.0,SEALED
FFF,2014J,638425,P4,12.0,SEALED
FFF,2014J,640140,P4,-3.0,SEALED
FFF,2014J,640393,P4,-39.0,SEALED
FFF,2014J,640774,P4,-15.0,SEALED
FFF,2014J,641169,P4,12.0,SEALED
FFF,2014J,641265,P4,20.0,SEALED
FFF,2014J,641307,P4,-127.0,SEALED
FFF,2014J,641565,P4,-2.0,SEALED
FFF,2014J,642013,P4,-3.0,SEALED
FFF,2014J,642128,P4,-61.0,SEALED
FFF,2014J,642560,P4,10.0,SEALED
FFF,2014J,642790,P4,12.0,SEALED
FFF,2014J,643379,P4,-99.0,SEALED
FFF,2014J,643455,P4,-23.0,SEALED
FFF,2014J,644834,P4,-25.0,SEALED
FFF,2014J,644871,P4,12.0,SEALED
FFF,2014J,644885,P4,-22.0,SEALED
FFF,2014J,644934,P4,20.0,SEALED
FFF,2014J,645194,P4,-15.0,SEALED
FFF,2014J,645401,P4,12.0,SEALED
FFF,2014J,645407,P4,24.0,SEALED
FFF,2014J,645529,P4,-12.0,SEALED
FFF,2014J,645618,P4,-151.0,SEALED
FFF,2014J,645638,P4,-36.0,SEALED
FFF,2014J,645787,P4,10.0,SEALED
FFF,2014J,646083,P4,-10.0,SEALED
FFF,2014J,646091,P4,12.0,SEALED
FFF,2014J,646120,P4,-75.0,SEALED
FFF,2014J,646613,P4,-15.0,SEALED
FFF,2014J,646972,P4,11.0,SEALED
FFF,2014J,647005,P4,12.0,SEALED
FFF,2014J,647033,P4,12.0,SEALED
FFF,2014J,647072,P4,12.0,SEALED
FFF,2014J,647245,P4,9.0,SEALED
FFF,2014J,647284,P4,2.0,SEALED
FFF,2014J,647321,P4,12.0,SEALED
FFF,2014J,647348,P4,12.0,SEALED
FFF,2014J,647417,P4,12.0,SEALED
FFF,2014J,647594,P4,12.0,SEALED
FFF,2014J,647784,P4,12.0,SEALED
FFF,2014J,647799,P4,-103.0,SEALED
FFF,2014J,648118,P4,-37.0,SEALED
FFF,2014J,648137,P4,12.0,SEALED
FFF,2014J,648348,P4,-136.0,SEALED
FFF,2014J,648373,P4,-45.0,SEALED
FFF,2014J,648477,P4,12.0,SEALED
FFF,2014J,648521,P4,-120.0,SEALED
FFF,2014J,648546,P4,2.0,SEALED
FFF,2014J,648605,P4,12.0,SEALED
FFF,2014J,648650,P4,-53.0,SEALED
FFF,2014J,648667,P4,12.0,SEALED
FFF,2014J,648698,P4,-87.0,SEALED
FFF,2014J,648725,P4,12.0,SEALED
FFF,2014J,648819,P4,-4.0,SEALED
FFF,2014J,648840,P4,12.0,SEALED
FFF,2014J,648863,P4,12.0,SEALED
FFF,2014J,649147,P4,12.0,SEALED
FFF,2014J,649161,P4,12.0,SEALED
FFF,2014J,649389,P4,-9.0,SEALED
FFF,2014J,649523,P4,-12.0,SEALED
FFF,2014J,649555,P4,11.0,SEALED
FFF,2014J,649580,P4,12.0,SEALED
FFF,2014J,649764,P4,2.0,SEALED
FFF,2014J,649849,P4,12.0,SEALED
FFF,2014J,649926,P4,-94.0,SEALED
FFF,2014J,650052,P4,-26.0,SEALED
FFF,2014J,650085,P4,12.0,SEALED
FFF,2014J,650148,P4,12.0,SEALED
FFF,2014J,650180,P4,-39.0,SEALED
FFF,2014J,650285,P4,-115.0,SEALED
FFF,2014J,650321,P4,12.0,SEALED
FFF,2014J,650353,P4,-37.0,SEALED
FFF,2014J,650398,P4,12.0,SEALED
FFF,2014J,650400,P4,-2.0,SEALED
FFF,2014J,650464,P4,12.0,SEALED
FFF,2014J,650544,P4,12.0,SEALED
FFF,2014J,650637,P4,13.0,SEALED
FFF,2014J,650717,P4,12.0,SEALED
FFF,2014J,650791,P4,-1.0,SEALED
FFF,2014J,650952,P4,12.0,SEALED
FFF,2014J,651351,P4,-1.0,SEALED
FFF,2014J,651398,P4,12.0,SEALED
FFF,2014J,651608,P4,-38.0,SEALED
FFF,2014J,651611,P4,-8.0,SEALED
FFF,2014J,651639,P4,10.0,SEALED
FFF,2014J,651697,P4,-1.0,SEALED
FFF,2014J,651879,P4,12.0,SEALED
FFF,2014J,652025,P4,-23.0,SEALED
FFF,2014J,652311,P4,12.0,SEALED
FFF,2014J,652569,P4,12.0,SEALED
FFF,2014J,652706,P4,24.0,SEALED
FFF,2014J,653051,P4,-54.0,SEALED
FFF,2014J,653174,P4,11.0,SEALED
FFF,2014J,653255,P4,5.0,SEALED
FFF,2014J,653336,P4,-12.0,SEALED
FFF,2014J,653616,P4,-23.0,SEALED
FFF,2014J,653747,P4,-127.0,SEALED
FFF,2014J,653848,P4,5.0,SEALED
FFF,2014J,653854,P4,-12.0,SEALED
FFF,2014J,654048,P4,12.0,SEALED
FFF,2014J,654289,P4,-1.0,SEALED
FFF,2014J,654322,P4,11.0,SEALED
FFF,2014J,654338,P4,3.0,SEALED
FFF,2014J,654407,P4,11.0,SEALED
FFF,2014J,654619,P4,12.0,SEALED
FFF,2014J,654620,P4,17.0,SEALED
FFF,2014J,654671,P4,27.0,SEALED
FFF,2014J,654698,P4,12.0,SEALED
FFF,2014J,654732,P4,12.0,SEALED
FFF,2014J,654738,P4,24.0,SEALED
FFF,2014J,654816,P4,-8.0,SEALED
FFF,2014J,654943,P4,-10.0,SEALED
FFF,2014J,654960,P4,-18.0,SEALED
FFF,2014J,655113,P4,12.0,SEALED
FFF,2014J,655402,P4,-5.0,SEALED
FFF,2014J,655417,P4,-23.0,SEALED
FFF,2014J,655492,P4,12.0,SEALED
FFF,2014J,655627,P4,-61.0,SEALED
FFF,2014J,655629,P4,12.0,SEALED
FFF,2014J,655747,P4,-46.0,SEALED
FFF,2014J,656102,P4,12.0,SEALED
FFF,2014J,656150,P4,-8.0,SEALED
FFF,2014J,656360,P4,12.0,SEALED
FFF,2014J,656441,P4,-2.0,SEALED
FFF,2014J,656512,P4,-80.0,SEALED
FFF,2014J,656519,P4,12.0,SEALED
FFF,2014J,656565,P4,12.0,SEALED
FFF,2014J,656599,P4,12.0,SEALED
FFF,2014J,656693,P4,12.0,SEALED
FFF,2014J,656800,P4,12.0,SEALED
FFF,2014J,657118,P4,-2.0,SEALED
FFF,2014J,657211,P4,12.0,SEALED
FFF,2014J,674261,P4,-22.0,SEALED
FFF,2014J,674617,P4,12.0,SEALED
FFF,2014J,674764,P4,12.0,SEALED
FFF,2014J,674814,P4,-2.0,SEALED
FFF,2014J,674911,P4,-102.0,SEALED
FFF,2014J,674970,P4,-66.0,SEALED
FFF,2014J,675002,P4,-5.0,SEALED
FFF,2014J,675046,P4,-58.0,SEALED
FFF,2014J,675127,P4,2.0,SEALED
FFF,2014J,675337,P4,12.0,SEALED
FFF,2014J,675669,P4,-38.0,SEALED
FFF,2014J,675818,P4,12.0,SEALED
FFF,2014J,675824,P4,12.0,SEALED
FFF,2014J,675829,P4,-36.0,SEALED
FFF,2014J,676128,P4,12.0,SEALED
FFF,2014J,676194,P4,12.0,SEALED
FFF,2014J,676320,P4,-5.0,SEALED
FFF,2014J,676324,P4,12.0,SEALED
FFF,2014J,676600,P4,25.0,SEALED
FFF,2014J,676930,P4,-82.0,SEALED
FFF,2014J,677027,P4,12.0,SEALED
FFF,2014J,677081,P4,12.0,SEALED
FFF,2014J,677369,P4,-10.0,SEALED
FFF,2014J,677782,P4,12.0,SEALED
FFF,2014J,677828,P4,12.0,SEALED
FFF,2014J,678044,P4,28.0,SEALED
FFF,2014J,678090,P4,12.0,SEALED
FFF,2014J,678127,P4,-68.0,SEALED
FFF,2014J,678287,P4,-37.0,SEALED
FFF,2014J,678397,P4,10.0,SEALED
FFF,2014J,678769,P4,12.0,SEALED
FFF,2014J,679119,P4,26.0,SEALED
FFF,2014J,679337,P4,24.0,SEALED
FFF,2014J,680072,P4,-16.0,SEALED
FFF,2014J,680222,P4,12.0,SEALED
FFF,2014J,680231,P4,12.0,SEALED
FFF,2014J,680273,P4,12.0,SEALED
FFF,2014J,680312,P4,6.0,SEALED
FFF,2014J,680374,P4,-22.0,SEALED
FFF,2014J,680714,P4,12.0,SEALED
FFF,2014J,680715,P4,-68.0,SEALED
FFF,2014J,680766,P4,12.0,SEALED
FFF,2014J,680938,P4,10.0,SEALED
FFF,2014J,681052,P4,-61.0,SEALED
FFF,2014J,681063,P4,-26.0,SEALED
FFF,2014J,681073,P4,12.0,SEALED
FFF,2014J,681120,P4,12.0,SEALED
FFF,2014J,681335,P4,12.0,SEALED
FFF,2014J,681393,P4,-10.0,SEALED
FFF,2014J,681397,P4,12.0,SEALED
FFF,2014J,681691,P4,12.0,SEALED
FFF,2014J,682025,P4,12.0,SEALED
FFF,2014J,682098,P4,5.0,SEALED
FFF,2014J,682142,P4,-15.0,SEALED
FFF,2014J,682359,P4,-5.0,SEALED
FFF,2014J,682482,P4,12.0,SEALED
FFF,2014J,682504,P4,17.0,SEALED
FFF,2014J,682505,P4,-5.0,SEALED
FFF,2014J,682524,P4,-3.0,SEALED
FFF,2014J,682546,P4,12.0,SEALED
FFF,2014J,682565,P4,12.0,SEALED
FFF,2014J,682596,P4,-12.0,SEALED
FFF,2014J,682617,P4,-5.0,SEALED
FFF,2014J,682719,P4,12.0,SEALED
FFF,2014J,683144,P4,12.0,SEALED
FFF,2014J,683347,P4,17.0,SEALED
FFF,2014J,683360,P4,12.0,SEALED
FFF,2014J,683427,P4,12.0,SEALED
FFF,2014J,683547,P4,-15.0,SEALED
FFF,2014J,683628,P4,12.0,SEALED
FFF,2014J,683642,P4,12.0,SEALED
FFF,2014J,683772,P4,12.0,SEALED
FFF,2014J,683912,P4,-19.0,SEALED
FFF,2014J,684014,P4,-63.0,SEALED
FFF,2014J,684313,P4,12.0,SEALED
FFF,2014J,684726,P4,6.0,SEALED
FFF,2014J,684983,P4,-23.0,SEALED
FFF,2014J,685042,P4,12.0,SEALED
FFF,2014J,685100,P4,12.0,SEALED
FFF,2014J,685192,P4,12.0,SEALED
FFF,2014J,685333,P4,-23.0,SEALED
FFF,2014J,685439,P4,-15.0,SEALED
FFF,2014J,685512,P4,12.0,SEALED
FFF,2014J,685565,P4,-19.0,SEALED
FFF,2014J,685683,P4,-11.0,SEALED
FFF,2014J,685802,P4,12.0,SEALED
FFF,2014J,685807,P4,-15.0,SEALED
FFF,2014J,685920,P4,-17.0,SEALED
FFF,2014J,686100,P4,12.0,SEALED
FFF,2014J,686390,P4,17.0,SEALED
FFF,2014J,686448,P4,12.0,SEALED
FFF,2014J,686458,P4,12.0,SEALED
FFF,2014J,686760,P4,12.0,SEALED
FFF,2014J,686799,P4,12.0,SEALED
FFF,2014J,686852,P4,-4.0,SEALED
FFF,2014J,686869,P4,-5.0,SEALED
FFF,2014J,687319,P4,12.0,SEALED
FFF,2014J,687448,P4,-23.0,SEALED
FFF,2014J,687510,P4,12.0,SEALED
FFF,2014J,687747,P4,13.0,SEALED
FFF,2014J,687752,P4,12.0,SEALED
FFF,2014J,687795,P4,-18.0,SEALED
FFF,2014J,688005,P4,-17.0,SEALED
FFF,2014J,688187,P4,-2.0,SEALED
FFF,2014J,688251,P4,-11.0,SEALED
FFF,2014J,688297,P4,-17.0,SEALED
FFF,2014J,688442,P4,0.0,SEALED
FFF,2014J,688475,P4,12.0,SEALED
FFF,2014J,688509,P4,12.0,SEALED
FFF,2014J,688532,P4,12.0,SEALED
FFF,2014J,688664,P4,6.0,SEALED
FFF,2014J,688752,P4,12.0,SEALED
FFF,2014J,688881,P4,12.0,SEALED
FFF,2014J,688937,P4,12.0,SEALED
FFF,2014J,688964,P4,-1.0,SEALED
FFF,2014J,689042,P4,12.0,SEALED
FFF,2014J,689051,P4,12.0,SEALED
FFF,2014J,689290,P4,12.0,SEALED
FFF,2014J,689352,P4,12.0,SEALED
FFF,2014J,689498,P4,12.0,SEALED
FFF,2014J,689533,P4,-36.0,SEALED
FFF,2014J,689582,P4,12.0,SEALED
FFF,2014J,689585,P4,10.0,SEALED
FFF,2014J,689640,P4,12.0,SEALED
FFF,2014J,689747,P4,12.0,SEALED
FFF,2014J,689751,P4,12.0,SEALED
FFF,2014J,689761,P4,10.0,SEALED
FFF,2014J,689977,P4,12.0,SEALED
FFF,2014J,690174,P4,12.0,SEALED
FFF,2014J,690296,P4,12.0,SEALED
FFF,2014J,690559,P4,-30.0,SEALED
FFF,2014J,690631,P4,6.0,SEALED
FFF,2014J,690656,P4,5.0,SEALED
FFF,2014J,690687,P4,-1.0,SEALED
FFF,2014J,691056,P4,3.0,SEALED
FFF,2014J,691253,P4,12.0,SEALED
FFF,2014J,691563,P4,-5.0,SEALED
FFF,2014J,692189,P4,12.0,SEALED
FFF,2014J,692219,P4,12.0,SEALED
FFF,2014J,692273,P4,12.0,SEALED
FFF,2014J,692740,P4,-19.0,SEALED
FFF,2014J,692898,P4,12.0,SEALED
FFF,2014J,692976,P4,6.0,SEALED
FFF,2014J,693114,P4,10.0,SEALED
FFF,2014J,693223,P4,-10.0,SEALED
FFF,2014J,693246,P4,12.0,SEALED
FFF,2014J,693448,P4,12.0,SEALED
FFF,2014J,693573,P4,12.0,SEALED
FFF,2014J,693812,P4,12.0,SEALED
FFF,2014J,694272,P4,12.0,SEALED
FFF,2014J,694415,P4,12.0,SEALED
FFF,2014J,694464,P4,3.0,SEALED
FFF,2014J,694536,P4,12.0,SEALED
FFF,2014J,694669,P4,23.0,SEALED
FFF,2014J,695380,P4,12.0,SEALED
FFF,2014J,695416,P4,12.0,SEALED
FFF,2014J,695449,P4,-18.0,SEALED
FFF,2014J,695574,P4,12.0,SEALED
FFF,2014J,695748,P4,12.0,SEALED
FFF,2014J,695764,P4,-1.0,SEALED
FFF,2014J,695879,P4,12.0,SEALED
FFF,2014J,695964,P4,12.0,SEALED
FFF,2014J,696091,P4,12.0,SEALED
FFF,2014J,696253,P4,-3.0,SEALED
FFF,2014J,696276,P4,-1.0,SEALED
FFF,2014J,696410,P4,12.0,SEALED
FFF,2014J,696664,P4,-4.0,SEALED
FFF,2014J,696943,P4,6.0,SEALED
FFF,2014J,696981,P4,-5.0,SEALED
FFF,2014J,696985,P4,9.0,SEALED
FFF,2014J,697192,P4,12.0,SEALED
FFF,2014J,697204,P4,-2.0,SEALED
FFF,2014J,697257,P4,-10.0,SEALED
FFF,2014J,697299,P4,12.0,SEALED
FFF,2014J,697529,P4,12.0,SEALED
FFF,2014J,697554,P4,-4.0,SEALED
FFF,2014J,697581,P4,-8.0,SEALED
FFF,2014J,698112,P4,12.0,SEALED
FFF,2014J,698233,P4,12.0,SEALED
FFF,2014J,698237,P4,-12.0,SEALED
FFF,2014J,698278,P4,11.0,SEALED
FFF,2014J,1459010,P4,-101.0,SEALED
FFF,2014J,1537796,P4,17.0,SEALED
FFF,2014J,1629444,P4,-29.0,SEALED
FFF,2014J,1873360,P4,-3.0,SEALED
FFF,2014J,1895399,P4,-33.0,SEALED
FFF,2014J,1929219,P4,-38.0,SEALED
FFF,2014J,1972368,P4,-32.0,SEALED
FFF,2014J,2071670,P4,-94.0,SEALED
FFF,2014J,2113446,P4,-17.0,SEALED
FFF,2014J,2137697,P4,-11.0,SEALED
FFF,2014J,2146013,P4,-130.0,SEALED
FFF,2014J,2268069,P4,-5.0,SEALED
FFF,2014J,2371481,P4,-53.0,SEALED
FFF,2014J,2411981,P4,-103.0,SEALED
FFF,2014J,2462281,P4,-1.0,SEALED
FFF,2014J,2463282,P4,-1.0,SEALED
FFF,2014J,2468232,P4,-38.0,SEALED
FFF,2014J,2486215,P4,-65.0,SEALED
FFF,2014J,2497090,P4,12.0,SEALED
FFF,2014J,2509531,P4,-30.0,SEALED
FFF,2014J,2521574,P4,-80.0,SEALED
FFF,2014J,2586748,P4,12.0,SEALED
FFF,2014J,2599162,P4,12.0,SEALED
FFF,2014J,2602253,P4,-10.0,SEALED
FFF,2014J,2612728,P4,12.0,SEALED
FFF,2014J,2613827,P4,-4.0,SEALED
FFF,2014J,2626417,P4,12.0,SEALED
FFF,2014J,2649121,P4,4.0,SEALED
FFF,2014J,2652532,P4,10.0,SEALED
FFF,2014J,2661012,P4,-10.0,SEALED
FFF,2014J,2684048,P4,12.0,SEALED
FFF,2014J,2687012,P4,-12.0,SEALED
FFF,2014J,2702660,P4,9.0,SEALED
GGG,2013J,121056,P2,-8.0,Withdrawn
GGG,2013J,313070,P2,-17.0,Withdrawn
GGG,2013J,383420,P2,-33.0,Withdrawn
GGG,2013J,479595,P2,-8.0,Withdrawn
GGG,2013J,543557,P2,14.0,Withdrawn
GGG,2013J,547440,P2,2.0,Withdrawn
GGG,2013J,564190,P2,5.0,Withdrawn
GGG,2013J,566153,P2,16.0,Withdrawn
GGG,2013J,566603,P2,-1.0,Withdrawn
GGG,2013J,569381,P2,-22.0,Withdrawn
GGG,2013J,581606,P2,-8.0,Withdrawn
GGG,2013J,591294,P2,-52.0,Withdrawn
GGG,2013J,591464,P2,-29.0,Withdrawn
GGG,2013J,591822,P2,-44.0,Withdrawn
GGG,2013J,593337,P2,-39.0,Withdrawn
GGG,2013J,597023,P2,-1.0,Withdrawn
GGG,2013J,600273,P2,25.0,Withdrawn
GGG,2013J,601122,P2,-4.0,Withdrawn
GGG,2013J,601280,P2,-15.0,Withdrawn
GGG,2013J,602004,P2,-42.0,Withdrawn
GGG,2013J,602655,P2,5.0,Withdrawn
GGG,2013J,605939,P2,-7.0,Withdrawn
GGG,2013J,609567,P2,-15.0,Withdrawn
GGG,2013J,1615575,P2,-3.0,Withdrawn
GGG,2013J,1986974,P2,-53.0,Withdrawn
GGG,2013J,2048119,P2,-65.0,Withdrawn
GGG,2013J,2237783,P2,-143.0,Withdrawn
GGG,2013J,2440133,P2,-91.0,Withdrawn
GGG,2014B,38187,P3,26.0,Withdrawn
GGG,2014B,117969,P3,28.0,Withdrawn
GGG,2014B,168845,P3,-84.0,Withdrawn
GGG,2014B,178935,P3,9.0,Withdrawn
GGG,2014B,191235,P3,-95.0,Withdrawn
GGG,2014B,399120,P3,-3.0,Withdrawn
GGG,2014B,401909,P3,-22.0,Withdrawn
GGG,2014B,442618,P3,0.0,Withdrawn
GGG,2014B,491607,P3,-16.0,Withdrawn
GGG,2014B,553640,P3,-11.0,Withdrawn
GGG,2014B,568572,P3,-67.0,Withdrawn
GGG,2014B,576658,P3,-3.0,Withdrawn
GGG,2014B,577474,P3,-1.0,Withdrawn
GGG,2014B,602997,P3,10.0,Withdrawn
GGG,2014B,603124,P3,2.0,Withdrawn
GGG,2014B,607738,P3,-8.0,Withdrawn
GGG,2014B,611351,P3,-26.0,Withdrawn
GGG,2014B,612709,P3,-81.0,Withdrawn
GGG,2014B,614262,P3,0.0,Withdrawn
GGG,2014B,615487,P3,-2.0,Withdrawn
GGG,2014B,618580,P3,-24.0,Withdrawn
GGG,2014B,620956,P3,-54.0,Withdrawn
GGG,2014B,622252,P3,-23.0,Withdrawn
GGG,2014B,622387,P3,10.0,Withdrawn
GGG,2014B,622482,P3,-47.0,Withdrawn
GGG,2014B,623233,P3,-11.0,Withdrawn
GGG,2014B,623418,P3,17.0,Withdrawn
GGG,2014B,624297,P3,25.0,Withdrawn
GGG,2014B,624940,P3,-25.0,Withdrawn
GGG,2014B,625079,P3,-45.0,Withdrawn
GGG,2014B,630538,P3,-7.0,Withdrawn
GGG,2014B,630571,P3,16.0,Withdrawn
GGG,2014B,631554,P3,-30.0,Withdrawn
GGG,2014B,632533,P3,0.0,Withdrawn
GGG,2014B,632633,P3,25.0,Withdrawn
GGG,2014B,635017,P3,-12.0,Withdrawn
GGG,2014B,2011327,P3,10.0,Withdrawn
GGG,2014J,140938,P4,-11.0,SEALED
GGG,2014J,378969,P4,-17.0,SEALED
GGG,2014J,402596,P4,12.0,SEALED
GGG,2014J,480914,P4,12.0,SEALED
GGG,2014J,574642,P4,12.0,SEALED
GGG,2014J,580717,P4,-5.0,SEALED
GGG,2014J,586861,P4,-82.0,SEALED
GGG,2014J,636718,P4,24.0,SEALED
GGG,2014J,638561,P4,-2.0,SEALED
GGG,2014J,638621,P4,-18.0,SEALED
GGG,2014J,639533,P4,12.0,SEALED
GGG,2014J,643085,P4,-37.0,SEALED
GGG,2014J,645851,P4,24.0,SEALED
GGG,2014J,646748,P4,-65.0,SEALED
GGG,2014J,646889,P4,12.0,SEALED
GGG,2014J,650257,P4,-53.0,SEALED
GGG,2014J,651602,P4,2.0,SEALED
GGG,2014J,652364,P4,25.0,SEALED
GGG,2014J,653230,P4,-26.0,SEALED
GGG,2014J,656970,P4,-65.0,SEALED
GGG,2014J,674750,P4,-4.0,SEALED
GGG,2014J,675885,P4,-5.0,SEALED
GGG,2014J,676742,P4,-44.0,SEALED
GGG,2014J,677963,P4,-15.0,SEALED
GGG,2014J,679405,P4,-66.0,SEALED
GGG,2014J,682302,P4,12.0,SEALED
GGG,2014J,685096,P4,10.0,SEALED
GGG,2014J,685877,P4,-58.0,SEALED
GGG,2014J,686898,P4,-1.0,SEALED
GGG,2014J,687143,P4,-3.0,SEALED
GGG,2014J,697364,P4,25.0,SEALED
GGG,2014J,2239862,P4,-43.0,SEALED
