code_module,code_presentation,id_student,period,fold,y,p_lasso
AAA,2013J,11391,P2,F1,0.0,0.4428257062658267
AAA,2013J,28400,P2,F1,0.0,0.4273697213697533
AAA,2013J,31604,P2,F1,0.0,0.31782226895589966
AAA,2013J,32885,P2,F1,0.0,0.5645799668787617
AAA,2013J,38053,P2,F1,0.0,0.20284023318605487
AAA,2013J,45462,P2,F1,0.0,0.5223649927125322
AAA,2013J,45642,P2,F1,0.0,0.3727825036313492
AAA,2013J,52130,P2,F1,0.0,0.373202241451828
AAA,2013J,53025,P2,F1,0.0,0.1421330405194001
AAA,2013J,57506,P2,F1,0.0,0.4083662388389651
AAA,2013J,58873,P2,F1,0.0,0.3465330862784811
AAA,2013J,59185,P2,F1,0.0,0.5290954295687856
AAA,2013J,62155,P2,F1,0.0,0.2943273692257307
AAA,2013J,63400,P2,F1,0.0,0.2832207656923783
AAA,2013J,65002,P2,F1,1.0,0.5208016872456149
AAA,2013J,70464,P2,F1,0.0,0.5207446524667309
AAA,2013J,71361,P2,F1,0.0,0.14022970369562374
AAA,2013J,74372,P2,F1,1.0,0.7466520679785069
AAA,2013J,75091,P2,F1,0.0,0.35813245766581553
AAA,2013J,77367,P2,F1,0.0,0.299086870938919
AAA,2013J,91265,P2,F1,0.0,0.3483645213770425
AAA,2013J,94961,P2,F1,1.0,0.347433223649143
AAA,2013J,98094,P2,F1,0.0,0.4843607620490036
AAA,2013J,100893,P2,F1,0.0,0.45868599981352215
AAA,2013J,101781,P2,F1,0.0,0.27265357631671133
AAA,2013J,102806,P2,F1,0.0,0.1909255240184763
AAA,2013J,102952,P2,F1,0.0,0.2546412238706068
AAA,2013J,104476,P2,F1,0.0,0.6420533116486873
AAA,2013J,106247,P2,F1,1.0,0.884054023898296
AAA,2013J,106577,P2,F1,0.0,0.6768208218535069
AAA,2013J,110175,P2,F1,0.0,0.3045434247195709
AAA,2013J,111717,P2,F1,0.0,0.1594390592051635
AAA,2013J,113295,P2,F1,0.0,0.25902568707120976
AAA,2013J,114017,P2,F1,0.0,0.35704329552768566
AAA,2013J,114999,P2,F1,0.0,0.24335430768074612
AAA,2013J,116541,P2,F1,0.0,0.1960622405739751
AAA,2013J,116692,P2,F1,0.0,0.3539708145183363
AAA,2013J,118983,P2,F1,0.0,0.41910743520095467
AAA,2013J,123044,P2,F1,0.0,0.4334742905185282
AAA,2013J,127582,P2,F1,0.0,0.558701304267319
AAA,2013J,129955,P2,F1,1.0,0.16498809323344066
AAA,2013J,132976,P2,F1,0.0,0.6788821243621186
AAA,2013J,134143,P2,F1,0.0,0.24768995196357055
AAA,2013J,135335,P2,F1,1.0,0.8923439587972688
AAA,2013J,135400,P2,F1,1.0,0.4237725543344991
AAA,2013J,137873,P2,F1,0.0,0.23952900150849377
AAA,2013J,141355,P2,F1,0.0,0.3996722396214689
AAA,2013J,141377,P2,F1,1.0,0.924735174164187
AAA,2013J,142326,P2,F1,0.0,0.4604655909646121
AAA,2013J,144801,P2,F1,0.0,0.2585261711402607
AAA,2013J,145130,P2,F1,0.0,0.32019079523846455
AAA,2013J,146188,P2,F1,1.0,0.6425789731915571
AAA,2013J,147756,P2,F1,1.0,0.3376650176350789
AAA,2013J,147793,P2,F1,1.0,0.914027839760031
AAA,2013J,148993,P2,F1,1.0,0.40859648553867156
AAA,2013J,151358,P2,F1,0.0,0.6519897112942012
AAA,2013J,155550,P2,F1,0.0,0.58797582358335
AAA,2013J,155854,P2,F1,0.0,0.18893932344299205
AAA,2013J,155984,P2,F1,1.0,0.4787279862919132
AAA,2013J,157568,P2,F1,0.0,0.38624676803367275
AAA,2013J,159954,P2,F1,1.0,0.3786555164765827
AAA,2013J,164259,P2,F1,0.0,0.38339456348188944
AAA,2013J,167906,P2,F1,0.0,0.5553298834122491
AAA,2013J,168936,P2,F1,0.0,0.5176597292272902
AAA,2013J,172112,P2,F1,0.0,0.45070922967951843
AAA,2013J,172797,P2,F1,0.0,0.575402522464575
AAA,2013J,174782,P2,F1,0.0,0.0999830489212823
AAA,2013J,175392,P2,F1,0.0,0.10082861539781043
AAA,2013J,175932,P2,F1,0.0,0.21255716106376768
AAA,2013J,175991,P2,F1,1.0,0.8003826016468462
AAA,2013J,180753,P2,F1,0.0,0.37660211398425913
AAA,2013J,181316,P2,F1,1.0,0.5631854460747218
AAA,2013J,183096,P2,F1,0.0,0.4639245947903586
AAA,2013J,183947,P2,F1,0.0,0.5231816382875835
AAA,2013J,184271,P2,F1,0.0,0.3603593679377662
AAA,2013J,185439,P2,F1,1.0,0.5996936846084193
AAA,2013J,186149,P2,F1,0.0,0.7329044051118974
AAA,2013J,187100,P2,F1,0.0,0.10936459918465447
AAA,2013J,188278,P2,F1,1.0,0.27866574738309396
AAA,2013J,189879,P2,F1,0.0,0.3193738947790949
AAA,2013J,192183,P2,F1,0.0,0.3046497332950355
AAA,2013J,195262,P2,F1,1.0,0.888266595738593
AAA,2013J,200860,P2,F1,0.0,0.4140079212307894
AAA,2013J,202635,P2,F1,1.0,0.5297203970371109
AAA,2013J,205350,P2,F1,0.0,0.21780942923108942
AAA,2013J,205719,P2,F1,1.0,0.4824903798901557
AAA,2013J,227499,P2,F1,0.0,0.1881683023296447
AAA,2013J,227517,P2,F1,1.0,0.375052223747832
AAA,2013J,228082,P2,F1,0.0,0.47788503074172245
AAA,2013J,228222,P2,F1,0.0,0.5545183162420245
AAA,2013J,229179,P2,F1,0.0,0.47073258688700337
AAA,2013J,229361,P2,F1,0.0,0.22018747259388688
AAA,2013J,231554,P2,F1,0.0,0.4072657545919059
AAA,2013J,235507,P2,F1,1.0,0.5526069573380508
AAA,2013J,236284,P2,F1,0.0,0.4206056699726774
AAA,2013J,238007,P2,F1,0.0,0.13781689460381952
AAA,2013J,240712,P2,F1,0.0,0.3479021953214592
AAA,2013J,240884,P2,F1,0.0,0.5959981849911955
AAA,2013J,241649,P2,F1,0.0,0.15565597222051872
AAA,2013J,241729,P2,F1,1.0,0.4649663083475734
AAA,2013J,242793,P2,F1,0.0,0.35130462145184427
AAA,2013J,246834,P2,F1,0.0,0.47832626383925114
AAA,2013J,248270,P2,F1,0.0,0.2633179530152369
AAA,2013J,255548,P2,F1,0.0,0.21849155138031182
AAA,2013J,256815,P2,F1,0.0,0.8428240874952025
AAA,2013J,258392,P2,F1,0.0,0.7141632844341361
AAA,2013J,258894,P2,F1,0.0,0.43624585169465907
AAA,2013J,260355,P2,F1,1.0,0.7183042996987835
AAA,2013J,262011,P2,F1,0.0,0.4936839507478754
AAA,2013J,262934,P2,F1,0.0,0.19754524103267682
AAA,2013J,268073,P2,F1,1.0,0.4340857845396035
AAA,2013J,268733,P2,F1,1.0,0.9033538036764651
AAA,2013J,271251,P2,F1,0.0,0.20592601395176463
AAA,2013J,277880,P2,F1,1.0,0.4150986906358349
AAA,2013J,279572,P2,F1,0.0,0.47397393533760845
AAA,2013J,281022,P2,F1,0.0,0.5248459384986623
AAA,2013J,281250,P2,F1,1.0,0.6213134142412067
AAA,2013J,281589,P2,F1,1.0,0.8726371135561006
AAA,2013J,282821,P2,F1,0.0,0.4429669834169083
AAA,2013J,286488,P2,F1,0.0,0.5746098465685279
AAA,2013J,287548,P2,F1,0.0,0.5911787884630675
AAA,2013J,290201,P2,F1,0.0,0.2630432499303372
AAA,2013J,290757,P2,F1,0.0,0.4448154411646858
AAA,2013J,291334,P2,F1,0.0,0.17306239526364176
AAA,2013J,293699,P2,F1,0.0,0.9328081935075456
AAA,2013J,294570,P2,F1,0.0,0.22284383288828954
AAA,2013J,294594,P2,F1,0.0,0.4182071589069451
AAA,2013J,295741,P2,F1,1.0,0.7445455115891664
AAA,2013J,296332,P2,F1,0.0,0.08498605714159436
AAA,2013J,298696,P2,F1,0.0,0.23566160240274223
AAA,2013J,300398,P2,F1,0.0,0.3180092601686805
AAA,2013J,302302,P2,F1,1.0,0.5767773647095435
AAA,2013J,305152,P2,F1,1.0,0.6423891295883015
AAA,2013J,305386,P2,F1,0.0,0.3110666133836123
AAA,2013J,306107,P2,F1,0.0,0.306718130846054
AAA,2013J,306466,P2,F1,0.0,0.26925744084648745
AAA,2013J,306897,P2,F1,0.0,0.18376657317177442
AAA,2013J,307061,P2,F1,0.0,0.21204528824360536
AAA,2013J,307866,P2,F1,0.0,0.6073973080102559
AAA,2013J,311917,P2,F1,0.0,0.5226280174577227
AAA,2013J,312537,P2,F1,0.0,0.03364491222681694
AAA,2013J,312782,P2,F1,0.0,0.27351506869316927
AAA,2013J,318933,P2,F1,0.0,0.31139167852023625
AAA,2013J,319047,P2,F1,0.0,0.3757628563101531
AAA,2013J,321942,P2,F1,0.0,0.10901590930123628
AAA,2013J,324002,P2,F1,0.0,0.17942122309685904
AAA,2013J,324084,P2,F1,0.0,0.35544693676543554
AAA,2013J,324282,P2,F1,0.0,0.7846276726068178
AAA,2013J,331358,P2,F1,1.0,0.13935333332829264
AAA,2013J,332789,P2,F1,0.0,0.425751324853856
AAA,2013J,333059,P2,F1,0.0,0.5117274393724393
AAA,2013J,333323,P2,F1,0.0,0.3091492682223501
AAA,2013J,334259,P2,F1,1.0,0.6881481358643645
AAA,2013J,334333,P2,F1,1.0,0.7433514102790187
AAA,2013J,335764,P2,F1,1.0,0.13347718942832099
AAA,2013J,336207,P2,F1,0.0,0.29606827064502034
AAA,2013J,339972,P2,F1,0.0,0.6234094823105029
AAA,2013J,342007,P2,F1,1.0,0.2662012625069795
AAA,2013J,342514,P2,F1,0.0,0.4149202537023035
AAA,2013J,342972,P2,F1,0.0,0.35288044550968056
AAA,2013J,343446,P2,F1,0.0,0.23451923192446736
AAA,2013J,344282,P2,F1,1.0,0.5349037076649124
AAA,2013J,345068,P2,F1,0.0,0.6204861757183879
AAA,2013J,345357,P2,F1,0.0,0.2811623030857005
AAA,2013J,346025,P2,F1,0.0,0.2044498321255061
AAA,2013J,346843,P2,F1,1.0,0.835016605729934
AAA,2013J,350188,P2,F1,0.0,0.31629583510610854
AAA,2013J,357668,P2,F1,1.0,0.6487398074697811
AAA,2013J,364177,P2,F1,1.0,0.4395655208898595
AAA,2013J,365244,P2,F1,0.0,0.4405361916050415
AAA,2013J,365642,P2,F1,0.0,0.5043271634246782
AAA,2013J,366483,P2,F1,0.0,0.130137014283887
AAA,2013J,368194,P2,F1,0.0,0.8092792639475754
AAA,2013J,368824,P2,F1,1.0,0.6896195029227172
AAA,2013J,368963,P2,F1,0.0,0.7431112208327284
AAA,2013J,376439,P2,F1,0.0,0.11715434032955321
AAA,2013J,376581,P2,F1,0.0,0.3413199055763373
AAA,2013J,380953,P2,F1,0.0,0.23746301618825
AAA,2013J,383254,P2,F1,0.0,0.32862991262808133
AAA,2013J,386924,P2,F1,0.0,0.7104230801193291
AAA,2013J,386952,P2,F1,0.0,0.4282405035332659
AAA,2013J,388722,P2,F1,0.0,0.6280433285063424
AAA,2013J,388885,P2,F1,0.0,0.5736161344164357
AAA,2013J,390890,P2,F1,1.0,0.3158095083028879
AAA,2013J,392756,P2,F1,1.0,0.6141626219850493
AAA,2013J,392931,P2,F1,0.0,0.8262683917635179
AAA,2013J,393207,P2,F1,0.0,0.5130570911407617
AAA,2013J,396872,P2,F1,0.0,0.5323302221097485
AAA,2013J,398552,P2,F1,1.0,0.7522539358054102
AAA,2013J,401869,P2,F1,0.0,0.6052143366231196
AAA,2013J,402470,P2,F1,0.0,0.2744193490970639
AAA,2013J,404804,P2,F1,0.0,0.7607053186577573
AAA,2013J,405088,P2,F1,0.0,0.3636217114670196
AAA,2013J,414117,P2,F1,0.0,0.28218261502248243
AAA,2013J,415969,P2,F1,1.0,0.4047411308037253
AAA,2013J,420087,P2,F1,1.0,0.6300944246300648
AAA,2013J,429958,P2,F1,0.0,0.6324541233900303
AAA,2013J,441018,P2,F1,0.0,0.6186951336106232
AAA,2013J,441888,P2,F1,0.0,0.6022535970512676
AAA,2013J,442442,P2,F1,1.0,0.6098159973606713
AAA,2013J,444677,P2,F1,0.0,0.1336504686609032
AAA,2013J,470588,P2,F1,1.0,0.25017191864321275
AAA,2013J,489455,P2,F1,0.0,0.29531055893845937
AAA,2013J,494424,P2,F1,1.0,0.9473367174779755
AAA,2013J,495284,P2,F1,0.0,0.2822710086500112
AAA,2013J,498857,P2,F1,0.0,0.23627116530584888
AAA,2013J,508818,P2,F1,0.0,0.3786550113252104
AAA,2013J,512460,P2,F1,0.0,0.4762375161129594
AAA,2013J,544103,P2,F1,0.0,0.16776577605260712
AAA,2013J,550383,P2,F1,0.0,0.20117253747362146
AAA,2013J,564450,P2,F1,1.0,0.7069837172686552
AAA,2013J,568601,P2,F1,1.0,0.27129305432265133
AAA,2013J,572652,P2,F1,0.0,0.3846766106397554
AAA,2013J,580389,P2,F1,0.0,0.302688803171555
AAA,2013J,581129,P2,F1,1.0,0.9212753031553174
AAA,2013J,588775,P2,F1,0.0,0.17781844981251596
AAA,2013J,591774,P2,F1,0.0,0.15400016420645865
AAA,2013J,603861,P2,F1,1.0,0.35964204361335733
AAA,2013J,606143,P2,F1,1.0,0.15370662155221693
AAA,2013J,704156,P2,F1,0.0,0.2896258368037363
AAA,2013J,705379,P2,F1,0.0,0.3020173828635065
AAA,2013J,749412,P2,F1,0.0,0.1756425657713533
AAA,2013J,760729,P2,F1,0.0,0.1890789496992403
AAA,2013J,905042,P2,F1,0.0,0.42268797243297895
AAA,2013J,949618,P2,F1,0.0,0.35410189299967615
AAA,2013J,958987,P2,F1,0.0,0.21038902482965255
AAA,2013J,968578,P2,F1,0.0,0.6094244300582099
AAA,2013J,969076,P2,F1,1.0,0.20056901967956842
AAA,2013J,971027,P2,F1,0.0,0.19490516183081957
AAA,2013J,978739,P2,F1,0.0,0.3279725798346926
AAA,2013J,1035023,P2,F1,0.0,0.3405018726342602
AAA,2013J,1105478,P2,F1,0.0,0.11553517684465724
AAA,2013J,1352868,P2,F1,1.0,0.5095750343997386
AAA,2013J,1401935,P2,F1,1.0,0.8209308006999277
AAA,2013J,1402638,P2,F1,0.0,0.26033537650951916
AAA,2013J,1414443,P2,F1,1.0,0.8827379737801944
AAA,2013J,1465690,P2,F1,0.0,0.20617164851551462
AAA,2013J,1472925,P2,F1,1.0,0.9435136952307683
AAA,2013J,1488959,P2,F1,0.0,0.5077224394779483
AAA,2013J,1518989,P2,F1,0.0,0.33740599183117104
AAA,2013J,1618738,P2,F1,0.0,0.4087481168791693
AAA,2013J,1620151,P2,F1,1.0,0.26076252104031983
AAA,2013J,1626710,P2,F1,0.0,0.15967501686145813
AAA,2013J,1640609,P2,F1,0.0,0.12850339431729368
AAA,2013J,1686521,P2,F1,1.0,0.3998518540636479
AAA,2013J,1729319,P2,F1,0.0,0.2238998561281025
AAA,2013J,1746134,P2,F1,0.0,0.3228423091918153
AAA,2013J,1758449,P2,F1,1.0,0.4360846751443229
AAA,2013J,1765788,P2,F1,0.0,0.291782954498164
AAA,2013J,1801229,P2,F1,0.0,0.2143184588709359
AAA,2013J,1801641,P2,F1,0.0,0.37580540613795466
AAA,2013J,1847830,P2,F1,0.0,0.20094126715476177
AAA,2013J,1860318,P2,F1,0.0,0.7354091722447355
AAA,2013J,1889511,P2,F1,0.0,0.49819860797223753
AAA,2013J,1889577,P2,F1,0.0,0.3611476431159126
AAA,2013J,1894188,P2,F1,0.0,0.23912650603008984
AAA,2013J,1938355,P2,F1,0.0,0.17156645906172563
AAA,2013J,1942396,P2,F1,0.0,0.7078696458335364
AAA,2013J,1970390,P2,F1,1.0,0.3138630864558644
AAA,2013J,1976139,P2,F1,0.0,0.5784082063538055
AAA,2013J,2011876,P2,F1,0.0,0.3397846059753611
AAA,2013J,2012966,P2,F1,0.0,0.49938399483294255
AAA,2013J,2051699,P2,F1,0.0,0.4495073259132645
AAA,2013J,2062879,P2,F1,1.0,0.4292978661082787
AAA,2013J,2065691,P2,F1,1.0,0.95585568752942
AAA,2013J,2073016,P2,F1,1.0,0.6258333487646702
AAA,2013J,2080474,P2,F1,0.0,0.25336106245210094
AAA,2013J,2083877,P2,F1,0.0,0.3634089507066719
AAA,2013J,2084066,P2,F1,1.0,0.5427691162500229
AAA,2013J,2104505,P2,F1,0.0,0.37671902107681854
AAA,2013J,2122180,P2,F1,0.0,0.38805150447652714
AAA,2013J,2139353,P2,F1,1.0,0.5494483333561145
AAA,2013J,2143752,P2,F1,0.0,0.6565350212940679
AAA,2013J,2146792,P2,F1,0.0,0.199426438879173
AAA,2013J,2153153,P2,F1,0.0,0.49195368442333226
AAA,2013J,2155014,P2,F1,0.0,0.616707085686794
AAA,2013J,2164705,P2,F1,1.0,0.6214456754497136
AAA,2013J,2171627,P2,F1,0.0,0.4182758590857682
AAA,2013J,2182846,P2,F1,0.0,0.2973958945391407
AAA,2013J,2194100,P2,F1,0.0,0.34560503676467735
AAA,2013J,2197016,P2,F1,0.0,0.22292331444694916
AAA,2013J,2208424,P2,F1,0.0,0.30375975597468896
AAA,2013J,2229865,P2,F1,0.0,0.25836368398219073
AAA,2013J,2255601,P2,F1,1.0,0.35979865686505896
AAA,2013J,2268379,P2,F1,0.0,0.24561546754395588
AAA,2013J,2278464,P2,F1,0.0,0.6530174660188462
AAA,2013J,2293923,P2,F1,0.0,0.5116546223041328
AAA,2013J,2312620,P2,F1,1.0,0.9470927375213565
AAA,2013J,2329342,P2,F1,0.0,0.7453989077031424
AAA,2013J,2339528,P2,F1,0.0,0.8134763005933561
AAA,2013J,2342426,P2,F1,1.0,0.5599297892802175
AAA,2013J,2344901,P2,F1,1.0,0.5004839589687556
AAA,2013J,2358056,P2,F1,1.0,0.41503671512096946
AAA,2013J,2358969,P2,F1,1.0,0.5551982745003915
AAA,2013J,2364471,P2,F1,0.0,0.15758887797742893
AAA,2013J,2367155,P2,F1,0.0,0.504868889023209
AAA,2013J,2369266,P2,F1,0.0,0.6223326515412252
AAA,2013J,2376496,P2,F1,0.0,0.40674088879341475
AAA,2013J,2391984,P2,F1,1.0,0.525148305138736
AAA,2013J,2411661,P2,F1,1.0,0.6659144455660435
AAA,2013J,2411778,P2,F1,1.0,0.21460928231024867
AAA,2013J,2412002,P2,F1,0.0,0.36649213121482904
AAA,2013J,2412967,P2,F1,0.0,0.3215519338089072
AAA,2013J,2429854,P2,F1,1.0,0.6939567123591379
AAA,2013J,2437837,P2,F1,0.0,0.3762489472053267
AAA,2013J,2449878,P2,F1,0.0,0.5778517696167697
AAA,2013J,2456480,P2,F1,1.0,0.9133267684048889
AAA,2013J,2457256,P2,F1,0.0,0.6028527245382863
AAA,2013J,2458355,P2,F1,0.0,0.23397540713534787
AAA,2013J,2460080,P2,F1,0.0,0.14974415695225649
AAA,2013J,2461190,P2,F1,1.0,0.3759739504237911
AAA,2013J,2469673,P2,F1,1.0,0.9255964345386171
AAA,2013J,2470694,P2,F1,1.0,0.6626221837408128
AAA,2013J,2479954,P2,F1,0.0,0.4873352515963034
AAA,2013J,2481901,P2,F1,0.0,0.20109238623549563
AAA,2013J,2482700,P2,F1,0.0,0.506744939414663
AAA,2013J,2486127,P2,F1,0.0,0.38739077974576924
AAA,2013J,2498700,P2,F1,0.0,0.6765088214547168
AAA,2013J,2516503,P2,F1,0.0,0.12573364639625728
AAA,2013J,2518069,P2,F1,0.0,0.2782773880199129
AAA,2013J,2521459,P2,F1,0.0,0.5196230875203851
AAA,2013J,2523736,P2,F1,0.0,0.6280371616991277
AAA,2013J,2529279,P2,F1,0.0,0.22299412665250976
AAA,2013J,2532302,P2,F1,0.0,0.5336805094980416
AAA,2013J,2536991,P2,F1,0.0,0.26840556943059274
AAA,2013J,2550279,P2,F1,0.0,0.27635351099275923
AAA,2013J,2551220,P2,F1,0.0,0.3875029400648687
AAA,2013J,2552472,P2,F1,1.0,0.8797182988605322
AAA,2013J,2555340,P2,F1,0.0,0.07296638567522694
AAA,2013J,2557283,P2,F1,0.0,0.1438539681123654
AAA,2013J,2559575,P2,F1,0.0,0.6390724674819812
AAA,2013J,2562034,P2,F1,0.0,0.6526934336390344
AAA,2013J,2566163,P2,F1,0.0,0.2756604106143369
AAA,2013J,2566592,P2,F1,0.0,0.24028364162736776
AAA,2013J,2569324,P2,F1,1.0,0.9315746747115334
AAA,2013J,2574528,P2,F1,0.0,0.38386892773445536
AAA,2013J,2574583,P2,F1,0.0,0.47553120052767445
AAA,2013J,2576122,P2,F1,1.0,0.4590668378465009
AAA,2013J,2578995,P2,F1,0.0,0.2490128955552019
AAA,2013J,2586560,P2,F1,0.0,0.32325792990438096
AAA,2013J,2594139,P2,F1,0.0,0.374543572466118
AAA,2013J,2598871,P2,F1,0.0,0.36007671019937976
AAA,2013J,2599352,P2,F1,0.0,0.538050257985708
AAA,2013J,2600688,P2,F1,0.0,0.5899028956142307
AAA,2013J,2606098,P2,F1,0.0,0.39748207139306807
AAA,2013J,2613116,P2,F1,0.0,0.5374819694786763
AAA,2013J,2617002,P2,F1,0.0,0.5959515712093769
AAA,2013J,2620584,P2,F1,1.0,0.9008512040322141
AAA,2013J,2639449,P2,F1,0.0,0.47947531649159014
AAA,2013J,2639540,P2,F1,0.0,0.42805724264045364
AAA,2013J,2639641,P2,F1,0.0,0.44888590336150896
AAA,2013J,2641155,P2,F1,0.0,0.25973942093236224
AAA,2013J,2643002,P2,F1,0.0,0.5859810412437834
AAA,2013J,2645733,P2,F1,0.0,0.23245965625522563
AAA,2013J,2649826,P2,F1,0.0,0.3593262450878716
AAA,2013J,2650282,P2,F1,0.0,0.27379294549321614
AAA,2013J,2664024,P2,F1,0.0,0.7032188990759307
AAA,2013J,2666246,P2,F1,0.0,0.3822489083588371
AAA,2013J,2669816,P2,F1,1.0,0.5436166363384894
AAA,2013J,2671132,P2,F1,0.0,0.41526973816359325
AAA,2013J,2676809,P2,F1,1.0,0.7622597445209788
AAA,2013J,2678643,P2,F1,0.0,0.26815536150153396
AAA,2013J,2685865,P2,F1,0.0,0.2758365828204501
AAA,2013J,2688067,P2,F1,0.0,0.5598932709494494
AAA,2013J,2689958,P2,F1,0.0,0.1425688584071469
AAA,2013J,2691206,P2,F1,0.0,0.1987493058329077
AAA,2013J,2691244,P2,F1,0.0,0.8600820281038453
AAA,2013J,2694424,P2,F1,0.0,0.151405021023223
AAA,2013J,2698257,P2,F1,0.0,0.7352287854656319
BBB,2013J,23798,P2,F1,0.0,0.21440056621277884
BBB,2013J,27759,P2,F1,1.0,0.5848896488892278
BBB,2013J,30091,P2,F1,0.0,0.487197291158798
BBB,2013J,31014,P2,F1,1.0,0.18510500746564976
BBB,2013J,31849,P2,F1,0.0,0.3084496991143987
BBB,2013J,37622,P2,F1,0.0,0.6093607146741365
BBB,2013J,38234,P2,F1,1.0,0.5406960766671448
BBB,2013J,47855,P2,F1,1.0,0.9606530384041141
BBB,2013J,48040,P2,F1,0.0,0.3699335995538355
BBB,2013J,48503,P2,F1,0.0,0.369388391047365
BBB,2013J,51301,P2,F1,1.0,0.2037230822403002
BBB,2013J,52797,P2,F1,0.0,0.40760128798452605
BBB,2013J,52899,P2,F1,0.0,0.3835731097772828
BBB,2013J,55026,P2,F1,0.0,0.48652808859979446
BBB,2013J,56340,P2,F1,1.0,0.9270064518238817
BBB,2013J,56789,P2,F1,0.0,0.34381713687014065
BBB,2013J,57079,P2,F1,1.0,0.5302249437845258
BBB,2013J,63044,P2,F1,1.0,0.6599800542506079
BBB,2013J,68556,P2,F1,1.0,0.3136124088120154
BBB,2013J,73489,P2,F1,0.0,0.34963865356184837
BBB,2013J,74585,P2,F1,0.0,0.21341954513622546
BBB,2013J,78255,P2,F1,1.0,0.45096553984750737
BBB,2013J,80717,P2,F1,0.0,0.2982674912795154
BBB,2013J,84812,P2,F1,0.0,0.254402862732547
BBB,2013J,86291,P2,F1,1.0,0.8997582581789025
BBB,2013J,90243,P2,F1,0.0,0.398084764703383
BBB,2013J,96475,P2,F1,0.0,0.5961539928470923
BBB,2013J,97567,P2,F1,0.0,0.221738500415166
BBB,2013J,98268,P2,F1,0.0,0.2293164380688599
BBB,2013J,98720,P2,F1,0.0,0.41509051202742653
BBB,2013J,100282,P2,F1,1.0,0.5652295382796417
BBB,2013J,105527,P2,F1,0.0,0.2688072280958006
BBB,2013J,105851,P2,F1,0.0,0.5267970582080422
BBB,2013J,105883,P2,F1,0.0,0.28212890849813077
BBB,2013J,106588,P2,F1,0.0,0.2811520154915537
BBB,2013J,108118,P2,F1,0.0,0.21113286068268805
BBB,2013J,108760,P2,F1,1.0,0.38479464942846076
BBB,2013J,109372,P2,F1,0.0,0.1946015913009107
BBB,2013J,109782,P2,F1,1.0,0.36922808359143827
BBB,2013J,111942,P2,F1,0.0,0.31579842921705936
BBB,2013J,119898,P2,F1,0.0,0.6308418053785214
BBB,2013J,123716,P2,F1,0.0,0.3099489057760367
BBB,2013J,124909,P2,F1,0.0,0.3099252108673992
BBB,2013J,128386,P2,F1,1.0,0.9042270516847044
BBB,2013J,128889,P2,F1,0.0,0.23784384031657854
BBB,2013J,131051,P2,F1,0.0,0.4129718296971272
BBB,2013J,132626,P2,F1,1.0,0.26098041041716924
BBB,2013J,134563,P2,F1,0.0,0.29834889073671367
BBB,2013J,138289,P2,F1,1.0,0.4313385427309011
BBB,2013J,138920,P2,F1,1.0,0.5557883970288352
BBB,2013J,139549,P2,F1,0.0,0.681870704110374
BBB,2013J,141949,P2,F1,0.0,0.3814479631807447
BBB,2013J,146165,P2,F1,0.0,0.7532183957342831
BBB,2013J,146600,P2,F1,0.0,0.3521802960037717
BBB,2013J,151800,P2,F1,1.0,0.8132697751395246
BBB,2013J,151917,P2,F1,1.0,0.47467079269002727
BBB,2013J,153704,P2,F1,1.0,0.9307248348073625
BBB,2013J,154011,P2,F1,0.0,0.4699024907697775
BBB,2013J,154570,P2,F1,1.0,0.2725396561397847
BBB,2013J,156311,P2,F1,0.0,0.39219167526649845
BBB,2013J,156788,P2,F1,1.0,0.9491618350262182
BBB,2013J,157060,P2,F1,0.0,0.5404792808587076
BBB,2013J,157795,P2,F1,0.0,0.456072303231188
BBB,2013J,161491,P2,F1,0.0,0.3473387062153327
BBB,2013J,162646,P2,F1,1.0,0.9499875627210332
BBB,2013J,169213,P2,F1,0.0,0.6341890616389687
BBB,2013J,174222,P2,F1,0.0,0.697244596973341
BBB,2013J,174440,P2,F1,1.0,0.7254792695195617
BBB,2013J,174487,P2,F1,0.0,0.6743881124351617
BBB,2013J,178738,P2,F1,1.0,0.43595603115243237
BBB,2013J,178963,P2,F1,0.0,0.4779616677867107
BBB,2013J,179254,P2,F1,1.0,0.7196941465659095
BBB,2013J,182661,P2,F1,0.0,0.9590518511585782
BBB,2013J,188026,P2,F1,1.0,0.20213922324800207
BBB,2013J,189095,P2,F1,1.0,0.3373895533517159
BBB,2013J,191269,P2,F1,0.0,0.4633084364376735
BBB,2013J,193215,P2,F1,1.0,0.35906745407713875
BBB,2013J,195096,P2,F1,0.0,0.4538744185204908
BBB,2013J,195938,P2,F1,0.0,0.4178928207254788
BBB,2013J,197240,P2,F1,0.0,0.25894040605112206
BBB,2013J,197412,P2,F1,0.0,0.30004483950117733
BBB,2013J,197759,P2,F1,0.0,0.12981174787599598
BBB,2013J,198339,P2,F1,1.0,0.34727081633366785
BBB,2013J,199029,P2,F1,0.0,0.6834977821020745
BBB,2013J,199663,P2,F1,0.0,0.5514004796071642
BBB,2013J,202879,P2,F1,1.0,0.6943057239602478
BBB,2013J,203640,P2,F1,0.0,0.6012823035736135
BBB,2013J,205788,P2,F1,0.0,0.4230238246123278
BBB,2013J,227416,P2,F1,1.0,0.6430789986874238
BBB,2013J,230081,P2,F1,0.0,0.3557972437752223
BBB,2013J,231959,P2,F1,1.0,0.6238634000652219
BBB,2013J,233317,P2,F1,0.0,0.265061148845191
BBB,2013J,233752,P2,F1,0.0,0.20257836817119884
BBB,2013J,233957,P2,F1,1.0,0.5465997637103944
BBB,2013J,234929,P2,F1,1.0,0.6380000110437495
BBB,2013J,240993,P2,F1,0.0,0.1440178103779672
BBB,2013J,241338,P2,F1,1.0,0.44044298840656365
BBB,2013J,242149,P2,F1,1.0,0.9577806648728125
BBB,2013J,242893,P2,F1,1.0,0.7475032236820732
BBB,2013J,243851,P2,F1,0.0,0.07662951419786028
BBB,2013J,243909,P2,F1,1.0,0.6025483541196549
BBB,2013J,243992,P2,F1,0.0,0.2524438846833219
BBB,2013J,245987,P2,F1,0.0,0.6103673617763253
BBB,2013J,247902,P2,F1,0.0,0.6135464408111005
BBB,2013J,248653,P2,F1,0.0,0.31896521975602815
BBB,2013J,248716,P2,F1,0.0,0.5457179688528664
BBB,2013J,248800,P2,F1,1.0,0.583096918130936
BBB,2013J,251815,P2,F1,1.0,0.953016379387176
BBB,2013J,252257,P2,F1,0.0,0.7336417111086962
BBB,2013J,252652,P2,F1,1.0,0.45242599025722224
BBB,2013J,253577,P2,F1,0.0,0.21360876612767696
BBB,2013J,256998,P2,F1,0.0,0.7595424372273445
BBB,2013J,258035,P2,F1,0.0,0.19903065811936232
BBB,2013J,260179,P2,F1,0.0,0.489282328943926
BBB,2013J,261332,P2,F1,1.0,0.4915468088314855
BBB,2013J,261466,P2,F1,0.0,0.345834276183688
BBB,2013J,262639,P2,F1,0.0,0.43702891550725614
BBB,2013J,264152,P2,F1,0.0,0.16467613908350323
BBB,2013J,264744,P2,F1,0.0,0.41712888813738874
BBB,2013J,265170,P2,F1,1.0,0.19786769596543316
BBB,2013J,266331,P2,F1,0.0,0.26410281375576744
BBB,2013J,266564,P2,F1,0.0,0.5593987363175861
BBB,2013J,266744,P2,F1,1.0,0.3536818827944635
BBB,2013J,268589,P2,F1,0.0,0.35365994290449604
BBB,2013J,269082,P2,F1,0.0,0.1313750628302221
BBB,2013J,269204,P2,F1,0.0,0.3622186512742278
BBB,2013J,270646,P2,F1,0.0,0.5926516974307646
BBB,2013J,272172,P2,F1,1.0,0.39424296863206215
BBB,2013J,272617,P2,F1,1.0,0.641076766955681
BBB,2013J,274247,P2,F1,1.0,0.5763180741586849
BBB,2013J,274971,P2,F1,0.0,0.4970158681991764
BBB,2013J,276925,P2,F1,1.0,0.3727963061276437
BBB,2013J,277537,P2,F1,1.0,0.4590529051101481
BBB,2013J,277812,P2,F1,0.0,0.10870095839904943
BBB,2013J,278272,P2,F1,1.0,0.4533102773135642
BBB,2013J,278794,P2,F1,0.0,0.7072567574000032
BBB,2013J,280140,P2,F1,1.0,0.9043096374119435
BBB,2013J,280151,P2,F1,1.0,0.579299974855451
BBB,2013J,282038,P2,F1,1.0,0.6553877211392019
BBB,2013J,282785,P2,F1,1.0,0.7958935425270378
BBB,2013J,284906,P2,F1,0.0,0.4375947234855428
BBB,2013J,285050,P2,F1,1.0,0.38283833351491203
BBB,2013J,286402,P2,F1,0.0,0.19872166984819842
BBB,2013J,286690,P2,F1,1.0,0.7796938950190854
BBB,2013J,287107,P2,F1,0.0,0.2610569465702157
BBB,2013J,287309,P2,F1,0.0,0.6440742068627836
BBB,2013J,287679,P2,F1,0.0,0.4838881702734066
BBB,2013J,289753,P2,F1,1.0,0.5419960159915358
BBB,2013J,289965,P2,F1,1.0,0.3463787139899456
BBB,2013J,290089,P2,F1,0.0,0.4067194316013335
BBB,2013J,291544,P2,F1,0.0,0.2757118160290124
BBB,2013J,292537,P2,F1,0.0,0.6647445946836275
BBB,2013J,293712,P2,F1,0.0,0.26852820392710397
BBB,2013J,293754,P2,F1,0.0,0.3023410335235558
BBB,2013J,293760,P2,F1,0.0,0.8412800103207451
BBB,2013J,301583,P2,F1,1.0,0.35292839962693434
BBB,2013J,301987,P2,F1,0.0,0.1071350316196172
BBB,2013J,303331,P2,F1,1.0,0.48074810428722226
BBB,2013J,303617,P2,F1,1.0,0.43101179550701596
BBB,2013J,304069,P2,F1,1.0,0.5789153279941198
BBB,2013J,305173,P2,F1,1.0,0.890639396949106
BBB,2013J,305812,P2,F1,1.0,0.956347308077079
BBB,2013J,305935,P2,F1,1.0,0.9150046037130956
BBB,2013J,306964,P2,F1,0.0,0.6841550381928514
BBB,2013J,307193,P2,F1,1.0,0.9443908443291082
BBB,2013J,307230,P2,F1,1.0,0.5224931628837058
BBB,2013J,308359,P2,F1,1.0,0.9301717075417942
BBB,2013J,308509,P2,F1,1.0,0.9267166772584551
BBB,2013J,308703,P2,F1,1.0,0.30828011416004464
BBB,2013J,308852,P2,F1,1.0,0.7484683606708912
BBB,2013J,310125,P2,F1,1.0,0.7222450619729601
BBB,2013J,310933,P2,F1,0.0,0.4308486066173577
BBB,2013J,314850,P2,F1,1.0,0.3255333054581769
BBB,2013J,315105,P2,F1,0.0,0.426099227933805
BBB,2013J,316076,P2,F1,0.0,0.22929282661831202
BBB,2013J,318848,P2,F1,0.0,0.42695267193603015
BBB,2013J,319618,P2,F1,0.0,0.17285348589284183
BBB,2013J,320051,P2,F1,0.0,0.6219191530260213
BBB,2013J,320757,P2,F1,0.0,0.393504755585755
BBB,2013J,323090,P2,F1,0.0,0.2030291128050379
BBB,2013J,323606,P2,F1,0.0,0.3891302324269483
BBB,2013J,324236,P2,F1,1.0,0.35499109950365426
BBB,2013J,324319,P2,F1,1.0,0.9300858361925821
BBB,2013J,324614,P2,F1,1.0,0.7841153444021581
BBB,2013J,325887,P2,F1,0.0,0.22996358479512877
BBB,2013J,329030,P2,F1,1.0,0.2729055293881253
BBB,2013J,329192,P2,F1,0.0,0.1729313363035056
BBB,2013J,333117,P2,F1,1.0,0.2427094300071363
BBB,2013J,333651,P2,F1,1.0,0.3588498524358954
BBB,2013J,335136,P2,F1,1.0,0.14327982726286984
BBB,2013J,335481,P2,F1,1.0,0.5081037765624288
BBB,2013J,336478,P2,F1,0.0,0.3731944972884551
BBB,2013J,336646,P2,F1,1.0,0.7611502455270894
BBB,2013J,337151,P2,F1,0.0,0.47820184645178776
BBB,2013J,338741,P2,F1,0.0,0.6626734010765714
BBB,2013J,339494,P2,F1,0.0,0.2847037843029078
BBB,2013J,339608,P2,F1,0.0,0.6885008569168088
BBB,2013J,340911,P2,F1,0.0,0.8332232927520515
BBB,2013J,340965,P2,F1,0.0,0.42249906564772577
BBB,2013J,342685,P2,F1,0.0,0.4790829954033976
BBB,2013J,344568,P2,F1,0.0,0.5021767157277349
BBB,2013J,345083,P2,F1,1.0,0.16835974779284898
BBB,2013J,345128,P2,F1,1.0,0.7749799897751387
BBB,2013J,349554,P2,F1,0.0,0.150373428823536
BBB,2013J,349675,P2,F1,1.0,0.5044677380993261
BBB,2013J,352112,P2,F1,0.0,0.6877805640915161
BBB,2013J,352339,P2,F1,1.0,0.9356078936472492
BBB,2013J,352688,P2,F1,0.0,0.3682296794009314
BBB,2013J,354779,P2,F1,0.0,0.2731229536612832
BBB,2013J,355591,P2,F1,1.0,0.9577569369492194
BBB,2013J,358289,P2,F1,1.0,0.9565493592215814
BBB,2013J,360876,P2,F1,1.0,0.8134452357900555
BBB,2013J,364073,P2,F1,0.0,0.2829920887271503
BBB,2013J,364666,P2,F1,1.0,0.8304079193868921
BBB,2013J,364871,P2,F1,0.0,0.46018618294749
BBB,2013J,365060,P2,F1,1.0,0.8091932779240278
BBB,2013J,365169,P2,F1,0.0,0.2626881076678138
BBB,2013J,365631,P2,F1,0.0,0.34620447052714515
BBB,2013J,366524,P2,F1,0.0,0.2582360639160099
BBB,2013J,367433,P2,F1,0.0,0.3656863180035877
BBB,2013J,368077,P2,F1,0.0,0.2890231989957986
BBB,2013J,369986,P2,F1,0.0,0.741770698682534
BBB,2013J,370307,P2,F1,1.0,0.5676213766009319
BBB,2013J,370859,P2,F1,0.0,0.2743226931059534
BBB,2013J,371530,P2,F1,0.0,0.952155245739227
BBB,2013J,371888,P2,F1,1.0,0.7562336719042656
BBB,2013J,372172,P2,F1,1.0,0.5689595954259081
BBB,2013J,372658,P2,F1,0.0,0.5911953003376951
BBB,2013J,373174,P2,F1,1.0,0.6074358782258205
BBB,2013J,373269,P2,F1,1.0,0.5518689727167707
BBB,2013J,373807,P2,F1,1.0,0.2397317533269333
BBB,2013J,373848,P2,F1,0.0,0.5179841040038636
BBB,2013J,374038,P2,F1,1.0,0.5402446311878114
BBB,2013J,375960,P2,F1,0.0,0.658119737202206
BBB,2013J,378721,P2,F1,1.0,0.5281411756376767
BBB,2013J,379210,P2,F1,1.0,0.3973868641773997
BBB,2013J,379983,P2,F1,1.0,0.9566263748456751
BBB,2013J,380205,P2,F1,1.0,0.8568526782556655
BBB,2013J,380240,P2,F1,1.0,0.2479232277297918
BBB,2013J,381541,P2,F1,0.0,0.25949397198289625
BBB,2013J,381669,P2,F1,0.0,0.1889299511480528
BBB,2013J,382575,P2,F1,1.0,0.5509892404630549
BBB,2013J,382920,P2,F1,0.0,0.3383832221916139
BBB,2013J,382979,P2,F1,0.0,0.09872288881391594
BBB,2013J,383303,P2,F1,1.0,0.5024753269485859
BBB,2013J,383571,P2,F1,0.0,0.38550436456268505
BBB,2013J,385040,P2,F1,1.0,0.5539380268258067
BBB,2013J,385820,P2,F1,0.0,0.4682027441438144
BBB,2013J,386889,P2,F1,0.0,0.3368791171733707
BBB,2013J,387700,P2,F1,1.0,0.4110262881601813
BBB,2013J,388052,P2,F1,0.0,0.9605908144710864
BBB,2013J,388432,P2,F1,1.0,0.30055519197284875
BBB,2013J,388549,P2,F1,1.0,0.467417531277871
BBB,2013J,388975,P2,F1,1.0,0.5867873332012982
BBB,2013J,389101,P2,F1,0.0,0.3601509008636616
BBB,2013J,389471,P2,F1,1.0,0.7276921318913745
BBB,2013J,390958,P2,F1,0.0,0.39014191218881455
BBB,2013J,392060,P2,F1,0.0,0.2542311690703565
BBB,2013J,392281,P2,F1,1.0,0.36606833656618987
BBB,2013J,393327,P2,F1,0.0,0.3449876994458577
BBB,2013J,395073,P2,F1,1.0,0.9317949092845178
BBB,2013J,395715,P2,F1,1.0,0.15909553163565135
BBB,2013J,396114,P2,F1,0.0,0.2647728324088169
BBB,2013J,397590,P2,F1,1.0,0.9117833610664398
BBB,2013J,398067,P2,F1,0.0,0.3943232047165927
BBB,2013J,398315,P2,F1,1.0,0.9012171030313367
BBB,2013J,398525,P2,F1,0.0,0.39032508701447105
BBB,2013J,398891,P2,F1,0.0,0.3674559895153453
BBB,2013J,398956,P2,F1,1.0,0.895054879833026
BBB,2013J,402993,P2,F1,0.0,0.22029688270922976
BBB,2013J,404269,P2,F1,0.0,0.2776453730108416
BBB,2013J,404671,P2,F1,0.0,0.1592802174364069
BBB,2013J,404708,P2,F1,0.0,0.22892245988265603
BBB,2013J,405945,P2,F1,0.0,0.8127444240894418
BBB,2013J,408106,P2,F1,1.0,0.9319400520153577
BBB,2013J,408975,P2,F1,0.0,0.5779606017380676
BBB,2013J,409160,P2,F1,1.0,0.4468190875383165
BBB,2013J,409698,P2,F1,1.0,0.33551819909325364
BBB,2013J,409930,P2,F1,0.0,0.30205097341018416
BBB,2013J,409945,P2,F1,0.0,0.3755396909008369
BBB,2013J,410052,P2,F1,0.0,0.6631870759186138
BBB,2013J,410281,P2,F1,1.0,0.43656148326281036
BBB,2013J,410357,P2,F1,0.0,0.22550409997134946
BBB,2013J,410537,P2,F1,0.0,0.25534063027734466
BBB,2013J,410842,P2,F1,0.0,0.20669189978306682
BBB,2013J,411126,P2,F1,1.0,0.9498889972594149
BBB,2013J,411226,P2,F1,1.0,0.48430174856135705
BBB,2013J,411642,P2,F1,0.0,0.381170496157474
BBB,2013J,413248,P2,F1,1.0,0.8899088865549027
BBB,2013J,414028,P2,F1,0.0,0.18211952425539013
BBB,2013J,414350,P2,F1,0.0,0.5198690995564468
BBB,2013J,414495,P2,F1,0.0,0.12718485740824803
BBB,2013J,415216,P2,F1,0.0,0.2836097270582526
BBB,2013J,415546,P2,F1,1.0,0.6706996448699466
BBB,2013J,415698,P2,F1,1.0,0.9335235843058152
BBB,2013J,417657,P2,F1,1.0,0.5218835274698357
BBB,2013J,417785,P2,F1,1.0,0.9116351027056038
BBB,2013J,419375,P2,F1,0.0,0.2886679595315683
BBB,2013J,420163,P2,F1,0.0,0.2717331627028141
BBB,2013J,420724,P2,F1,1.0,0.8363551436240633
BBB,2013J,421018,P2,F1,0.0,0.8731587641565391
BBB,2013J,422223,P2,F1,1.0,0.930354416940642
BBB,2013J,422479,P2,F1,0.0,0.45968612819157123
BBB,2013J,423399,P2,F1,0.0,0.9399460970953758
BBB,2013J,424539,P2,F1,0.0,0.6488665550679996
BBB,2013J,424637,P2,F1,1.0,0.4209632528633729
BBB,2013J,425817,P2,F1,1.0,0.9517475132073183
BBB,2013J,426458,P2,F1,0.0,0.6563195845802978
BBB,2013J,427683,P2,F1,1.0,0.747083254993614
BBB,2013J,427921,P2,F1,0.0,0.30775544096014984
BBB,2013J,428323,P2,F1,0.0,0.3175835988181723
BBB,2013J,428653,P2,F1,0.0,0.6955392856684097
BBB,2013J,429610,P2,F1,0.0,0.3500812853221704
BBB,2013J,430392,P2,F1,0.0,0.5199878719271762
BBB,2013J,430708,P2,F1,0.0,0.3773810561529025
BBB,2013J,431071,P2,F1,1.0,0.9598441073071259
BBB,2013J,432144,P2,F1,0.0,0.18916315374622567
BBB,2013J,432237,P2,F1,0.0,0.5643271560670007
BBB,2013J,433280,P2,F1,0.0,0.6537174229981054
BBB,2013J,433864,P2,F1,0.0,0.17199027506678008
BBB,2013J,434397,P2,F1,0.0,0.2693048397986264
BBB,2013J,434585,P2,F1,0.0,0.9299373645716872
BBB,2013J,438068,P2,F1,0.0,0.2861033345521623
BBB,2013J,438551,P2,F1,0.0,0.4176013063950876
BBB,2013J,439182,P2,F1,0.0,0.43771802948574157
BBB,2013J,439294,P2,F1,1.0,0.7029052371078327
BBB,2013J,440225,P2,F1,0.0,0.6874564145826189
BBB,2013J,440563,P2,F1,0.0,0.13688702882755838
BBB,2013J,440593,P2,F1,0.0,0.9450435773403862
BBB,2013J,440765,P2,F1,1.0,0.4936089239365144
BBB,2013J,442910,P2,F1,0.0,0.39189649900365137
BBB,2013J,443108,P2,F1,1.0,0.9288291272321857
BBB,2013J,443923,P2,F1,1.0,0.6127647530436422
BBB,2013J,444225,P2,F1,1.0,0.9519287093935489
BBB,2013J,444821,P2,F1,0.0,0.28720967819470733
BBB,2013J,444960,P2,F1,1.0,0.9102361577652861
BBB,2013J,445351,P2,F1,1.0,0.9263353574246086
BBB,2013J,445760,P2,F1,0.0,0.4824142172063051
BBB,2013J,446345,P2,F1,1.0,0.6155034379994356
BBB,2013J,446873,P2,F1,1.0,0.5545265988526741
BBB,2013J,447086,P2,F1,0.0,0.7527742604562893
BBB,2013J,447516,P2,F1,0.0,0.5450624077676672
BBB,2013J,464525,P2,F1,0.0,0.42806804870087184
BBB,2013J,465730,P2,F1,1.0,0.9409634692025838
BBB,2013J,466202,P2,F1,0.0,0.45633808006891013
BBB,2013J,466477,P2,F1,0.0,0.4679390763334343
BBB,2013J,466800,P2,F1,0.0,0.9536482649238035
BBB,2013J,466854,P2,F1,1.0,0.211756006917349
BBB,2013J,467179,P2,F1,1.0,0.9369158151688128
BBB,2013J,467606,P2,F1,1.0,0.2362675235907128
BBB,2013J,468187,P2,F1,1.0,0.9497507403911383
BBB,2013J,468482,P2,F1,1.0,0.7379928358626927
BBB,2013J,469878,P2,F1,0.0,0.16958901466133697
BBB,2013J,470869,P2,F1,0.0,0.6152629303520972
BBB,2013J,471196,P2,F1,0.0,0.4925620678044174
BBB,2013J,471434,P2,F1,1.0,0.5994414019155343
BBB,2013J,471711,P2,F1,0.0,0.8840314817672944
BBB,2013J,472262,P2,F1,1.0,0.5380432894029119
BBB,2013J,472327,P2,F1,0.0,0.6358484806172949
BBB,2013J,474071,P2,F1,1.0,0.43088969362046936
BBB,2013J,475215,P2,F1,1.0,0.25191341336197626
BBB,2013J,475241,P2,F1,1.0,0.7617350435054709
BBB,2013J,475594,P2,F1,1.0,0.2586796961449056
BBB,2013J,476278,P2,F1,0.0,0.3392512996274283
BBB,2013J,476816,P2,F1,1.0,0.47955096421864646
BBB,2013J,477319,P2,F1,1.0,0.5153716527352836
BBB,2013J,477825,P2,F1,0.0,0.5978573694572095
BBB,2013J,478069,P2,F1,0.0,0.9085742880457827
BBB,2013J,478718,P2,F1,1.0,0.9487877762543366
BBB,2013J,478967,P2,F1,1.0,0.8818195344951432
BBB,2013J,479020,P2,F1,0.0,0.6630208371249745
BBB,2013J,479170,P2,F1,0.0,0.14010995485507685
BBB,2013J,479305,P2,F1,0.0,0.5912378249160545
BBB,2013J,479853,P2,F1,0.0,0.21529765475943774
BBB,2013J,480667,P2,F1,1.0,0.5185805747196235
BBB,2013J,480888,P2,F1,0.0,0.3990431737670065
BBB,2013J,481448,P2,F1,1.0,0.9557389588813286
BBB,2013J,482356,P2,F1,0.0,0.3835717072916424
BBB,2013J,482680,P2,F1,0.0,0.4252864044427019
BBB,2013J,482810,P2,F1,0.0,0.21137920459403425
BBB,2013J,483646,P2,F1,0.0,0.6202443077204087
BBB,2013J,483703,P2,F1,1.0,0.22925787925167787
BBB,2013J,483744,P2,F1,1.0,0.49810938716429437
BBB,2013J,483876,P2,F1,0.0,0.5438649809583609
BBB,2013J,484135,P2,F1,0.0,0.886576746100691
BBB,2013J,484301,P2,F1,0.0,0.22997000627838776
BBB,2013J,484412,P2,F1,0.0,0.22873392809565757
BBB,2013J,485006,P2,F1,0.0,0.5235476735818079
BBB,2013J,485439,P2,F1,1.0,0.6199487197539114
BBB,2013J,485534,P2,F1,0.0,0.25530779300747397
BBB,2013J,485762,P2,F1,0.0,0.5293159193370676
BBB,2013J,485772,P2,F1,1.0,0.3964699831816799
BBB,2013J,486004,P2,F1,0.0,0.5855270033754352
BBB,2013J,486457,P2,F1,0.0,0.4366192354157004
BBB,2013J,487214,P2,F1,1.0,0.4508306939934681
BBB,2013J,487371,P2,F1,0.0,0.3304778016114374
BBB,2013J,487681,P2,F1,0.0,0.5004704621637903
BBB,2013J,488176,P2,F1,1.0,0.920364233342289
BBB,2013J,488195,P2,F1,0.0,0.3959790403112774
BBB,2013J,488427,P2,F1,0.0,0.7360302050887386
BBB,2013J,489320,P2,F1,0.0,0.6565188207692393
BBB,2013J,489889,P2,F1,0.0,0.6847116242956254
BBB,2013J,490500,P2,F1,1.0,0.7239769238112226
BBB,2013J,490677,P2,F1,0.0,0.2588619484942069
BBB,2013J,490894,P2,F1,1.0,0.49509747735501153
BBB,2013J,491097,P2,F1,1.0,0.8153041974536704
BBB,2013J,491279,P2,F1,0.0,0.8455315638507822
BBB,2013J,491907,P2,F1,1.0,0.6333529697001077
BBB,2013J,491966,P2,F1,0.0,0.9232234393906468
BBB,2013J,492153,P2,F1,0.0,0.45048640038758264
BBB,2013J,492286,P2,F1,0.0,0.4473703025991405
BBB,2013J,492478,P2,F1,1.0,0.4339680043856921
BBB,2013J,492726,P2,F1,0.0,0.32759340754533
BBB,2013J,493453,P2,F1,0.0,0.7411870866103143
BBB,2013J,493465,P2,F1,0.0,0.77600572326959
BBB,2013J,493999,P2,F1,1.0,0.7231105433187115
BBB,2013J,494214,P2,F1,0.0,0.1603184885044861
BBB,2013J,494471,P2,F1,1.0,0.4204516323523388
BBB,2013J,494789,P2,F1,0.0,0.12444717856459511
BBB,2013J,494896,P2,F1,1.0,0.4581843743766188
BBB,2013J,494960,P2,F1,0.0,0.24057820089750148
BBB,2013J,495035,P2,F1,0.0,0.36921789338119
BBB,2013J,495449,P2,F1,0.0,0.3639240754842854
BBB,2013J,495509,P2,F1,0.0,0.46503037556270793
BBB,2013J,495625,P2,F1,0.0,0.32303589596582927
BBB,2013J,495875,P2,F1,1.0,0.9493435903092311
BBB,2013J,495879,P2,F1,0.0,0.935660637459392
BBB,2013J,495913,P2,F1,0.0,0.6407716294242569
BBB,2013J,496091,P2,F1,1.0,0.5544862589830661
BBB,2013J,496334,P2,F1,1.0,0.33379138984256607
BBB,2013J,496442,P2,F1,0.0,0.5414734697514189
BBB,2013J,496764,P2,F1,0.0,0.31681843007046484
BBB,2013J,497130,P2,F1,0.0,0.37619848876654943
BBB,2013J,497632,P2,F1,0.0,0.9314253569330523
BBB,2013J,498543,P2,F1,0.0,0.9471052907750522
BBB,2013J,498635,P2,F1,0.0,0.2891185611544137
BBB,2013J,498755,P2,F1,0.0,0.4666167774376472
BBB,2013J,498841,P2,F1,1.0,0.5054840014829719
BBB,2013J,498892,P2,F1,1.0,0.622712288719667
BBB,2013J,499624,P2,F1,1.0,0.4071430553618832
BBB,2013J,499822,P2,F1,1.0,0.7754847596712889
BBB,2013J,500016,P2,F1,0.0,0.5915294286167248
BBB,2013J,500135,P2,F1,1.0,0.2407857834388816
BBB,2013J,500279,P2,F1,1.0,0.9347108771377697
BBB,2013J,500552,P2,F1,0.0,0.3595036602032883
BBB,2013J,500668,P2,F1,0.0,0.1295754550329312
BBB,2013J,501053,P2,F1,1.0,0.9553558433966355
BBB,2013J,501208,P2,F1,0.0,0.9512660785714655
BBB,2013J,501637,P2,F1,0.0,0.2424089645222099
BBB,2013J,501862,P2,F1,1.0,0.9437957449668877
BBB,2013J,501945,P2,F1,1.0,0.29853891380314374
BBB,2013J,502391,P2,F1,1.0,0.909471540376142
BBB,2013J,503322,P2,F1,0.0,0.38516233331766403
BBB,2013J,503516,P2,F1,1.0,0.6614940478311244
BBB,2013J,503804,P2,F1,0.0,0.5762013184127055
BBB,2013J,503878,P2,F1,1.0,0.9615646902022448
BBB,2013J,504013,P2,F1,0.0,0.5121795186804862
BBB,2013J,504022,P2,F1,0.0,0.6367952492703624
BBB,2013J,504466,P2,F1,0.0,0.2898191610608914
BBB,2013J,504635,P2,F1,0.0,0.3733975290628875
BBB,2013J,505413,P2,F1,0.0,0.5056837785171769
BBB,2013J,505595,P2,F1,1.0,0.9560118059928308
BBB,2013J,506185,P2,F1,1.0,0.35608905311570166
BBB,2013J,506248,P2,F1,1.0,0.43413513869107123
BBB,2013J,506804,P2,F1,0.0,0.7265833708651133
BBB,2013J,506980,P2,F1,1.0,0.9485310535341488
BBB,2013J,507016,P2,F1,0.0,0.4676243671361551
BBB,2013J,507279,P2,F1,1.0,0.8356632312271989
BBB,2013J,507387,P2,F1,1.0,0.43480972622992803
BBB,2013J,507389,P2,F1,1.0,0.9427913012672169
BBB,2013J,507676,P2,F1,1.0,0.7768478358403245
BBB,2013J,508028,P2,F1,0.0,0.21532986483379898
BBB,2013J,508047,P2,F1,1.0,0.5969289557828261
BBB,2013J,508079,P2,F1,0.0,0.44890634918713934
BBB,2013J,508414,P2,F1,1.0,0.9411959881376077
BBB,2013J,508422,P2,F1,1.0,0.7053419207517626
BBB,2013J,508517,P2,F1,1.0,0.6448751941641938
BBB,2013J,508759,P2,F1,1.0,0.20911788466448836
BBB,2013J,509036,P2,F1,1.0,0.4680067485931805
BBB,2013J,509236,P2,F1,1.0,0.9538186737499711
BBB,2013J,509258,P2,F1,1.0,0.558339443953255
BBB,2013J,509390,P2,F1,1.0,0.9075127380459896
BBB,2013J,509607,P2,F1,0.0,0.20850417451496175
BBB,2013J,509845,P2,F1,1.0,0.7507654703857085
BBB,2013J,509913,P2,F1,1.0,0.5399692744867907
BBB,2013J,510149,P2,F1,1.0,0.46873996332428675
BBB,2013J,510438,P2,F1,1.0,0.9288851241901396
BBB,2013J,510776,P2,F1,1.0,0.960076118219499
BBB,2013J,510868,P2,F1,1.0,0.82053247047317
BBB,2013J,511678,P2,F1,0.0,0.30437130932292067
BBB,2013J,512417,P2,F1,0.0,0.24846238861060901
BBB,2013J,512581,P2,F1,1.0,0.20274435363800428
BBB,2013J,512775,P2,F1,0.0,0.3702801911406776
BBB,2013J,512839,P2,F1,1.0,0.5727776276324955
BBB,2013J,512883,P2,F1,1.0,0.9371293245298675
BBB,2013J,512940,P2,F1,0.0,0.1923830492701342
BBB,2013J,512977,P2,F1,0.0,0.6337122432025429
BBB,2013J,513076,P2,F1,1.0,0.705310220446553
BBB,2013J,513836,P2,F1,1.0,0.36175703970717976
BBB,2013J,514043,P2,F1,0.0,0.6960649319468404
BBB,2013J,514074,P2,F1,1.0,0.6315080372929671
BBB,2013J,514302,P2,F1,0.0,0.4443742150031669
BBB,2013J,514445,P2,F1,0.0,0.39238332742364895
BBB,2013J,514776,P2,F1,1.0,0.8362852336468466
BBB,2013J,514864,P2,F1,0.0,0.39808191087292105
BBB,2013J,515203,P2,F1,1.0,0.7710902737544902
BBB,2013J,515417,P2,F1,1.0,0.9000629321948512
BBB,2013J,515646,P2,F1,0.0,0.7197527626251696
BBB,2013J,515676,P2,F1,0.0,0.7201556625347744
BBB,2013J,516364,P2,F1,1.0,0.5903686423269761
BBB,2013J,516926,P2,F1,1.0,0.4986388732398571
BBB,2013J,517000,P2,F1,0.0,0.24074094075674776
BBB,2013J,517016,P2,F1,1.0,0.883665497153562
BBB,2013J,517231,P2,F1,0.0,0.06808780833296842
BBB,2013J,517352,P2,F1,0.0,0.4350516811276158
BBB,2013J,517553,P2,F1,1.0,0.9415823080079958
BBB,2013J,518126,P2,F1,0.0,0.7460712866706835
BBB,2013J,518223,P2,F1,0.0,0.45180882371060127
BBB,2013J,518258,P2,F1,0.0,0.43981872086950546
BBB,2013J,518496,P2,F1,0.0,0.3433328821089399
BBB,2013J,519294,P2,F1,0.0,0.7671061762872127
BBB,2013J,519584,P2,F1,0.0,0.20785405373653146
BBB,2013J,519622,P2,F1,1.0,0.8674747363602338
BBB,2013J,520002,P2,F1,0.0,0.48508044100947806
BBB,2013J,520006,P2,F1,0.0,0.3782167775121513
BBB,2013J,520024,P2,F1,1.0,0.5358840323082822
BBB,2013J,520100,P2,F1,1.0,0.6745624040040785
BBB,2013J,520286,P2,F1,0.0,0.239245573741625
BBB,2013J,520325,P2,F1,1.0,0.3706189079787162
BBB,2013J,521341,P2,F1,0.0,0.3598601892970037
BBB,2013J,521509,P2,F1,0.0,0.6426764343898662
BBB,2013J,521590,P2,F1,0.0,0.25278361290721896
BBB,2013J,521666,P2,F1,1.0,0.935427111195137
BBB,2013J,521895,P2,F1,0.0,0.8787628660649144
BBB,2013J,521957,P2,F1,1.0,0.796640983970094
BBB,2013J,522426,P2,F1,0.0,0.2840563919703428
BBB,2013J,522434,P2,F1,0.0,0.43607052844791483
BBB,2013J,522441,P2,F1,0.0,0.40329788958630125
BBB,2013J,522443,P2,F1,1.0,0.34316357570272793
BBB,2013J,522446,P2,F1,0.0,0.27669533229097143
BBB,2013J,522529,P2,F1,0.0,0.1741644023043803
BBB,2013J,522622,P2,F1,0.0,0.905600562560717
BBB,2013J,522650,P2,F1,1.0,0.4751007223131737
BBB,2013J,522714,P2,F1,0.0,0.23854059308728157
BBB,2013J,522792,P2,F1,0.0,0.26371116182683096
BBB,2013J,522889,P2,F1,1.0,0.4904078357467488
BBB,2013J,522891,P2,F1,0.0,0.29132358867020686
BBB,2013J,522894,P2,F1,0.0,0.12711296999020671
BBB,2013J,522899,P2,F1,1.0,0.16663034537007537
BBB,2013J,523331,P2,F1,1.0,0.9484676029542516
BBB,2013J,523398,P2,F1,1.0,0.9268166536460584
BBB,2013J,523466,P2,F1,0.0,0.4179448799721603
BBB,2013J,523545,P2,F1,0.0,0.3913598803531561
BBB,2013J,523655,P2,F1,0.0,0.9427115171708298
BBB,2013J,523757,P2,F1,1.0,0.8365352061880388
BBB,2013J,523857,P2,F1,0.0,0.28717224523518087
BBB,2013J,523875,P2,F1,0.0,0.17514623024634884
BBB,2013J,523928,P2,F1,0.0,0.43450087033048895
BBB,2013J,524076,P2,F1,1.0,0.7470767711204336
BBB,2013J,524496,P2,F1,1.0,0.9079673393448724
BBB,2013J,524790,P2,F1,0.0,0.13781550967497988
BBB,2013J,525877,P2,F1,1.0,0.799808050877265
BBB,2013J,525885,P2,F1,1.0,0.22064230197776893
BBB,2013J,525974,P2,F1,0.0,0.2522930010223003
BBB,2013J,526088,P2,F1,1.0,0.7208912335978614
BBB,2013J,526177,P2,F1,0.0,0.39833613702515747
BBB,2013J,526810,P2,F1,1.0,0.2531551925236513
BBB,2013J,527393,P2,F1,0.0,0.3200304200611306
BBB,2013J,527580,P2,F1,0.0,0.46223954348942975
BBB,2013J,527636,P2,F1,1.0,0.5034789315783474
BBB,2013J,527689,P2,F1,1.0,0.9442818956805084
BBB,2013J,527799,P2,F1,1.0,0.7264511200202226
BBB,2013J,528056,P2,F1,1.0,0.5285226314420688
BBB,2013J,528464,P2,F1,0.0,0.8138135624272695
BBB,2013J,529000,P2,F1,1.0,0.948789424350299
BBB,2013J,529597,P2,F1,1.0,0.819323599718934
BBB,2013J,529795,P2,F1,1.0,0.40212289086824016
BBB,2013J,530021,P2,F1,1.0,0.6443887244407612
BBB,2013J,530112,P2,F1,1.0,0.943284136751844
BBB,2013J,530487,P2,F1,0.0,0.1549764688169622
BBB,2013J,530514,P2,F1,0.0,0.7440601142206307
BBB,2013J,530753,P2,F1,1.0,0.4826293880597193
BBB,2013J,530841,P2,F1,0.0,0.34800919343524245
BBB,2013J,531384,P2,F1,0.0,0.16792324334481315
BBB,2013J,531643,P2,F1,0.0,0.09710808165382974
BBB,2013J,532114,P2,F1,1.0,0.6956095377226377
BBB,2013J,532335,P2,F1,0.0,0.47525131028289824
BBB,2013J,532477,P2,F1,0.0,0.1494708222278014
BBB,2013J,532615,P2,F1,0.0,0.3568217864264988
BBB,2013J,532739,P2,F1,0.0,0.2846725474685824
BBB,2013J,532750,P2,F1,0.0,0.35109225822461515
BBB,2013J,532839,P2,F1,1.0,0.49426782637921346
BBB,2013J,532868,P2,F1,1.0,0.2127687933345068
BBB,2013J,532869,P2,F1,0.0,0.3524177073299912
BBB,2013J,533091,P2,F1,0.0,0.6966902831822801
BBB,2013J,533164,P2,F1,1.0,0.6590161047924027
BBB,2013J,533301,P2,F1,0.0,0.410857832702762
BBB,2013J,534133,P2,F1,0.0,0.4734620087465944
BBB,2013J,534323,P2,F1,0.0,0.42758551618101065
BBB,2013J,534816,P2,F1,1.0,0.44429931960420865
BBB,2013J,534946,P2,F1,0.0,0.7211646240493461
BBB,2013J,534998,P2,F1,0.0,0.4861086252376665
BBB,2013J,535269,P2,F1,1.0,0.9040798168786707
BBB,2013J,535379,P2,F1,0.0,0.417950869556992
BBB,2013J,535833,P2,F1,0.0,0.7498337217717379
BBB,2013J,536318,P2,F1,0.0,0.25483184882276994
BBB,2013J,536632,P2,F1,0.0,0.2823295275964828
BBB,2013J,536649,P2,F1,1.0,0.44339971675138035
BBB,2013J,536660,P2,F1,0.0,0.6828804688856112
BBB,2013J,536663,P2,F1,1.0,0.5016434462920161
BBB,2013J,536664,P2,F1,1.0,0.9446623394100602
BBB,2013J,536666,P2,F1,0.0,0.49095188603796286
BBB,2013J,536852,P2,F1,1.0,0.3777660796700141
BBB,2013J,536992,P2,F1,0.0,0.5947923704618365
BBB,2013J,537271,P2,F1,1.0,0.44139447151376426
BBB,2013J,538210,P2,F1,0.0,0.5323567862449136
BBB,2013J,539426,P2,F1,1.0,0.9662921667449277
BBB,2013J,539670,P2,F1,1.0,0.7756748232227519
BBB,2013J,540005,P2,F1,0.0,0.928691992369573
BBB,2013J,540249,P2,F1,1.0,0.5725500091517363
BBB,2013J,540293,P2,F1,0.0,0.5650547105571028
BBB,2013J,540521,P2,F1,0.0,0.609552788039198
BBB,2013J,540602,P2,F1,0.0,0.3153863515913881
BBB,2013J,540682,P2,F1,0.0,0.3128352987130821
BBB,2013J,541171,P2,F1,1.0,0.6006121365495897
BBB,2013J,541274,P2,F1,0.0,0.259931561558716
BBB,2013J,541586,P2,F1,0.0,0.17476408578216437
BBB,2013J,541702,P2,F1,0.0,0.41276822528005774
BBB,2013J,542296,P2,F1,0.0,0.6207155337401131
BBB,2013J,542472,P2,F1,1.0,0.9560591317192243
BBB,2013J,542574,P2,F1,0.0,0.2792127046085057
BBB,2013J,542707,P2,F1,1.0,0.6199876587377683
BBB,2013J,543021,P2,F1,1.0,0.443325437765571
BBB,2013J,543279,P2,F1,1.0,0.7613120095072301
BBB,2013J,543418,P2,F1,1.0,0.5730327167038238
BBB,2013J,543428,P2,F1,0.0,0.5512240235629947
BBB,2013J,544122,P2,F1,0.0,0.29002250592629253
BBB,2013J,544627,P2,F1,1.0,0.9493435903092311
BBB,2013J,545200,P2,F1,0.0,0.5319834507474234
BBB,2013J,545247,P2,F1,1.0,0.9454693553569804
BBB,2013J,545297,P2,F1,1.0,0.5668525366166923
BBB,2013J,545298,P2,F1,0.0,0.6331221305904616
BBB,2013J,545443,P2,F1,0.0,0.7511562364740724
BBB,2013J,545462,P2,F1,0.0,0.25260853165949004
BBB,2013J,546195,P2,F1,1.0,0.8406174690179983
BBB,2013J,546196,P2,F1,0.0,0.29158309117523945
BBB,2013J,546941,P2,F1,0.0,0.1812358564692724
BBB,2013J,547311,P2,F1,1.0,0.3358514487588512
BBB,2013J,547718,P2,F1,1.0,0.47690659486787307
BBB,2013J,547979,P2,F1,1.0,0.9705001371182239
BBB,2013J,548197,P2,F1,0.0,0.5251477460540496
BBB,2013J,548899,P2,F1,0.0,0.4113066729812441
BBB,2013J,549129,P2,F1,0.0,0.5036965821090221
BBB,2013J,549226,P2,F1,1.0,0.39867403570529814
BBB,2013J,549445,P2,F1,0.0,0.7151134270881461
BBB,2013J,549586,P2,F1,0.0,0.5793456272556509
BBB,2013J,549745,P2,F1,1.0,0.7944255019183066
BBB,2013J,549873,P2,F1,1.0,0.9282100972115076
BBB,2013J,549918,P2,F1,1.0,0.2511915416612183
BBB,2013J,550412,P2,F1,0.0,0.6764068366480183
BBB,2013J,550559,P2,F1,1.0,0.5609956870218706
BBB,2013J,550880,P2,F1,0.0,0.27674040868938987
BBB,2013J,550941,P2,F1,0.0,0.3281526136391985
BBB,2013J,551031,P2,F1,1.0,0.34316980279544035
BBB,2013J,551136,P2,F1,1.0,0.9349210446354853
BBB,2013J,551205,P2,F1,0.0,0.6842931908104368
BBB,2013J,551219,P2,F1,0.0,0.25352498490981473
BBB,2013J,551234,P2,F1,0.0,0.24838164435008153
BBB,2013J,551347,P2,F1,0.0,0.3925448724661195
BBB,2013J,551515,P2,F1,1.0,0.9555038073110961
BBB,2013J,551802,P2,F1,1.0,0.417099912509545
BBB,2013J,551836,P2,F1,0.0,0.32526572869846626
BBB,2013J,552116,P2,F1,0.0,0.8954333398537873
BBB,2013J,552177,P2,F1,1.0,0.5068484833613559
BBB,2013J,552205,P2,F1,0.0,0.5893275614780401
BBB,2013J,552339,P2,F1,0.0,0.17124270713323353
BBB,2013J,552399,P2,F1,0.0,0.21985488042334117
BBB,2013J,552515,P2,F1,0.0,0.42710854007168464
BBB,2013J,552622,P2,F1,0.0,0.40737138933820277
BBB,2013J,552883,P2,F1,1.0,0.6551536360936872
BBB,2013J,553078,P2,F1,0.0,0.41260843465456865
BBB,2013J,553825,P2,F1,0.0,0.43336607133073607
BBB,2013J,553856,P2,F1,0.0,0.2501511043367119
BBB,2013J,553893,P2,F1,1.0,0.9008804399175864
BBB,2013J,554243,P2,F1,1.0,0.5617754314867519
BBB,2013J,554297,P2,F1,1.0,0.8652977705641764
BBB,2013J,554314,P2,F1,1.0,0.318395458706931
BBB,2013J,554540,P2,F1,0.0,0.35212963181946527
BBB,2013J,555061,P2,F1,1.0,0.7013479820595157
BBB,2013J,555346,P2,F1,0.0,0.4160727347846892
BBB,2013J,555614,P2,F1,0.0,0.22453129110418166
BBB,2013J,555721,P2,F1,0.0,0.45728993329895085
BBB,2013J,556062,P2,F1,1.0,0.9059684934784077
BBB,2013J,556089,P2,F1,0.0,0.6221005058387739
BBB,2013J,556175,P2,F1,0.0,0.7563904225723355
BBB,2013J,556228,P2,F1,0.0,0.2856434722439051
BBB,2013J,556427,P2,F1,1.0,0.3611328072958951
BBB,2013J,556592,P2,F1,0.0,0.32415376332202717
BBB,2013J,556738,P2,F1,1.0,0.9308455297956348
BBB,2013J,556972,P2,F1,0.0,0.5074200902771554
BBB,2013J,557652,P2,F1,1.0,0.928444622785949
BBB,2013J,558035,P2,F1,1.0,0.15577019056951397
BBB,2013J,558333,P2,F1,0.0,0.5468941081815666
BBB,2013J,558533,P2,F1,0.0,0.32235119489830644
BBB,2013J,558661,P2,F1,1.0,0.5740017369936321
BBB,2013J,558755,P2,F1,1.0,0.6260296964147195
BBB,2013J,558962,P2,F1,0.0,0.40218464438942725
BBB,2013J,558983,P2,F1,1.0,0.1352482922585019
BBB,2013J,559139,P2,F1,1.0,0.357472529077441
BBB,2013J,559168,P2,F1,0.0,0.2618940072494967
BBB,2013J,559382,P2,F1,0.0,0.6626153728312935
BBB,2013J,559414,P2,F1,0.0,0.324956456610423
BBB,2013J,559584,P2,F1,0.0,0.3669318551042736
BBB,2013J,559685,P2,F1,1.0,0.5810325780160631
BBB,2013J,559851,P2,F1,0.0,0.4136847517453925
BBB,2013J,560030,P2,F1,1.0,0.9078566085651327
BBB,2013J,560074,P2,F1,0.0,0.2032703396325968
BBB,2013J,560430,P2,F1,1.0,0.6329340549483713
BBB,2013J,560567,P2,F1,0.0,0.5703707627757031
BBB,2013J,560676,P2,F1,1.0,0.9383322137601393
BBB,2013J,560773,P2,F1,0.0,0.2065352859781443
BBB,2013J,560920,P2,F1,1.0,0.2737994900932873
BBB,2013J,561312,P2,F1,0.0,0.24882720310628742
BBB,2013J,561457,P2,F1,0.0,0.2363114658133994
BBB,2013J,561534,P2,F1,0.0,0.30383487698776884
BBB,2013J,561549,P2,F1,1.0,0.21127639169683632
BBB,2013J,561591,P2,F1,0.0,0.17442071679362542
BBB,2013J,561640,P2,F1,0.0,0.3477420298943518
BBB,2013J,561674,P2,F1,1.0,0.9538854436519882
BBB,2013J,561841,P2,F1,0.0,0.3782333802448936
BBB,2013J,561932,P2,F1,1.0,0.8860957597348186
BBB,2013J,562090,P2,F1,0.0,0.8797755854157727
BBB,2013J,562270,P2,F1,0.0,0.8917730244835494
BBB,2013J,562456,P2,F1,1.0,0.22454790677908237
BBB,2013J,563174,P2,F1,1.0,0.7095524738666407
BBB,2013J,563374,P2,F1,1.0,0.5133206032652599
BBB,2013J,563706,P2,F1,0.0,0.3936124701928316
BBB,2013J,563733,P2,F1,0.0,0.5702565948038094
BBB,2013J,563735,P2,F1,0.0,0.3988050930667499
BBB,2013J,563769,P2,F1,1.0,0.7403272968812092
BBB,2013J,563794,P2,F1,0.0,0.4056065068404292
BBB,2013J,564105,P2,F1,0.0,0.22708859459658728
BBB,2013J,564129,P2,F1,0.0,0.9443873919767675
BBB,2013J,564144,P2,F1,0.0,0.59854475778727
BBB,2013J,564245,P2,F1,0.0,0.2385738362709927
BBB,2013J,564268,P2,F1,0.0,0.5293914026155443
BBB,2013J,564596,P2,F1,1.0,0.9277502408366289
BBB,2013J,564626,P2,F1,1.0,0.6713560967071007
BBB,2013J,564792,P2,F1,1.0,0.19137730947063664
BBB,2013J,564898,P2,F1,0.0,0.6255745501927668
BBB,2013J,564958,P2,F1,0.0,0.3330001349049331
BBB,2013J,565035,P2,F1,1.0,0.950362858106023
BBB,2013J,565393,P2,F1,1.0,0.527255132837843
BBB,2013J,565513,P2,F1,0.0,0.24235677834822134
BBB,2013J,565582,P2,F1,0.0,0.3065466932957416
BBB,2013J,565607,P2,F1,0.0,0.34311657472079954
BBB,2013J,565715,P2,F1,0.0,0.1930910660215214
BBB,2013J,565888,P2,F1,0.0,0.6263567084914423
BBB,2013J,565919,P2,F1,0.0,0.40176793263336646
BBB,2013J,566133,P2,F1,0.0,0.44368045254241284
BBB,2013J,566339,P2,F1,0.0,0.7096214854881062
BBB,2013J,566346,P2,F1,0.0,0.13120517041032187
BBB,2013J,566358,P2,F1,1.0,0.4295634856555361
BBB,2013J,566369,P2,F1,0.0,0.3183315040932156
BBB,2013J,566392,P2,F1,1.0,0.21530594898172842
BBB,2013J,566407,P2,F1,0.0,0.28722307831316846
BBB,2013J,566415,P2,F1,0.0,0.8249991768217657
BBB,2013J,566720,P2,F1,0.0,0.47381417926336217
BBB,2013J,566813,P2,F1,0.0,0.3715339141498151
BBB,2013J,566814,P2,F1,0.0,0.36509395614402484
BBB,2013J,567013,P2,F1,1.0,0.9131173052722753
BBB,2013J,567033,P2,F1,0.0,0.3335833641604079
BBB,2013J,567160,P2,F1,1.0,0.7200827885727179
BBB,2013J,567262,P2,F1,0.0,0.3737245775569678
BBB,2013J,567363,P2,F1,0.0,0.37218367190455026
BBB,2013J,567402,P2,F1,0.0,0.48167426331065133
BBB,2013J,567429,P2,F1,0.0,0.5641857901194982
BBB,2013J,567500,P2,F1,0.0,0.2797152649843657
BBB,2013J,567627,P2,F1,0.0,0.41761617455034433
BBB,2013J,567754,P2,F1,0.0,0.20191262735308424
BBB,2013J,567915,P2,F1,1.0,0.6560314939297945
BBB,2013J,567929,P2,F1,1.0,0.22591570752127713
BBB,2013J,567958,P2,F1,0.0,0.4005352622630183
BBB,2013J,567979,P2,F1,0.0,0.5732991391612087
BBB,2013J,568074,P2,F1,0.0,0.37396276121035876
BBB,2013J,568370,P2,F1,1.0,0.262261255482195
BBB,2013J,568474,P2,F1,0.0,0.5803362707364634
BBB,2013J,568502,P2,F1,0.0,0.6294393189071127
BBB,2013J,568533,P2,F1,0.0,0.7730625298851069
BBB,2013J,568609,P2,F1,1.0,0.142612858793891
BBB,2013J,568775,P2,F1,1.0,0.8270728333426364
BBB,2013J,569035,P2,F1,0.0,0.2242797118474106
BBB,2013J,569141,P2,F1,0.0,0.59958463938098
BBB,2013J,569334,P2,F1,1.0,0.9274816184972954
BBB,2013J,569854,P2,F1,0.0,0.3310545776404365
BBB,2013J,569862,P2,F1,0.0,0.2625389396909824
BBB,2013J,569930,P2,F1,0.0,0.18928131134951778
BBB,2013J,570137,P2,F1,0.0,0.27749620590629653
BBB,2013J,570157,P2,F1,0.0,0.2618351031211951
BBB,2013J,570168,P2,F1,0.0,0.18869914241215582
BBB,2013J,570271,P2,F1,0.0,0.2694860353045263
BBB,2013J,570287,P2,F1,0.0,0.5693299943746506
BBB,2013J,570351,P2,F1,0.0,0.8859159417091638
BBB,2013J,570519,P2,F1,1.0,0.869425978330597
BBB,2013J,570623,P2,F1,0.0,0.16437308118639993
BBB,2013J,570759,P2,F1,0.0,0.31238752224971794
BBB,2013J,570783,P2,F1,0.0,0.4486862237131913
BBB,2013J,570864,P2,F1,0.0,0.32775691875658175
BBB,2013J,571083,P2,F1,0.0,0.4485822954180035
BBB,2013J,571143,P2,F1,1.0,0.9149142551075644
BBB,2013J,571441,P2,F1,0.0,0.28038951933699635
BBB,2013J,571503,P2,F1,0.0,0.6623698682494749
BBB,2013J,571516,P2,F1,0.0,0.13901128867512494
BBB,2013J,571554,P2,F1,0.0,0.24916025810566408
BBB,2013J,571672,P2,F1,1.0,0.9691777889986917
BBB,2013J,571681,P2,F1,0.0,0.13764605127347973
BBB,2013J,571693,P2,F1,1.0,0.6657914990628552
BBB,2013J,571779,P2,F1,0.0,0.5747968853180971
BBB,2013J,571871,P2,F1,0.0,0.4526585108720974
BBB,2013J,571885,P2,F1,0.0,0.3849416838804071
BBB,2013J,571907,P2,F1,0.0,0.3455548896944369
BBB,2013J,572051,P2,F1,0.0,0.4874250481536564
BBB,2013J,572067,P2,F1,0.0,0.26884602368893
BBB,2013J,572103,P2,F1,0.0,0.2181907254637493
BBB,2013J,572131,P2,F1,1.0,0.9417677791451854
BBB,2013J,572163,P2,F1,1.0,0.5033900065176354
BBB,2013J,572173,P2,F1,1.0,0.9368471013630715
BBB,2013J,572277,P2,F1,1.0,0.40939131485070934
BBB,2013J,572302,P2,F1,1.0,0.5377795456273584
BBB,2013J,572416,P2,F1,0.0,0.40335824858469793
BBB,2013J,572436,P2,F1,0.0,0.3423512988955558
BBB,2013J,572447,P2,F1,0.0,0.38195880928432924
BBB,2013J,572495,P2,F1,1.0,0.3816913428989719
BBB,2013J,572504,P2,F1,0.0,0.36453402424174963
BBB,2013J,572508,P2,F1,0.0,0.3563183451249008
BBB,2013J,572514,P2,F1,1.0,0.40694673210138893
BBB,2013J,572733,P2,F1,0.0,0.2661537422099914
BBB,2013J,572739,P2,F1,1.0,0.6597455973987979
BBB,2013J,572752,P2,F1,0.0,0.2733391183843681
BBB,2013J,572765,P2,F1,0.0,0.45181453275932476
BBB,2013J,572770,P2,F1,1.0,0.9432207116604877
BBB,2013J,572898,P2,F1,0.0,0.30506749891559604
BBB,2013J,572918,P2,F1,1.0,0.33148022838676705
BBB,2013J,572937,P2,F1,1.0,0.738004926104205
BBB,2013J,573043,P2,F1,0.0,0.3934637279974839
BBB,2013J,573063,P2,F1,0.0,0.6087475677691249
BBB,2013J,573159,P2,F1,1.0,0.3971422934795091
BBB,2013J,573208,P2,F1,0.0,0.4759734778234313
BBB,2013J,573217,P2,F1,1.0,0.5495751694427441
BBB,2013J,573223,P2,F1,1.0,0.9135182177904143
BBB,2013J,573225,P2,F1,1.0,0.6074046719068057
BBB,2013J,573275,P2,F1,1.0,0.9675200495470652
BBB,2013J,573321,P2,F1,1.0,0.9434583570972468
BBB,2013J,573411,P2,F1,0.0,0.24063050749273904
BBB,2013J,573433,P2,F1,0.0,0.1421954986416778
BBB,2013J,573441,P2,F1,1.0,0.572059764727087
BBB,2013J,573453,P2,F1,0.0,0.410960808585945
BBB,2013J,573487,P2,F1,1.0,0.8608566391504144
BBB,2013J,573519,P2,F1,0.0,0.4763642235844707
BBB,2013J,573578,P2,F1,0.0,0.3884763393433754
BBB,2013J,573654,P2,F1,0.0,0.20258747890653625
BBB,2013J,573694,P2,F1,1.0,0.5779827786168396
BBB,2013J,573777,P2,F1,0.0,0.19535313475974259
BBB,2013J,573790,P2,F1,0.0,0.35194457720653693
BBB,2013J,573821,P2,F1,0.0,0.31980129516873984
BBB,2013J,573831,P2,F1,0.0,0.4635052892738955
BBB,2013J,573893,P2,F1,1.0,0.5454745851670025
BBB,2013J,573986,P2,F1,0.0,0.5774461286612046
BBB,2013J,574002,P2,F1,1.0,0.481837471568881
BBB,2013J,574051,P2,F1,1.0,0.8178738628460545
BBB,2013J,574065,P2,F1,0.0,0.3669667444480973
BBB,2013J,574125,P2,F1,0.0,0.3500890969791916
BBB,2013J,574194,P2,F1,0.0,0.33408061507320025
BBB,2013J,574212,P2,F1,0.0,0.1345262327157936
BBB,2013J,574250,P2,F1,0.0,0.4325644731838398
BBB,2013J,574320,P2,F1,0.0,0.1432565368979366
BBB,2013J,574348,P2,F1,0.0,0.13175070231557032
BBB,2013J,574549,P2,F1,0.0,0.4399720233460432
BBB,2013J,574648,P2,F1,0.0,0.4055871981291952
BBB,2013J,574708,P2,F1,1.0,0.41956869689156706
BBB,2013J,574766,P2,F1,1.0,0.6533064481532884
BBB,2013J,574810,P2,F1,1.0,0.7819155505976957
BBB,2013J,574973,P2,F1,0.0,0.27388140276739564
BBB,2013J,575018,P2,F1,0.0,0.29918274280787954
BBB,2013J,575089,P2,F1,1.0,0.3941286217295939
BBB,2013J,575100,P2,F1,1.0,0.8459689720629106
BBB,2013J,575124,P2,F1,0.0,0.222120767440868
BBB,2013J,575281,P2,F1,1.0,0.4538777821240766
BBB,2013J,575290,P2,F1,0.0,0.41133696053326024
BBB,2013J,575387,P2,F1,0.0,0.23436251291528193
BBB,2013J,575423,P2,F1,1.0,0.8508072387556049
BBB,2013J,575480,P2,F1,1.0,0.949660431105995
BBB,2013J,575560,P2,F1,0.0,0.2057568943372501
BBB,2013J,575681,P2,F1,0.0,0.36249748492038525
BBB,2013J,575897,P2,F1,1.0,0.9443908443291082
BBB,2013J,575927,P2,F1,1.0,0.1584991318110846
BBB,2013J,575929,P2,F1,1.0,0.662135302403811
BBB,2013J,575930,P2,F1,0.0,0.42807054068057704
BBB,2013J,575982,P2,F1,1.0,0.5562706328882843
BBB,2013J,576158,P2,F1,0.0,0.47337329173560666
BBB,2013J,576226,P2,F1,1.0,0.35148126018893827
BBB,2013J,576483,P2,F1,0.0,0.4351532651834154
BBB,2013J,576524,P2,F1,1.0,0.4871217582753403
BBB,2013J,576600,P2,F1,0.0,0.22622644655993762
BBB,2013J,576714,P2,F1,1.0,0.46694810620331906
BBB,2013J,576815,P2,F1,1.0,0.8388380527634121
BBB,2013J,576841,P2,F1,0.0,0.284820254929458
BBB,2013J,576882,P2,F1,1.0,0.589310979643395
BBB,2013J,576935,P2,F1,1.0,0.23824609256501356
BBB,2013J,576940,P2,F1,0.0,0.21129470230904082
BBB,2013J,576946,P2,F1,0.0,0.2270321066266298
BBB,2013J,576947,P2,F1,1.0,0.7925852392693055
BBB,2013J,576981,P2,F1,0.0,0.36812316437781756
BBB,2013J,576983,P2,F1,1.0,0.4269352574801025
BBB,2013J,576996,P2,F1,1.0,0.9399923620959504
BBB,2013J,577007,P2,F1,1.0,0.9527358732858123
BBB,2013J,577049,P2,F1,1.0,0.9446623394100602
BBB,2013J,577069,P2,F1,0.0,0.40378212676721975
BBB,2013J,577096,P2,F1,0.0,0.18928036260555434
BBB,2013J,577099,P2,F1,0.0,0.3510395320687657
BBB,2013J,577256,P2,F1,0.0,0.5979968359501999
BBB,2013J,577280,P2,F1,0.0,0.5374215836930714
BBB,2013J,577286,P2,F1,0.0,0.6281344636692444
BBB,2013J,577347,P2,F1,1.0,0.942639446929645
BBB,2013J,577376,P2,F1,0.0,0.24061511096265464
BBB,2013J,577498,P2,F1,1.0,0.5398222230740631
BBB,2013J,577648,P2,F1,1.0,0.5942587807429861
BBB,2013J,577659,P2,F1,1.0,0.8641346153951502
BBB,2013J,577680,P2,F1,0.0,0.287324650822666
BBB,2013J,577692,P2,F1,1.0,0.4941091495269127
BBB,2013J,577824,P2,F1,0.0,0.4946810980890225
BBB,2013J,577905,P2,F1,1.0,0.8707565293239421
BBB,2013J,577914,P2,F1,0.0,0.21516563558739643
BBB,2013J,577915,P2,F1,0.0,0.5760458648592964
BBB,2013J,577949,P2,F1,1.0,0.9470900386109172
BBB,2013J,577980,P2,F1,0.0,0.4515621017888344
BBB,2013J,578030,P2,F1,0.0,0.156685351668556
BBB,2013J,578057,P2,F1,1.0,0.5733711738198748
BBB,2013J,578062,P2,F1,1.0,0.5527355529656655
BBB,2013J,578109,P2,F1,0.0,0.3799043390606396
BBB,2013J,578197,P2,F1,0.0,0.5366304865833558
BBB,2013J,578362,P2,F1,1.0,0.3004907589972764
BBB,2013J,578447,P2,F1,0.0,0.640545790569725
BBB,2013J,578520,P2,F1,1.0,0.9431813103779348
BBB,2013J,578546,P2,F1,0.0,0.5849027685895969
BBB,2013J,578578,P2,F1,0.0,0.468764478897149
BBB,2013J,578600,P2,F1,0.0,0.33344074830114234
BBB,2013J,578676,P2,F1,1.0,0.5189616669285959
BBB,2013J,578717,P2,F1,0.0,0.3781918910970977
BBB,2013J,578739,P2,F1,1.0,0.925578265049717
BBB,2013J,578854,P2,F1,1.0,0.2589162276406371
BBB,2013J,579255,P2,F1,1.0,0.429356040924198
BBB,2013J,579279,P2,F1,0.0,0.4567710718184175
BBB,2013J,579316,P2,F1,0.0,0.6106361630936743
BBB,2013J,579486,P2,F1,1.0,0.9539249616482847
BBB,2013J,579549,P2,F1,0.0,0.24262127828599808
BBB,2013J,579571,P2,F1,0.0,0.5778229147975302
BBB,2013J,579575,P2,F1,0.0,0.6749042110000187
BBB,2013J,579619,P2,F1,0.0,0.4054820707841134
BBB,2013J,579718,P2,F1,1.0,0.9227155137018125
BBB,2013J,579762,P2,F1,0.0,0.2700544920281375
BBB,2013J,580094,P2,F1,0.0,0.20739827302450756
BBB,2013J,580314,P2,F1,1.0,0.941045851566209
BBB,2013J,580346,P2,F1,0.0,0.091078475815032
BBB,2013J,580360,P2,F1,0.0,0.6807759036399097
BBB,2013J,580412,P2,F1,1.0,0.4594103818232119
BBB,2013J,580540,P2,F1,0.0,0.5326036375932882
BBB,2013J,580592,P2,F1,1.0,0.6498821771800088
BBB,2013J,580612,P2,F1,0.0,0.3217307956813411
BBB,2013J,580646,P2,F1,0.0,0.3016556246274945
BBB,2013J,580684,P2,F1,1.0,0.288640475048752
BBB,2013J,580880,P2,F1,0.0,0.3155383281164331
BBB,2013J,580883,P2,F1,0.0,0.24221343658328667
BBB,2013J,580960,P2,F1,0.0,0.3661867893136125
BBB,2013J,580975,P2,F1,1.0,0.21345740419177348
BBB,2013J,581027,P2,F1,1.0,0.9129361124336132
BBB,2013J,581038,P2,F1,1.0,0.5420924638393211
BBB,2013J,581139,P2,F1,0.0,0.5887301431708237
BBB,2013J,581235,P2,F1,1.0,0.27104700803200227
BBB,2013J,581305,P2,F1,1.0,0.4967543115509326
BBB,2013J,581431,P2,F1,1.0,0.931262283375048
BBB,2013J,581530,P2,F1,0.0,0.46824983488098554
BBB,2013J,581586,P2,F1,0.0,0.24307378331565777
BBB,2013J,581625,P2,F1,1.0,0.49173195715616685
BBB,2013J,581657,P2,F1,0.0,0.4945911495047617
BBB,2013J,581826,P2,F1,1.0,0.8344419717377133
BBB,2013J,582093,P2,F1,1.0,0.805910482225467
BBB,2013J,582123,P2,F1,0.0,0.4055089464657869
BBB,2013J,582182,P2,F1,1.0,0.9510428158862773
BBB,2013J,582184,P2,F1,1.0,0.31060932542770775
BBB,2013J,582190,P2,F1,1.0,0.4646268286481606
BBB,2013J,582218,P2,F1,1.0,0.8292819810217279
BBB,2013J,582243,P2,F1,1.0,0.651010601421978
BBB,2013J,582301,P2,F1,1.0,0.45380687361232264
BBB,2013J,582305,P2,F1,0.0,0.25183117754719914
BBB,2013J,582333,P2,F1,0.0,0.1788445911082016
BBB,2013J,582390,P2,F1,0.0,0.3189464383825652
BBB,2013J,582394,P2,F1,0.0,0.42458607739875615
BBB,2013J,582406,P2,F1,0.0,0.41215318184546823
BBB,2013J,582439,P2,F1,1.0,0.9157846334495807
BBB,2013J,582446,P2,F1,0.0,0.21456418259866913
BBB,2013J,582474,P2,F1,0.0,0.4060879334802947
BBB,2013J,582574,P2,F1,0.0,0.4257384561649766
BBB,2013J,582578,P2,F1,0.0,0.40413397062530104
BBB,2013J,582591,P2,F1,1.0,0.35371166056954195
BBB,2013J,582636,P2,F1,0.0,0.8781135756045977
BBB,2013J,582650,P2,F1,0.0,0.3129102260277159
BBB,2013J,582833,P2,F1,1.0,0.8164531928826352
BBB,2013J,582878,P2,F1,0.0,0.3181801483836859
BBB,2013J,582940,P2,F1,0.0,0.5480350434927054
BBB,2013J,582958,P2,F1,0.0,0.12538384283875423
BBB,2013J,582975,P2,F1,0.0,0.1578140084686003
BBB,2013J,583007,P2,F1,1.0,0.9271897032437643
BBB,2013J,583012,P2,F1,0.0,0.7179811755672143
BBB,2013J,583021,P2,F1,1.0,0.9216620735734459
BBB,2013J,583039,P2,F1,0.0,0.24657417135030726
BBB,2013J,583098,P2,F1,1.0,0.8934312160873917
BBB,2013J,583113,P2,F1,1.0,0.21822233660251997
BBB,2013J,583142,P2,F1,1.0,0.46836218350892117
BBB,2013J,583170,P2,F1,0.0,0.21136915561853464
BBB,2013J,583191,P2,F1,0.0,0.5698355348202718
BBB,2013J,583240,P2,F1,1.0,0.42989270593093637
BBB,2013J,583255,P2,F1,1.0,0.5706078776337903
BBB,2013J,583301,P2,F1,1.0,0.9533390498361555
BBB,2013J,583367,P2,F1,1.0,0.8997009513130754
BBB,2013J,583433,P2,F1,0.0,0.18665144491407218
BBB,2013J,583459,P2,F1,0.0,0.6167460471265421
BBB,2013J,583473,P2,F1,0.0,0.7128575990414644
BBB,2013J,583534,P2,F1,1.0,0.9521532575616685
BBB,2013J,583598,P2,F1,1.0,0.596498541834108
BBB,2013J,583609,P2,F1,0.0,0.25565209984702675
BBB,2013J,583645,P2,F1,0.0,0.33491947207171135
BBB,2013J,583708,P2,F1,0.0,0.28103687885282197
BBB,2013J,583873,P2,F1,0.0,0.3899753538307775
BBB,2013J,583964,P2,F1,0.0,0.8987699675393084
BBB,2013J,583970,P2,F1,0.0,0.27925945018605586
BBB,2013J,583977,P2,F1,1.0,0.8798926045243738
BBB,2013J,584042,P2,F1,0.0,0.5436282700805621
BBB,2013J,584178,P2,F1,0.0,0.5444376202327461
BBB,2013J,584238,P2,F1,1.0,0.7787955434387952
BBB,2013J,584325,P2,F1,1.0,0.6554203189874115
BBB,2013J,584408,P2,F1,1.0,0.49333878843259577
BBB,2013J,584580,P2,F1,0.0,0.8770708016066605
BBB,2013J,584611,P2,F1,1.0,0.7476266006934279
BBB,2013J,584735,P2,F1,1.0,0.5277706142769294
BBB,2013J,584762,P2,F1,1.0,0.19667079456708575
BBB,2013J,584766,P2,F1,0.0,0.30053442788846413
BBB,2013J,584813,P2,F1,0.0,0.2940011438105819
BBB,2013J,585074,P2,F1,1.0,0.7962893837219723
BBB,2013J,585170,P2,F1,0.0,0.715194025200463
BBB,2013J,585200,P2,F1,0.0,0.26907083773061496
BBB,2013J,585212,P2,F1,0.0,0.3506109140088124
BBB,2013J,585355,P2,F1,1.0,0.9447705876658452
BBB,2013J,585406,P2,F1,0.0,0.8253116722143707
BBB,2013J,585603,P2,F1,0.0,0.4692930945243697
BBB,2013J,585611,P2,F1,0.0,0.25170563865819184
BBB,2013J,585644,P2,F1,0.0,0.8168651339827531
BBB,2013J,585652,P2,F1,0.0,0.4610334180580378
BBB,2013J,585693,P2,F1,0.0,0.1854871457927959
BBB,2013J,585779,P2,F1,0.0,0.3665350199598326
BBB,2013J,585790,P2,F1,1.0,0.8983143068786416
BBB,2013J,585816,P2,F1,1.0,0.4040516398158559
BBB,2013J,585915,P2,F1,1.0,0.9141709525638047
BBB,2013J,585963,P2,F1,1.0,0.6710106920485568
BBB,2013J,586072,P2,F1,1.0,0.7945602790694836
BBB,2013J,586078,P2,F1,0.0,0.7251931060092777
BBB,2013J,586145,P2,F1,1.0,0.380437436901444
BBB,2013J,586165,P2,F1,1.0,0.5373260703542347
BBB,2013J,586346,P2,F1,0.0,0.3640597503530695
BBB,2013J,586393,P2,F1,1.0,0.9418903907048973
BBB,2013J,586407,P2,F1,1.0,0.519784541708561
BBB,2013J,586416,P2,F1,0.0,0.19286489576075586
BBB,2013J,586440,P2,F1,0.0,0.5196111005092716
BBB,2013J,586490,P2,F1,1.0,0.8532784232916086
BBB,2013J,586516,P2,F1,1.0,0.18335780363837315
BBB,2013J,586535,P2,F1,0.0,0.18071976029725773
BBB,2013J,586581,P2,F1,0.0,0.18169076696631092
BBB,2013J,586720,P2,F1,1.0,0.6791861267996967
BBB,2013J,586742,P2,F1,0.0,0.5607603045411583
BBB,2013J,586836,P2,F1,1.0,0.7425023566014891
BBB,2013J,586843,P2,F1,0.0,0.2736477280105439
BBB,2013J,586882,P2,F1,1.0,0.7385036721174991
BBB,2013J,586928,P2,F1,1.0,0.3092110689006236
BBB,2013J,586996,P2,F1,0.0,0.2311832279012763
BBB,2013J,587051,P2,F1,1.0,0.3624896001920411
BBB,2013J,587071,P2,F1,1.0,0.9463919050879881
BBB,2013J,587192,P2,F1,0.0,0.26781014597426495
BBB,2013J,587194,P2,F1,1.0,0.6491197037012739
BBB,2013J,587219,P2,F1,1.0,0.33659735605715885
BBB,2013J,587223,P2,F1,0.0,0.4105644746231242
BBB,2013J,587297,P2,F1,0.0,0.3151382089862897
BBB,2013J,587409,P2,F1,0.0,0.9311665982905847
BBB,2013J,587418,P2,F1,0.0,0.21861343064953848
BBB,2013J,587423,P2,F1,0.0,0.4454562355544223
BBB,2013J,587564,P2,F1,0.0,0.8179902347265081
BBB,2013J,587702,P2,F1,0.0,0.22312851667112366
BBB,2013J,587722,P2,F1,0.0,0.21889828753866222
BBB,2013J,587732,P2,F1,0.0,0.3515620438390028
BBB,2013J,587754,P2,F1,0.0,0.389167705038331
BBB,2013J,587755,P2,F1,0.0,0.5683911336708342
BBB,2013J,587810,P2,F1,0.0,0.41883149439877965
BBB,2013J,587824,P2,F1,1.0,0.42093544891329593
BBB,2013J,587838,P2,F1,1.0,0.6552593372699658
BBB,2013J,587923,P2,F1,0.0,0.38693652378473214
BBB,2013J,587961,P2,F1,1.0,0.9391245410577542
BBB,2013J,587985,P2,F1,0.0,0.5859905573625658
BBB,2013J,588117,P2,F1,0.0,0.33608825217783506
BBB,2013J,588265,P2,F1,0.0,0.7758259375406789
BBB,2013J,588321,P2,F1,1.0,0.6054544552376283
BBB,2013J,588355,P2,F1,0.0,0.4619039866693416
BBB,2013J,588432,P2,F1,1.0,0.6185920285988947
BBB,2013J,588642,P2,F1,0.0,0.3767992230035583
BBB,2013J,588691,P2,F1,1.0,0.9471012207907182
BBB,2013J,588713,P2,F1,1.0,0.9467093389279287
BBB,2013J,588883,P2,F1,0.0,0.3322967068675028
BBB,2013J,588910,P2,F1,0.0,0.14136778674967823
BBB,2013J,589067,P2,F1,0.0,0.5136611097423943
BBB,2013J,589123,P2,F1,0.0,0.42821764926693356
BBB,2013J,589154,P2,F1,1.0,0.686130487588624
BBB,2013J,589296,P2,F1,0.0,0.3106800963788179
BBB,2013J,589302,P2,F1,0.0,0.21066225719194318
BBB,2013J,589411,P2,F1,0.0,0.46467532379172205
BBB,2013J,589471,P2,F1,1.0,0.40275638140102543
BBB,2013J,589508,P2,F1,0.0,0.09481901745970413
BBB,2013J,589509,P2,F1,0.0,0.24160700445309194
BBB,2013J,589903,P2,F1,0.0,0.580831489455228
BBB,2013J,589950,P2,F1,0.0,0.7783780722613387
BBB,2013J,590107,P2,F1,1.0,0.603573634168177
BBB,2013J,590202,P2,F1,0.0,0.17310653807540627
BBB,2013J,590231,P2,F1,0.0,0.32631309528085556
BBB,2013J,590305,P2,F1,1.0,0.9164495380175769
BBB,2013J,590308,P2,F1,1.0,0.5657442794893973
BBB,2013J,590325,P2,F1,0.0,0.5386841357744443
BBB,2013J,590360,P2,F1,1.0,0.6701705291087369
BBB,2013J,590362,P2,F1,0.0,0.22996817625157276
BBB,2013J,590365,P2,F1,1.0,0.20899501188077582
BBB,2013J,590372,P2,F1,0.0,0.3964948895152331
BBB,2013J,590502,P2,F1,1.0,0.416286892598684
BBB,2013J,590625,P2,F1,0.0,0.3471116205644239
BBB,2013J,590667,P2,F1,0.0,0.3016478710446397
BBB,2013J,590668,P2,F1,1.0,0.8704321633628176
BBB,2013J,590812,P2,F1,1.0,0.7326733044702298
BBB,2013J,590867,P2,F1,1.0,0.8519999630394379
BBB,2013J,590923,P2,F1,1.0,0.7126645688114868
BBB,2013J,590931,P2,F1,0.0,0.23784895816642038
BBB,2013J,590994,P2,F1,0.0,0.3966969720268042
BBB,2013J,591030,P2,F1,0.0,0.5200442530998876
BBB,2013J,591034,P2,F1,1.0,0.6107560352228645
BBB,2013J,591223,P2,F1,0.0,0.13182553786881832
BBB,2013J,591257,P2,F1,1.0,0.5181163815770282
BBB,2013J,591273,P2,F1,0.0,0.2324564083277546
BBB,2013J,591299,P2,F1,0.0,0.3082195562093153
BBB,2013J,591410,P2,F1,1.0,0.6755300793823672
BBB,2013J,591414,P2,F1,0.0,0.2672513046516718
BBB,2013J,591420,P2,F1,0.0,0.3945772549503368
BBB,2013J,591440,P2,F1,1.0,0.9577772438696748
BBB,2013J,591501,P2,F1,0.0,0.405501607948521
BBB,2013J,591518,P2,F1,0.0,0.3172090044967097
BBB,2013J,591558,P2,F1,0.0,0.48008214249704856
BBB,2013J,591574,P2,F1,0.0,0.24831682291012294
BBB,2013J,591589,P2,F1,0.0,0.5698643451944316
BBB,2013J,591591,P2,F1,1.0,0.5046885184612429
BBB,2013J,591608,P2,F1,1.0,0.9403979717740015
BBB,2013J,591785,P2,F1,1.0,0.9086464051164781
BBB,2013J,591787,P2,F1,0.0,0.8300899235877223
BBB,2013J,591820,P2,F1,0.0,0.2725160043990541
BBB,2013J,591895,P2,F1,1.0,0.8670537194706882
BBB,2013J,591978,P2,F1,1.0,0.5721127067187669
BBB,2013J,592081,P2,F1,1.0,0.5277570746658193
BBB,2013J,592147,P2,F1,0.0,0.23224394255074612
BBB,2013J,592205,P2,F1,0.0,0.8807731741921091
BBB,2013J,592256,P2,F1,1.0,0.9161489988542783
BBB,2013J,592290,P2,F1,0.0,0.6046601522953505
BBB,2013J,592317,P2,F1,0.0,0.4475884349634991
BBB,2013J,592322,P2,F1,0.0,0.2672985380373847
BBB,2013J,592406,P2,F1,1.0,0.9303652323151133
BBB,2013J,592441,P2,F1,0.0,0.23381627907949565
BBB,2013J,592471,P2,F1,0.0,0.21448177908989524
BBB,2013J,592480,P2,F1,0.0,0.349766527503154
BBB,2013J,592496,P2,F1,0.0,0.2114769199654776
BBB,2013J,592618,P2,F1,0.0,0.4264597550414839
BBB,2013J,592624,P2,F1,0.0,0.6475074334242926
BBB,2013J,592772,P2,F1,0.0,0.5932327380186522
BBB,2013J,592815,P2,F1,1.0,0.26005216021920347
BBB,2013J,592854,P2,F1,0.0,0.41064377969180865
BBB,2013J,592900,P2,F1,0.0,0.297151984261226
BBB,2013J,592949,P2,F1,1.0,0.751590381389601
BBB,2013J,593023,P2,F1,0.0,0.5954893691532851
BBB,2013J,593081,P2,F1,0.0,0.41719391514231224
BBB,2013J,593189,P2,F1,1.0,0.9089718903264601
BBB,2013J,593281,P2,F1,1.0,0.5027294510258568
BBB,2013J,593299,P2,F1,1.0,0.8137176478945399
BBB,2013J,593385,P2,F1,0.0,0.22519146660811146
BBB,2013J,593421,P2,F1,0.0,0.4573683273338811
BBB,2013J,593427,P2,F1,0.0,0.4377991271949783
BBB,2013J,593440,P2,F1,1.0,0.6849516936198173
BBB,2013J,593441,P2,F1,1.0,0.4340603268101684
BBB,2013J,593443,P2,F1,1.0,0.9407392532916168
BBB,2013J,593444,P2,F1,0.0,0.5147506066161949
BBB,2013J,593510,P2,F1,0.0,0.7614188066379025
BBB,2013J,593513,P2,F1,0.0,0.6834030509024931
BBB,2013J,593514,P2,F1,1.0,0.3899955403953836
BBB,2013J,593593,P2,F1,0.0,0.35176163140540767
BBB,2013J,593613,P2,F1,1.0,0.4190010440418353
BBB,2013J,593631,P2,F1,0.0,0.3318239778424735
BBB,2013J,593685,P2,F1,0.0,0.6516931607471576
BBB,2013J,593692,P2,F1,0.0,0.6657685884306456
BBB,2013J,593694,P2,F1,0.0,0.18513945404110252
BBB,2013J,593695,P2,F1,0.0,0.6622043634561134
BBB,2013J,593706,P2,F1,1.0,0.9422861656223223
BBB,2013J,593707,P2,F1,1.0,0.8511455664323485
BBB,2013J,593709,P2,F1,1.0,0.5807527917691833
BBB,2013J,593711,P2,F1,0.0,0.9381249909586523
BBB,2013J,593712,P2,F1,0.0,0.4557777594885523
BBB,2013J,593715,P2,F1,0.0,0.608737370991932
BBB,2013J,593727,P2,F1,0.0,0.6014195348505367
BBB,2013J,593743,P2,F1,0.0,0.3560560199925126
BBB,2013J,593798,P2,F1,0.0,0.39867691359827123
BBB,2013J,593871,P2,F1,0.0,0.3815856652017353
BBB,2013J,593875,P2,F1,0.0,0.13904119504837303
BBB,2013J,593898,P2,F1,0.0,0.2456257748346252
BBB,2013J,593900,P2,F1,0.0,0.26158096423624916
BBB,2013J,593930,P2,F1,1.0,0.9451347294365223
BBB,2013J,594015,P2,F1,0.0,0.39517268985298465
BBB,2013J,594038,P2,F1,1.0,0.8586446039434151
BBB,2013J,594043,P2,F1,1.0,0.4612775013206613
BBB,2013J,594056,P2,F1,0.0,0.17089844785133698
BBB,2013J,594456,P2,F1,0.0,0.3330121876348836
BBB,2013J,594468,P2,F1,0.0,0.39250812530186696
BBB,2013J,594497,P2,F1,1.0,0.6166108881671891
BBB,2013J,594529,P2,F1,0.0,0.3658545093772607
BBB,2013J,594607,P2,F1,1.0,0.9586840436856328
BBB,2013J,594677,P2,F1,0.0,0.35530944008844995
BBB,2013J,594693,P2,F1,0.0,0.427047585519528
BBB,2013J,594697,P2,F1,1.0,0.48586300750745287
BBB,2013J,594762,P2,F1,0.0,0.38100643423523656
BBB,2013J,594774,P2,F1,1.0,0.9265102625261316
BBB,2013J,594776,P2,F1,0.0,0.24564506277400802
BBB,2013J,594845,P2,F1,1.0,0.6571808128822297
BBB,2013J,594928,P2,F1,0.0,0.31402080898750456
BBB,2013J,595010,P2,F1,1.0,0.48652857288017937
BBB,2013J,595094,P2,F1,1.0,0.6123455148337023
BBB,2013J,595103,P2,F1,0.0,0.4350934162875447
BBB,2013J,595138,P2,F1,0.0,0.3246329402595732
BBB,2013J,595232,P2,F1,1.0,0.4921063302269482
BBB,2013J,595241,P2,F1,1.0,0.7440961451008395
BBB,2013J,595295,P2,F1,0.0,0.5731213275649434
BBB,2013J,595298,P2,F1,1.0,0.9217368643007227
BBB,2013J,595345,P2,F1,0.0,0.4174858807303815
BBB,2013J,595436,P2,F1,0.0,0.25259745290636726
BBB,2013J,595499,P2,F1,1.0,0.4133385337153303
BBB,2013J,595509,P2,F1,1.0,0.9290787356787841
BBB,2013J,595570,P2,F1,1.0,0.7854689879266721
BBB,2013J,595672,P2,F1,1.0,0.3023842282332377
BBB,2013J,595678,P2,F1,0.0,0.5190099722674194
BBB,2013J,595711,P2,F1,1.0,0.5298704870387833
BBB,2013J,595816,P2,F1,1.0,0.9508978584253955
BBB,2013J,595818,P2,F1,0.0,0.32603683226757846
BBB,2013J,595854,P2,F1,0.0,0.5730610052276985
BBB,2013J,595874,P2,F1,0.0,0.41040860819098024
BBB,2013J,595877,P2,F1,1.0,0.5073844398781361
BBB,2013J,595925,P2,F1,0.0,0.21665940239573328
BBB,2013J,595959,P2,F1,1.0,0.9436239750682651
BBB,2013J,596016,P2,F1,1.0,0.8139297220855479
BBB,2013J,596017,P2,F1,0.0,0.40827857534498513
BBB,2013J,596041,P2,F1,1.0,0.43530804659429867
BBB,2013J,596100,P2,F1,1.0,0.944388755597874
BBB,2013J,596107,P2,F1,0.0,0.8098405496486232
BBB,2013J,596108,P2,F1,0.0,0.921539830527111
BBB,2013J,596114,P2,F1,0.0,0.19860666985825853
BBB,2013J,596144,P2,F1,0.0,0.2523597088112368
BBB,2013J,596242,P2,F1,0.0,0.5250097777235927
BBB,2013J,596275,P2,F1,1.0,0.6678683776640078
BBB,2013J,596305,P2,F1,0.0,0.33106821821303534
BBB,2013J,596360,P2,F1,1.0,0.7614100009086525
BBB,2013J,596372,P2,F1,0.0,0.19344330630353618
BBB,2013J,596390,P2,F1,0.0,0.5497763660464394
BBB,2013J,596417,P2,F1,0.0,0.28798611282357833
BBB,2013J,596451,P2,F1,0.0,0.16759183839073927
BBB,2013J,596535,P2,F1,0.0,0.18729339110046314
BBB,2013J,596583,P2,F1,1.0,0.9186163364155492
BBB,2013J,596596,P2,F1,1.0,0.2189218694236122
BBB,2013J,596677,P2,F1,1.0,0.49793854232838075
BBB,2013J,596814,P2,F1,1.0,0.9278709941990257
BBB,2013J,596820,P2,F1,1.0,0.9175250688751938
BBB,2013J,596847,P2,F1,0.0,0.7471003846360708
BBB,2013J,596849,P2,F1,1.0,0.23254056575374266
BBB,2013J,596892,P2,F1,1.0,0.5666396870694275
BBB,2013J,596897,P2,F1,0.0,0.36236880034484154
BBB,2013J,596961,P2,F1,1.0,0.37679120685517187
BBB,2013J,596964,P2,F1,0.0,0.35309166967575495
BBB,2013J,597033,P2,F1,1.0,0.7269694190611456
BBB,2013J,597050,P2,F1,0.0,0.39629990165604434
BBB,2013J,597078,P2,F1,1.0,0.38432529226926626
BBB,2013J,597102,P2,F1,0.0,0.26904887664029215
BBB,2013J,597142,P2,F1,1.0,0.9190028752820545
BBB,2013J,597255,P2,F1,1.0,0.4247461353163234
BBB,2013J,597286,P2,F1,0.0,0.5438536214216577
BBB,2013J,597301,P2,F1,0.0,0.29315053232110116
BBB,2013J,597321,P2,F1,1.0,0.9250917829003896
BBB,2013J,597451,P2,F1,1.0,0.5673603085683062
BBB,2013J,597532,P2,F1,1.0,0.45773325966572204
BBB,2013J,597582,P2,F1,1.0,0.5907884849734542
BBB,2013J,597689,P2,F1,1.0,0.37603531332893525
BBB,2013J,597742,P2,F1,0.0,0.5946055511395817
BBB,2013J,597790,P2,F1,0.0,0.3073072346361512
BBB,2013J,597866,P2,F1,1.0,0.7676817522360506
BBB,2013J,597878,P2,F1,0.0,0.3495972170753447
BBB,2013J,597886,P2,F1,0.0,0.26131161748331877
BBB,2013J,597894,P2,F1,0.0,0.3754458097514422
BBB,2013J,598000,P2,F1,0.0,0.3953555968707476
BBB,2013J,598202,P2,F1,1.0,0.5936073081255784
BBB,2013J,598230,P2,F1,0.0,0.29427305005626647
BBB,2013J,598243,P2,F1,0.0,0.3672418797717668
BBB,2013J,598252,P2,F1,0.0,0.6883517734209391
BBB,2013J,598253,P2,F1,0.0,0.5441696031216805
BBB,2013J,598260,P2,F1,1.0,0.7429343015145856
BBB,2013J,598315,P2,F1,1.0,0.9420603194054574
BBB,2013J,598351,P2,F1,0.0,0.6698437352717274
BBB,2013J,598462,P2,F1,0.0,0.5935993318843801
BBB,2013J,598503,P2,F1,1.0,0.4691666310479335
BBB,2013J,598538,P2,F1,1.0,0.6611738610809765
BBB,2013J,598562,P2,F1,1.0,0.9259034437873982
BBB,2013J,598623,P2,F1,0.0,0.3806707604131405
BBB,2013J,598709,P2,F1,0.0,0.37617683613711933
BBB,2013J,598760,P2,F1,0.0,0.30389592095846457
BBB,2013J,598865,P2,F1,0.0,0.8065894135367573
BBB,2013J,598883,P2,F1,0.0,0.19761916703541746
BBB,2013J,598907,P2,F1,0.0,0.15223080832390362
BBB,2013J,598914,P2,F1,0.0,0.3921364147474913
BBB,2013J,598969,P2,F1,0.0,0.19088551868621453
BBB,2013J,598986,P2,F1,1.0,0.42439689612052
BBB,2013J,599016,P2,F1,0.0,0.9253391821643407
BBB,2013J,599037,P2,F1,0.0,0.5293413511018239
BBB,2013J,599161,P2,F1,1.0,0.950313948668747
BBB,2013J,599230,P2,F1,0.0,0.13560044697589713
BBB,2013J,599292,P2,F1,0.0,0.2105712162828407
BBB,2013J,599402,P2,F1,0.0,0.6627440096623194
BBB,2013J,599423,P2,F1,1.0,0.6084181548782731
BBB,2013J,599427,P2,F1,1.0,0.9443908443291082
BBB,2013J,599432,P2,F1,1.0,0.6375471324822681
BBB,2013J,599434,P2,F1,1.0,0.4053093528236271
BBB,2013J,599639,P2,F1,1.0,0.29045868602467045
BBB,2013J,599640,P2,F1,1.0,0.5912937922749575
BBB,2013J,599644,P2,F1,1.0,0.8709551078387123
BBB,2013J,599709,P2,F1,1.0,0.34170090188088764
BBB,2013J,599739,P2,F1,0.0,0.6564078128628653
BBB,2013J,599748,P2,F1,0.0,0.5096032998599849
BBB,2013J,599785,P2,F1,0.0,0.24769777709192167
BBB,2013J,599787,P2,F1,0.0,0.32727896764993586
BBB,2013J,599794,P2,F1,0.0,0.2095601026345191
BBB,2013J,599802,P2,F1,1.0,0.31553287872555413
BBB,2013J,599836,P2,F1,0.0,0.32450531797695686
BBB,2013J,599840,P2,F1,1.0,0.6099001292821198
BBB,2013J,599895,P2,F1,0.0,0.20635574694924014
BBB,2013J,599908,P2,F1,0.0,0.5047359317660198
BBB,2013J,599960,P2,F1,1.0,0.4810805411339247
BBB,2013J,600121,P2,F1,0.0,0.26257349440778327
BBB,2013J,600211,P2,F1,1.0,0.9467727983022968
BBB,2013J,600263,P2,F1,1.0,0.8980918399025374
BBB,2013J,600279,P2,F1,0.0,0.4412870778621335
BBB,2013J,600370,P2,F1,0.0,0.31759278775463545
BBB,2013J,600428,P2,F1,1.0,0.9281858882535209
BBB,2013J,600449,P2,F1,1.0,0.3792090018601742
BBB,2013J,600470,P2,F1,1.0,0.328756109879237
BBB,2013J,600476,P2,F1,1.0,0.9327403537286072
BBB,2013J,600490,P2,F1,0.0,0.40566410681515364
BBB,2013J,600541,P2,F1,1.0,0.9637289231869423
BBB,2013J,600579,P2,F1,1.0,0.8058705237345497
BBB,2013J,600684,P2,F1,0.0,0.18051251181301198
BBB,2013J,600740,P2,F1,0.0,0.3942150380092707
BBB,2013J,600749,P2,F1,1.0,0.5560524702133812
BBB,2013J,600770,P2,F1,1.0,0.7664671153570225
BBB,2013J,600771,P2,F1,0.0,0.36744769017120177
BBB,2013J,600833,P2,F1,1.0,0.9505580399042098
BBB,2013J,600845,P2,F1,1.0,0.6100778129650558
BBB,2013J,600856,P2,F1,0.0,0.2289161368578185
BBB,2013J,600966,P2,F1,0.0,0.22773590132450516
BBB,2013J,600967,P2,F1,1.0,0.6497540739018945
BBB,2013J,600999,P2,F1,1.0,0.5085098333880135
BBB,2013J,601243,P2,F1,0.0,0.4004816490783061
BBB,2013J,601251,P2,F1,0.0,0.14216801856059041
BBB,2013J,601269,P2,F1,0.0,0.4067567841253579
BBB,2013J,601346,P2,F1,0.0,0.25341951078851704
BBB,2013J,601455,P2,F1,0.0,0.4959374096962953
BBB,2013J,601472,P2,F1,1.0,0.5597864266065561
BBB,2013J,601497,P2,F1,0.0,0.2877024536128926
BBB,2013J,601499,P2,F1,0.0,0.5965504826721553
BBB,2013J,601504,P2,F1,0.0,0.41909337060378793
BBB,2013J,601505,P2,F1,1.0,0.46536722601103125
BBB,2013J,601551,P2,F1,1.0,0.6923227754241553
BBB,2013J,601558,P2,F1,1.0,0.6758611626067068
BBB,2013J,601635,P2,F1,0.0,0.3255872522731097
BBB,2013J,601655,P2,F1,0.0,0.4159465968405946
BBB,2013J,601706,P2,F1,1.0,0.370176409577602
BBB,2013J,601885,P2,F1,0.0,0.9146498523951674
BBB,2013J,601887,P2,F1,0.0,0.5582146855582776
BBB,2013J,601896,P2,F1,1.0,0.6704365594311779
BBB,2013J,601934,P2,F1,1.0,0.866699285866608
BBB,2013J,601951,P2,F1,1.0,0.36308573471232375
BBB,2013J,602009,P2,F1,0.0,0.32413415765574183
BBB,2013J,602011,P2,F1,1.0,0.9511873673767185
BBB,2013J,602014,P2,F1,0.0,0.4737759430481344
BBB,2013J,602032,P2,F1,1.0,0.6752235096963318
BBB,2013J,602066,P2,F1,0.0,0.4729449972139697
BBB,2013J,602147,P2,F1,0.0,0.5027730803591943
BBB,2013J,602245,P2,F1,0.0,0.2663995910986963
BBB,2013J,602324,P2,F1,1.0,0.49095969062407896
BBB,2013J,602395,P2,F1,0.0,0.4416114752801497
BBB,2013J,602458,P2,F1,0.0,0.1685702132281907
BBB,2013J,602483,P2,F1,1.0,0.7680952106812036
BBB,2013J,602496,P2,F1,0.0,0.3980660350210062
BBB,2013J,602598,P2,F1,1.0,0.9498223362027067
BBB,2013J,602652,P2,F1,1.0,0.5806003143928619
BBB,2013J,602739,P2,F1,1.0,0.49669336745572856
BBB,2013J,602767,P2,F1,1.0,0.9062849495406112
BBB,2013J,602826,P2,F1,1.0,0.2920302892590639
BBB,2013J,602863,P2,F1,1.0,0.9442818956805084
BBB,2013J,603012,P2,F1,0.0,0.34477550184016503
BBB,2013J,603035,P2,F1,0.0,0.5100364126463384
BBB,2013J,603036,P2,F1,0.0,0.2202222835719255
BBB,2013J,603038,P2,F1,0.0,0.5167218019501493
BBB,2013J,603123,P2,F1,0.0,0.444229753698011
BBB,2013J,603165,P2,F1,0.0,0.2333236465458269
BBB,2013J,603210,P2,F1,0.0,0.6163805936661577
BBB,2013J,603265,P2,F1,1.0,0.5101303748010219
BBB,2013J,603270,P2,F1,1.0,0.48156763353664356
BBB,2013J,603287,P2,F1,0.0,0.4743181423538133
BBB,2013J,603398,P2,F1,0.0,0.3150485765860413
BBB,2013J,603440,P2,F1,0.0,0.6456610396584224
BBB,2013J,603446,P2,F1,0.0,0.5174450945262132
BBB,2013J,603601,P2,F1,0.0,0.47431622285336644
BBB,2013J,603627,P2,F1,0.0,0.5301660053213564
BBB,2013J,603661,P2,F1,0.0,0.18328097610904168
BBB,2013J,603818,P2,F1,1.0,0.7450445752450264
BBB,2013J,603908,P2,F1,0.0,0.5091630229527406
BBB,2013J,603910,P2,F1,1.0,0.8174083551224617
BBB,2013J,603912,P2,F1,0.0,0.6430898094007861
BBB,2013J,604095,P2,F1,1.0,0.8728580792105691
BBB,2013J,604116,P2,F1,0.0,0.5790714944927823
BBB,2013J,604118,P2,F1,1.0,0.9014879915122683
BBB,2013J,604147,P2,F1,1.0,0.5085837874527399
BBB,2013J,604151,P2,F1,0.0,0.3089305702886702
BBB,2013J,604154,P2,F1,0.0,0.6380314132536201
BBB,2013J,604187,P2,F1,0.0,0.2577956974817414
BBB,2013J,604196,P2,F1,0.0,0.2806940965299151
BBB,2013J,604200,P2,F1,0.0,0.17846502476119896
BBB,2013J,604204,P2,F1,0.0,0.3111101318311825
BBB,2013J,604238,P2,F1,0.0,0.46832490172495295
BBB,2013J,604292,P2,F1,0.0,0.2693761096976712
BBB,2013J,604315,P2,F1,0.0,0.2842602208063774
BBB,2013J,604356,P2,F1,0.0,0.3672084785428496
BBB,2013J,604543,P2,F1,0.0,0.5500544254256113
BBB,2013J,604556,P2,F1,0.0,0.5882623579522952
BBB,2013J,604731,P2,F1,1.0,0.5456226882854995
BBB,2013J,604752,P2,F1,1.0,0.6860075385391484
BBB,2013J,604916,P2,F1,0.0,0.8190206094080102
BBB,2013J,604917,P2,F1,0.0,0.23516482767361407
BBB,2013J,604919,P2,F1,0.0,0.44796896423420707
BBB,2013J,604921,P2,F1,1.0,0.6247156325545744
BBB,2013J,604923,P2,F1,1.0,0.853127515573071
BBB,2013J,604932,P2,F1,0.0,0.6373289582968331
BBB,2013J,604939,P2,F1,1.0,0.5225065665203295
BBB,2013J,604942,P2,F1,0.0,0.668514654758755
BBB,2013J,604951,P2,F1,1.0,0.90351814854017
BBB,2013J,604962,P2,F1,1.0,0.9540459706646746
BBB,2013J,604966,P2,F1,0.0,0.18907068662650653
BBB,2013J,604982,P2,F1,0.0,0.5644883566920634
BBB,2013J,605009,P2,F1,0.0,0.42365316762345295
BBB,2013J,605102,P2,F1,0.0,0.5545634095355151
BBB,2013J,605207,P2,F1,0.0,0.3219115513832856
BBB,2013J,605246,P2,F1,0.0,0.6593608099993747
BBB,2013J,605255,P2,F1,1.0,0.23604236215898333
BBB,2013J,605309,P2,F1,1.0,0.3399379291136169
BBB,2013J,605327,P2,F1,1.0,0.5545714993258283
BBB,2013J,605390,P2,F1,0.0,0.5619723677953352
BBB,2013J,605438,P2,F1,0.0,0.08260928088292467
BBB,2013J,605494,P2,F1,1.0,0.9502649935611056
BBB,2013J,605505,P2,F1,1.0,0.9128325067563358
BBB,2013J,605594,P2,F1,1.0,0.7121097532496801
BBB,2013J,605595,P2,F1,1.0,0.6576867619274129
BBB,2013J,605679,P2,F1,0.0,0.7544760733738749
BBB,2013J,605832,P2,F1,0.0,0.5044292465062464
BBB,2013J,605854,P2,F1,1.0,0.7583208912870807
BBB,2013J,605882,P2,F1,1.0,0.7543482158015359
BBB,2013J,605916,P2,F1,0.0,0.30691792109303434
BBB,2013J,605930,P2,F1,0.0,0.7282968026849724
BBB,2013J,606063,P2,F1,1.0,0.4908125638466484
BBB,2013J,606097,P2,F1,0.0,0.25997020098552354
BBB,2013J,606179,P2,F1,0.0,0.25831381041709317
BBB,2013J,606194,P2,F1,0.0,0.3879640114575277
BBB,2013J,606229,P2,F1,0.0,0.6971573871400648
BBB,2013J,606355,P2,F1,1.0,0.392186694452351
BBB,2013J,606377,P2,F1,0.0,0.5638178508861693
BBB,2013J,606388,P2,F1,1.0,0.38610460589749185
BBB,2013J,606410,P2,F1,0.0,0.4874805346816851
BBB,2013J,606412,P2,F1,0.0,0.6844452319596561
BBB,2013J,606414,P2,F1,0.0,0.3142831721656675
BBB,2013J,606420,P2,F1,0.0,0.4933300293288755
BBB,2013J,606422,P2,F1,0.0,0.7015555243788012
BBB,2013J,606450,P2,F1,0.0,0.5059333543159561
BBB,2013J,606458,P2,F1,0.0,0.7872891881798817
BBB,2013J,606465,P2,F1,0.0,0.23696054501145086
BBB,2013J,606477,P2,F1,1.0,0.9341559478869909
BBB,2013J,606546,P2,F1,0.0,0.5633334112695844
BBB,2013J,606562,P2,F1,0.0,0.1746852086286273
BBB,2013J,606572,P2,F1,0.0,0.3018370578308655
BBB,2013J,606607,P2,F1,1.0,0.9447705876658452
BBB,2013J,606651,P2,F1,1.0,0.8583747443129188
BBB,2013J,606685,P2,F1,0.0,0.20286811028616955
BBB,2013J,606697,P2,F1,0.0,0.7541132002086062
BBB,2013J,606736,P2,F1,1.0,0.32518966422254825
BBB,2013J,606762,P2,F1,1.0,0.5153782076477084
BBB,2013J,606827,P2,F1,1.0,0.661299205515271
BBB,2013J,606972,P2,F1,1.0,0.9444056524678064
BBB,2013J,607062,P2,F1,1.0,0.9442818956805084
BBB,2013J,607097,P2,F1,0.0,0.31497197902470003
BBB,2013J,607286,P2,F1,1.0,0.7176117219260895
BBB,2013J,607300,P2,F1,1.0,0.5880095817937502
BBB,2013J,607309,P2,F1,1.0,0.3186656991588182
BBB,2013J,607382,P2,F1,1.0,0.8922739830968913
BBB,2013J,607398,P2,F1,1.0,0.3720950102750084
BBB,2013J,607493,P2,F1,0.0,0.482386860771173
BBB,2013J,607642,P2,F1,0.0,0.8601137323173588
BBB,2013J,607699,P2,F1,1.0,0.5468696527211537
BBB,2013J,607725,P2,F1,0.0,0.5959828912651368
BBB,2013J,607735,P2,F1,0.0,0.3648327068246825
BBB,2013J,607778,P2,F1,0.0,0.5927083825811718
BBB,2013J,607804,P2,F1,0.0,0.4415781667033465
BBB,2013J,607808,P2,F1,1.0,0.6641589124673715
BBB,2013J,607848,P2,F1,1.0,0.43104253275355814
BBB,2013J,607887,P2,F1,0.0,0.5055019656866261
BBB,2013J,607889,P2,F1,0.0,0.30002322283125865
BBB,2013J,607892,P2,F1,0.0,0.4740121726401439
BBB,2013J,607909,P2,F1,0.0,0.37480012570213794
BBB,2013J,607914,P2,F1,0.0,0.15611194921905866
BBB,2013J,607937,P2,F1,0.0,0.20279361583399025
BBB,2013J,608000,P2,F1,0.0,0.26625877103783296
BBB,2013J,608041,P2,F1,0.0,0.2810047406022814
BBB,2013J,608047,P2,F1,0.0,0.5790378355292551
BBB,2013J,608197,P2,F1,1.0,0.9312993262045738
BBB,2013J,608264,P2,F1,0.0,0.5461480573063162
BBB,2013J,608419,P2,F1,0.0,0.37284198502701715
BBB,2013J,608497,P2,F1,1.0,0.41886376348451515
BBB,2013J,608564,P2,F1,1.0,0.6414630137156985
BBB,2013J,608578,P2,F1,0.0,0.5295197942013777
BBB,2013J,608623,P2,F1,0.0,0.5014990159707178
BBB,2013J,608647,P2,F1,0.0,0.5843082828746053
BBB,2013J,608719,P2,F1,1.0,0.6613201915243482
BBB,2013J,608738,P2,F1,1.0,0.43190152808305304
BBB,2013J,608766,P2,F1,0.0,0.2653073328907784
BBB,2013J,608939,P2,F1,1.0,0.57207698832078
BBB,2013J,608942,P2,F1,1.0,0.929039207864998
BBB,2013J,609010,P2,F1,0.0,0.32207134315537056
BBB,2013J,609046,P2,F1,0.0,0.32902990691250217
BBB,2013J,609047,P2,F1,1.0,0.29162785904984123
BBB,2013J,609193,P2,F1,1.0,0.5029581227225904
BBB,2013J,609230,P2,F1,1.0,0.4401814899163094
BBB,2013J,609307,P2,F1,0.0,0.40409562720085973
BBB,2013J,609422,P2,F1,1.0,0.4253638069842895
BBB,2013J,609510,P2,F1,1.0,0.48157187512436933
BBB,2013J,609679,P2,F1,0.0,0.49011930736850295
BBB,2013J,609704,P2,F1,0.0,0.36872986616674935
BBB,2013J,609764,P2,F1,1.0,0.5180348397703336
BBB,2013J,609804,P2,F1,1.0,0.3893254204100133
BBB,2013J,609811,P2,F1,0.0,0.11189116870252463
BBB,2013J,609812,P2,F1,0.0,0.6563835694568865
BBB,2013J,609815,P2,F1,0.0,0.3820956526254498
BBB,2013J,609817,P2,F1,0.0,0.7431037951504168
BBB,2013J,609850,P2,F1,1.0,0.7696109113450743
BBB,2013J,609864,P2,F1,0.0,0.7616610946318627
BBB,2013J,609871,P2,F1,0.0,0.76409502914351
BBB,2013J,609873,P2,F1,1.0,0.37822505067765516
BBB,2013J,609887,P2,F1,1.0,0.8271050827515688
BBB,2013J,610032,P2,F1,0.0,0.3026096765179351
BBB,2013J,610059,P2,F1,0.0,0.4719540872581229
BBB,2013J,610118,P2,F1,1.0,0.9212119543794152
BBB,2013J,610260,P2,F1,0.0,0.23724465040564008
BBB,2013J,610362,P2,F1,0.0,0.6456268052816145
BBB,2013J,610423,P2,F1,1.0,0.4903867279530912
BBB,2013J,610428,P2,F1,0.0,0.46626033316756776
BBB,2013J,610553,P2,F1,0.0,0.37514689832440834
BBB,2013J,610700,P2,F1,1.0,0.416684941098362
BBB,2013J,610725,P2,F1,0.0,0.9401371056284843
BBB,2013J,610731,P2,F1,1.0,0.6963336541599425
BBB,2013J,610740,P2,F1,1.0,0.9445061219969761
BBB,2013J,610744,P2,F1,1.0,0.9443908443291082
BBB,2013J,610745,P2,F1,0.0,0.37080961092757764
BBB,2013J,610748,P2,F1,1.0,0.9609613872186633
BBB,2013J,610750,P2,F1,0.0,0.3636972662034559
BBB,2013J,610751,P2,F1,1.0,0.9174273925549703
BBB,2013J,610763,P2,F1,0.0,0.2544873106531394
BBB,2013J,610772,P2,F1,1.0,0.8899088865549027
BBB,2013J,610776,P2,F1,1.0,0.93678338265889
BBB,2013J,610780,P2,F1,1.0,0.5906980642934065
BBB,2013J,610802,P2,F1,1.0,0.5389003035051106
BBB,2013J,610804,P2,F1,1.0,0.49370448516004395
BBB,2013J,610906,P2,F1,0.0,0.5320583165173157
BBB,2013J,611004,P2,F1,1.0,0.505621067068901
BBB,2013J,611012,P2,F1,0.0,0.39966692928434905
BBB,2013J,611017,P2,F1,0.0,0.26626733522603113
BBB,2013J,611023,P2,F1,0.0,0.5941824803585568
BBB,2013J,611048,P2,F1,1.0,0.6780444037783315
BBB,2013J,611051,P2,F1,1.0,0.8831718243943086
BBB,2013J,611060,P2,F1,0.0,0.5908788099025841
BBB,2013J,611096,P2,F1,1.0,0.9583033104483832
BBB,2013J,611182,P2,F1,1.0,0.5644563633452185
BBB,2013J,611228,P2,F1,0.0,0.43009434128687146
BBB,2013J,611268,P2,F1,1.0,0.4280181350794878
BBB,2013J,611315,P2,F1,0.0,0.30760972054406127
BBB,2013J,611345,P2,F1,1.0,0.9445604149599689
BBB,2013J,611383,P2,F1,0.0,0.3815284879264109
BBB,2013J,611531,P2,F1,0.0,0.25641900766073333
BBB,2013J,611688,P2,F1,0.0,0.865999863982509
BBB,2013J,611690,P2,F1,0.0,0.4734628587357375
BBB,2013J,612210,P2,F1,0.0,0.5014993839288582
BBB,2013J,612217,P2,F1,0.0,0.5932217728593523
BBB,2013J,612252,P2,F1,0.0,0.4658902771027166
BBB,2013J,612255,P2,F1,0.0,0.5594506070674669
BBB,2013J,612355,P2,F1,0.0,0.2383014319328935
BBB,2013J,612361,P2,F1,0.0,0.3729409502304029
BBB,2013J,612484,P2,F1,0.0,0.1504896176293077
BBB,2013J,612488,P2,F1,0.0,0.3921024606472608
BBB,2013J,612517,P2,F1,0.0,0.4329019436509072
BBB,2013J,612656,P2,F1,0.0,0.2933268414520888
BBB,2013J,612658,P2,F1,0.0,0.19621646287140956
BBB,2013J,612661,P2,F1,0.0,0.25492065902098
BBB,2013J,612684,P2,F1,0.0,0.5300756649459781
BBB,2013J,612757,P2,F1,0.0,0.17977076696815383
BBB,2013J,612891,P2,F1,0.0,0.6107131450339682
BBB,2013J,613051,P2,F1,1.0,0.9600485073500548
BBB,2013J,613158,P2,F1,0.0,0.3662069570503502
BBB,2013J,613160,P2,F1,0.0,0.3955230085890613
BBB,2013J,613162,P2,F1,1.0,0.643245588140124
BBB,2013J,613164,P2,F1,0.0,0.3919133369468505
BBB,2013J,613171,P2,F1,0.0,0.4799023671382555
BBB,2013J,613173,P2,F1,0.0,0.569022357157086
BBB,2013J,613175,P2,F1,1.0,0.4069048991881936
BBB,2013J,613177,P2,F1,0.0,0.25606283013480813
BBB,2013J,613191,P2,F1,1.0,0.5816096772241437
BBB,2013J,613196,P2,F1,0.0,0.691515432635221
BBB,2013J,613199,P2,F1,1.0,0.47039084777789425
BBB,2013J,613200,P2,F1,0.0,0.5133574622526965
BBB,2013J,613203,P2,F1,0.0,0.20935872991515087
BBB,2013J,613208,P2,F1,0.0,0.604024884406308
BBB,2013J,613293,P2,F1,0.0,0.42292614090908304
BBB,2013J,613298,P2,F1,1.0,0.48604559094826016
BBB,2013J,613416,P2,F1,0.0,0.5796251664885175
BBB,2013J,613418,P2,F1,0.0,0.309992976664401
BBB,2013J,613735,P2,F1,0.0,0.1922904582895794
BBB,2013J,613738,P2,F1,0.0,0.1443623019061122
BBB,2013J,614013,P2,F1,0.0,0.9441525503957088
BBB,2013J,614064,P2,F1,0.0,0.8706752304067324
BBB,2013J,614068,P2,F1,1.0,0.6296872880830368
BBB,2013J,614072,P2,F1,0.0,0.33260062984095146
BBB,2013J,614148,P2,F1,1.0,0.5511620233911585
BBB,2013J,614495,P2,F1,0.0,0.22482499905148579
BBB,2013J,614546,P2,F1,0.0,0.2382850943604486
BBB,2013J,614556,P2,F1,0.0,0.3840791389679781
BBB,2013J,615127,P2,F1,0.0,0.1802625998057901
BBB,2013J,615148,P2,F1,1.0,0.5360165686229159
BBB,2013J,616342,P2,F1,0.0,0.2225441003152297
BBB,2013J,616502,P2,F1,1.0,0.9227770937894775
BBB,2013J,616735,P2,F1,0.0,0.47831719026004504
BBB,2013J,617116,P2,F1,0.0,0.2967786456277331
BBB,2013J,617472,P2,F1,0.0,0.535827175957017
BBB,2013J,619082,P2,F1,0.0,0.33633467750540175
BBB,2013J,619941,P2,F1,0.0,0.2334698631498704
BBB,2013J,1018682,P2,F1,1.0,0.8947578813996019
BBB,2013J,1105438,P2,F1,0.0,0.520110960238784
BBB,2013J,1340766,P2,F1,0.0,0.2553442919170218
BBB,2013J,1399285,P2,F1,0.0,0.3542519030220777
BBB,2013J,1405594,P2,F1,0.0,0.28988939095826244
BBB,2013J,1411627,P2,F1,0.0,0.33402239909482945
BBB,2013J,1413989,P2,F1,1.0,0.9068603971092261
BBB,2013J,1421720,P2,F1,0.0,0.24904643185117273
BBB,2013J,1440341,P2,F1,0.0,0.4404645534838689
BBB,2013J,1467014,P2,F1,0.0,0.3044035852843488
BBB,2013J,1503056,P2,F1,0.0,0.7909624402126701
BBB,2013J,1521687,P2,F1,1.0,0.30995644249643134
BBB,2013J,1536774,P2,F1,0.0,0.3831539028901863
BBB,2013J,1541133,P2,F1,1.0,0.1667874781037598
BBB,2013J,1594621,P2,F1,0.0,0.5442132224973438
BBB,2013J,1624707,P2,F1,0.0,0.2411084292450823
BBB,2013J,1627017,P2,F1,0.0,0.3359431134182404
BBB,2013J,1695710,P2,F1,0.0,0.524505574502314
BBB,2013J,1726951,P2,F1,0.0,0.3402585107232984
BBB,2013J,1731564,P2,F1,0.0,0.27069788475570705
BBB,2013J,1759851,P2,F1,1.0,0.7911350057249714
BBB,2013J,1771053,P2,F1,1.0,0.8946218440442957
BBB,2013J,1778145,P2,F1,0.0,0.35570773258397537
BBB,2013J,1781804,P2,F1,1.0,0.9370608393461113
BBB,2013J,1797168,P2,F1,0.0,0.7703257325191986
BBB,2013J,1866742,P2,F1,1.0,0.7080861988192998
BBB,2013J,1886295,P2,F1,0.0,0.2619295672190125
BBB,2013J,1889565,P2,F1,0.0,0.38504326751864887
BBB,2013J,1903677,P2,F1,0.0,0.5993881922297448
BBB,2013J,1910175,P2,F1,0.0,0.30085487325957555
BBB,2013J,1935487,P2,F1,1.0,0.48785300291658346
BBB,2013J,1939695,P2,F1,0.0,0.4813278597534283
BBB,2013J,1941248,P2,F1,0.0,0.3047791106693588
BBB,2013J,1946308,P2,F1,0.0,0.47952099981649365
BBB,2013J,1963287,P2,F1,1.0,0.898880196544821
BBB,2013J,1990650,P2,F1,1.0,0.6243070555814223
BBB,2013J,1993672,P2,F1,1.0,0.9799997574939626
BBB,2013J,1998790,P2,F1,1.0,0.4187935953149076
BBB,2013J,2001687,P2,F1,0.0,0.2796151235367532
BBB,2013J,2002046,P2,F1,0.0,0.3284907921467949
BBB,2013J,2006283,P2,F1,0.0,0.5600125684930684
BBB,2013J,2023561,P2,F1,1.0,0.8182488015922029
BBB,2013J,2029037,P2,F1,0.0,0.5023776136068723
BBB,2013J,2034300,P2,F1,0.0,0.6689994497189123
BBB,2013J,2044036,P2,F1,1.0,0.9596196673663292
BBB,2013J,2056947,P2,F1,1.0,0.6106714235370141
BBB,2013J,2061889,P2,F1,0.0,0.948993592232743
BBB,2013J,2062995,P2,F1,0.0,0.26064093425691737
BBB,2013J,2072166,P2,F1,1.0,0.600475634226944
BBB,2013J,2078479,P2,F1,0.0,0.09800238769146362
BBB,2013J,2078768,P2,F1,0.0,0.5593044947295115
BBB,2013J,2083576,P2,F1,0.0,0.5231064314348917
BBB,2013J,2095379,P2,F1,0.0,0.5074300610829884
BBB,2013J,2111015,P2,F1,0.0,0.4514781226804537
BBB,2013J,2111666,P2,F1,1.0,0.6776353086925102
BBB,2013J,2115711,P2,F1,0.0,0.4728530585561139
BBB,2013J,2128304,P2,F1,0.0,0.47971182390395706
BBB,2013J,2132966,P2,F1,0.0,0.3511556695093306
BBB,2013J,2140444,P2,F1,1.0,0.3059323493902169
BBB,2013J,2147687,P2,F1,1.0,0.4130814207111532
BBB,2013J,2147929,P2,F1,0.0,0.5052530575605014
BBB,2013J,2153026,P2,F1,1.0,0.35169078477408455
BBB,2013J,2160453,P2,F1,0.0,0.26963035504591354
BBB,2013J,2164944,P2,F1,1.0,0.4529614298379615
BBB,2013J,2174835,P2,F1,0.0,0.42450272740139827
BBB,2013J,2187146,P2,F1,0.0,0.2909360800362833
BBB,2013J,2192113,P2,F1,1.0,0.820329054714481
BBB,2013J,2196054,P2,F1,0.0,0.32229624498806814
BBB,2013J,2210666,P2,F1,1.0,0.944003831236497
BBB,2013J,2211448,P2,F1,1.0,0.9297657389922227
BBB,2013J,2211630,P2,F1,1.0,0.5073750623982751
BBB,2013J,2214631,P2,F1,0.0,0.26682608722618767
BBB,2013J,2225190,P2,F1,1.0,0.9232594503676487
BBB,2013J,2226301,P2,F1,0.0,0.613142812950625
BBB,2013J,2227004,P2,F1,1.0,0.8665586676792192
BBB,2013J,2229783,P2,F1,1.0,0.47362872723503024
BBB,2013J,2239140,P2,F1,1.0,0.4937971285894227
BBB,2013J,2242290,P2,F1,1.0,0.35350042949060434
BBB,2013J,2262671,P2,F1,1.0,0.9694995355236737
BBB,2013J,2266650,P2,F1,1.0,0.7486867011340388
BBB,2013J,2271644,P2,F1,0.0,0.5242883525806441
BBB,2013J,2273256,P2,F1,1.0,0.33553641418953517
BBB,2013J,2280314,P2,F1,0.0,0.20691478506895558
BBB,2013J,2282129,P2,F1,1.0,0.861350812274797
BBB,2013J,2284583,P2,F1,0.0,0.4014039945519332
BBB,2013J,2294490,P2,F1,1.0,0.36061475011407534
BBB,2013J,2299338,P2,F1,0.0,0.2846695147260189
BBB,2013J,2318763,P2,F1,1.0,0.7916079073339629
BBB,2013J,2320306,P2,F1,0.0,0.15152499263324617
BBB,2013J,2334319,P2,F1,0.0,0.3124143416389442
BBB,2013J,2338586,P2,F1,0.0,0.6417048051058741
BBB,2013J,2346025,P2,F1,1.0,0.9016829055042755
BBB,2013J,2349825,P2,F1,1.0,0.6104901001730008
BBB,2013J,2356809,P2,F1,0.0,0.2660420352120763
BBB,2013J,2363875,P2,F1,0.0,0.3681558037202757
BBB,2013J,2382253,P2,F1,1.0,0.34116791926619283
BBB,2013J,2390117,P2,F1,0.0,0.312213897547835
BBB,2013J,2392824,P2,F1,0.0,0.32571214517298347
BBB,2013J,2396786,P2,F1,1.0,0.2876541159410692
BBB,2013J,2400851,P2,F1,0.0,0.5500291905681725
BBB,2013J,2411595,P2,F1,0.0,0.5136872967885415
BBB,2013J,2415414,P2,F1,0.0,0.26067068530077814
BBB,2013J,2416774,P2,F1,0.0,0.3280776546335345
BBB,2013J,2420909,P2,F1,0.0,0.4397744494438044
BBB,2013J,2421929,P2,F1,1.0,0.6817232462175632
BBB,2013J,2425156,P2,F1,0.0,0.49574557809936975
BBB,2013J,2444641,P2,F1,1.0,0.43146520749331635
BBB,2013J,2451269,P2,F1,0.0,0.4899205184251135
BBB,2013J,2452289,P2,F1,0.0,0.5644256003472347
BBB,2013J,2453657,P2,F1,1.0,0.7289423784170114
BBB,2013J,2455066,P2,F1,0.0,0.25958163289428954
BBB,2013J,2455578,P2,F1,0.0,0.6427697233432809
BBB,2013J,2459051,P2,F1,1.0,0.9488365115459495
BBB,2013J,2460002,P2,F1,1.0,0.4942471225837162
BBB,2013J,2463213,P2,F1,0.0,0.14838868587486548
BBB,2013J,2463950,P2,F1,0.0,0.4928404322040117
BBB,2013J,2464683,P2,F1,0.0,0.4326940223576747
BBB,2013J,2465209,P2,F1,1.0,0.2808312590301614
BBB,2013J,2468280,P2,F1,0.0,0.5561136199120879
BBB,2013J,2468706,P2,F1,0.0,0.16463836675603294
BBB,2013J,2473780,P2,F1,0.0,0.16314630049639617
BBB,2013J,2509297,P2,F1,1.0,0.9170491701011497
BBB,2013J,2510414,P2,F1,1.0,0.7772098741268938
BBB,2013J,2512392,P2,F1,0.0,0.9373729276522724
BBB,2013J,2514379,P2,F1,1.0,0.45918273675808435
BBB,2013J,2528352,P2,F1,1.0,0.7486403943329141
BBB,2013J,2529306,P2,F1,1.0,0.6105461403189755
BBB,2013J,2532647,P2,F1,1.0,0.6892588498970972
BBB,2013J,2539817,P2,F1,1.0,0.9498396455521333
BBB,2013J,2539858,P2,F1,0.0,0.184701656453894
BBB,2013J,2540724,P2,F1,0.0,0.38038062300658226
BBB,2013J,2544448,P2,F1,1.0,0.5589864424774059
BBB,2013J,2545488,P2,F1,1.0,0.5250665284739532
BBB,2013J,2550290,P2,F1,1.0,0.4820463860151376
BBB,2013J,2553890,P2,F1,0.0,0.5799612846092485
BBB,2013J,2557885,P2,F1,1.0,0.21144292751714824
BBB,2013J,2564744,P2,F1,0.0,0.6027309312820304
BBB,2013J,2567158,P2,F1,0.0,0.36695447349338306
BBB,2013J,2573353,P2,F1,1.0,0.6862751570851149
BBB,2013J,2575994,P2,F1,1.0,0.5460375700043154
BBB,2013J,2578802,P2,F1,0.0,0.6320145992885468
BBB,2013J,2579673,P2,F1,1.0,0.8297892373688927
BBB,2013J,2583791,P2,F1,1.0,0.6904700784020873
BBB,2013J,2584834,P2,F1,0.0,0.6397580719897697
BBB,2013J,2585937,P2,F1,0.0,0.511860045387905
BBB,2013J,2587329,P2,F1,0.0,0.33864217361474896
BBB,2013J,2588742,P2,F1,0.0,0.49816210847083875
BBB,2013J,2591421,P2,F1,0.0,0.9353668066398757
BBB,2013J,2607641,P2,F1,0.0,0.3385591548517398
BBB,2013J,2617839,P2,F1,0.0,0.2771472657544992
BBB,2013J,2619107,P2,F1,0.0,0.24563285758038816
BBB,2013J,2620279,P2,F1,1.0,0.51818913864779
BBB,2013J,2625315,P2,F1,1.0,0.3045294966193709
BBB,2013J,2631545,P2,F1,1.0,0.912763552184614
BBB,2013J,2638377,P2,F1,0.0,0.26232691890848886
BBB,2013J,2638818,P2,F1,0.0,0.4890761088893177
BBB,2013J,2642717,P2,F1,0.0,0.3378721058322873
BBB,2013J,2650236,P2,F1,1.0,0.7784040323847776
BBB,2013J,2656860,P2,F1,1.0,0.6008354990031436
BBB,2013J,2657960,P2,F1,1.0,0.9383322137601393
BBB,2013J,2662716,P2,F1,1.0,0.5376891931222121
BBB,2013J,2664036,P2,F1,1.0,0.7617287683698827
BBB,2013J,2680344,P2,F1,0.0,0.1795171938581691
BBB,2013J,2680885,P2,F1,0.0,0.46131275415870326
BBB,2013J,2691100,P2,F1,0.0,0.596387709620439
BBB,2013J,2691566,P2,F1,1.0,0.7956236537448267
DDD,2013J,8462,P2,F1,1.0,0.7745123747288524
DDD,2013J,27417,P2,F1,1.0,0.9486442430100148
DDD,2013J,27935,P2,F1,1.0,0.5998884206925352
DDD,2013J,28046,P2,F1,1.0,0.5236372863389616
DDD,2013J,29411,P2,F1,0.0,0.4519965136446147
DDD,2013J,30549,P2,F1,1.0,0.8558689794062619
DDD,2013J,31173,P2,F1,1.0,0.28413808302325483
DDD,2013J,33387,P2,F1,1.0,0.49142204564837766
DDD,2013J,33681,P2,F1,1.0,0.5345525294857751
DDD,2013J,33897,P2,F1,1.0,0.9253405740541697
DDD,2013J,33930,P2,F1,0.0,0.34003837021380395
DDD,2013J,34087,P2,F1,1.0,0.8484541160770485
DDD,2013J,34653,P2,F1,1.0,0.8919682885019387
DDD,2013J,35859,P2,F1,1.0,0.9116999696706971
DDD,2013J,39411,P2,F1,1.0,0.546048380358667
DDD,2013J,39427,P2,F1,1.0,0.45370487752553745
DDD,2013J,40184,P2,F1,0.0,0.088574282920334
DDD,2013J,40419,P2,F1,0.0,0.5874574760882726
DDD,2013J,40563,P2,F1,0.0,0.21896527893416712
DDD,2013J,42818,P2,F1,1.0,0.832170968851763
DDD,2013J,47063,P2,F1,1.0,0.8522675581881933
DDD,2013J,48152,P2,F1,0.0,0.7613867336359785
DDD,2013J,50610,P2,F1,1.0,0.9193328901774545
DDD,2013J,51163,P2,F1,0.0,0.22141589678374235
DDD,2013J,57227,P2,F1,0.0,0.3598560175467892
DDD,2013J,57818,P2,F1,0.0,0.21498413502582842
DDD,2013J,59275,P2,F1,1.0,0.5130658205302514
DDD,2013J,59370,P2,F1,0.0,0.39012231840614053
DDD,2013J,63566,P2,F1,1.0,0.49251128257295224
DDD,2013J,63856,P2,F1,0.0,0.39113876686202037
DDD,2013J,66047,P2,F1,1.0,0.7641333173131339
DDD,2013J,66577,P2,F1,1.0,0.8605973361339083
DDD,2013J,67471,P2,F1,0.0,0.6059356385763781
DDD,2013J,67505,P2,F1,1.0,0.6154453856463458
DDD,2013J,68011,P2,F1,1.0,0.4575498373790338
DDD,2013J,68376,P2,F1,0.0,0.3021372413271253
DDD,2013J,69489,P2,F1,1.0,0.8950460611871244
DDD,2013J,71209,P2,F1,0.0,0.5210616085209742
DDD,2013J,74502,P2,F1,0.0,0.41079288487148596
DDD,2013J,77241,P2,F1,1.0,0.649119673933422
DDD,2013J,78170,P2,F1,1.0,0.24550000135983172
DDD,2013J,80329,P2,F1,1.0,0.5478818065297377
DDD,2013J,80868,P2,F1,0.0,0.6186802362233985
DDD,2013J,82088,P2,F1,1.0,0.18571439321997024
DDD,2013J,83588,P2,F1,1.0,0.8978790467499393
DDD,2013J,84605,P2,F1,1.0,0.4196583383581627
DDD,2013J,85325,P2,F1,1.0,0.9343604307687889
DDD,2013J,89188,P2,F1,0.0,0.3050255594964628
DDD,2013J,89727,P2,F1,1.0,0.6651436541290596
DDD,2013J,90979,P2,F1,1.0,0.5879038151052777
DDD,2013J,91354,P2,F1,1.0,0.905670536439676
DDD,2013J,92312,P2,F1,1.0,0.9417661009325585
DDD,2013J,92391,P2,F1,1.0,0.8666572979687207
DDD,2013J,102850,P2,F1,0.0,0.4685942868917904
DDD,2013J,103800,P2,F1,0.0,0.5577352658265856
DDD,2013J,104643,P2,F1,0.0,0.33045013747921353
DDD,2013J,104772,P2,F1,1.0,0.4516186529460128
DDD,2013J,105523,P2,F1,0.0,0.3270678812099597
DDD,2013J,108789,P2,F1,1.0,0.892571382321838
DDD,2013J,111360,P2,F1,1.0,0.5273995868959175
DDD,2013J,111548,P2,F1,1.0,0.8000707187089633
DDD,2013J,111926,P2,F1,1.0,0.8853232891207585
DDD,2013J,114558,P2,F1,0.0,0.31019308785141697
DDD,2013J,118887,P2,F1,1.0,0.9478512909543949
DDD,2013J,120999,P2,F1,0.0,0.7951048695680079
DDD,2013J,122739,P2,F1,1.0,0.5742884819501748
DDD,2013J,123497,P2,F1,1.0,0.5226213251733093
DDD,2013J,123598,P2,F1,0.0,0.932628703788199
DDD,2013J,123957,P2,F1,1.0,0.7558897691358383
DDD,2013J,124006,P2,F1,0.0,0.6455620427766539
DDD,2013J,124387,P2,F1,1.0,0.8754748727074568
DDD,2013J,126394,P2,F1,0.0,0.5214394228247221
DDD,2013J,126812,P2,F1,0.0,0.6190262613116588
DDD,2013J,127988,P2,F1,0.0,0.5084904509717485
DDD,2013J,128656,P2,F1,0.0,0.48698023334222984
DDD,2013J,128965,P2,F1,0.0,0.615467571731415
DDD,2013J,130467,P2,F1,0.0,0.2833328033914294
DDD,2013J,130671,P2,F1,0.0,0.46128496032298705
DDD,2013J,130837,P2,F1,1.0,0.9301857845313973
DDD,2013J,131222,P2,F1,0.0,0.27280438606765867
DDD,2013J,132401,P2,F1,1.0,0.33952035860808016
DDD,2013J,135385,P2,F1,0.0,0.8280283008934635
DDD,2013J,138715,P2,F1,1.0,0.5857455636588635
DDD,2013J,139843,P2,F1,1.0,0.7544359004451803
DDD,2013J,140807,P2,F1,0.0,0.3206135546100988
DDD,2013J,141301,P2,F1,1.0,0.4179966159774175
DDD,2013J,144895,P2,F1,0.0,0.43195479519283086
DDD,2013J,146485,P2,F1,1.0,0.35233653031307816
DDD,2013J,146666,P2,F1,1.0,0.5228552046949945
DDD,2013J,148008,P2,F1,1.0,0.5746110017892158
DDD,2013J,148515,P2,F1,1.0,0.9427776821545254
DDD,2013J,156783,P2,F1,0.0,0.2636560143322013
DDD,2013J,157310,P2,F1,0.0,0.5031609989552563
DDD,2013J,158611,P2,F1,0.0,0.615337019857346
DDD,2013J,162337,P2,F1,1.0,0.5118909020512236
DDD,2013J,164935,P2,F1,0.0,0.2777862734303815
DDD,2013J,165178,P2,F1,1.0,0.598653751612528
DDD,2013J,169079,P2,F1,0.0,0.18059053232715855
DDD,2013J,169700,P2,F1,1.0,0.9663879832154696
DDD,2013J,173004,P2,F1,1.0,0.8698839058791412
DDD,2013J,173370,P2,F1,0.0,0.5837556923753184
DDD,2013J,177354,P2,F1,0.0,0.42446404714522407
DDD,2013J,178020,P2,F1,0.0,0.7310372094078121
DDD,2013J,179718,P2,F1,1.0,0.4532937239648477
DDD,2013J,179904,P2,F1,1.0,0.5595534382397054
DDD,2013J,180651,P2,F1,0.0,0.4372886884329518
DDD,2013J,184025,P2,F1,1.0,0.9030501094488258
DDD,2013J,185024,P2,F1,1.0,0.8902434372316845
DDD,2013J,185127,P2,F1,0.0,0.3244807075319849
DDD,2013J,188875,P2,F1,1.0,0.6989425319127419
DDD,2013J,189624,P2,F1,0.0,0.2704107995602925
DDD,2013J,191445,P2,F1,1.0,0.4732088703178347
DDD,2013J,202489,P2,F1,1.0,0.7157138563545222
DDD,2013J,203066,P2,F1,0.0,0.37408060034565016
DDD,2013J,204182,P2,F1,0.0,0.3340533596953842
DDD,2013J,204505,P2,F1,0.0,0.43025388052390223
DDD,2013J,205417,P2,F1,1.0,0.8458551857671018
DDD,2013J,205442,P2,F1,0.0,0.1743387227429376
DDD,2013J,227020,P2,F1,1.0,0.25036698142858516
DDD,2013J,228695,P2,F1,1.0,0.5317137110800082
DDD,2013J,228888,P2,F1,0.0,0.2360428935725895
DDD,2013J,230510,P2,F1,1.0,0.9081619700859466
DDD,2013J,231572,P2,F1,0.0,0.621946768360918
DDD,2013J,232078,P2,F1,1.0,0.7665029568819783
DDD,2013J,234406,P2,F1,0.0,0.26223394133953937
DDD,2013J,234827,P2,F1,1.0,0.9260736599951108
DDD,2013J,235777,P2,F1,1.0,0.7032758668136314
DDD,2013J,236857,P2,F1,0.0,0.6886977169723977
DDD,2013J,236953,P2,F1,0.0,0.35072390488639704
DDD,2013J,237506,P2,F1,1.0,0.941512771952089
DDD,2013J,237602,P2,F1,0.0,0.3085339399468586
DDD,2013J,237808,P2,F1,1.0,0.8151134191161569
DDD,2013J,238800,P2,F1,1.0,0.5790070779257172
DDD,2013J,238983,P2,F1,0.0,0.5070088938190908
DDD,2013J,240641,P2,F1,0.0,0.41801815403136894
DDD,2013J,242472,P2,F1,1.0,0.3734396619728628
DDD,2013J,243372,P2,F1,0.0,0.28494124195888404
DDD,2013J,244738,P2,F1,0.0,0.2886229099440082
DDD,2013J,245653,P2,F1,1.0,0.31732495610364764
DDD,2013J,245946,P2,F1,0.0,0.7836689746775549
DDD,2013J,248252,P2,F1,1.0,0.85473938932899
DDD,2013J,248695,P2,F1,1.0,0.4267646127624475
DDD,2013J,248961,P2,F1,0.0,0.20727364838622933
DDD,2013J,249704,P2,F1,1.0,0.8749611308204898
DDD,2013J,250163,P2,F1,0.0,0.22571069921363834
DDD,2013J,250644,P2,F1,1.0,0.2991543795382272
DDD,2013J,253579,P2,F1,1.0,0.6992979285285488
DDD,2013J,255622,P2,F1,1.0,0.8637366095668753
DDD,2013J,257167,P2,F1,0.0,0.16540135600482922
DDD,2013J,258010,P2,F1,0.0,0.9582900792317672
DDD,2013J,258042,P2,F1,0.0,0.15610807384099176
DDD,2013J,259060,P2,F1,0.0,0.5137203182116744
DDD,2013J,259641,P2,F1,0.0,0.22774672042502245
DDD,2013J,259951,P2,F1,0.0,0.752919826202274
DDD,2013J,261495,P2,F1,1.0,0.5344527853479568
DDD,2013J,263524,P2,F1,1.0,0.9496417779962709
DDD,2013J,266286,P2,F1,0.0,0.5295251247814682
DDD,2013J,266558,P2,F1,0.0,0.9204257817961209
DDD,2013J,267871,P2,F1,0.0,0.8899949871516601
DDD,2013J,268817,P2,F1,1.0,0.47262770673765286
DDD,2013J,269065,P2,F1,1.0,0.8189237787163355
DDD,2013J,270393,P2,F1,0.0,0.33046156344428596
DDD,2013J,270493,P2,F1,1.0,0.9032802971867361
DDD,2013J,271206,P2,F1,1.0,0.377575484976225
DDD,2013J,271526,P2,F1,0.0,0.6814781897435708
DDD,2013J,273106,P2,F1,1.0,0.9463737290554337
DDD,2013J,274712,P2,F1,1.0,0.8998820992340992
DDD,2013J,274964,P2,F1,1.0,0.4664008293844287
DDD,2013J,275232,P2,F1,0.0,0.5066140887971664
DDD,2013J,276857,P2,F1,0.0,0.35077843092868743
DDD,2013J,277412,P2,F1,1.0,0.6450201183165999
DDD,2013J,277596,P2,F1,0.0,0.8631162288977469
DDD,2013J,277729,P2,F1,1.0,0.47849096984532824
DDD,2013J,279868,P2,F1,0.0,0.41920683435689504
DDD,2013J,280541,P2,F1,1.0,0.5772953167289204
DDD,2013J,282317,P2,F1,0.0,0.18303556662182102
DDD,2013J,283535,P2,F1,1.0,0.7634026587894686
DDD,2013J,284540,P2,F1,1.0,0.9116446640786325
DDD,2013J,285085,P2,F1,1.0,0.873314663194412
DDD,2013J,285557,P2,F1,0.0,0.500708397175581
DDD,2013J,286449,P2,F1,1.0,0.8933179526261793
DDD,2013J,286842,P2,F1,0.0,0.4915996575660109
DDD,2013J,287783,P2,F1,0.0,0.25866562098322166
DDD,2013J,289009,P2,F1,0.0,0.4766733791292955
DDD,2013J,290371,P2,F1,1.0,0.7583925364950777
DDD,2013J,292694,P2,F1,1.0,0.3149762623072302
DDD,2013J,293853,P2,F1,0.0,0.5041038315109587
DDD,2013J,294364,P2,F1,1.0,0.3206975454454826
DDD,2013J,296849,P2,F1,1.0,0.8962890689189666
DDD,2013J,298402,P2,F1,0.0,0.2378854703230982
DDD,2013J,298911,P2,F1,1.0,0.9400642721444087
DDD,2013J,299473,P2,F1,1.0,0.7931793776833429
DDD,2013J,303582,P2,F1,0.0,0.8385972684637674
DDD,2013J,305702,P2,F1,1.0,0.7932916973156288
DDD,2013J,307932,P2,F1,1.0,0.8861898979702646
DDD,2013J,308231,P2,F1,1.0,0.7043536305427481
DDD,2013J,308707,P2,F1,1.0,0.5722675093468613
DDD,2013J,311117,P2,F1,1.0,0.8851625746427163
DDD,2013J,311474,P2,F1,1.0,0.892573369710423
DDD,2013J,311877,P2,F1,1.0,0.7153311366949745
DDD,2013J,314956,P2,F1,0.0,0.33780984470690273
DDD,2013J,315388,P2,F1,1.0,0.6893195918297279
DDD,2013J,315625,P2,F1,0.0,0.47241009240723264
DDD,2013J,315730,P2,F1,0.0,0.3350253846591986
DDD,2013J,315909,P2,F1,1.0,0.5436557883242291
DDD,2013J,317096,P2,F1,0.0,0.39512233462373075
DDD,2013J,318794,P2,F1,0.0,0.5159442958982892
DDD,2013J,318977,P2,F1,1.0,0.6116650174770651
DDD,2013J,320963,P2,F1,0.0,0.8424718269851124
DDD,2013J,325497,P2,F1,1.0,0.7201297710746335
DDD,2013J,328173,P2,F1,1.0,0.5668097126433317
DDD,2013J,331315,P2,F1,0.0,0.34909472587112167
DDD,2013J,331404,P2,F1,0.0,0.31719810723133984
DDD,2013J,332309,P2,F1,0.0,0.28548620989772466
DDD,2013J,332436,P2,F1,0.0,0.25184664343942287
DDD,2013J,332726,P2,F1,1.0,0.42259877978243127
DDD,2013J,333155,P2,F1,1.0,0.9456817115301556
DDD,2013J,334255,P2,F1,0.0,0.5718660038724049
DDD,2013J,334257,P2,F1,0.0,0.41450562588474643
DDD,2013J,335018,P2,F1,1.0,0.9299268031119862
DDD,2013J,335405,P2,F1,0.0,0.21178092806863097
DDD,2013J,336037,P2,F1,0.0,0.12847334785782819
DDD,2013J,338034,P2,F1,1.0,0.2485200702815409
DDD,2013J,339739,P2,F1,1.0,0.3401551947918037
DDD,2013J,339924,P2,F1,1.0,0.9322851065796173
DDD,2013J,341854,P2,F1,1.0,0.251919994030232
DDD,2013J,341855,P2,F1,1.0,0.8942956266224018
DDD,2013J,342100,P2,F1,0.0,0.29238556245540803
DDD,2013J,342387,P2,F1,1.0,0.6411727836980353
DDD,2013J,342483,P2,F1,1.0,0.3560340374255332
DDD,2013J,342697,P2,F1,1.0,0.8695593139391393
DDD,2013J,342949,P2,F1,1.0,0.5110329743310131
DDD,2013J,343238,P2,F1,0.0,0.5352594561148827
DDD,2013J,343781,P2,F1,0.0,0.10222856870112736
DDD,2013J,343911,P2,F1,1.0,0.36361798128915596
DDD,2013J,344474,P2,F1,1.0,0.5190391557747803
DDD,2013J,346333,P2,F1,0.0,0.5658100929389195
DDD,2013J,348050,P2,F1,0.0,0.2538558356675325
DDD,2013J,348547,P2,F1,1.0,0.3929506720876741
DDD,2013J,349182,P2,F1,1.0,0.8716907563254452
DDD,2013J,349710,P2,F1,1.0,0.5953498419023822
DDD,2013J,350164,P2,F1,1.0,0.9113121950431833
DDD,2013J,350644,P2,F1,1.0,0.32070364714632965
DDD,2013J,350929,P2,F1,0.0,0.21347122650970266
DDD,2013J,350949,P2,F1,1.0,0.3439180838203243
DDD,2013J,352051,P2,F1,0.0,0.9026947554252639
DDD,2013J,352771,P2,F1,0.0,0.33472875848611966
DDD,2013J,355510,P2,F1,0.0,0.2900700003576924
DDD,2013J,356274,P2,F1,1.0,0.8995295849449488
DDD,2013J,358504,P2,F1,0.0,0.4593204269096405
DDD,2013J,359855,P2,F1,1.0,0.3021175724490621
DDD,2013J,359943,P2,F1,0.0,0.8945107247911832
DDD,2013J,361243,P2,F1,0.0,0.8175332560862484
DDD,2013J,361282,P2,F1,1.0,0.949863380137799
DDD,2013J,361889,P2,F1,1.0,0.45532953500601286
DDD,2013J,362647,P2,F1,1.0,0.639332164987687
DDD,2013J,363990,P2,F1,1.0,0.8717851091367111
DDD,2013J,364239,P2,F1,0.0,0.2672547669724584
DDD,2013J,364547,P2,F1,0.0,0.729079720951769
DDD,2013J,364770,P2,F1,0.0,0.2784758654384013
DDD,2013J,365239,P2,F1,1.0,0.8369303914295957
DDD,2013J,365893,P2,F1,1.0,0.6265035267550771
DDD,2013J,365939,P2,F1,1.0,0.9522309299942123
DDD,2013J,366267,P2,F1,1.0,0.919687192669853
DDD,2013J,366449,P2,F1,0.0,0.4209392865581442
DDD,2013J,366987,P2,F1,0.0,0.3313413684197977
DDD,2013J,368106,P2,F1,1.0,0.7139888121167345
DDD,2013J,368436,P2,F1,0.0,0.32499256568499696
DDD,2013J,369319,P2,F1,0.0,0.5614199485172011
DDD,2013J,370294,P2,F1,1.0,0.8670362376304032
DDD,2013J,370336,P2,F1,1.0,0.9431028912975141
DDD,2013J,370367,P2,F1,1.0,0.8279235433145491
DDD,2013J,373237,P2,F1,1.0,0.8434333508303535
DDD,2013J,373280,P2,F1,1.0,0.7122484861068923
DDD,2013J,374636,P2,F1,0.0,0.3389493714640432
DDD,2013J,378825,P2,F1,0.0,0.42553253428278903
DDD,2013J,379023,P2,F1,1.0,0.3178733005024941
DDD,2013J,379124,P2,F1,0.0,0.46783887558230114
DDD,2013J,380138,P2,F1,1.0,0.9087929777280276
DDD,2013J,380239,P2,F1,0.0,0.23473608297549575
DDD,2013J,380253,P2,F1,0.0,0.23993060205787564
DDD,2013J,380429,P2,F1,0.0,0.856358171204185
DDD,2013J,380662,P2,F1,0.0,0.49576019143826816
DDD,2013J,381539,P2,F1,1.0,0.9160672140863358
DDD,2013J,382378,P2,F1,0.0,0.5726837917036327
DDD,2013J,382742,P2,F1,1.0,0.7015432680131771
DDD,2013J,382879,P2,F1,1.0,0.8966138675115447
DDD,2013J,383694,P2,F1,0.0,0.4664272277854438
DDD,2013J,383785,P2,F1,1.0,0.8424508882886792
DDD,2013J,383978,P2,F1,0.0,0.9039643878719201
DDD,2013J,384153,P2,F1,1.0,0.44719656378527983
DDD,2013J,384999,P2,F1,1.0,0.18864725644692654
DDD,2013J,385218,P2,F1,1.0,0.4547538260646066
DDD,2013J,385495,P2,F1,1.0,0.2947437626506307
DDD,2013J,385937,P2,F1,0.0,0.2923415892762779
DDD,2013J,387359,P2,F1,1.0,0.25487556951042867
DDD,2013J,388947,P2,F1,0.0,0.22603891863935383
DDD,2013J,389025,P2,F1,1.0,0.2994105598774188
DDD,2013J,389362,P2,F1,1.0,0.5536018359990259
DDD,2013J,389639,P2,F1,0.0,0.21662490008933802
DDD,2013J,390029,P2,F1,0.0,0.3283313348174377
DDD,2013J,390556,P2,F1,1.0,0.2648111540973331
DDD,2013J,390690,P2,F1,0.0,0.2742823791497851
DDD,2013J,391537,P2,F1,0.0,0.8325687568191446
DDD,2013J,391578,P2,F1,1.0,0.5775293812028216
DDD,2013J,391638,P2,F1,1.0,0.9445168378928408
DDD,2013J,392626,P2,F1,1.0,0.577765121030387
DDD,2013J,392664,P2,F1,0.0,0.4050072989037807
DDD,2013J,392713,P2,F1,1.0,0.921811589681361
DDD,2013J,392890,P2,F1,0.0,0.3408637490046859
DDD,2013J,394076,P2,F1,1.0,0.8962252280104437
DDD,2013J,394384,P2,F1,1.0,0.6092655108713296
DDD,2013J,394951,P2,F1,1.0,0.5775691064797104
DDD,2013J,396028,P2,F1,1.0,0.9301514692659846
DDD,2013J,396210,P2,F1,0.0,0.5529698785481211
DDD,2013J,396292,P2,F1,0.0,0.16533449304219688
DDD,2013J,396668,P2,F1,0.0,0.40953105187621375
DDD,2013J,398529,P2,F1,1.0,0.9136434092919683
DDD,2013J,399203,P2,F1,1.0,0.8950278029697997
DDD,2013J,399453,P2,F1,0.0,0.47475260690392573
DDD,2013J,399794,P2,F1,1.0,0.3502552486038598
DDD,2013J,399843,P2,F1,1.0,0.8013622383873129
DDD,2013J,399935,P2,F1,1.0,0.5197504179401639
DDD,2013J,400942,P2,F1,1.0,0.8440611285177411
DDD,2013J,401947,P2,F1,1.0,0.8163501992157659
DDD,2013J,402210,P2,F1,0.0,0.6006630787766104
DDD,2013J,402433,P2,F1,1.0,0.5406665587370583
DDD,2013J,405336,P2,F1,1.0,0.9378711424638637
DDD,2013J,405784,P2,F1,1.0,0.343625975025809
DDD,2013J,406224,P2,F1,0.0,0.6391923727496952
DDD,2013J,406498,P2,F1,0.0,0.9476312134643414
DDD,2013J,407374,P2,F1,0.0,0.3112841237456985
DDD,2013J,408061,P2,F1,1.0,0.5630128232882204
DDD,2013J,408239,P2,F1,0.0,0.3717550908307228
DDD,2013J,408817,P2,F1,1.0,0.9018460223120776
DDD,2013J,409056,P2,F1,1.0,0.8238527225542956
DDD,2013J,409105,P2,F1,1.0,0.8713076131989278
DDD,2013J,409794,P2,F1,1.0,0.9200081704895846
DDD,2013J,409880,P2,F1,0.0,0.3797255443653822
DDD,2013J,409953,P2,F1,0.0,0.6354179865198519
DDD,2013J,410084,P2,F1,1.0,0.9330981059023213
DDD,2013J,410767,P2,F1,1.0,0.21137120332890608
DDD,2013J,411707,P2,F1,0.0,0.41429106239374497
DDD,2013J,412175,P2,F1,1.0,0.3670321096208953
DDD,2013J,412618,P2,F1,0.0,0.34844900770120085
DDD,2013J,414247,P2,F1,1.0,0.27922894702283807
DDD,2013J,415151,P2,F1,1.0,0.9022986209579156
DDD,2013J,415187,P2,F1,1.0,0.9119504328712406
DDD,2013J,416243,P2,F1,0.0,0.6830556171585503
DDD,2013J,416500,P2,F1,1.0,0.5394203875880365
DDD,2013J,418159,P2,F1,1.0,0.6844862921105355
DDD,2013J,418397,P2,F1,0.0,0.22046426608624728
DDD,2013J,419192,P2,F1,0.0,0.6357955348860228
DDD,2013J,419517,P2,F1,0.0,0.2511485458759628
DDD,2013J,420650,P2,F1,1.0,0.8862768065926653
DDD,2013J,421301,P2,F1,1.0,0.6299603527347862
DDD,2013J,422276,P2,F1,0.0,0.4605498479044195
DDD,2013J,422534,P2,F1,1.0,0.6571247107801362
DDD,2013J,423147,P2,F1,0.0,0.5676674588566788
DDD,2013J,423876,P2,F1,1.0,0.7562497408687309
DDD,2013J,425543,P2,F1,1.0,0.859303105209824
DDD,2013J,426059,P2,F1,0.0,0.3398093404554768
DDD,2013J,426887,P2,F1,0.0,0.21441911839119918
DDD,2013J,427248,P2,F1,1.0,0.5489712960093937
DDD,2013J,427344,P2,F1,1.0,0.9156828474612982
DDD,2013J,428321,P2,F1,1.0,0.9461266022045777
DDD,2013J,429212,P2,F1,0.0,0.35927179953169475
DDD,2013J,429854,P2,F1,0.0,0.6227180336433855
DDD,2013J,430356,P2,F1,0.0,0.5781302094019747
DDD,2013J,431005,P2,F1,0.0,0.8783373352098355
DDD,2013J,432624,P2,F1,1.0,0.9323336151912719
DDD,2013J,432862,P2,F1,1.0,0.46310753486036604
DDD,2013J,432968,P2,F1,1.0,0.8975597646552743
DDD,2013J,433508,P2,F1,0.0,0.6017180263545205
DDD,2013J,433748,P2,F1,0.0,0.2882608919898735
DDD,2013J,434159,P2,F1,1.0,0.4771809581396957
DDD,2013J,435587,P2,F1,0.0,0.6698644205026931
DDD,2013J,437923,P2,F1,0.0,0.6494378611801376
DDD,2013J,438290,P2,F1,1.0,0.5673590361170046
DDD,2013J,438751,P2,F1,0.0,0.19610524321048986
DDD,2013J,439568,P2,F1,0.0,0.17609944818439482
DDD,2013J,439713,P2,F1,1.0,0.39975760512380676
DDD,2013J,439855,P2,F1,0.0,0.3157193484870468
DDD,2013J,440003,P2,F1,0.0,0.7377329707731147
DDD,2013J,441342,P2,F1,0.0,0.36447326377470113
DDD,2013J,441444,P2,F1,0.0,0.56461293880638
DDD,2013J,441885,P2,F1,1.0,0.9313107598682092
DDD,2013J,441892,P2,F1,1.0,0.45489454300184057
DDD,2013J,442547,P2,F1,1.0,0.8569637364280469
DDD,2013J,442589,P2,F1,0.0,0.37640133531458
DDD,2013J,442590,P2,F1,1.0,0.3055746420409174
DDD,2013J,442878,P2,F1,1.0,0.28651590589996734
DDD,2013J,442924,P2,F1,0.0,0.33059794663912434
DDD,2013J,443400,P2,F1,1.0,0.95255735943868
DDD,2013J,443438,P2,F1,1.0,0.861697163521108
DDD,2013J,443540,P2,F1,1.0,0.8086834423601759
DDD,2013J,443731,P2,F1,0.0,0.15529937309236966
DDD,2013J,444063,P2,F1,1.0,0.954711762408077
DDD,2013J,444317,P2,F1,0.0,0.5274291494151583
DDD,2013J,444375,P2,F1,0.0,0.18958123253999604
DDD,2013J,444541,P2,F1,1.0,0.8361624215045064
DDD,2013J,444847,P2,F1,1.0,0.8719308073218415
DDD,2013J,444909,P2,F1,1.0,0.9518977609092829
DDD,2013J,445109,P2,F1,1.0,0.19724665328822436
DDD,2013J,445386,P2,F1,0.0,0.5104917097227396
DDD,2013J,445749,P2,F1,1.0,0.48854372116120115
DDD,2013J,445785,P2,F1,1.0,0.520200866162805
DDD,2013J,445917,P2,F1,0.0,0.2613203694800951
DDD,2013J,445930,P2,F1,0.0,0.6257276395634503
DDD,2013J,446246,P2,F1,0.0,0.15827512560216814
DDD,2013J,446279,P2,F1,0.0,0.20362958174703216
DDD,2013J,446448,P2,F1,1.0,0.4172431346201388
DDD,2013J,447059,P2,F1,0.0,0.24589889675247306
DDD,2013J,464924,P2,F1,0.0,0.17861483546032542
DDD,2013J,465441,P2,F1,0.0,0.21108794811437484
DDD,2013J,465629,P2,F1,1.0,0.41813544079164366
DDD,2013J,466539,P2,F1,0.0,0.27243957242105105
DDD,2013J,466880,P2,F1,0.0,0.18070938148898294
DDD,2013J,467776,P2,F1,1.0,0.8726452943767256
DDD,2013J,468657,P2,F1,1.0,0.9183482064840064
DDD,2013J,468927,P2,F1,0.0,0.3750872748364659
DDD,2013J,469389,P2,F1,1.0,0.8578102227914609
DDD,2013J,469465,P2,F1,0.0,0.9082435433737498
DDD,2013J,469553,P2,F1,0.0,0.503048832244059
DDD,2013J,470403,P2,F1,1.0,0.6050887532499551
DDD,2013J,471373,P2,F1,0.0,0.16006627366672047
DDD,2013J,472000,P2,F1,0.0,0.5544834507878204
DDD,2013J,472060,P2,F1,1.0,0.6123610106077706
DDD,2013J,473104,P2,F1,0.0,0.41349977154791484
DDD,2013J,473340,P2,F1,1.0,0.553651430434995
DDD,2013J,473378,P2,F1,1.0,0.2446643197057044
DDD,2013J,473509,P2,F1,1.0,0.9764358350284057
DDD,2013J,473640,P2,F1,1.0,0.9410667210639346
DDD,2013J,474246,P2,F1,1.0,0.4308774094804185
DDD,2013J,474385,P2,F1,1.0,0.9344672470503418
DDD,2013J,474495,P2,F1,0.0,0.41376646833785463
DDD,2013J,474508,P2,F1,1.0,0.3688516607442763
DDD,2013J,474902,P2,F1,1.0,0.47533790956934013
DDD,2013J,476144,P2,F1,0.0,0.35984822464736166
DDD,2013J,476170,P2,F1,1.0,0.4512377430175145
DDD,2013J,476355,P2,F1,1.0,0.8272374002086639
DDD,2013J,476822,P2,F1,1.0,0.9168138552078613
DDD,2013J,477120,P2,F1,0.0,0.17840006933860622
DDD,2013J,477128,P2,F1,0.0,0.20217958714216958
DDD,2013J,477161,P2,F1,1.0,0.3266025387568387
DDD,2013J,477348,P2,F1,0.0,0.28631280846564583
DDD,2013J,477412,P2,F1,0.0,0.8830271052278816
DDD,2013J,478238,P2,F1,0.0,0.9449358329529359
DDD,2013J,478244,P2,F1,0.0,0.5461991452525015
DDD,2013J,478289,P2,F1,1.0,0.46661697536135194
DDD,2013J,479141,P2,F1,0.0,0.42172989888803203
DDD,2013J,479457,P2,F1,0.0,0.21396075914762475
DDD,2013J,479848,P2,F1,0.0,0.3382994531100442
DDD,2013J,479977,P2,F1,0.0,0.2648415629162515
DDD,2013J,480716,P2,F1,0.0,0.29047466380737863
DDD,2013J,480938,P2,F1,0.0,0.35241252452954275
DDD,2013J,481538,P2,F1,0.0,0.3569755732590519
DDD,2013J,481667,P2,F1,0.0,0.3856143047815713
DDD,2013J,481863,P2,F1,1.0,0.401031161111431
DDD,2013J,482083,P2,F1,0.0,0.682890121060928
DDD,2013J,482173,P2,F1,1.0,0.23885697762624988
DDD,2013J,482635,P2,F1,1.0,0.9099707046606658
DDD,2013J,482868,P2,F1,0.0,0.3999967752810556
DDD,2013J,483362,P2,F1,1.0,0.642508928333843
DDD,2013J,483934,P2,F1,1.0,0.47395231674278027
DDD,2013J,484355,P2,F1,1.0,0.834522976680681
DDD,2013J,484423,P2,F1,0.0,0.3754063270763629
DDD,2013J,484436,P2,F1,0.0,0.6670169015575742
DDD,2013J,484999,P2,F1,1.0,0.8063967009831154
DDD,2013J,485195,P2,F1,1.0,0.3547651772775009
DDD,2013J,485506,P2,F1,0.0,0.6038111353642251
DDD,2013J,485519,P2,F1,0.0,0.42127358141746385
DDD,2013J,485594,P2,F1,1.0,0.31564289976076715
DDD,2013J,485734,P2,F1,1.0,0.3702997157435175
DDD,2013J,485791,P2,F1,0.0,0.30452648416052175
DDD,2013J,486533,P2,F1,0.0,0.807328155180023
DDD,2013J,486877,P2,F1,0.0,0.2741588707126909
DDD,2013J,486890,P2,F1,0.0,0.3742475545450128
DDD,2013J,487293,P2,F1,0.0,0.7636905297762654
DDD,2013J,487556,P2,F1,1.0,0.5694020458231359
DDD,2013J,488198,P2,F1,1.0,0.9480536750510181
DDD,2013J,488550,P2,F1,1.0,0.7749130920467051
DDD,2013J,488575,P2,F1,1.0,0.4621941883045889
DDD,2013J,488680,P2,F1,0.0,0.8931219127341138
DDD,2013J,489084,P2,F1,1.0,0.5763770169876737
DDD,2013J,489209,P2,F1,0.0,0.36115198532774745
DDD,2013J,489410,P2,F1,0.0,0.5403822995282082
DDD,2013J,489990,P2,F1,1.0,0.6855338519209726
DDD,2013J,490164,P2,F1,1.0,0.9437428708735737
DDD,2013J,490297,P2,F1,1.0,0.5764730673471551
DDD,2013J,490530,P2,F1,1.0,0.7056401179564554
DDD,2013J,490738,P2,F1,1.0,0.8627898683510293
DDD,2013J,491081,P2,F1,1.0,0.1743703084303618
DDD,2013J,491110,P2,F1,1.0,0.16100764595407852
DDD,2013J,491874,P2,F1,1.0,0.2710057620213411
DDD,2013J,491875,P2,F1,1.0,0.687397694549309
DDD,2013J,491926,P2,F1,0.0,0.2759098167773531
DDD,2013J,492552,P2,F1,1.0,0.8657126030846419
DDD,2013J,492635,P2,F1,0.0,0.3568517645400332
DDD,2013J,492740,P2,F1,0.0,0.23118973843795995
DDD,2013J,493207,P2,F1,1.0,0.6032834085485556
DDD,2013J,493404,P2,F1,0.0,0.3574209866441307
DDD,2013J,493725,P2,F1,1.0,0.5469885554372617
DDD,2013J,493876,P2,F1,1.0,0.8726317271925889
DDD,2013J,493879,P2,F1,1.0,0.8737559261380377
DDD,2013J,494389,P2,F1,1.0,0.4171758458784897
DDD,2013J,494667,P2,F1,0.0,0.3346682424690362
DDD,2013J,494722,P2,F1,1.0,0.2804279500183678
DDD,2013J,494728,P2,F1,1.0,0.835694928395582
DDD,2013J,496154,P2,F1,1.0,0.9505593577013054
DDD,2013J,496185,P2,F1,1.0,0.7678722650200659
DDD,2013J,496315,P2,F1,1.0,0.9263423346377374
DDD,2013J,497229,P2,F1,1.0,0.6174856039984883
DDD,2013J,497475,P2,F1,1.0,0.7356853691860485
DDD,2013J,497590,P2,F1,0.0,0.5115933159856314
DDD,2013J,497809,P2,F1,1.0,0.890730887214531
DDD,2013J,497994,P2,F1,0.0,0.9296605872006961
DDD,2013J,498793,P2,F1,1.0,0.8420776805686777
DDD,2013J,498821,P2,F1,0.0,0.19555718467724503
DDD,2013J,499392,P2,F1,1.0,0.8376299127268229
DDD,2013J,499469,P2,F1,1.0,0.3811162479499807
DDD,2013J,500283,P2,F1,0.0,0.5029536239033586
DDD,2013J,500339,P2,F1,1.0,0.8391483169834364
DDD,2013J,500521,P2,F1,1.0,0.9464115145157955
DDD,2013J,500581,P2,F1,0.0,0.6826042247636817
DDD,2013J,500707,P2,F1,1.0,0.7890833451525787
DDD,2013J,500785,P2,F1,1.0,0.9081696575008475
DDD,2013J,501203,P2,F1,1.0,0.5463310041054898
DDD,2013J,501488,P2,F1,1.0,0.9252125364883038
DDD,2013J,501723,P2,F1,1.0,0.43907437570950636
DDD,2013J,501867,P2,F1,0.0,0.10089866473438609
DDD,2013J,502051,P2,F1,1.0,0.7676463747209241
DDD,2013J,502207,P2,F1,1.0,0.9123795320151028
DDD,2013J,502466,P2,F1,1.0,0.9146373996244292
DDD,2013J,502477,P2,F1,0.0,0.2268115846848382
DDD,2013J,502638,P2,F1,0.0,0.6444674007468763
DDD,2013J,502642,P2,F1,1.0,0.8391993512915835
DDD,2013J,503023,P2,F1,0.0,0.6178005636450159
DDD,2013J,503783,P2,F1,0.0,0.4832080065699145
DDD,2013J,503838,P2,F1,1.0,0.5465852868535342
DDD,2013J,504034,P2,F1,1.0,0.6168597060848893
DDD,2013J,504234,P2,F1,0.0,0.32707963567328896
DDD,2013J,504368,P2,F1,1.0,0.816203374447228
DDD,2013J,504429,P2,F1,0.0,0.38845169476264735
DDD,2013J,504552,P2,F1,1.0,0.9357815057931435
DDD,2013J,504596,P2,F1,1.0,0.2580578711533317
DDD,2013J,504602,P2,F1,1.0,0.8077273860252412
DDD,2013J,504862,P2,F1,1.0,0.5070090356427147
DDD,2013J,505142,P2,F1,1.0,0.643161701645054
DDD,2013J,505209,P2,F1,1.0,0.6772745546823777
DDD,2013J,505561,P2,F1,1.0,0.4268396066446388
DDD,2013J,505856,P2,F1,0.0,0.34698237335660476
DDD,2013J,506476,P2,F1,1.0,0.8891332176028777
DDD,2013J,506582,P2,F1,0.0,0.09713124815479181
DDD,2013J,506829,P2,F1,1.0,0.51322299608421
DDD,2013J,507113,P2,F1,0.0,0.24454701841837695
DDD,2013J,507115,P2,F1,1.0,0.37726076475587667
DDD,2013J,507257,P2,F1,1.0,0.9219787678650282
DDD,2013J,507285,P2,F1,0.0,0.14349602470078593
DDD,2013J,507344,P2,F1,0.0,0.27080426965429355
DDD,2013J,507478,P2,F1,1.0,0.8100474435537809
DDD,2013J,508025,P2,F1,0.0,0.233097252538744
DDD,2013J,508246,P2,F1,1.0,0.9377307549059801
DDD,2013J,508601,P2,F1,1.0,0.7033026278184035
DDD,2013J,508615,P2,F1,1.0,0.5552470321766361
DDD,2013J,508637,P2,F1,0.0,0.13088392265789514
DDD,2013J,508785,P2,F1,1.0,0.572670926461395
DDD,2013J,509102,P2,F1,0.0,0.28322338611521986
DDD,2013J,509279,P2,F1,0.0,0.3118828840606451
DDD,2013J,509327,P2,F1,0.0,0.5870045609975358
DDD,2013J,509501,P2,F1,1.0,0.6888531064873629
DDD,2013J,509610,P2,F1,0.0,0.4543836016157689
DDD,2013J,509929,P2,F1,0.0,0.09163623932502735
DDD,2013J,510182,P2,F1,0.0,0.3694507478218319
DDD,2013J,510864,P2,F1,0.0,0.6014896676918073
DDD,2013J,510873,P2,F1,0.0,0.5209461386015207
DDD,2013J,511282,P2,F1,0.0,0.4439842489714469
DDD,2013J,511453,P2,F1,0.0,0.5669279515672466
DDD,2013J,512050,P2,F1,1.0,0.9417349919434908
DDD,2013J,512259,P2,F1,0.0,0.2670979925408238
DDD,2013J,512525,P2,F1,1.0,0.6136282419778801
DDD,2013J,512706,P2,F1,1.0,0.3462620890022625
DDD,2013J,513007,P2,F1,1.0,0.8091848744335257
DDD,2013J,513204,P2,F1,1.0,0.702823024276058
DDD,2013J,513349,P2,F1,1.0,0.2169975724339221
DDD,2013J,513356,P2,F1,1.0,0.7467401338167917
DDD,2013J,513482,P2,F1,1.0,0.5055389091500841
DDD,2013J,513499,P2,F1,0.0,0.4045330183475314
DDD,2013J,513853,P2,F1,0.0,0.24114718615239727
DDD,2013J,513954,P2,F1,1.0,0.5964352367074844
DDD,2013J,514125,P2,F1,0.0,0.7953687537242736
DDD,2013J,514852,P2,F1,1.0,0.9286765504388527
DDD,2013J,515056,P2,F1,0.0,0.21338700488711818
DDD,2013J,515247,P2,F1,1.0,0.5864962841332115
DDD,2013J,515520,P2,F1,0.0,0.6193429760322846
DDD,2013J,516343,P2,F1,1.0,0.9497902478100672
DDD,2013J,516653,P2,F1,1.0,0.6534560495727335
DDD,2013J,516946,P2,F1,1.0,0.23696469529449116
DDD,2013J,517093,P2,F1,0.0,0.16207279101060118
DDD,2013J,517416,P2,F1,0.0,0.17996194594794118
DDD,2013J,518709,P2,F1,1.0,0.9307571628408081
DDD,2013J,518731,P2,F1,1.0,0.28630131807658
DDD,2013J,518951,P2,F1,1.0,0.5259347723033639
DDD,2013J,519100,P2,F1,1.0,0.41416115848470975
DDD,2013J,519211,P2,F1,1.0,0.6330361361334467
DDD,2013J,519358,P2,F1,1.0,0.5843830163798204
DDD,2013J,519552,P2,F1,0.0,0.699822844777438
DDD,2013J,519961,P2,F1,1.0,0.9619302901367597
DDD,2013J,520150,P2,F1,0.0,0.41792767272636777
DDD,2013J,520891,P2,F1,0.0,0.3185987971200762
DDD,2013J,522312,P2,F1,0.0,0.2905464010493089
DDD,2013J,522363,P2,F1,1.0,0.15950064597202182
DDD,2013J,522473,P2,F1,0.0,0.5082693804146516
DDD,2013J,522538,P2,F1,1.0,0.91981714616564
DDD,2013J,522777,P2,F1,0.0,0.5907444943671691
DDD,2013J,523047,P2,F1,1.0,0.7416221869167711
DDD,2013J,523248,P2,F1,0.0,0.3762238550964433
DDD,2013J,523275,P2,F1,1.0,0.46559567647972366
DDD,2013J,523583,P2,F1,1.0,0.45638091011864973
DDD,2013J,523834,P2,F1,1.0,0.895325247853991
DDD,2013J,524261,P2,F1,1.0,0.8346071713376723
DDD,2013J,524575,P2,F1,0.0,0.2682318984935775
DDD,2013J,524711,P2,F1,0.0,0.6463935113118838
DDD,2013J,524791,P2,F1,1.0,0.914504369161858
DDD,2013J,525189,P2,F1,1.0,0.6078247567003693
DDD,2013J,525456,P2,F1,0.0,0.43214758849681933
DDD,2013J,525472,P2,F1,0.0,0.2525717612375774
DDD,2013J,525800,P2,F1,1.0,0.5914502280945765
DDD,2013J,526098,P2,F1,1.0,0.15344584281276064
DDD,2013J,526158,P2,F1,0.0,0.5970685921815593
DDD,2013J,526242,P2,F1,0.0,0.20859893175567462
DDD,2013J,526679,P2,F1,0.0,0.3640271372463011
DDD,2013J,527427,P2,F1,0.0,0.5961536491985643
DDD,2013J,527574,P2,F1,0.0,0.2891112084737123
DDD,2013J,527751,P2,F1,1.0,0.7806409572465581
DDD,2013J,527954,P2,F1,1.0,0.6574794333974538
DDD,2013J,528467,P2,F1,0.0,0.8445718672626619
DDD,2013J,528551,P2,F1,0.0,0.42154092078852295
DDD,2013J,528892,P2,F1,0.0,0.4270280078228154
DDD,2013J,528971,P2,F1,1.0,0.3689226380280947
DDD,2013J,529073,P2,F1,1.0,0.6282920403500294
DDD,2013J,529226,P2,F1,1.0,0.5845451158822554
DDD,2013J,529522,P2,F1,1.0,0.3877454645876052
DDD,2013J,529868,P2,F1,0.0,0.33301870618094054
DDD,2013J,530519,P2,F1,1.0,0.5421142094855306
DDD,2013J,530967,P2,F1,0.0,0.414976061571017
DDD,2013J,531234,P2,F1,1.0,0.3975719033782184
DDD,2013J,531402,P2,F1,0.0,0.28128376433212016
DDD,2013J,531888,P2,F1,1.0,0.9482358770237191
DDD,2013J,532020,P2,F1,0.0,0.2889950747343923
DDD,2013J,532116,P2,F1,0.0,0.55997573562591
DDD,2013J,532144,P2,F1,0.0,0.9356007272025821
DDD,2013J,532683,P2,F1,1.0,0.7702414616613453
DDD,2013J,532859,P2,F1,1.0,0.8683762288508106
DDD,2013J,532863,P2,F1,1.0,0.826433042027053
DDD,2013J,532941,P2,F1,1.0,0.8230744829023963
DDD,2013J,533988,P2,F1,0.0,0.6485955831275864
DDD,2013J,534093,P2,F1,0.0,0.22444834301065067
DDD,2013J,535161,P2,F1,0.0,0.3290814869411314
DDD,2013J,535220,P2,F1,1.0,0.9017335449839123
DDD,2013J,535351,P2,F1,1.0,0.6542518621185692
DDD,2013J,535632,P2,F1,1.0,0.9236870592349191
DDD,2013J,535707,P2,F1,1.0,0.5748232657078857
DDD,2013J,535794,P2,F1,1.0,0.8315571449756475
DDD,2013J,536199,P2,F1,0.0,0.490332796929764
DDD,2013J,536210,P2,F1,1.0,0.8919307583610483
DDD,2013J,536979,P2,F1,1.0,0.5497499616729397
DDD,2013J,537747,P2,F1,0.0,0.17259259975542668
DDD,2013J,537811,P2,F1,0.0,0.16946139533369672
DDD,2013J,537918,P2,F1,1.0,0.8949459666955656
DDD,2013J,537962,P2,F1,0.0,0.6478444944367524
DDD,2013J,538863,P2,F1,0.0,0.23705848102178836
DDD,2013J,538903,P2,F1,0.0,0.5636986422252136
DDD,2013J,539872,P2,F1,1.0,0.31874413725842715
DDD,2013J,540806,P2,F1,0.0,0.2120031957676667
DDD,2013J,540947,P2,F1,0.0,0.382939842241777
DDD,2013J,541108,P2,F1,0.0,0.5889002777215259
DDD,2013J,541482,P2,F1,0.0,0.6044196895270875
DDD,2013J,542180,P2,F1,0.0,0.5537670464805656
DDD,2013J,542558,P2,F1,0.0,0.25300720333367016
DDD,2013J,543481,P2,F1,1.0,0.41055179978404277
DDD,2013J,543648,P2,F1,1.0,0.8479763011301406
DDD,2013J,543683,P2,F1,1.0,0.9373518828484861
DDD,2013J,543723,P2,F1,0.0,0.3055967567179001
DDD,2013J,543788,P2,F1,0.0,0.25254640189340416
DDD,2013J,543825,P2,F1,0.0,0.6978156648595358
DDD,2013J,544031,P2,F1,1.0,0.38265349061701587
DDD,2013J,544499,P2,F1,1.0,0.9283763683427366
DDD,2013J,544576,P2,F1,0.0,0.8117586852230939
DDD,2013J,544594,P2,F1,0.0,0.28975467670095645
DDD,2013J,544649,P2,F1,1.0,0.5516878244533467
DDD,2013J,544982,P2,F1,1.0,0.4751594425272669
DDD,2013J,545093,P2,F1,0.0,0.20518379139782594
DDD,2013J,545124,P2,F1,1.0,0.9669045988590462
DDD,2013J,545179,P2,F1,1.0,0.3325797339130814
DDD,2013J,545211,P2,F1,0.0,0.3646535377869596
DDD,2013J,545255,P2,F1,0.0,0.35989679625551874
DDD,2013J,545769,P2,F1,0.0,0.5634395004361171
DDD,2013J,545991,P2,F1,1.0,0.24647936098725756
DDD,2013J,546293,P2,F1,1.0,0.8910268138571766
DDD,2013J,546722,P2,F1,0.0,0.44690136701844196
DDD,2013J,546809,P2,F1,1.0,0.9118239781133746
DDD,2013J,546852,P2,F1,0.0,0.36205471325399674
DDD,2013J,547378,P2,F1,1.0,0.5501744324505947
DDD,2013J,547448,P2,F1,0.0,0.28755943289897057
DDD,2013J,547584,P2,F1,1.0,0.49393887303940176
DDD,2013J,547737,P2,F1,0.0,0.8589502165204828
DDD,2013J,547784,P2,F1,1.0,0.3467986448459341
DDD,2013J,548027,P2,F1,0.0,0.5508919269549978
DDD,2013J,548173,P2,F1,1.0,0.5456241944891286
DDD,2013J,548301,P2,F1,0.0,0.22011827142532706
DDD,2013J,548825,P2,F1,1.0,0.6908527286907684
DDD,2013J,549032,P2,F1,0.0,0.2880375256126659
DDD,2013J,549113,P2,F1,0.0,0.30712717972341413
DDD,2013J,549337,P2,F1,1.0,0.4947827082748384
DDD,2013J,549424,P2,F1,1.0,0.7811659153000394
DDD,2013J,549601,P2,F1,1.0,0.1895179778248032
DDD,2013J,550331,P2,F1,0.0,0.4838952432940422
DDD,2013J,550380,P2,F1,1.0,0.6481335722079379
DDD,2013J,550814,P2,F1,0.0,0.469135856124557
DDD,2013J,551126,P2,F1,0.0,0.6431580033958156
DDD,2013J,551214,P2,F1,0.0,0.24368161309740313
DDD,2013J,551456,P2,F1,1.0,0.5832305260552204
DDD,2013J,551760,P2,F1,1.0,0.6619472428170268
DDD,2013J,551774,P2,F1,1.0,0.9574711531968141
DDD,2013J,552282,P2,F1,1.0,0.5550851059258624
DDD,2013J,552313,P2,F1,0.0,0.443577947274699
DDD,2013J,552537,P2,F1,0.0,0.2304570091499873
DDD,2013J,552747,P2,F1,0.0,0.22846443045193734
DDD,2013J,552898,P2,F1,0.0,0.42505516762152906
DDD,2013J,553280,P2,F1,0.0,0.27719986701292537
DDD,2013J,553301,P2,F1,0.0,0.1911374395482023
DDD,2013J,553353,P2,F1,1.0,0.894062071425458
DDD,2013J,553719,P2,F1,0.0,0.2765038039640136
DDD,2013J,553832,P2,F1,1.0,0.4644876527744231
DDD,2013J,554283,P2,F1,0.0,0.521124456136335
DDD,2013J,554356,P2,F1,0.0,0.18070662716561556
DDD,2013J,554691,P2,F1,0.0,0.8939586523255307
DDD,2013J,555239,P2,F1,0.0,0.16858950588097554
DDD,2013J,555316,P2,F1,1.0,0.7978653086916967
DDD,2013J,555644,P2,F1,1.0,0.715586518870557
DDD,2013J,555791,P2,F1,1.0,0.5065653940138808
DDD,2013J,556539,P2,F1,0.0,0.4452356850208903
DDD,2013J,556751,P2,F1,1.0,0.7299717086477041
DDD,2013J,557247,P2,F1,1.0,0.9284608281676047
DDD,2013J,557474,P2,F1,1.0,0.8210480762385607
DDD,2013J,558021,P2,F1,0.0,0.30247585314934833
DDD,2013J,558052,P2,F1,1.0,0.9278000063879975
DDD,2013J,558140,P2,F1,1.0,0.3847106815974527
DDD,2013J,558610,P2,F1,1.0,0.9231269410175934
DDD,2013J,558765,P2,F1,1.0,0.4017789789660602
DDD,2013J,559096,P2,F1,0.0,0.41211568817469685
DDD,2013J,559123,P2,F1,0.0,0.6351060575379492
DDD,2013J,559140,P2,F1,0.0,0.31394554218238163
DDD,2013J,559540,P2,F1,1.0,0.7592157050050735
DDD,2013J,559680,P2,F1,0.0,0.41538259176251846
DDD,2013J,559735,P2,F1,1.0,0.7294281561425275
DDD,2013J,559855,P2,F1,1.0,0.44341393547163505
DDD,2013J,559908,P2,F1,0.0,0.44332924105588656
DDD,2013J,559992,P2,F1,0.0,0.7941729206500735
DDD,2013J,560015,P2,F1,1.0,0.7671314669624413
DDD,2013J,560243,P2,F1,0.0,0.29630907834084896
DDD,2013J,560423,P2,F1,1.0,0.8068167566762221
DDD,2013J,560458,P2,F1,0.0,0.2672009655227167
DDD,2013J,560486,P2,F1,0.0,0.20468382617678021
DDD,2013J,560493,P2,F1,0.0,0.24990194537911875
DDD,2013J,560759,P2,F1,0.0,0.2771957573744501
DDD,2013J,560870,P2,F1,1.0,0.4989300635720913
DDD,2013J,560879,P2,F1,0.0,0.22206702565272632
DDD,2013J,560948,P2,F1,1.0,0.9525817479121844
DDD,2013J,561072,P2,F1,0.0,0.18996931894135782
DDD,2013J,561195,P2,F1,0.0,0.37689486622746565
DDD,2013J,561272,P2,F1,1.0,0.9184849966445945
DDD,2013J,561476,P2,F1,0.0,0.3706797361363008
DDD,2013J,561515,P2,F1,0.0,0.44150540781615366
DDD,2013J,561734,P2,F1,0.0,0.9594371911143283
DDD,2013J,561807,P2,F1,0.0,0.21841240992153083
DDD,2013J,561810,P2,F1,0.0,0.2631266143523087
DDD,2013J,561819,P2,F1,0.0,0.18264073174882525
DDD,2013J,561823,P2,F1,1.0,0.4854132833781193
DDD,2013J,561881,P2,F1,0.0,0.15094047537844285
DDD,2013J,561905,P2,F1,1.0,0.6704649232662596
DDD,2013J,561955,P2,F1,0.0,0.2684714437417164
DDD,2013J,562064,P2,F1,1.0,0.6339715424898253
DDD,2013J,562100,P2,F1,1.0,0.7861893058141585
DDD,2013J,562437,P2,F1,0.0,0.43753878092684256
DDD,2013J,562490,P2,F1,1.0,0.5770910332170547
DDD,2013J,562585,P2,F1,1.0,0.8145672605896138
DDD,2013J,562728,P2,F1,0.0,0.28021118714427007
DDD,2013J,562929,P2,F1,1.0,0.9095434444037775
DDD,2013J,563016,P2,F1,0.0,0.21272903194242437
DDD,2013J,563675,P2,F1,0.0,0.1958862092703198
DDD,2013J,563718,P2,F1,1.0,0.8994338607911597
DDD,2013J,563770,P2,F1,1.0,0.9066612635934663
DDD,2013J,563819,P2,F1,0.0,0.5648606496060734
DDD,2013J,563847,P2,F1,1.0,0.9131661033182893
DDD,2013J,563862,P2,F1,1.0,0.2996266744685838
DDD,2013J,563888,P2,F1,1.0,0.6595240749048015
DDD,2013J,563971,P2,F1,0.0,0.23377455419248325
DDD,2013J,564213,P2,F1,0.0,0.8457143692348345
DDD,2013J,564325,P2,F1,1.0,0.5738370376954903
DDD,2013J,564356,P2,F1,0.0,0.21213892735042802
DDD,2013J,564454,P2,F1,1.0,0.5426234377257545
DDD,2013J,565175,P2,F1,0.0,0.5854098837299224
DDD,2013J,565301,P2,F1,0.0,0.37006429753735787
DDD,2013J,565570,P2,F1,1.0,0.4926319671404683
DDD,2013J,565657,P2,F1,0.0,0.37321303605877376
DDD,2013J,566134,P2,F1,1.0,0.8963746600825835
DDD,2013J,566185,P2,F1,0.0,0.26909215099810563
DDD,2013J,566381,P2,F1,1.0,0.36797505012284726
DDD,2013J,566482,P2,F1,1.0,0.8002643172781727
DDD,2013J,566553,P2,F1,1.0,0.9091322785870724
DDD,2013J,566795,P2,F1,1.0,0.8864270346336959
DDD,2013J,566810,P2,F1,1.0,0.9434085841645625
DDD,2013J,566979,P2,F1,0.0,0.1314331158855122
DDD,2013J,567152,P2,F1,0.0,0.23264148431233278
DDD,2013J,567167,P2,F1,0.0,0.41738515527791037
DDD,2013J,567176,P2,F1,1.0,0.7962460479606471
DDD,2013J,567292,P2,F1,0.0,0.19641632672999182
DDD,2013J,567304,P2,F1,0.0,0.44783038393957086
DDD,2013J,567417,P2,F1,0.0,0.2390896609422073
DDD,2013J,567451,P2,F1,0.0,0.2949237524058614
DDD,2013J,567970,P2,F1,1.0,0.3430347461600128
DDD,2013J,568043,P2,F1,1.0,0.9185388271627006
DDD,2013J,568068,P2,F1,1.0,0.888101965930466
DDD,2013J,568196,P2,F1,0.0,0.24128050687074393
DDD,2013J,568223,P2,F1,0.0,0.4362278255305553
DDD,2013J,568422,P2,F1,1.0,0.9494415417973004
DDD,2013J,568566,P2,F1,0.0,0.30124463758426573
DDD,2013J,568578,P2,F1,1.0,0.16709460812064744
DDD,2013J,568598,P2,F1,0.0,0.23727282368122468
DDD,2013J,568668,P2,F1,1.0,0.9282327592699648
DDD,2013J,568741,P2,F1,1.0,0.4566371226181425
DDD,2013J,568835,P2,F1,1.0,0.6068891813247532
DDD,2013J,568948,P2,F1,0.0,0.21148937586498157
DDD,2013J,568963,P2,F1,0.0,0.38223130063779553
DDD,2013J,569279,P2,F1,1.0,0.8993020700322503
DDD,2013J,569857,P2,F1,1.0,0.2227420859017617
DDD,2013J,569928,P2,F1,0.0,0.35704816442343873
DDD,2013J,569935,P2,F1,0.0,0.2918430989729391
DDD,2013J,569978,P2,F1,0.0,0.21624383293180482
DDD,2013J,570237,P2,F1,0.0,0.3862424838222271
DDD,2013J,570403,P2,F1,0.0,0.22826752377062126
DDD,2013J,570531,P2,F1,0.0,0.23364293722764906
DDD,2013J,570630,P2,F1,0.0,0.4838620566006051
DDD,2013J,570671,P2,F1,0.0,0.38309695915117964
DDD,2013J,570871,P2,F1,0.0,0.4868886129658115
DDD,2013J,570872,P2,F1,0.0,0.1560054398243915
DDD,2013J,570896,P2,F1,0.0,0.2876053506215527
DDD,2013J,571055,P2,F1,1.0,0.3317673636673114
DDD,2013J,571131,P2,F1,0.0,0.4436582420630888
DDD,2013J,571242,P2,F1,0.0,0.25863562500702897
DDD,2013J,571451,P2,F1,0.0,0.34787844717656136
DDD,2013J,571512,P2,F1,0.0,0.30060668481390485
DDD,2013J,571640,P2,F1,1.0,0.3605901327491621
DDD,2013J,571716,P2,F1,1.0,0.5864185977223593
DDD,2013J,571765,P2,F1,0.0,0.43308254184563644
DDD,2013J,571776,P2,F1,0.0,0.18855793084869957
DDD,2013J,571808,P2,F1,0.0,0.33879197471960365
DDD,2013J,571921,P2,F1,0.0,0.06162643332096772
DDD,2013J,571950,P2,F1,1.0,0.7194814529477417
DDD,2013J,571951,P2,F1,0.0,0.276429617098492
DDD,2013J,572060,P2,F1,0.0,0.18512729016158622
DDD,2013J,572087,P2,F1,1.0,0.47449775141183925
DDD,2013J,572134,P2,F1,1.0,0.892972922651113
DDD,2013J,572143,P2,F1,1.0,0.5350873724050014
DDD,2013J,572149,P2,F1,0.0,0.24411537266124675
DDD,2013J,572231,P2,F1,0.0,0.5059589698067786
DDD,2013J,572233,P2,F1,0.0,0.42504092100047614
DDD,2013J,572241,P2,F1,1.0,0.40247801075220396
DDD,2013J,572280,P2,F1,0.0,0.33644436631169505
DDD,2013J,572338,P2,F1,0.0,0.33807257803840546
DDD,2013J,572348,P2,F1,0.0,0.18593885383478467
DDD,2013J,572382,P2,F1,0.0,0.44393118643487206
DDD,2013J,572431,P2,F1,0.0,0.2966528804643551
DDD,2013J,572452,P2,F1,1.0,0.2638773169932891
DDD,2013J,572457,P2,F1,0.0,0.11812085351973171
DDD,2013J,572460,P2,F1,1.0,0.5002761519784061
DDD,2013J,572470,P2,F1,1.0,0.9267526879182973
DDD,2013J,572567,P2,F1,1.0,0.5887742216454214
DDD,2013J,572648,P2,F1,1.0,0.8322216358338929
DDD,2013J,572688,P2,F1,0.0,0.2870144504263186
DDD,2013J,572697,P2,F1,0.0,0.2142990743448243
DDD,2013J,572730,P2,F1,0.0,0.61493536531924
DDD,2013J,572735,P2,F1,0.0,0.1819881801867739
DDD,2013J,572751,P2,F1,1.0,0.8951971407085938
DDD,2013J,572754,P2,F1,0.0,0.31380040628715555
DDD,2013J,572774,P2,F1,0.0,0.3628359567293713
DDD,2013J,572806,P2,F1,0.0,0.30230116385952943
DDD,2013J,572854,P2,F1,0.0,0.22126385997342585
DDD,2013J,572874,P2,F1,0.0,0.15079243402917594
DDD,2013J,572880,P2,F1,1.0,0.587518344131134
DDD,2013J,572909,P2,F1,1.0,0.8359006633680013
DDD,2013J,572949,P2,F1,1.0,0.47763415222834377
DDD,2013J,572976,P2,F1,0.0,0.4448463528033392
DDD,2013J,573235,P2,F1,1.0,0.21500461702116688
DDD,2013J,573307,P2,F1,1.0,0.9448629653265161
DDD,2013J,573473,P2,F1,0.0,0.48080885768421183
DDD,2013J,573602,P2,F1,1.0,0.320586570798731
DDD,2013J,573646,P2,F1,1.0,0.3038886933723366
DDD,2013J,573689,P2,F1,0.0,0.8565702553857442
DDD,2013J,573712,P2,F1,1.0,0.8167295466413732
DDD,2013J,573780,P2,F1,0.0,0.36500401809737937
DDD,2013J,573845,P2,F1,0.0,0.528388242910881
DDD,2013J,574035,P2,F1,0.0,0.0991027690696122
DDD,2013J,574088,P2,F1,0.0,0.4079662043192751
DDD,2013J,574098,P2,F1,0.0,0.5361045317072585
DDD,2013J,574099,P2,F1,1.0,0.5991451939158663
DDD,2013J,574310,P2,F1,0.0,0.5880950386100787
DDD,2013J,574330,P2,F1,1.0,0.44026316902394863
DDD,2013J,574498,P2,F1,0.0,0.20291347009852082
DDD,2013J,574529,P2,F1,1.0,0.4499000295286031
DDD,2013J,574623,P2,F1,1.0,0.6441134669014839
DDD,2013J,574627,P2,F1,1.0,0.8744183555779302
DDD,2013J,574705,P2,F1,0.0,0.16840016282783124
DDD,2013J,574720,P2,F1,0.0,0.5449520865658162
DDD,2013J,574730,P2,F1,1.0,0.9189204691049258
DDD,2013J,574743,P2,F1,1.0,0.6060930815289214
DDD,2013J,574819,P2,F1,1.0,0.4510810851567585
DDD,2013J,574842,P2,F1,0.0,0.4371143028953397
DDD,2013J,574866,P2,F1,1.0,0.4731700936360559
DDD,2013J,574873,P2,F1,0.0,0.183490683539314
DDD,2013J,574895,P2,F1,0.0,0.18793305372939045
DDD,2013J,574938,P2,F1,0.0,0.15542696371948278
DDD,2013J,575192,P2,F1,0.0,0.5791769810685549
DDD,2013J,575213,P2,F1,1.0,0.6712781672342296
DDD,2013J,575258,P2,F1,0.0,0.35237599436393524
DDD,2013J,575337,P2,F1,1.0,0.7668065048023992
DDD,2013J,575376,P2,F1,0.0,0.28198825393149896
DDD,2013J,575385,P2,F1,0.0,0.15543195003980906
DDD,2013J,575431,P2,F1,0.0,0.20059760232337095
DDD,2013J,575493,P2,F1,1.0,0.2782587962045958
DDD,2013J,575766,P2,F1,0.0,0.40456695813258126
DDD,2013J,575773,P2,F1,1.0,0.926162214998756
DDD,2013J,575798,P2,F1,0.0,0.30473112640750344
DDD,2013J,575811,P2,F1,1.0,0.5507059602588017
DDD,2013J,575962,P2,F1,1.0,0.8553991956143234
DDD,2013J,575999,P2,F1,1.0,0.8559049115900534
DDD,2013J,576083,P2,F1,0.0,0.20846731412938693
DDD,2013J,576131,P2,F1,1.0,0.8552256838960125
DDD,2013J,576233,P2,F1,0.0,0.2718853309742209
DDD,2013J,576251,P2,F1,0.0,0.1738275629261285
DDD,2013J,576314,P2,F1,1.0,0.4587439130088289
DDD,2013J,576368,P2,F1,1.0,0.5897770534303576
DDD,2013J,576383,P2,F1,0.0,0.31191417658975945
DDD,2013J,576413,P2,F1,0.0,0.21462903787998852
DDD,2013J,576453,P2,F1,0.0,0.11850257240597573
DDD,2013J,576492,P2,F1,1.0,0.6746655327702439
DDD,2013J,576767,P2,F1,0.0,0.4962839312089617
DDD,2013J,576847,P2,F1,0.0,0.3297882381861891
DDD,2013J,576879,P2,F1,1.0,0.20367475487280381
DDD,2013J,576949,P2,F1,0.0,0.1856702521566946
DDD,2013J,577035,P2,F1,0.0,0.3727435778145479
DDD,2013J,577126,P2,F1,0.0,0.44332985844892614
DDD,2013J,577196,P2,F1,1.0,0.24303783168657836
DDD,2013J,577200,P2,F1,1.0,0.8664193789332546
DDD,2013J,577212,P2,F1,1.0,0.6770289686635395
DDD,2013J,577279,P2,F1,0.0,0.1327070114310596
DDD,2013J,577401,P2,F1,1.0,0.946172003495762
DDD,2013J,577414,P2,F1,0.0,0.2147094977938676
DDD,2013J,577464,P2,F1,0.0,0.12558261926424388
DDD,2013J,577570,P2,F1,1.0,0.8245954578787285
DDD,2013J,577638,P2,F1,1.0,0.4218025268575018
DDD,2013J,577652,P2,F1,1.0,0.7491457602410847
DDD,2013J,578026,P2,F1,1.0,0.3408513196964214
DDD,2013J,578117,P2,F1,1.0,0.895456819061559
DDD,2013J,578150,P2,F1,1.0,0.757626740295762
DDD,2013J,578303,P2,F1,0.0,0.427396228429608
DDD,2013J,578427,P2,F1,1.0,0.7397634555728608
DDD,2013J,578644,P2,F1,0.0,0.5402180465617891
DDD,2013J,578697,P2,F1,0.0,0.6298248334031396
DDD,2013J,578823,P2,F1,0.0,0.3656658380051677
DDD,2013J,578850,P2,F1,0.0,0.37701551522709437
DDD,2013J,578906,P2,F1,0.0,0.39368143620663437
DDD,2013J,578943,P2,F1,0.0,0.20189665383839137
DDD,2013J,578956,P2,F1,0.0,0.2696034981210753
DDD,2013J,579105,P2,F1,0.0,0.19038451241227747
DDD,2013J,579112,P2,F1,1.0,0.8102592556842293
DDD,2013J,579151,P2,F1,0.0,0.27661916643063444
DDD,2013J,579303,P2,F1,1.0,0.8935027850905561
DDD,2013J,579325,P2,F1,0.0,0.3765197692497516
DDD,2013J,579367,P2,F1,0.0,0.18596830394114502
DDD,2013J,579372,P2,F1,1.0,0.5951163148935831
DDD,2013J,579470,P2,F1,1.0,0.40903095006555307
DDD,2013J,579567,P2,F1,0.0,0.6008691496675587
DDD,2013J,579717,P2,F1,0.0,0.8901871502598734
DDD,2013J,580393,P2,F1,0.0,0.34076293868832574
DDD,2013J,580415,P2,F1,0.0,0.20746433185392116
DDD,2013J,580441,P2,F1,1.0,0.38363354753645634
DDD,2013J,580468,P2,F1,0.0,0.33932178759838927
DDD,2013J,580516,P2,F1,0.0,0.3643927524649982
DDD,2013J,580534,P2,F1,1.0,0.5309281055525641
DDD,2013J,580642,P2,F1,0.0,0.23651009841437368
DDD,2013J,580706,P2,F1,1.0,0.8264851347280254
DDD,2013J,580714,P2,F1,0.0,0.16489850420957114
DDD,2013J,580916,P2,F1,0.0,0.43107468763716483
DDD,2013J,581138,P2,F1,1.0,0.5927399233725358
DDD,2013J,581320,P2,F1,1.0,0.5172806982366746
DDD,2013J,581552,P2,F1,0.0,0.20149838297921022
DDD,2013J,581593,P2,F1,0.0,0.2017228995062064
DDD,2013J,581697,P2,F1,0.0,0.4626872098982027
DDD,2013J,581755,P2,F1,1.0,0.7135170491875389
DDD,2013J,581818,P2,F1,1.0,0.7926764073301322
DDD,2013J,581922,P2,F1,0.0,0.363013139818936
DDD,2013J,582026,P2,F1,1.0,0.8078777014744244
DDD,2013J,582160,P2,F1,1.0,0.4921045275053338
DDD,2013J,582227,P2,F1,1.0,0.8710845232791347
DDD,2013J,582302,P2,F1,1.0,0.9375480302528519
DDD,2013J,582320,P2,F1,0.0,0.44587798914864885
DDD,2013J,582373,P2,F1,1.0,0.2617558538755785
DDD,2013J,582416,P2,F1,0.0,0.16783579088582495
DDD,2013J,582452,P2,F1,0.0,0.46667627992861077
DDD,2013J,582464,P2,F1,0.0,0.36351794593835035
DDD,2013J,582554,P2,F1,1.0,0.4227691604259827
DDD,2013J,582848,P2,F1,1.0,0.8336793606927906
DDD,2013J,582879,P2,F1,0.0,0.26087558405886985
DDD,2013J,582931,P2,F1,1.0,0.5081769139730999
DDD,2013J,583037,P2,F1,1.0,0.5950290222319589
DDD,2013J,583198,P2,F1,0.0,0.9438298603545608
DDD,2013J,583215,P2,F1,1.0,0.46451520044289746
DDD,2013J,583247,P2,F1,1.0,0.4915987964335664
DDD,2013J,583293,P2,F1,0.0,0.2588347502650321
DDD,2013J,583335,P2,F1,1.0,0.36507592363425656
DDD,2013J,583514,P2,F1,0.0,0.22306594704368926
DDD,2013J,583540,P2,F1,0.0,0.8512794572528324
DDD,2013J,583570,P2,F1,1.0,0.9450066397564877
DDD,2013J,583580,P2,F1,1.0,0.9391388364651092
DDD,2013J,583606,P2,F1,1.0,0.6583221008142073
DDD,2013J,583775,P2,F1,1.0,0.5856944286783388
DDD,2013J,583871,P2,F1,0.0,0.5052452040722648
DDD,2013J,583946,P2,F1,0.0,0.33490025160256565
DDD,2013J,583955,P2,F1,0.0,0.44189197171905964
DDD,2013J,584077,P2,F1,1.0,0.8184655705516699
DDD,2013J,584082,P2,F1,1.0,0.9078248405382779
DDD,2013J,584132,P2,F1,0.0,0.5265344795937072
DDD,2013J,584183,P2,F1,0.0,0.25208157802088854
DDD,2013J,584315,P2,F1,1.0,0.756933629423175
DDD,2013J,584433,P2,F1,0.0,0.41239777294554325
DDD,2013J,584455,P2,F1,1.0,0.8925332377984279
DDD,2013J,584495,P2,F1,0.0,0.31919232572572104
DDD,2013J,584586,P2,F1,1.0,0.3705419108506311
DDD,2013J,584591,P2,F1,1.0,0.84690861016182
DDD,2013J,584615,P2,F1,1.0,0.865327447698564
DDD,2013J,584640,P2,F1,0.0,0.8891720509084878
DDD,2013J,584914,P2,F1,0.0,0.17119524688494495
DDD,2013J,584918,P2,F1,1.0,0.42984318845599784
DDD,2013J,584932,P2,F1,1.0,0.9211548013235393
DDD,2013J,584943,P2,F1,0.0,0.4891014256568887
DDD,2013J,585098,P2,F1,0.0,0.8737240422384445
DDD,2013J,585134,P2,F1,0.0,0.2524388294497891
DDD,2013J,585208,P2,F1,1.0,0.37070208826409673
DDD,2013J,585210,P2,F1,1.0,0.8926274290142786
DDD,2013J,585326,P2,F1,0.0,0.22019639288629647
DDD,2013J,585359,P2,F1,1.0,0.6225056322913591
DDD,2013J,585422,P2,F1,0.0,0.23830737527281792
DDD,2013J,585525,P2,F1,1.0,0.9151722712351525
DDD,2013J,585695,P2,F1,0.0,0.2820195273066512
DDD,2013J,585998,P2,F1,1.0,0.29559086963201264
DDD,2013J,586022,P2,F1,1.0,0.4332616109384299
DDD,2013J,586113,P2,F1,1.0,0.4397951912648878
DDD,2013J,586128,P2,F1,0.0,0.12445378610973798
DDD,2013J,586243,P2,F1,0.0,0.25081219718196285
DDD,2013J,586257,P2,F1,0.0,0.17331521508337527
DDD,2013J,586470,P2,F1,1.0,0.26888359301725845
DDD,2013J,586497,P2,F1,0.0,0.2912856461706235
DDD,2013J,586526,P2,F1,0.0,0.4934157791907849
DDD,2013J,586550,P2,F1,0.0,0.3922214138820359
DDD,2013J,586609,P2,F1,1.0,0.5143834259629327
DDD,2013J,586625,P2,F1,1.0,0.2551741369771145
DDD,2013J,586707,P2,F1,1.0,0.5921479002451959
DDD,2013J,586762,P2,F1,0.0,0.4164743898428731
DDD,2013J,586800,P2,F1,0.0,0.10331429107971056
DDD,2013J,586912,P2,F1,0.0,0.4495724996375388
DDD,2013J,587002,P2,F1,0.0,0.29429282333230977
DDD,2013J,587006,P2,F1,1.0,0.6893276059213141
DDD,2013J,587576,P2,F1,1.0,0.8744679769320692
DDD,2013J,587641,P2,F1,0.0,0.37157680883136524
DDD,2013J,587862,P2,F1,0.0,0.2500708643620607
DDD,2013J,587989,P2,F1,0.0,0.19406701897280465
DDD,2013J,588013,P2,F1,1.0,0.2469578295019575
DDD,2013J,588033,P2,F1,0.0,0.3030908883067551
DDD,2013J,588086,P2,F1,0.0,0.19352938541719084
DDD,2013J,588132,P2,F1,0.0,0.1822455245992313
DDD,2013J,588146,P2,F1,1.0,0.3569062991982971
DDD,2013J,588178,P2,F1,0.0,0.1548799321858012
DDD,2013J,588197,P2,F1,1.0,0.911159967424537
DDD,2013J,588208,P2,F1,0.0,0.354768876867518
DDD,2013J,588219,P2,F1,0.0,0.6505877710872112
DDD,2013J,588293,P2,F1,0.0,0.2774294926811653
DDD,2013J,588352,P2,F1,0.0,0.0829984153325884
DDD,2013J,588430,P2,F1,0.0,0.4034744955684135
DDD,2013J,588460,P2,F1,1.0,0.27538295311958794
DDD,2013J,588482,P2,F1,0.0,0.4408267295826552
DDD,2013J,588493,P2,F1,0.0,0.11938193448507065
DDD,2013J,588537,P2,F1,1.0,0.7183721557232079
DDD,2013J,588540,P2,F1,0.0,0.07931877152630899
DDD,2013J,588556,P2,F1,0.0,0.54650493831258
DDD,2013J,588566,P2,F1,0.0,0.49359974868619083
DDD,2013J,588707,P2,F1,0.0,0.2554353899272795
DDD,2013J,588824,P2,F1,0.0,0.34032638531624787
DDD,2013J,588850,P2,F1,0.0,0.24226470899705876
DDD,2013J,588884,P2,F1,1.0,0.46881449161577426
DDD,2013J,589007,P2,F1,1.0,0.9279323056584399
DDD,2013J,589019,P2,F1,0.0,0.32929593714354666
DDD,2013J,589171,P2,F1,1.0,0.8323044731381413
DDD,2013J,589220,P2,F1,0.0,0.16051558771511304
DDD,2013J,589458,P2,F1,0.0,0.2415941803522036
DDD,2013J,589503,P2,F1,0.0,0.4637844719308343
DDD,2013J,589531,P2,F1,0.0,0.49818536902078325
DDD,2013J,589557,P2,F1,0.0,0.3436876736471396
DDD,2013J,589582,P2,F1,1.0,0.6099642972122045
DDD,2013J,589584,P2,F1,1.0,0.5044185770212165
DDD,2013J,589723,P2,F1,0.0,0.26128137217991765
DDD,2013J,589875,P2,F1,0.0,0.5705691804642948
DDD,2013J,589932,P2,F1,1.0,0.6347444124143837
DDD,2013J,589956,P2,F1,0.0,0.3979703565976484
DDD,2013J,590184,P2,F1,1.0,0.9093992998503263
DDD,2013J,590235,P2,F1,1.0,0.9191570215658043
DDD,2013J,590370,P2,F1,1.0,0.7865881783897931
DDD,2013J,590392,P2,F1,0.0,0.3462160082164137
DDD,2013J,590397,P2,F1,0.0,0.8455938303542547
DDD,2013J,590402,P2,F1,1.0,0.9267673464636365
DDD,2013J,590420,P2,F1,1.0,0.9219927406371552
DDD,2013J,590443,P2,F1,0.0,0.17497366884531915
DDD,2013J,590482,P2,F1,0.0,0.2621018807774434
DDD,2013J,590676,P2,F1,0.0,0.5186748296290098
DDD,2013J,590762,P2,F1,1.0,0.23407599683799138
DDD,2013J,590789,P2,F1,0.0,0.2629798196463054
DDD,2013J,590811,P2,F1,1.0,0.38216547507399196
DDD,2013J,590828,P2,F1,1.0,0.9174490700418576
DDD,2013J,590886,P2,F1,1.0,0.40099792758397124
DDD,2013J,590918,P2,F1,1.0,0.7370088126903694
DDD,2013J,590920,P2,F1,1.0,0.7175854026886987
DDD,2013J,590921,P2,F1,1.0,0.18214863449574586
DDD,2013J,590951,P2,F1,1.0,0.9525260831415446
DDD,2013J,591071,P2,F1,0.0,0.300526068862034
DDD,2013J,591163,P2,F1,1.0,0.4193753201920667
DDD,2013J,591193,P2,F1,0.0,0.2431814385760344
DDD,2013J,591202,P2,F1,0.0,0.44562993708213605
DDD,2013J,591210,P2,F1,0.0,0.6791514118659124
DDD,2013J,591230,P2,F1,0.0,0.19842982362155145
DDD,2013J,591593,P2,F1,0.0,0.5666726169293874
DDD,2013J,591648,P2,F1,1.0,0.658611290180836
DDD,2013J,591650,P2,F1,1.0,0.6431273563222314
DDD,2013J,591694,P2,F1,1.0,0.7928048324377639
DDD,2013J,591845,P2,F1,1.0,0.9411385044531778
DDD,2013J,591891,P2,F1,0.0,0.27984549087309857
DDD,2013J,591980,P2,F1,1.0,0.9056551262591737
DDD,2013J,592093,P2,F1,0.0,0.3726119582923012
DDD,2013J,592189,P2,F1,0.0,0.2559024857151165
DDD,2013J,592252,P2,F1,0.0,0.39974995849193823
DDD,2013J,592284,P2,F1,1.0,0.8436442767533582
DDD,2013J,592315,P2,F1,0.0,0.5386357191815794
DDD,2013J,592382,P2,F1,0.0,0.8384747189196193
DDD,2013J,592486,P2,F1,1.0,0.9462839669446441
DDD,2013J,592494,P2,F1,0.0,0.29072777502884095
DDD,2013J,592577,P2,F1,0.0,0.13484019586955734
DDD,2013J,592625,P2,F1,0.0,0.8859004715305057
DDD,2013J,592709,P2,F1,1.0,0.31021422152685624
DDD,2013J,592749,P2,F1,1.0,0.8665844223312013
DDD,2013J,592950,P2,F1,0.0,0.3119161324706435
DDD,2013J,593103,P2,F1,0.0,0.16090252112065717
DDD,2013J,593303,P2,F1,1.0,0.6694539412581193
DDD,2013J,593338,P2,F1,0.0,0.4965818772085259
DDD,2013J,593475,P2,F1,1.0,0.5632771069226713
DDD,2013J,593594,P2,F1,1.0,0.8681732577618135
DDD,2013J,593654,P2,F1,0.0,0.5150189438207087
DDD,2013J,593903,P2,F1,1.0,0.5722872865131474
DDD,2013J,593973,P2,F1,0.0,0.4994810729765572
DDD,2013J,594011,P2,F1,0.0,0.19756057370443406
DDD,2013J,594052,P2,F1,0.0,0.41893293659064457
DDD,2013J,594081,P2,F1,1.0,0.33812050263280924
DDD,2013J,594086,P2,F1,1.0,0.6380010509180744
DDD,2013J,594164,P2,F1,1.0,0.4847721691790746
DDD,2013J,594201,P2,F1,0.0,0.4216158966369159
DDD,2013J,594407,P2,F1,1.0,0.37200051290730624
DDD,2013J,594414,P2,F1,1.0,0.6583905258198791
DDD,2013J,594419,P2,F1,0.0,0.6117681411387257
DDD,2013J,594507,P2,F1,0.0,0.21004723475865186
DDD,2013J,594578,P2,F1,1.0,0.8177367845807948
DDD,2013J,594869,P2,F1,1.0,0.39617006568966434
DDD,2013J,594925,P2,F1,0.0,0.38124405645476367
DDD,2013J,594963,P2,F1,0.0,0.2824814259440503
DDD,2013J,595008,P2,F1,1.0,0.577139465445568
DDD,2013J,595079,P2,F1,0.0,0.7211830826746212
DDD,2013J,595319,P2,F1,0.0,0.1118667636384629
DDD,2013J,595396,P2,F1,1.0,0.6351108330334166
DDD,2013J,595495,P2,F1,0.0,0.29564514921056056
DDD,2013J,595601,P2,F1,1.0,0.672848739757023
DDD,2013J,595659,P2,F1,0.0,0.4261228664729052
DDD,2013J,595685,P2,F1,0.0,0.4331452214970736
DDD,2013J,595687,P2,F1,0.0,0.38392179737712245
DDD,2013J,595723,P2,F1,1.0,0.9437553273835639
DDD,2013J,595940,P2,F1,1.0,0.24601421780437685
DDD,2013J,595963,P2,F1,1.0,0.7323408084245496
DDD,2013J,595986,P2,F1,0.0,0.42346686576942516
DDD,2013J,595988,P2,F1,0.0,0.2659764529295269
DDD,2013J,596093,P2,F1,0.0,0.32806609273979936
DDD,2013J,596104,P2,F1,1.0,0.5371394917857247
DDD,2013J,596204,P2,F1,1.0,0.5815416308180205
DDD,2013J,596270,P2,F1,0.0,0.19031795719527705
DDD,2013J,596292,P2,F1,1.0,0.42524015590944136
DDD,2013J,596306,P2,F1,1.0,0.847275892980837
DDD,2013J,596441,P2,F1,0.0,0.5332115771939641
DDD,2013J,596473,P2,F1,1.0,0.8848345707529114
DDD,2013J,596542,P2,F1,1.0,0.9195774818006583
DDD,2013J,596570,P2,F1,0.0,0.3832464248825217
DDD,2013J,596589,P2,F1,1.0,0.27417310220528446
DDD,2013J,596620,P2,F1,1.0,0.9131077943140029
DDD,2013J,596629,P2,F1,1.0,0.8909347130516653
DDD,2013J,596731,P2,F1,0.0,0.39541533352676445
DDD,2013J,596845,P2,F1,0.0,0.2547248082620242
DDD,2013J,596846,P2,F1,0.0,0.256072561037481
DDD,2013J,597178,P2,F1,1.0,0.9157122388195831
DDD,2013J,597235,P2,F1,1.0,0.31139599590687733
DDD,2013J,597243,P2,F1,0.0,0.8003020165289022
DDD,2013J,597365,P2,F1,0.0,0.2576069385511304
DDD,2013J,597403,P2,F1,0.0,0.3027574669445435
DDD,2013J,597428,P2,F1,0.0,0.18424101379156443
DDD,2013J,597433,P2,F1,0.0,0.4430890301647337
DDD,2013J,597443,P2,F1,1.0,0.9504086483077989
DDD,2013J,597560,P2,F1,0.0,0.5159895200857911
DDD,2013J,597571,P2,F1,0.0,0.40945324295296553
DDD,2013J,597602,P2,F1,0.0,0.30161575852489747
DDD,2013J,597726,P2,F1,1.0,0.9217635233439594
DDD,2013J,597755,P2,F1,0.0,0.28992296779715476
DDD,2013J,597770,P2,F1,0.0,0.39629113650000475
DDD,2013J,597871,P2,F1,0.0,0.16633184348987706
DDD,2013J,597938,P2,F1,0.0,0.26455945422188154
DDD,2013J,597968,P2,F1,0.0,0.3190667081489377
DDD,2013J,598052,P2,F1,0.0,0.28766112772955726
DDD,2013J,598064,P2,F1,0.0,0.2925873148461275
DDD,2013J,598089,P2,F1,1.0,0.8555723886955638
DDD,2013J,598123,P2,F1,1.0,0.8906517227427266
DDD,2013J,598246,P2,F1,0.0,0.3460156554619305
DDD,2013J,598323,P2,F1,1.0,0.845661550851036
DDD,2013J,598501,P2,F1,0.0,0.3692119699638958
DDD,2013J,598516,P2,F1,0.0,0.26731595836807587
DDD,2013J,598536,P2,F1,1.0,0.7719875352741415
DDD,2013J,598637,P2,F1,0.0,0.20582465499880398
DDD,2013J,598650,P2,F1,1.0,0.9179163276755151
DDD,2013J,598664,P2,F1,0.0,0.280134995376055
DDD,2013J,598665,P2,F1,0.0,0.5762858431558213
DDD,2013J,598701,P2,F1,1.0,0.8564605734033532
DDD,2013J,598842,P2,F1,1.0,0.9052349634937052
DDD,2013J,598860,P2,F1,0.0,0.23970432653936644
DDD,2013J,598949,P2,F1,1.0,0.9499210258701117
DDD,2013J,598989,P2,F1,0.0,0.3445100054242613
DDD,2013J,599049,P2,F1,0.0,0.40135437364682136
DDD,2013J,599068,P2,F1,0.0,0.13116353446856382
DDD,2013J,599109,P2,F1,0.0,0.14233761690375
DDD,2013J,599146,P2,F1,0.0,0.3861817398232844
DDD,2013J,599169,P2,F1,0.0,0.8528431901422898
DDD,2013J,599177,P2,F1,0.0,0.4955313293765171
DDD,2013J,599206,P2,F1,1.0,0.8157646661562703
DDD,2013J,599314,P2,F1,0.0,0.4628505220248127
DDD,2013J,599425,P2,F1,0.0,0.3564663125848127
DDD,2013J,599577,P2,F1,0.0,0.1597956655983722
DDD,2013J,599585,P2,F1,0.0,0.35247127834057607
DDD,2013J,599615,P2,F1,1.0,0.9227900110663283
DDD,2013J,599655,P2,F1,1.0,0.9450074231265251
DDD,2013J,599658,P2,F1,1.0,0.8641967550126596
DDD,2013J,599711,P2,F1,1.0,0.7281527562674148
DDD,2013J,599725,P2,F1,0.0,0.4200602719035724
DDD,2013J,599737,P2,F1,0.0,0.19084234954782658
DDD,2013J,599741,P2,F1,1.0,0.8708768711594309
DDD,2013J,599742,P2,F1,1.0,0.4780148552467692
DDD,2013J,599837,P2,F1,1.0,0.878569221290761
DDD,2013J,599854,P2,F1,0.0,0.5753239415155321
DDD,2013J,599947,P2,F1,0.0,0.3646837962827744
DDD,2013J,600067,P2,F1,0.0,0.15816923939976427
DDD,2013J,600094,P2,F1,1.0,0.3974710060506374
DDD,2013J,600242,P2,F1,0.0,0.47743792783013883
DDD,2013J,600365,P2,F1,0.0,0.586779356191845
DDD,2013J,600478,P2,F1,0.0,0.37798544839265774
DDD,2013J,600635,P2,F1,0.0,0.2388498088394439
DDD,2013J,600648,P2,F1,1.0,0.5198296223690952
DDD,2013J,600671,P2,F1,0.0,0.36607787022235655
DDD,2013J,600686,P2,F1,0.0,0.2241239473736701
DDD,2013J,600796,P2,F1,0.0,0.27593858056555554
DDD,2013J,600817,P2,F1,0.0,0.21536304263134823
DDD,2013J,600859,P2,F1,1.0,0.8676300877785509
DDD,2013J,600963,P2,F1,1.0,0.7273681754602825
DDD,2013J,601048,P2,F1,1.0,0.3640923751633827
DDD,2013J,601088,P2,F1,1.0,0.5331657061284202
DDD,2013J,601092,P2,F1,0.0,0.22555106507105474
DDD,2013J,601133,P2,F1,1.0,0.3805432756468518
DDD,2013J,601204,P2,F1,1.0,0.648766813805625
DDD,2013J,601230,P2,F1,0.0,0.7844879670320143
DDD,2013J,601234,P2,F1,0.0,0.4252750602909136
DDD,2013J,601263,P2,F1,0.0,0.44311564636032413
DDD,2013J,601286,P2,F1,1.0,0.2900594301725143
DDD,2013J,601289,P2,F1,1.0,0.9000168894117594
DDD,2013J,601293,P2,F1,0.0,0.3279781913892066
DDD,2013J,601310,P2,F1,1.0,0.9229458925709405
DDD,2013J,601380,P2,F1,0.0,0.5643757205477007
DDD,2013J,601467,P2,F1,1.0,0.6413621515444198
DDD,2013J,601566,P2,F1,0.0,0.18740382037090877
DDD,2013J,601579,P2,F1,0.0,0.3380724587003398
DDD,2013J,601731,P2,F1,1.0,0.8746503981884574
DDD,2013J,601857,P2,F1,0.0,0.42837125340118654
DDD,2013J,602302,P2,F1,0.0,0.39182243606236616
DDD,2013J,602312,P2,F1,1.0,0.8514008023051222
DDD,2013J,602356,P2,F1,0.0,0.5147874428690915
DDD,2013J,602404,P2,F1,0.0,0.31310221979508684
DDD,2013J,602452,P2,F1,1.0,0.8767744235142371
DDD,2013J,602453,P2,F1,1.0,0.6110766105683039
DDD,2013J,602595,P2,F1,0.0,0.37077828054050277
DDD,2013J,602725,P2,F1,1.0,0.5663099124641549
DDD,2013J,602729,P2,F1,1.0,0.6821253125734377
DDD,2013J,602783,P2,F1,0.0,0.18967457035526897
DDD,2013J,602856,P2,F1,0.0,0.1187411060587098
DDD,2013J,602902,P2,F1,0.0,0.4881147268111604
DDD,2013J,602986,P2,F1,1.0,0.9017848646474494
DDD,2013J,603034,P2,F1,0.0,0.12489579287613897
DDD,2013J,603049,P2,F1,0.0,0.22222255774146482
DDD,2013J,603302,P2,F1,1.0,0.8153855790800815
DDD,2013J,603325,P2,F1,0.0,0.22579265691667114
DDD,2013J,603410,P2,F1,1.0,0.5158164952220516
DDD,2013J,603431,P2,F1,0.0,0.3999367985271764
DDD,2013J,603469,P2,F1,1.0,0.49670696665884745
DDD,2013J,603498,P2,F1,1.0,0.3929790764406426
DDD,2013J,603513,P2,F1,0.0,0.20010638136229242
DDD,2013J,603730,P2,F1,1.0,0.8930084857891175
DDD,2013J,603803,P2,F1,1.0,0.3652777767072749
DDD,2013J,604055,P2,F1,0.0,0.492091225237204
DDD,2013J,604072,P2,F1,0.0,0.25576242050227627
DDD,2013J,604156,P2,F1,0.0,0.24987098094210258
DDD,2013J,604281,P2,F1,0.0,0.23168598387678682
DDD,2013J,604317,P2,F1,0.0,0.4414966411991753
DDD,2013J,604462,P2,F1,1.0,0.8856912179957869
DDD,2013J,604546,P2,F1,1.0,0.952337956024935
DDD,2013J,604559,P2,F1,1.0,0.6242239855860184
DDD,2013J,604574,P2,F1,1.0,0.38741194179744176
DDD,2013J,604627,P2,F1,0.0,0.4892355320244459
DDD,2013J,604641,P2,F1,1.0,0.9533445264234071
DDD,2013J,604655,P2,F1,1.0,0.8674378809342448
DDD,2013J,604692,P2,F1,1.0,0.7398005741572589
DDD,2013J,604723,P2,F1,0.0,0.3278045839023397
DDD,2013J,604854,P2,F1,0.0,0.2404410150548513
DDD,2013J,604952,P2,F1,1.0,0.9500045785924456
DDD,2013J,605070,P2,F1,1.0,0.8493154561086409
DDD,2013J,605105,P2,F1,1.0,0.8150858300793693
DDD,2013J,605118,P2,F1,1.0,0.6115227065251116
DDD,2013J,605144,P2,F1,0.0,0.14320836154845606
DDD,2013J,605191,P2,F1,1.0,0.920380589008779
DDD,2013J,605245,P2,F1,1.0,0.21748291525594363
DDD,2013J,605266,P2,F1,0.0,0.3081980835039894
DDD,2013J,605313,P2,F1,1.0,0.7498055214681405
DDD,2013J,605476,P2,F1,0.0,0.514741369408017
DDD,2013J,605540,P2,F1,0.0,0.14173886027146781
DDD,2013J,605561,P2,F1,1.0,0.49626956910456205
DDD,2013J,605652,P2,F1,1.0,0.9460402910964935
DDD,2013J,605703,P2,F1,0.0,0.5545581476289058
DDD,2013J,605859,P2,F1,1.0,0.40895640546166284
DDD,2013J,605885,P2,F1,1.0,0.34374377077902324
DDD,2013J,605941,P2,F1,0.0,0.38643480647727
DDD,2013J,606082,P2,F1,0.0,0.4046129601820988
DDD,2013J,606270,P2,F1,1.0,0.9432922818231572
DDD,2013J,606319,P2,F1,0.0,0.5753514362709442
DDD,2013J,606322,P2,F1,0.0,0.20775563949356712
DDD,2013J,606344,P2,F1,0.0,0.5854695671282585
DDD,2013J,606492,P2,F1,1.0,0.8834214475197925
DDD,2013J,606513,P2,F1,1.0,0.9268911976092806
DDD,2013J,606593,P2,F1,1.0,0.5156885071542998
DDD,2013J,606665,P2,F1,0.0,0.36167072084746255
DDD,2013J,606788,P2,F1,0.0,0.2101880979534371
DDD,2013J,606908,P2,F1,0.0,0.24106674070049913
DDD,2013J,607061,P2,F1,0.0,0.2816404285884643
DDD,2013J,607073,P2,F1,0.0,0.41462704633614833
DDD,2013J,607110,P2,F1,1.0,0.4642348323791271
DDD,2013J,607151,P2,F1,0.0,0.30500435401643783
DDD,2013J,607196,P2,F1,0.0,0.4410001294703628
DDD,2013J,607231,P2,F1,1.0,0.8678105512401187
DDD,2013J,607316,P2,F1,0.0,0.4973568608837946
DDD,2013J,607427,P2,F1,1.0,0.9176248918650702
DDD,2013J,607485,P2,F1,0.0,0.27274201746679744
DDD,2013J,607498,P2,F1,1.0,0.36801708363953584
DDD,2013J,607555,P2,F1,0.0,0.4484997976650262
DDD,2013J,607622,P2,F1,1.0,0.6321981736610632
DDD,2013J,607670,P2,F1,1.0,0.4221198408746579
DDD,2013J,607800,P2,F1,0.0,0.35509512618965217
DDD,2013J,607854,P2,F1,1.0,0.3185668890834117
DDD,2013J,607900,P2,F1,0.0,0.12423998540040881
DDD,2013J,607927,P2,F1,0.0,0.8880258967149532
DDD,2013J,607966,P2,F1,1.0,0.49564608925484693
DDD,2013J,608062,P2,F1,0.0,0.6939693600176308
DDD,2013J,608178,P2,F1,1.0,0.910134529441339
DDD,2013J,608206,P2,F1,1.0,0.6197617735615972
DDD,2013J,608217,P2,F1,0.0,0.25144460041517475
DDD,2013J,608238,P2,F1,0.0,0.3171358240566679
DDD,2013J,608267,P2,F1,0.0,0.4662955503581161
DDD,2013J,608284,P2,F1,1.0,0.32399631979242366
DDD,2013J,608417,P2,F1,0.0,0.45682353139127874
DDD,2013J,608449,P2,F1,0.0,0.2326593332162209
DDD,2013J,608630,P2,F1,1.0,0.7589945777175291
DDD,2013J,608638,P2,F1,1.0,0.24107551008370354
DDD,2013J,608643,P2,F1,0.0,0.2897456562300074
DDD,2013J,608733,P2,F1,0.0,0.40804040709762207
DDD,2013J,608745,P2,F1,0.0,0.15103900091299757
DDD,2013J,608815,P2,F1,0.0,0.4107599558698346
DDD,2013J,608923,P2,F1,0.0,0.8715721039807152
DDD,2013J,608983,P2,F1,0.0,0.17879996061643028
DDD,2013J,609031,P2,F1,0.0,0.5090217052166198
DDD,2013J,609044,P2,F1,1.0,0.4635490932305329
DDD,2013J,609089,P2,F1,1.0,0.951410995159554
DDD,2013J,609242,P2,F1,1.0,0.7172913782966576
DDD,2013J,609480,P2,F1,1.0,0.9074343959725263
DDD,2013J,609488,P2,F1,1.0,0.6652269119689356
DDD,2013J,609593,P2,F1,0.0,0.291016400653052
DDD,2013J,609797,P2,F1,1.0,0.8020583274693077
DDD,2013J,609932,P2,F1,0.0,0.4301761763305481
DDD,2013J,609969,P2,F1,0.0,0.42459253144928005
DDD,2013J,610019,P2,F1,0.0,0.4655020708090769
DDD,2013J,610106,P2,F1,1.0,0.8798911586154298
DDD,2013J,610170,P2,F1,1.0,0.6478058463772381
DDD,2013J,610220,P2,F1,0.0,0.3589578043833892
DDD,2013J,610257,P2,F1,0.0,0.09973849962933717
DDD,2013J,610279,P2,F1,0.0,0.35100336892447254
DDD,2013J,610393,P2,F1,1.0,0.8975588410364568
DDD,2013J,610402,P2,F1,1.0,0.779457337860951
DDD,2013J,610469,P2,F1,1.0,0.19931604191672445
DDD,2013J,610537,P2,F1,1.0,0.7991177996173519
DDD,2013J,610595,P2,F1,0.0,0.43239774579394785
DDD,2013J,610603,P2,F1,0.0,0.49361377728201894
DDD,2013J,610701,P2,F1,1.0,0.7501713275889724
DDD,2013J,610830,P2,F1,1.0,0.9350955414152416
DDD,2013J,610838,P2,F1,1.0,0.9447240060228145
DDD,2013J,610870,P2,F1,0.0,0.6520969981556378
DDD,2013J,611162,P2,F1,0.0,0.4126710165153714
DDD,2013J,611244,P2,F1,1.0,0.5673951606873693
DDD,2013J,611259,P2,F1,0.0,0.6523583757159003
DDD,2013J,611271,P2,F1,1.0,0.40911844953050575
DDD,2013J,611284,P2,F1,0.0,0.23571660525778562
DDD,2013J,611408,P2,F1,0.0,0.8722419189544065
DDD,2013J,611418,P2,F1,1.0,0.3743656249879414
DDD,2013J,611464,P2,F1,0.0,0.5247461482599165
DDD,2013J,611478,P2,F1,0.0,0.28318953818447956
DDD,2013J,611593,P2,F1,0.0,0.08390311717829044
DDD,2013J,925553,P2,F1,1.0,0.8599978846147499
DDD,2013J,983970,P2,F1,0.0,0.3894402651537686
DDD,2013J,1080206,P2,F1,0.0,0.15057433758335365
DDD,2013J,1103608,P2,F1,0.0,0.17157835718796535
DDD,2013J,1187586,P2,F1,0.0,0.26644836941317274
DDD,2013J,1282596,P2,F1,1.0,0.2319611001388523
DDD,2013J,1345808,P2,F1,0.0,0.36259502149596606
DDD,2013J,1346966,P2,F1,1.0,0.6964761004409742
DDD,2013J,1355699,P2,F1,0.0,0.7725050499385789
DDD,2013J,1375851,P2,F1,0.0,0.35587371296580156
DDD,2013J,1440467,P2,F1,0.0,0.5915722992358432
DDD,2013J,1442991,P2,F1,0.0,0.4508123935732212
DDD,2013J,1449692,P2,F1,0.0,0.24330462796378804
DDD,2013J,1485105,P2,F1,1.0,0.8879243210014515
DDD,2013J,1497480,P2,F1,1.0,0.5162787602432426
DDD,2013J,1507503,P2,F1,0.0,0.4427263929276353
DDD,2013J,1509881,P2,F1,1.0,0.866386931799372
DDD,2013J,1522631,P2,F1,1.0,0.3226954172559827
DDD,2013J,1530521,P2,F1,0.0,0.525923800274731
DDD,2013J,1563203,P2,F1,1.0,0.8876615275990274
DDD,2013J,1564630,P2,F1,0.0,0.8835159860230647
DDD,2013J,1569426,P2,F1,0.0,0.290002737760112
DDD,2013J,1580084,P2,F1,1.0,0.6052151491705867
DDD,2013J,1581243,P2,F1,0.0,0.327347450423235
DDD,2013J,1610188,P2,F1,1.0,0.9585027645406472
DDD,2013J,1644266,P2,F1,1.0,0.838540214884623
DDD,2013J,1644568,P2,F1,1.0,0.931615098349019
DDD,2013J,1678800,P2,F1,0.0,0.5267592860553583
DDD,2013J,1679727,P2,F1,0.0,0.22633836922457476
DDD,2013J,1679862,P2,F1,1.0,0.4262171435717047
DDD,2013J,1684787,P2,F1,1.0,0.19674877486692674
DDD,2013J,1687996,P2,F1,1.0,0.8474025140879916
DDD,2013J,1689069,P2,F1,0.0,0.2913207114839873
DDD,2013J,1713615,P2,F1,0.0,0.24241253995054216
DDD,2013J,1716492,P2,F1,1.0,0.3229206049992161
DDD,2013J,1721891,P2,F1,1.0,0.6018176726875282
DDD,2013J,1723019,P2,F1,1.0,0.2799304221024718
DDD,2013J,1753235,P2,F1,1.0,0.3237451216227432
DDD,2013J,1756165,P2,F1,0.0,0.16152563373814996
DDD,2013J,1766513,P2,F1,0.0,0.5487542271905003
DDD,2013J,1777511,P2,F1,0.0,0.46140921183960576
DDD,2013J,1782581,P2,F1,1.0,0.3240737318639723
DDD,2013J,1818677,P2,F1,1.0,0.2116575071968235
DDD,2013J,1819994,P2,F1,0.0,0.15851901564200274
DDD,2013J,1830562,P2,F1,1.0,0.9193304711945314
DDD,2013J,1835411,P2,F1,0.0,0.133767868484684
DDD,2013J,1847481,P2,F1,0.0,0.4073401157555443
DDD,2013J,1868389,P2,F1,1.0,0.7849406033369045
DDD,2013J,1874363,P2,F1,0.0,0.3217734404540488
DDD,2013J,1877732,P2,F1,1.0,0.9327262101468733
DDD,2013J,1887928,P2,F1,0.0,0.2683144841625702
DDD,2013J,1894634,P2,F1,0.0,0.9093517396203238
DDD,2013J,1901764,P2,F1,1.0,0.8902487153311092
DDD,2013J,1903131,P2,F1,1.0,0.921663270392333
DDD,2013J,1903477,P2,F1,0.0,0.20110088160240908
DDD,2013J,1913872,P2,F1,1.0,0.1480785116033758
DDD,2013J,1935774,P2,F1,1.0,0.903213455674818
DDD,2013J,1957728,P2,F1,1.0,0.9388613330830845
DDD,2013J,1963677,P2,F1,0.0,0.40148050007666797
DDD,2013J,1982833,P2,F1,1.0,0.1834063351077356
DDD,2013J,2014252,P2,F1,1.0,0.5560750772148116
DDD,2013J,2032057,P2,F1,0.0,0.29148052808916575
DDD,2013J,2032882,P2,F1,1.0,0.933991933898447
DDD,2013J,2034802,P2,F1,0.0,0.149142278448538
DDD,2013J,2039190,P2,F1,0.0,0.1575305937132112
DDD,2013J,2039810,P2,F1,1.0,0.18665704542864292
DDD,2013J,2043916,P2,F1,1.0,0.7569707228026042
DDD,2013J,2045139,P2,F1,1.0,0.7924293334984589
DDD,2013J,2068627,P2,F1,1.0,0.4509560125601541
DDD,2013J,2082180,P2,F1,1.0,0.48020809863416697
DDD,2013J,2089582,P2,F1,0.0,0.12160104437433626
DDD,2013J,2094546,P2,F1,1.0,0.884349486757613
DDD,2013J,2098405,P2,F1,0.0,0.11136635219156099
DDD,2013J,2112088,P2,F1,0.0,0.3769002114376561
DDD,2013J,2134578,P2,F1,1.0,0.9264407004353892
DDD,2013J,2157412,P2,F1,0.0,0.1995828028431329
DDD,2013J,2175266,P2,F1,1.0,0.4284669833728605
DDD,2013J,2195479,P2,F1,1.0,0.49436566757062755
DDD,2013J,2198952,P2,F1,0.0,0.37191747912722783
DDD,2013J,2198970,P2,F1,1.0,0.2402936599765728
DDD,2013J,2202076,P2,F1,0.0,0.4363597494349028
DDD,2013J,2204293,P2,F1,0.0,0.3394573546024619
DDD,2013J,2215898,P2,F1,0.0,0.3540620489336431
DDD,2013J,2221869,P2,F1,1.0,0.8477226052422968
DDD,2013J,2232218,P2,F1,0.0,0.9159951217746941
DDD,2013J,2239650,P2,F1,0.0,0.11619447748033558
DDD,2013J,2252750,P2,F1,0.0,0.6375273316637932
DDD,2013J,2253576,P2,F1,1.0,0.9482354671070686
DDD,2013J,2281870,P2,F1,1.0,0.899096611592099
DDD,2013J,2282040,P2,F1,0.0,0.3195910228681648
DDD,2013J,2284294,P2,F1,0.0,0.19567242532894494
DDD,2013J,2288599,P2,F1,1.0,0.8912558801213413
DDD,2013J,2289847,P2,F1,0.0,0.3878438402094583
DDD,2013J,2292724,P2,F1,0.0,0.5117927564307803
DDD,2013J,2296163,P2,F1,0.0,0.41336295247553445
DDD,2013J,2305957,P2,F1,1.0,0.9052554699275644
DDD,2013J,2314761,P2,F1,1.0,0.1911371292918634
DDD,2013J,2325606,P2,F1,1.0,0.9070057006844923
DDD,2013J,2327045,P2,F1,0.0,0.20415339569642496
DDD,2013J,2327472,P2,F1,0.0,0.22881346382313061
DDD,2013J,2336922,P2,F1,1.0,0.40857307209056815
DDD,2013J,2337441,P2,F1,1.0,0.4874108750048137
DDD,2013J,2339150,P2,F1,1.0,0.9460043213716433
DDD,2013J,2340230,P2,F1,0.0,0.20349525320858033
DDD,2013J,2340786,P2,F1,0.0,0.24149298244459624
DDD,2013J,2342399,P2,F1,0.0,0.45330808269849737
DDD,2013J,2355555,P2,F1,1.0,0.8529179456590579
DDD,2013J,2356801,P2,F1,0.0,0.2679831244317645
DDD,2013J,2358707,P2,F1,0.0,0.22485638542832315
DDD,2013J,2359191,P2,F1,0.0,0.4018558170778113
DDD,2013J,2365438,P2,F1,1.0,0.870961968505983
DDD,2013J,2366024,P2,F1,1.0,0.235650261362877
DDD,2013J,2375123,P2,F1,0.0,0.32467509120013016
DDD,2013J,2375627,P2,F1,0.0,0.3586751383730024
DDD,2013J,2377769,P2,F1,0.0,0.39680488362245886
DDD,2013J,2382048,P2,F1,0.0,0.1508066212941949
DDD,2013J,2383036,P2,F1,0.0,0.3858701936031029
DDD,2013J,2388030,P2,F1,1.0,0.5095231136808996
DDD,2013J,2404530,P2,F1,1.0,0.4837925295121342
DDD,2013J,2411981,P2,F1,1.0,0.868876948865276
DDD,2013J,2416024,P2,F1,1.0,0.4564219414702332
DDD,2013J,2421961,P2,F1,1.0,0.6965994974342067
DDD,2013J,2430070,P2,F1,0.0,0.2178349651950848
DDD,2013J,2430405,P2,F1,0.0,0.4302391943680205
DDD,2013J,2434369,P2,F1,0.0,0.17541758591910697
DDD,2013J,2437065,P2,F1,0.0,0.9158504838966605
DDD,2013J,2446109,P2,F1,0.0,0.40641591401255683
DDD,2013J,2452902,P2,F1,1.0,0.5652196678569371
DDD,2013J,2457907,P2,F1,0.0,0.3988233009023145
DDD,2013J,2461936,P2,F1,0.0,0.7471050601220134
DDD,2013J,2462628,P2,F1,0.0,0.18558121325569293
DDD,2013J,2472145,P2,F1,0.0,0.18118206244721113
DDD,2013J,2473456,P2,F1,0.0,0.4353081883085257
DDD,2013J,2474436,P2,F1,1.0,0.7227629190174425
DDD,2013J,2477052,P2,F1,0.0,0.25755145769760507
DDD,2013J,2477792,P2,F1,1.0,0.21806650703380612
DDD,2013J,2479086,P2,F1,1.0,0.9596775559902848
DDD,2013J,2485582,P2,F1,0.0,0.24962620479578673
DDD,2013J,2486769,P2,F1,1.0,0.38922453575186733
DDD,2013J,2494999,P2,F1,1.0,0.4109731513795266
DDD,2013J,2495352,P2,F1,1.0,0.9485058571159602
DDD,2013J,2505859,P2,F1,0.0,0.14186248977679858
DDD,2013J,2520868,P2,F1,0.0,0.45121001492216833
DDD,2013J,2522932,P2,F1,1.0,0.4516780652689204
DDD,2013J,2539092,P2,F1,1.0,0.9196110960630255
DDD,2013J,2540195,P2,F1,1.0,0.5286289683059141
DDD,2013J,2542803,P2,F1,1.0,0.5879738583566011
DDD,2013J,2546792,P2,F1,1.0,0.882252328996668
DDD,2013J,2546976,P2,F1,1.0,0.6719861662284232
DDD,2013J,2547032,P2,F1,1.0,0.8766455706404004
DDD,2013J,2550054,P2,F1,1.0,0.3559673863252348
DDD,2013J,2552672,P2,F1,0.0,0.1410211035806846
DDD,2013J,2554973,P2,F1,1.0,0.9030718367566032
DDD,2013J,2555596,P2,F1,0.0,0.33898710574980223
DDD,2013J,2556345,P2,F1,1.0,0.43319973653798644
DDD,2013J,2560868,P2,F1,0.0,0.36911427908132616
DDD,2013J,2561282,P2,F1,1.0,0.7132349301093786
DDD,2013J,2561811,P2,F1,1.0,0.49108414606839795
DDD,2013J,2569051,P2,F1,1.0,0.7350831310756587
DDD,2013J,2569416,P2,F1,0.0,0.24822128589108636
DDD,2013J,2569653,P2,F1,1.0,0.5373676290801708
DDD,2013J,2570253,P2,F1,0.0,0.19312432828379966
DDD,2013J,2574281,P2,F1,1.0,0.9042636714071659
DDD,2013J,2576298,P2,F1,1.0,0.9227657496839202
DDD,2013J,2577480,P2,F1,1.0,0.42373327580619535
DDD,2013J,2579683,P2,F1,1.0,0.9339064308209563
DDD,2013J,2581779,P2,F1,0.0,0.1982664376227565
DDD,2013J,2581822,P2,F1,0.0,0.31722218654940415
DDD,2013J,2585270,P2,F1,0.0,0.8311333396053582
DDD,2013J,2585395,P2,F1,1.0,0.9015184829422235
DDD,2013J,2588379,P2,F1,1.0,0.9486488457994005
DDD,2013J,2588655,P2,F1,1.0,0.7296257047721253
DDD,2013J,2589096,P2,F1,1.0,0.8255567304198869
DDD,2013J,2597673,P2,F1,1.0,0.8423105484690709
DDD,2013J,2602235,P2,F1,1.0,0.7950319543323313
DDD,2013J,2606871,P2,F1,1.0,0.32029831490894384
DDD,2013J,2612561,P2,F1,0.0,0.18402766601014223
DDD,2013J,2613296,P2,F1,0.0,0.41409902294588535
DDD,2013J,2615169,P2,F1,1.0,0.32163194587122057
DDD,2013J,2615761,P2,F1,1.0,0.8775268309884131
DDD,2013J,2618352,P2,F1,1.0,0.416165026415534
DDD,2013J,2624040,P2,F1,0.0,0.6872027331496681
DDD,2013J,2627449,P2,F1,0.0,0.41337437630643525
DDD,2013J,2631225,P2,F1,1.0,0.2503816632845793
DDD,2013J,2635163,P2,F1,0.0,0.3268588719817121
DDD,2013J,2636885,P2,F1,1.0,0.9399278916933672
DDD,2013J,2639310,P2,F1,0.0,0.26449651076802616
DDD,2013J,2643555,P2,F1,0.0,0.25386137542189574
DDD,2013J,2646291,P2,F1,0.0,0.37789723827102534
DDD,2013J,2648317,P2,F1,1.0,0.7331189910415041
DDD,2013J,2650741,P2,F1,0.0,0.44181180130137715
DDD,2013J,2654602,P2,F1,1.0,0.8637539410838575
DDD,2013J,2658898,P2,F1,0.0,0.38440998081273214
DDD,2013J,2662178,P2,F1,0.0,0.2780321598612981
DDD,2013J,2663010,P2,F1,0.0,0.8997211912767568
DDD,2013J,2668945,P2,F1,1.0,0.8898966889891561
DDD,2013J,2671469,P2,F1,0.0,0.4389885703342611
DDD,2013J,2677097,P2,F1,0.0,0.4014358884512792
DDD,2013J,2681198,P2,F1,1.0,0.35737770422244297
DDD,2013J,2681471,P2,F1,1.0,0.44537857333788694
DDD,2013J,2686578,P2,F1,0.0,0.3092442202697121
DDD,2013J,2688422,P2,F1,1.0,0.42020045171289777
DDD,2013J,2691780,P2,F1,1.0,0.9271513746226632
DDD,2013J,2692186,P2,F1,0.0,0.4121802051675867
DDD,2013J,2695608,P2,F1,0.0,0.27438151926665655
EEE,2013J,26915,P2,F1,1.0,0.8824280229806022
EEE,2013J,35355,P2,F1,0.0,0.7533254013472048
EEE,2013J,42638,P2,F1,0.0,0.6462945214755532
EEE,2013J,43564,P2,F1,0.0,0.6453036645658287
EEE,2013J,54062,P2,F1,0.0,0.7768972736707331
EEE,2013J,63112,P2,F1,0.0,0.8139286194909174
EEE,2013J,66713,P2,F1,0.0,0.7493973383979811
EEE,2013J,70214,P2,F1,0.0,0.7915793466412498
EEE,2013J,76579,P2,F1,1.0,0.7007490209264621
EEE,2013J,88568,P2,F1,0.0,0.6836469677076927
EEE,2013J,96873,P2,F1,1.0,0.8544874976443907
EEE,2013J,105168,P2,F1,1.0,0.8021748789067082
EEE,2013J,107339,P2,F1,0.0,0.7082737521747223
EEE,2013J,113698,P2,F1,1.0,0.8166085592681563
EEE,2013J,113824,P2,F1,1.0,0.8504813183631644
EEE,2013J,117197,P2,F1,0.0,0.8529836985215481
EEE,2013J,126337,P2,F1,1.0,0.7943524104187832
EEE,2013J,128929,P2,F1,0.0,0.872724594133064
EEE,2013J,132123,P2,F1,0.0,0.7204576005664303
EEE,2013J,134982,P2,F1,0.0,0.8764496356210307
EEE,2013J,140060,P2,F1,0.0,0.7251471878089846
EEE,2013J,140518,P2,F1,1.0,0.8074301330353225
EEE,2013J,143711,P2,F1,0.0,0.7577390767071079
EEE,2013J,144448,P2,F1,0.0,0.7094975495285177
EEE,2013J,146125,P2,F1,1.0,0.9120000108289016
EEE,2013J,146974,P2,F1,0.0,0.7590398196275832
EEE,2013J,153788,P2,F1,1.0,0.8673868016073102
EEE,2013J,160536,P2,F1,0.0,0.8462102621749591
EEE,2013J,164968,P2,F1,0.0,0.7195909516834023
EEE,2013J,165509,P2,F1,0.0,0.7509833600835016
EEE,2013J,173710,P2,F1,0.0,0.6695826198322133
EEE,2013J,173834,P2,F1,0.0,0.6978946444406307
EEE,2013J,174010,P2,F1,1.0,0.7979125616545892
EEE,2013J,176086,P2,F1,1.0,0.8718669280155957
EEE,2013J,188273,P2,F1,0.0,0.6993272086306462
EEE,2013J,189629,P2,F1,0.0,0.8507894523941835
EEE,2013J,191000,P2,F1,1.0,0.6989839079458713
EEE,2013J,195234,P2,F1,1.0,0.8735483622538968
EEE,2013J,197486,P2,F1,0.0,0.6409772866701601
EEE,2013J,200095,P2,F1,0.0,0.6258293531476187
EEE,2013J,202677,P2,F1,0.0,0.8352172377660688
EEE,2013J,205425,P2,F1,0.0,0.7491680760397121
EEE,2013J,227192,P2,F1,0.0,0.8643201445952651
EEE,2013J,233311,P2,F1,0.0,0.774634816445231
EEE,2013J,233771,P2,F1,0.0,0.7774148358607046
EEE,2013J,234311,P2,F1,0.0,0.7810536889326396
EEE,2013J,238249,P2,F1,1.0,0.8482557632217544
EEE,2013J,242778,P2,F1,0.0,0.7742682226376166
EEE,2013J,242858,P2,F1,0.0,0.695854002766261
EEE,2013J,245316,P2,F1,1.0,0.8058763441279354
EEE,2013J,245494,P2,F1,0.0,0.6781441608488064
EEE,2013J,245605,P2,F1,0.0,0.7015864941121824
EEE,2013J,246060,P2,F1,0.0,0.8347550582335649
EEE,2013J,248734,P2,F1,1.0,0.8481223221581893
EEE,2013J,250047,P2,F1,0.0,0.6719295554606185
EEE,2013J,255449,P2,F1,1.0,0.7351810961271483
EEE,2013J,259662,P2,F1,0.0,0.4489455862066564
EEE,2013J,265769,P2,F1,0.0,0.8187299431523636
EEE,2013J,266915,P2,F1,1.0,0.8706524508608788
EEE,2013J,269764,P2,F1,0.0,0.8175618242536571
EEE,2013J,270638,P2,F1,0.0,0.8444541033025952
EEE,2013J,275162,P2,F1,1.0,0.6191874212070889
EEE,2013J,280017,P2,F1,0.0,0.7808598433947549
EEE,2013J,281656,P2,F1,1.0,0.8961100695644912
EEE,2013J,282585,P2,F1,1.0,0.8788849572284139
EEE,2013J,283133,P2,F1,0.0,0.6728540658356733
EEE,2013J,286262,P2,F1,1.0,0.8180769001513863
EEE,2013J,286527,P2,F1,1.0,0.8575232042234254
EEE,2013J,288282,P2,F1,0.0,0.750193261177766
EEE,2013J,290382,P2,F1,0.0,0.7838296472038676
EEE,2013J,297853,P2,F1,0.0,0.806464500519995
EEE,2013J,300592,P2,F1,0.0,0.7676830903885107
EEE,2013J,305036,P2,F1,0.0,0.8762816185763949
EEE,2013J,305783,P2,F1,0.0,0.7671555085946417
EEE,2013J,306150,P2,F1,0.0,0.8347416199621261
EEE,2013J,311845,P2,F1,0.0,0.887350701832681
EEE,2013J,313501,P2,F1,0.0,0.7930484019796818
EEE,2013J,324332,P2,F1,0.0,0.7661280292259545
EEE,2013J,328844,P2,F1,0.0,0.8100982115133444
EEE,2013J,328942,P2,F1,0.0,0.2021456224135327
EEE,2013J,329673,P2,F1,0.0,0.7272081543395772
EEE,2013J,330530,P2,F1,1.0,0.8246627199869461
EEE,2013J,333493,P2,F1,0.0,0.7953284103252045
EEE,2013J,333976,P2,F1,1.0,0.8339039678949203
EEE,2013J,334154,P2,F1,0.0,0.7601002520803105
EEE,2013J,336277,P2,F1,1.0,0.8659070646605166
EEE,2013J,336402,P2,F1,0.0,0.8444225650180661
EEE,2013J,338894,P2,F1,0.0,0.8824892954606671
EEE,2013J,339640,P2,F1,0.0,0.755967951560395
EEE,2013J,339785,P2,F1,0.0,0.9058950050069783
EEE,2013J,342962,P2,F1,0.0,0.8187218234636678
EEE,2013J,343543,P2,F1,0.0,0.7785290669966134
EEE,2013J,344676,P2,F1,0.0,0.8585007065705911
EEE,2013J,347518,P2,F1,0.0,0.8569112896865578
EEE,2013J,348351,P2,F1,0.0,0.8438002908226279
EEE,2013J,348655,P2,F1,0.0,0.779132873245219
EEE,2013J,356568,P2,F1,0.0,0.7898424403973672
EEE,2013J,357493,P2,F1,1.0,0.8997187574382688
EEE,2013J,359590,P2,F1,1.0,0.7728548184531978
EEE,2013J,363939,P2,F1,0.0,0.8228263396798848
EEE,2013J,365222,P2,F1,0.0,0.6836762747140792
EEE,2013J,365405,P2,F1,1.0,0.8292202238829878
EEE,2013J,365762,P2,F1,1.0,0.890082559297233
EEE,2013J,368483,P2,F1,1.0,0.8772023040485596
EEE,2013J,369119,P2,F1,1.0,0.8696383471257054
EEE,2013J,374192,P2,F1,0.0,0.720759099612241
EEE,2013J,374739,P2,F1,0.0,0.7774406377499206
EEE,2013J,378920,P2,F1,0.0,0.8162467809923629
EEE,2013J,379528,P2,F1,0.0,0.8809431204111228
EEE,2013J,384797,P2,F1,0.0,0.7253206328732718
EEE,2013J,387537,P2,F1,0.0,0.8503940541821297
EEE,2013J,387648,P2,F1,0.0,0.6420322081102631
EEE,2013J,388252,P2,F1,1.0,0.8051044138818143
EEE,2013J,388912,P2,F1,1.0,0.9012594245401908
EEE,2013J,388923,P2,F1,0.0,0.8314336877188405
EEE,2013J,390029,P2,F1,0.0,0.8497191021473638
EEE,2013J,391466,P2,F1,0.0,0.8067633426567359
EEE,2013J,392994,P2,F1,0.0,0.7164505811680547
EEE,2013J,394060,P2,F1,0.0,0.8849032589660167
EEE,2013J,396631,P2,F1,0.0,0.7395590307613141
EEE,2013J,397149,P2,F1,0.0,0.8709031627145453
EEE,2013J,397557,P2,F1,0.0,0.7865635085037466
EEE,2013J,397797,P2,F1,1.0,0.8805998690010592
EEE,2013J,398877,P2,F1,0.0,0.8373222930841364
EEE,2013J,401011,P2,F1,0.0,0.8741113326550757
EEE,2013J,401296,P2,F1,0.0,0.6847949679779631
EEE,2013J,402808,P2,F1,1.0,0.6881434670107839
EEE,2013J,404050,P2,F1,1.0,0.8298732123341657
EEE,2013J,404449,P2,F1,0.0,0.7494909689279957
EEE,2013J,406121,P2,F1,0.0,0.9405012344307221
EEE,2013J,406549,P2,F1,0.0,0.8555761110069771
EEE,2013J,407453,P2,F1,0.0,0.7125075525476079
EEE,2013J,407876,P2,F1,1.0,0.8407061677505407
EEE,2013J,411381,P2,F1,1.0,0.8632996587097508
EEE,2013J,412911,P2,F1,0.0,0.8099478501285504
EEE,2013J,413190,P2,F1,1.0,0.8980231302003656
EEE,2013J,413702,P2,F1,1.0,0.8951738706160103
EEE,2013J,416420,P2,F1,0.0,0.7749250945192598
EEE,2013J,417724,P2,F1,0.0,0.8263858044972827
EEE,2013J,418900,P2,F1,0.0,0.8292252159342713
EEE,2013J,419223,P2,F1,0.0,0.7363481680594961
EEE,2013J,420173,P2,F1,0.0,0.6102103632453618
EEE,2013J,425274,P2,F1,0.0,0.876618742533181
EEE,2013J,425714,P2,F1,1.0,0.9460566785413289
EEE,2013J,427413,P2,F1,0.0,0.6923191024703721
EEE,2013J,431014,P2,F1,1.0,0.8061929566687203
EEE,2013J,434562,P2,F1,0.0,0.595298355386896
EEE,2013J,434573,P2,F1,1.0,0.8878264554877322
EEE,2013J,434759,P2,F1,0.0,0.7485642714129491
EEE,2013J,435277,P2,F1,0.0,0.18653856856033482
EEE,2013J,438283,P2,F1,1.0,0.8241717396273923
EEE,2013J,440610,P2,F1,0.0,0.9209807218729597
EEE,2013J,441540,P2,F1,0.0,0.8075850328780542
EEE,2013J,441858,P2,F1,0.0,0.8810821032819162
EEE,2013J,442807,P2,F1,0.0,0.802870838440661
EEE,2013J,442937,P2,F1,1.0,0.8494048591111917
EEE,2013J,443181,P2,F1,0.0,0.8047653950735332
EEE,2013J,444403,P2,F1,0.0,0.7370486304658289
EEE,2013J,444925,P2,F1,1.0,0.8587345490886965
EEE,2013J,445972,P2,F1,0.0,0.530895059119339
EEE,2013J,446324,P2,F1,0.0,0.6700794649899414
EEE,2013J,446397,P2,F1,1.0,0.7928486806130335
EEE,2013J,465392,P2,F1,0.0,0.8396380243272855
EEE,2013J,465564,P2,F1,0.0,0.763562770876685
EEE,2013J,465619,P2,F1,1.0,0.8333585579891416
EEE,2013J,465777,P2,F1,0.0,0.82536089138615
EEE,2013J,466961,P2,F1,0.0,0.8363782889098019
EEE,2013J,467302,P2,F1,0.0,0.6720100828448801
EEE,2013J,467363,P2,F1,1.0,0.8452639319649629
EEE,2013J,468902,P2,F1,0.0,0.863660457887641
EEE,2013J,469113,P2,F1,0.0,0.7544637526906391
EEE,2013J,469281,P2,F1,0.0,0.8481756696923033
EEE,2013J,469959,P2,F1,1.0,0.7572782331431119
EEE,2013J,470534,P2,F1,1.0,0.9168797710101877
EEE,2013J,471580,P2,F1,0.0,0.7296772330315008
EEE,2013J,472087,P2,F1,0.0,0.6668026844377569
EEE,2013J,472290,P2,F1,0.0,0.7228851000090233
EEE,2013J,472336,P2,F1,0.0,0.8360655426929523
EEE,2013J,472857,P2,F1,0.0,0.8422827795040893
EEE,2013J,473706,P2,F1,1.0,0.7011646742497524
EEE,2013J,473739,P2,F1,0.0,0.8841446147715051
EEE,2013J,473943,P2,F1,1.0,0.7755447336163026
EEE,2013J,475370,P2,F1,0.0,0.8039225647072741
EEE,2013J,475893,P2,F1,0.0,0.8786656744334504
EEE,2013J,478212,P2,F1,1.0,0.7341448351775064
EEE,2013J,478435,P2,F1,1.0,0.8981791552698773
EEE,2013J,478562,P2,F1,0.0,0.7708880747726865
EEE,2013J,479753,P2,F1,0.0,0.7843188177085965
EEE,2013J,480115,P2,F1,0.0,0.6662358265034481
EEE,2013J,482012,P2,F1,0.0,0.7193033186217961
EEE,2013J,482406,P2,F1,0.0,0.7856202045611018
EEE,2013J,482726,P2,F1,0.0,0.7193623982068617
EEE,2013J,483108,P2,F1,0.0,0.7048367507459864
EEE,2013J,483706,P2,F1,0.0,0.6860708274106844
EEE,2013J,484361,P2,F1,1.0,0.925913426987807
EEE,2013J,485374,P2,F1,0.0,0.7829362736497057
EEE,2013J,485582,P2,F1,0.0,0.6113932181858888
EEE,2013J,485898,P2,F1,0.0,0.5858847522551457
EEE,2013J,485909,P2,F1,0.0,0.7199398097156805
EEE,2013J,486545,P2,F1,0.0,0.831842871889818
EEE,2013J,486964,P2,F1,1.0,0.8926435658525663
EEE,2013J,487588,P2,F1,0.0,0.6500372376307225
EEE,2013J,487621,P2,F1,0.0,0.79685826813962
EEE,2013J,490081,P2,F1,0.0,0.8237984261139566
EEE,2013J,490327,P2,F1,1.0,0.8914419581324826
EEE,2013J,490768,P2,F1,0.0,0.7784793237065623
EEE,2013J,491578,P2,F1,0.0,0.917316411832368
EEE,2013J,491771,P2,F1,0.0,0.7163435814124517
EEE,2013J,493876,P2,F1,0.0,0.8441287353398182
EEE,2013J,493988,P2,F1,0.0,0.7116031250517884
EEE,2013J,494211,P2,F1,0.0,0.8104361774359767
EEE,2013J,495887,P2,F1,0.0,0.7705285098435921
EEE,2013J,499400,P2,F1,0.0,0.7378568113603823
EEE,2013J,499881,P2,F1,0.0,0.8310860506817208
EEE,2013J,500189,P2,F1,0.0,0.8946963326647878
EEE,2013J,500779,P2,F1,0.0,0.8641929035178486
EEE,2013J,501918,P2,F1,1.0,0.8307283669473837
EEE,2013J,501921,P2,F1,0.0,0.567389677962769
EEE,2013J,502303,P2,F1,1.0,0.8641103265786674
EEE,2013J,502393,P2,F1,0.0,0.7942003266984986
EEE,2013J,502479,P2,F1,1.0,0.8165543219021222
EEE,2013J,502833,P2,F1,1.0,0.8406217924883979
EEE,2013J,503015,P2,F1,1.0,0.7813947128598693
EEE,2013J,504404,P2,F1,0.0,0.7992022812703761
EEE,2013J,504492,P2,F1,0.0,0.6818987426564065
EEE,2013J,505700,P2,F1,0.0,0.8502099542063184
EEE,2013J,505722,P2,F1,0.0,0.8052113509705806
EEE,2013J,505727,P2,F1,0.0,0.7478696233088017
EEE,2013J,506504,P2,F1,0.0,0.9016574233833368
EEE,2013J,506618,P2,F1,1.0,0.6340997819130924
EEE,2013J,507300,P2,F1,1.0,0.8811658658289572
EEE,2013J,507375,P2,F1,0.0,0.3975043383222885
EEE,2013J,507844,P2,F1,0.0,0.7971235770194494
EEE,2013J,508244,P2,F1,0.0,0.7540516894813049
EEE,2013J,508829,P2,F1,1.0,0.8525214604809415
EEE,2013J,509156,P2,F1,1.0,0.8232582698788142
EEE,2013J,509402,P2,F1,1.0,0.8924434228451122
EEE,2013J,510169,P2,F1,1.0,0.85784821070732
EEE,2013J,510401,P2,F1,0.0,0.7666353579647397
EEE,2013J,510460,P2,F1,0.0,0.657274001803433
EEE,2013J,510694,P2,F1,0.0,0.8539949189122563
EEE,2013J,515774,P2,F1,0.0,0.7187011464135069
EEE,2013J,515821,P2,F1,1.0,0.7642391976764255
EEE,2013J,516047,P2,F1,1.0,0.8301241755274782
EEE,2013J,519684,P2,F1,0.0,0.6898722776659035
EEE,2013J,521542,P2,F1,1.0,0.8968533717666212
EEE,2013J,522484,P2,F1,0.0,0.8593913287008689
EEE,2013J,522994,P2,F1,0.0,0.8065326176106553
EEE,2013J,523169,P2,F1,0.0,0.7842581387925156
EEE,2013J,524631,P2,F1,1.0,0.8294220428801922
EEE,2013J,525246,P2,F1,0.0,0.8075419307563593
EEE,2013J,525703,P2,F1,0.0,0.7846848683256317
EEE,2013J,526073,P2,F1,0.0,0.7703479961354477
EEE,2013J,528021,P2,F1,0.0,0.8597737836204032
EEE,2013J,528083,P2,F1,0.0,0.7452707411183856
EEE,2013J,528961,P2,F1,1.0,0.8735737060656461
EEE,2013J,529509,P2,F1,1.0,0.9091504373086554
EEE,2013J,529512,P2,F1,0.0,0.8250795838233833
EEE,2013J,530172,P2,F1,1.0,0.9117035915830761
EEE,2013J,530360,P2,F1,1.0,0.8393207954673526
EEE,2013J,530765,P2,F1,0.0,0.9117230031588052
EEE,2013J,531097,P2,F1,1.0,0.8260212306994479
EEE,2013J,532491,P2,F1,0.0,0.7332677474511088
EEE,2013J,533012,P2,F1,1.0,0.8453616626336969
EEE,2013J,533311,P2,F1,0.0,0.7889745920339771
EEE,2013J,534371,P2,F1,0.0,0.7005215872095519
EEE,2013J,535259,P2,F1,0.0,0.7165949088267496
EEE,2013J,537929,P2,F1,0.0,0.6485248390365076
EEE,2013J,538040,P2,F1,1.0,0.7870613366549022
EEE,2013J,538887,P2,F1,0.0,0.9371341851456783
EEE,2013J,539063,P2,F1,0.0,0.7804072848080604
EEE,2013J,539695,P2,F1,1.0,0.8320471836644762
EEE,2013J,539775,P2,F1,1.0,0.8688939783318524
EEE,2013J,539990,P2,F1,0.0,0.880334043168958
EEE,2013J,541040,P2,F1,1.0,0.7568225268510715
EEE,2013J,541174,P2,F1,0.0,0.8294794830511023
EEE,2013J,543417,P2,F1,0.0,0.8107120712688825
EEE,2013J,543474,P2,F1,0.0,0.8741665850170917
EEE,2013J,543576,P2,F1,1.0,0.8539219581306395
EEE,2013J,544383,P2,F1,0.0,0.8482671935856851
EEE,2013J,544791,P2,F1,0.0,0.7931319428296639
EEE,2013J,545740,P2,F1,0.0,0.7885363779914504
EEE,2013J,545758,P2,F1,0.0,0.8759018264606135
EEE,2013J,546604,P2,F1,0.0,0.7837799699640484
EEE,2013J,547173,P2,F1,0.0,0.8777316305259502
EEE,2013J,547424,P2,F1,0.0,0.7387859694886226
EEE,2013J,548861,P2,F1,0.0,0.8323524856650603
EEE,2013J,548992,P2,F1,1.0,0.8462419063572518
EEE,2013J,548994,P2,F1,0.0,0.8057415954358578
EEE,2013J,549262,P2,F1,0.0,0.7839868501717225
EEE,2013J,549681,P2,F1,0.0,0.8423391963017806
EEE,2013J,549960,P2,F1,0.0,0.7799009551199602
EEE,2013J,550025,P2,F1,0.0,0.8550539319529563
EEE,2013J,550059,P2,F1,1.0,0.8169821174910487
EEE,2013J,550393,P2,F1,0.0,0.8963177177519921
EEE,2013J,551017,P2,F1,0.0,0.8330199419392047
EEE,2013J,551182,P2,F1,1.0,0.792797131464839
EEE,2013J,551430,P2,F1,1.0,0.8558416134837867
EEE,2013J,552485,P2,F1,1.0,0.8729669176079974
EEE,2013J,552795,P2,F1,0.0,0.751869927840362
EEE,2013J,553568,P2,F1,1.0,0.7338373361139642
EEE,2013J,553943,P2,F1,1.0,0.818582361247764
EEE,2013J,554052,P2,F1,0.0,0.7108334647573943
EEE,2013J,554132,P2,F1,1.0,0.7776953820007183
EEE,2013J,554235,P2,F1,1.0,0.8447906607457197
EEE,2013J,554459,P2,F1,1.0,0.8084233752255517
EEE,2013J,554583,P2,F1,0.0,0.8261868466421367
EEE,2013J,554999,P2,F1,1.0,0.8992605889804566
EEE,2013J,555228,P2,F1,0.0,0.7556932805397617
EEE,2013J,555447,P2,F1,0.0,0.7793877437178478
EEE,2013J,556109,P2,F1,0.0,0.8017443218173492
EEE,2013J,556177,P2,F1,0.0,0.7604637270662177
EEE,2013J,556211,P2,F1,0.0,0.6043633516403615
EEE,2013J,556231,P2,F1,1.0,0.8923933200083414
EEE,2013J,556450,P2,F1,1.0,0.8545607893467972
EEE,2013J,556521,P2,F1,0.0,0.7365877267546739
EEE,2013J,556645,P2,F1,0.0,0.6562425466703137
EEE,2013J,556709,P2,F1,1.0,0.7424323517267195
EEE,2013J,556742,P2,F1,1.0,0.8796102511724325
EEE,2013J,557147,P2,F1,0.0,0.7891600606985438
EEE,2013J,557415,P2,F1,0.0,0.7681294348436085
EEE,2013J,557490,P2,F1,1.0,0.9182645909116564
EEE,2013J,558054,P2,F1,0.0,0.8039398889081646
EEE,2013J,558444,P2,F1,1.0,0.8979801693203807
EEE,2013J,558463,P2,F1,0.0,0.8452344823311412
EEE,2013J,559519,P2,F1,1.0,0.8188269393135756
EEE,2013J,559551,P2,F1,1.0,0.8638511146676381
EEE,2013J,559617,P2,F1,0.0,0.8622767872028072
EEE,2013J,559645,P2,F1,1.0,0.7920758338468051
EEE,2013J,559758,P2,F1,0.0,0.9036076992963097
EEE,2013J,559912,P2,F1,0.0,0.7848854602596218
EEE,2013J,560326,P2,F1,1.0,0.9179174604660852
EEE,2013J,560502,P2,F1,1.0,0.728876264294093
EEE,2013J,560723,P2,F1,0.0,0.8039216452961478
EEE,2013J,560734,P2,F1,1.0,0.6985663367777059
EEE,2013J,560784,P2,F1,0.0,0.8099830044503052
EEE,2013J,560876,P2,F1,0.0,0.9230237756292631
EEE,2013J,560924,P2,F1,1.0,0.8918265979941878
EEE,2013J,560928,P2,F1,0.0,0.7272598775470221
EEE,2013J,561054,P2,F1,1.0,0.9246510177107344
EEE,2013J,561192,P2,F1,0.0,0.8699795183139183
EEE,2013J,561208,P2,F1,1.0,0.8520380633860009
EEE,2013J,561519,P2,F1,1.0,0.7967076075040773
EEE,2013J,561740,P2,F1,1.0,0.800068853791229
EEE,2013J,561826,P2,F1,0.0,0.7312917616330544
EEE,2013J,563418,P2,F1,0.0,0.25824635151798486
EEE,2013J,563666,P2,F1,0.0,0.7914793557784836
EEE,2013J,563967,P2,F1,0.0,0.7334165318074299
EEE,2013J,563990,P2,F1,1.0,0.9290779159207031
EEE,2013J,564700,P2,F1,0.0,0.9357949522994562
EEE,2013J,564714,P2,F1,0.0,0.6631997509692875
EEE,2013J,564894,P2,F1,0.0,0.8346746979329306
EEE,2013J,565561,P2,F1,1.0,0.7921104697593717
EEE,2013J,565883,P2,F1,0.0,0.8172368599974265
EEE,2013J,566071,P2,F1,1.0,0.8575864144497444
EEE,2013J,566201,P2,F1,0.0,0.7298419278254172
EEE,2013J,566310,P2,F1,0.0,0.6421869642404219
EEE,2013J,566664,P2,F1,0.0,0.7508097668363373
EEE,2013J,567752,P2,F1,0.0,0.7354631657212548
EEE,2013J,567779,P2,F1,1.0,0.9339533915846698
EEE,2013J,567892,P2,F1,1.0,0.7318645011302704
EEE,2013J,567950,P2,F1,1.0,0.7838246575686996
EEE,2013J,568813,P2,F1,0.0,0.7640326735358792
EEE,2013J,569342,P2,F1,0.0,0.7954839279207419
EEE,2013J,569358,P2,F1,0.0,0.712658962711613
EEE,2013J,569560,P2,F1,0.0,0.7619874430510728
EEE,2013J,569694,P2,F1,0.0,0.7753523685188255
EEE,2013J,569706,P2,F1,0.0,0.2724176246627644
EEE,2013J,570377,P2,F1,1.0,0.8364204805773859
EEE,2013J,570414,P2,F1,1.0,0.809678704076795
EEE,2013J,570448,P2,F1,1.0,0.8013140576389906
EEE,2013J,570453,P2,F1,0.0,0.865688156977417
EEE,2013J,570488,P2,F1,1.0,0.8886505632146463
EEE,2013J,570626,P2,F1,0.0,0.8686765276275581
EEE,2013J,571186,P2,F1,0.0,0.7091374279665987
EEE,2013J,571443,P2,F1,0.0,0.6884698355124527
EEE,2013J,571448,P2,F1,0.0,0.9408591076397477
EEE,2013J,571595,P2,F1,1.0,0.8389177623487399
EEE,2013J,571610,P2,F1,0.0,0.7354372787364775
EEE,2013J,571620,P2,F1,0.0,0.7773782353608263
EEE,2013J,571686,P2,F1,0.0,0.8322890705074502
EEE,2013J,571711,P2,F1,1.0,0.9179452687150205
EEE,2013J,571818,P2,F1,0.0,0.7402773412968107
EEE,2013J,571992,P2,F1,1.0,0.8507550595826641
EEE,2013J,572021,P2,F1,1.0,0.9221242492127466
EEE,2013J,572024,P2,F1,0.0,0.6642592887042954
EEE,2013J,572080,P2,F1,1.0,0.8491242576486608
EEE,2013J,572146,P2,F1,1.0,0.8273633100646135
EEE,2013J,572154,P2,F1,1.0,0.670227508197444
EEE,2013J,572168,P2,F1,1.0,0.6050363647656988
EEE,2013J,572279,P2,F1,1.0,0.8794430918640307
EEE,2013J,572303,P2,F1,0.0,0.6924979432689568
EEE,2013J,572396,P2,F1,0.0,0.8596839884822833
EEE,2013J,572403,P2,F1,1.0,0.8584729973801344
EEE,2013J,572515,P2,F1,0.0,0.7987574355106728
EEE,2013J,572570,P2,F1,0.0,0.7436529399801338
EEE,2013J,572602,P2,F1,0.0,0.7332404152864189
EEE,2013J,572659,P2,F1,1.0,0.8708031755758827
EEE,2013J,572891,P2,F1,0.0,0.840541962425983
EEE,2013J,572944,P2,F1,1.0,0.8511277978647804
EEE,2013J,573110,P2,F1,1.0,0.8937709325866182
EEE,2013J,573153,P2,F1,0.0,0.7850286266474102
EEE,2013J,573200,P2,F1,0.0,0.7463159650104544
EEE,2013J,573214,P2,F1,0.0,0.6811497971926368
EEE,2013J,573292,P2,F1,0.0,0.6945217014760268
EEE,2013J,573336,P2,F1,0.0,0.7359308208711259
EEE,2013J,573377,P2,F1,0.0,0.815237611951289
EEE,2013J,573440,P2,F1,0.0,0.7683036906373252
EEE,2013J,573462,P2,F1,1.0,0.798280850178937
EEE,2013J,573550,P2,F1,0.0,0.8750477209335138
EEE,2013J,573593,P2,F1,0.0,0.764421224557086
EEE,2013J,573662,P2,F1,0.0,0.7448371425527095
EEE,2013J,573701,P2,F1,1.0,0.9148791010359719
EEE,2013J,573742,P2,F1,0.0,0.8981839906921731
EEE,2013J,573920,P2,F1,0.0,0.8836999670704025
EEE,2013J,574038,P2,F1,0.0,0.7301742361354132
EEE,2013J,574101,P2,F1,1.0,0.9006586850273373
EEE,2013J,574259,P2,F1,0.0,0.6489252153493899
EEE,2013J,574399,P2,F1,1.0,0.8857063804639148
EEE,2013J,574507,P2,F1,0.0,0.84607762657535
EEE,2013J,574586,P2,F1,0.0,0.6713253457921897
EEE,2013J,574608,P2,F1,0.0,0.6939122021292256
EEE,2013J,574830,P2,F1,0.0,0.7826591297451525
EEE,2013J,574888,P2,F1,1.0,0.8942618937690179
EEE,2013J,574983,P2,F1,0.0,0.9402124137933202
EEE,2013J,575047,P2,F1,0.0,0.8133055984249588
EEE,2013J,575166,P2,F1,0.0,0.7332070589901359
EEE,2013J,575208,P2,F1,1.0,0.8837678006367603
EEE,2013J,575241,P2,F1,0.0,0.8342876656291031
EEE,2013J,575318,P2,F1,1.0,0.7335507524488973
EEE,2013J,575336,P2,F1,0.0,0.7280711310656242
EEE,2013J,575343,P2,F1,1.0,0.7300270605060298
EEE,2013J,575401,P2,F1,0.0,0.8353758047873296
EEE,2013J,575419,P2,F1,1.0,0.8616328419997097
EEE,2013J,575545,P2,F1,0.0,0.69205443248229
EEE,2013J,575553,P2,F1,0.0,0.6955386899583282
EEE,2013J,575601,P2,F1,1.0,0.7535118951497789
EEE,2013J,575703,P2,F1,0.0,0.7365421851384041
EEE,2013J,575733,P2,F1,0.0,0.7026137331948582
EEE,2013J,575745,P2,F1,0.0,0.6977698648006591
EEE,2013J,575762,P2,F1,0.0,0.7613176562826001
EEE,2013J,575763,P2,F1,0.0,0.778644185439364
EEE,2013J,575764,P2,F1,0.0,0.7874369276689008
EEE,2013J,576036,P2,F1,0.0,0.8034514034604774
EEE,2013J,576191,P2,F1,1.0,0.8132456885379195
EEE,2013J,576202,P2,F1,1.0,0.8884889829878082
EEE,2013J,576292,P2,F1,1.0,0.8930802129417437
EEE,2013J,576405,P2,F1,0.0,0.7684652621420268
EEE,2013J,576439,P2,F1,0.0,0.7954211041963832
EEE,2013J,576481,P2,F1,1.0,0.8954731830756378
EEE,2013J,576516,P2,F1,0.0,0.6757066405627704
EEE,2013J,576606,P2,F1,1.0,0.6025854047922257
EEE,2013J,576631,P2,F1,1.0,0.8877961909592094
EEE,2013J,576750,P2,F1,0.0,0.6653715426966473
EEE,2013J,576909,P2,F1,0.0,0.7425972974765128
EEE,2013J,576962,P2,F1,1.0,0.8497080235341652
EEE,2013J,577148,P2,F1,1.0,0.7935375142498619
EEE,2013J,577235,P2,F1,0.0,0.8028517968546597
EEE,2013J,577352,P2,F1,1.0,0.9023714243718113
EEE,2013J,577427,P2,F1,0.0,0.23391245484688608
EEE,2013J,577551,P2,F1,0.0,0.6757545826094459
EEE,2013J,577560,P2,F1,1.0,0.8345962868194546
EEE,2013J,577686,P2,F1,0.0,0.7858393209545096
EEE,2013J,577735,P2,F1,0.0,0.7492681071201287
EEE,2013J,577784,P2,F1,0.0,0.747855040059295
EEE,2013J,577887,P2,F1,1.0,0.8328221171713959
EEE,2013J,577995,P2,F1,0.0,0.716950126239553
EEE,2013J,578000,P2,F1,0.0,0.860092633924993
EEE,2013J,578034,P2,F1,0.0,0.7012015917790962
EEE,2013J,578056,P2,F1,1.0,0.8014781833034679
EEE,2013J,578438,P2,F1,0.0,0.8301821078064123
EEE,2013J,578450,P2,F1,1.0,0.8232828340873757
EEE,2013J,578472,P2,F1,1.0,0.8727770584990139
EEE,2013J,578623,P2,F1,1.0,0.8672128735159934
EEE,2013J,578654,P2,F1,1.0,0.908697921651051
EEE,2013J,578725,P2,F1,1.0,0.7586273858035097
EEE,2013J,578736,P2,F1,0.0,0.7236981708333018
EEE,2013J,578820,P2,F1,0.0,0.7656184877893948
EEE,2013J,579011,P2,F1,0.0,0.271483979488259
EEE,2013J,579027,P2,F1,1.0,0.7526128832454992
EEE,2013J,579130,P2,F1,0.0,0.7712372384700323
EEE,2013J,579199,P2,F1,1.0,0.8811624786502469
EEE,2013J,579206,P2,F1,1.0,0.728091904972727
EEE,2013J,579340,P2,F1,0.0,0.8517144236606731
EEE,2013J,579343,P2,F1,0.0,0.5854309292054507
EEE,2013J,579499,P2,F1,1.0,0.8964099852407954
EEE,2013J,579604,P2,F1,1.0,0.889836051449506
EEE,2013J,579723,P2,F1,0.0,0.813475391269987
EEE,2013J,580372,P2,F1,1.0,0.7835483549279134
EEE,2013J,580689,P2,F1,1.0,0.7955998481820589
EEE,2013J,580719,P2,F1,0.0,0.7050346640868148
EEE,2013J,580774,P2,F1,1.0,0.8757407818883725
EEE,2013J,580970,P2,F1,0.0,0.8301523855548264
EEE,2013J,581011,P2,F1,1.0,0.7239928984959773
EEE,2013J,581123,P2,F1,0.0,0.8271380568064356
EEE,2013J,581179,P2,F1,0.0,0.8241456786127391
EEE,2013J,581234,P2,F1,0.0,0.7175616098200667
EEE,2013J,581340,P2,F1,0.0,0.7591434175341892
EEE,2013J,581438,P2,F1,0.0,0.7380235683842102
EEE,2013J,581439,P2,F1,1.0,0.797691060435422
EEE,2013J,581533,P2,F1,0.0,0.7891242315206903
EEE,2013J,581708,P2,F1,0.0,0.8998917460793507
EEE,2013J,581716,P2,F1,0.0,0.4451287418268194
EEE,2013J,581744,P2,F1,0.0,0.9054721119438852
EEE,2013J,581914,P2,F1,0.0,0.7410684064199295
EEE,2013J,582087,P2,F1,0.0,0.8364803997420104
EEE,2013J,582514,P2,F1,0.0,0.8480738098517405
EEE,2013J,582723,P2,F1,0.0,0.7889260516946287
EEE,2013J,582768,P2,F1,1.0,0.777865931654246
EEE,2013J,582827,P2,F1,0.0,0.8654948435220218
EEE,2013J,582913,P2,F1,0.0,0.3439661053189214
EEE,2013J,582983,P2,F1,1.0,0.8522073660487794
EEE,2013J,583032,P2,F1,0.0,0.6344204196759309
EEE,2013J,583052,P2,F1,0.0,0.7444494121468541
EEE,2013J,583186,P2,F1,1.0,0.8340153688423062
EEE,2013J,583192,P2,F1,0.0,0.6956166640099993
EEE,2013J,583238,P2,F1,0.0,0.8205562754741448
EEE,2013J,583714,P2,F1,0.0,0.7029729092018503
EEE,2013J,583833,P2,F1,1.0,0.8039569167670105
EEE,2013J,583839,P2,F1,1.0,0.848083746292659
EEE,2013J,583855,P2,F1,0.0,0.7281244902870668
EEE,2013J,583933,P2,F1,1.0,0.8853048892020645
EEE,2013J,584191,P2,F1,0.0,0.6944946550810528
EEE,2013J,584386,P2,F1,0.0,0.7293115298877204
EEE,2013J,584414,P2,F1,0.0,0.871812189044092
EEE,2013J,584443,P2,F1,0.0,0.8074466364273762
EEE,2013J,584514,P2,F1,1.0,0.9420124175920993
EEE,2013J,584553,P2,F1,0.0,0.7715691016375282
EEE,2013J,584567,P2,F1,1.0,0.8862593508373715
EEE,2013J,584913,P2,F1,1.0,0.898876771194384
EEE,2013J,584923,P2,F1,1.0,0.680636960918344
EEE,2013J,585011,P2,F1,0.0,0.7030616890052774
EEE,2013J,585279,P2,F1,0.0,0.7700224972407166
EEE,2013J,585433,P2,F1,0.0,0.6938078207030334
EEE,2013J,585455,P2,F1,0.0,0.20312451891439967
EEE,2013J,585464,P2,F1,0.0,0.7854224442087813
EEE,2013J,585471,P2,F1,0.0,0.6674449215031436
EEE,2013J,585681,P2,F1,1.0,0.670860367333441
EEE,2013J,585758,P2,F1,1.0,0.8939675576495716
EEE,2013J,585769,P2,F1,1.0,0.7538158365295404
EEE,2013J,585837,P2,F1,0.0,0.7209233545604636
EEE,2013J,586046,P2,F1,0.0,0.7693630530581363
EEE,2013J,586047,P2,F1,0.0,0.7329132349382432
EEE,2013J,586060,P2,F1,1.0,0.8721755213489425
EEE,2013J,586132,P2,F1,1.0,0.753338280367278
EEE,2013J,586137,P2,F1,0.0,0.7065786138712211
EEE,2013J,586236,P2,F1,0.0,0.7240429438140745
EEE,2013J,586261,P2,F1,0.0,0.8386793880000861
EEE,2013J,586314,P2,F1,1.0,0.8536902644475216
EEE,2013J,586473,P2,F1,1.0,0.7570547192998366
EEE,2013J,586476,P2,F1,0.0,0.8493056152415143
EEE,2013J,586621,P2,F1,0.0,0.7006035714483245
EEE,2013J,586668,P2,F1,0.0,0.6596257542239174
EEE,2013J,586716,P2,F1,0.0,0.8546002630709961
EEE,2013J,586750,P2,F1,0.0,0.8699446839086145
EEE,2013J,586838,P2,F1,0.0,0.8060849749170232
EEE,2013J,586921,P2,F1,0.0,0.8247824563373242
EEE,2013J,586962,P2,F1,0.0,0.7648464728797914
EEE,2013J,586979,P2,F1,1.0,0.7981659454673231
EEE,2013J,587014,P2,F1,1.0,0.7522284753284071
EEE,2013J,587122,P2,F1,1.0,0.8604029375710416
EEE,2013J,587226,P2,F1,1.0,0.8899375986082889
EEE,2013J,587319,P2,F1,0.0,0.8450565545711036
EEE,2013J,587346,P2,F1,0.0,0.8064534459388197
EEE,2013J,587382,P2,F1,1.0,0.7696697342857003
EEE,2013J,587547,P2,F1,0.0,0.7806963398681505
EEE,2013J,587616,P2,F1,0.0,0.7664266057009232
EEE,2013J,587621,P2,F1,1.0,0.86394109395642
EEE,2013J,587677,P2,F1,1.0,0.8059523518225434
EEE,2013J,587682,P2,F1,0.0,0.8424241985791657
EEE,2013J,587714,P2,F1,0.0,0.7502193158677158
EEE,2013J,587884,P2,F1,1.0,0.8388142280873642
EEE,2013J,587906,P2,F1,0.0,0.15641208797511605
EEE,2013J,587911,P2,F1,0.0,0.7938790198028857
EEE,2013J,588125,P2,F1,0.0,0.8141387969829836
EEE,2013J,588231,P2,F1,0.0,0.8001966930229512
EEE,2013J,588280,P2,F1,0.0,0.7350677839523777
EEE,2013J,588402,P2,F1,0.0,0.7989307445179589
EEE,2013J,588442,P2,F1,0.0,0.8981541309737915
EEE,2013J,588502,P2,F1,0.0,0.7764620239302459
EEE,2013J,588524,P2,F1,0.0,0.7226855229843329
EEE,2013J,588583,P2,F1,1.0,0.7766635707495824
EEE,2013J,588628,P2,F1,0.0,0.6914775818803864
EEE,2013J,588676,P2,F1,0.0,0.6585397217791004
EEE,2013J,588710,P2,F1,0.0,0.36943692629005126
EEE,2013J,588835,P2,F1,0.0,0.784547809745834
EEE,2013J,588942,P2,F1,1.0,0.8062062864349625
EEE,2013J,589018,P2,F1,1.0,0.9063693232107793
EEE,2013J,589023,P2,F1,1.0,0.8406887949341051
EEE,2013J,589055,P2,F1,1.0,0.8586712067437152
EEE,2013J,589211,P2,F1,0.0,0.8177267034310249
EEE,2013J,589327,P2,F1,0.0,0.7152690854227968
EEE,2013J,589380,P2,F1,0.0,0.6581606346575635
EEE,2013J,589506,P2,F1,1.0,0.9014512975472864
EEE,2013J,589517,P2,F1,1.0,0.7372082443236726
EEE,2013J,589799,P2,F1,1.0,0.8629554047284824
EEE,2013J,589856,P2,F1,1.0,0.830386481102841
EEE,2013J,589894,P2,F1,0.0,0.73364183961476
EEE,2013J,589902,P2,F1,0.0,0.7465477824706832
EEE,2013J,590017,P2,F1,0.0,0.8570266256745109
EEE,2013J,590072,P2,F1,1.0,0.896109660472534
EEE,2013J,590436,P2,F1,1.0,0.7491985742790855
EEE,2013J,590626,P2,F1,0.0,0.7608012692855369
EEE,2013J,590744,P2,F1,0.0,0.21787706272046203
EEE,2013J,590877,P2,F1,0.0,0.8099810514256423
EEE,2013J,590882,P2,F1,0.0,0.8262503933879484
EEE,2013J,590961,P2,F1,1.0,0.8172546650912552
EEE,2013J,591021,P2,F1,0.0,0.8216882827994122
EEE,2013J,591165,P2,F1,1.0,0.75072021208429
EEE,2013J,591375,P2,F1,0.0,0.7836046888412347
EEE,2013J,591388,P2,F1,0.0,0.513038054209872
EEE,2013J,591424,P2,F1,1.0,0.7020444100685884
EEE,2013J,591566,P2,F1,0.0,0.8473956947048152
EEE,2013J,591719,P2,F1,1.0,0.6866683405970702
EEE,2013J,591869,P2,F1,0.0,0.6329743176808231
EEE,2013J,591942,P2,F1,0.0,0.6730813453231038
EEE,2013J,591944,P2,F1,1.0,0.5982843698453301
EEE,2013J,591958,P2,F1,0.0,0.7739035564298999
EEE,2013J,591995,P2,F1,0.0,0.7345914015222831
EEE,2013J,592003,P2,F1,0.0,0.8526533139170787
EEE,2013J,592051,P2,F1,0.0,0.6486121130295377
EEE,2013J,592172,P2,F1,1.0,0.9116637568923499
EEE,2013J,592250,P2,F1,0.0,0.6684384001278699
EEE,2013J,592609,P2,F1,0.0,0.8081985611048217
EEE,2013J,592787,P2,F1,0.0,0.7617899681712854
EEE,2013J,592791,P2,F1,1.0,0.7583457723004746
EEE,2013J,592842,P2,F1,1.0,0.7896593322370694
EEE,2013J,592895,P2,F1,0.0,0.7532214166468093
EEE,2013J,592961,P2,F1,0.0,0.6198244614665845
EEE,2013J,592997,P2,F1,0.0,0.6382391573785727
EEE,2013J,593348,P2,F1,1.0,0.7197573766525264
EEE,2013J,593362,P2,F1,1.0,0.8739114330207765
EEE,2013J,593400,P2,F1,1.0,0.8509715152811311
EEE,2013J,593487,P2,F1,0.0,0.7566708741422674
EEE,2013J,593534,P2,F1,0.0,0.8620253083813492
EEE,2013J,593587,P2,F1,0.0,0.7982106828155968
EEE,2013J,593787,P2,F1,1.0,0.8606658762947329
EEE,2013J,593845,P2,F1,1.0,0.8885007947283298
EEE,2013J,593924,P2,F1,0.0,0.6468275120898684
EEE,2013J,594111,P2,F1,0.0,0.8580158315426659
EEE,2013J,594157,P2,F1,0.0,0.6953152355226037
EEE,2013J,594199,P2,F1,0.0,0.7155811714850308
EEE,2013J,594233,P2,F1,1.0,0.8127432559497707
EEE,2013J,594246,P2,F1,1.0,0.8222023815408382
EEE,2013J,594399,P2,F1,0.0,0.7746220554912775
EEE,2013J,594431,P2,F1,0.0,0.8107254788503453
EEE,2013J,594452,P2,F1,1.0,0.7327802059452072
EEE,2013J,594458,P2,F1,1.0,0.8995315987409572
EEE,2013J,594517,P2,F1,0.0,0.858917941787853
EEE,2013J,594602,P2,F1,1.0,0.8967780393213352
EEE,2013J,594851,P2,F1,1.0,0.9299846575953913
EEE,2013J,594864,P2,F1,1.0,0.8395747233905945
EEE,2013J,594976,P2,F1,0.0,0.8506293034016987
EEE,2013J,595182,P2,F1,0.0,0.18736091879261424
EEE,2013J,595189,P2,F1,0.0,0.7461154259410108
EEE,2013J,595244,P2,F1,0.0,0.7046685117746909
EEE,2013J,595492,P2,F1,0.0,0.8614591357434764
EEE,2013J,595515,P2,F1,1.0,0.8512784690216968
EEE,2013J,595553,P2,F1,0.0,0.6787132917447793
EEE,2013J,595781,P2,F1,0.0,0.6897604250721088
EEE,2013J,595938,P2,F1,0.0,0.7745923755414218
EEE,2013J,596002,P2,F1,1.0,0.31378435048722964
EEE,2013J,596137,P2,F1,1.0,0.8962381569277598
EEE,2013J,596319,P2,F1,0.0,0.6109510838531282
EEE,2013J,596321,P2,F1,1.0,0.9070191647775347
EEE,2013J,596361,P2,F1,0.0,0.871869014652201
EEE,2013J,596404,P2,F1,1.0,0.8420003161803421
EEE,2013J,596432,P2,F1,1.0,0.8248735951881109
EEE,2013J,596526,P2,F1,0.0,0.8085674468691537
EEE,2013J,596614,P2,F1,1.0,0.8488850509757442
EEE,2013J,596676,P2,F1,1.0,0.7184650065661307
EEE,2013J,596789,P2,F1,0.0,0.733295808743723
EEE,2013J,596812,P2,F1,0.0,0.8359271802246072
EEE,2013J,596931,P2,F1,1.0,0.6949439200611008
EEE,2013J,597181,P2,F1,1.0,0.8616581392723655
EEE,2013J,597206,P2,F1,0.0,0.7798503942346012
EEE,2013J,597319,P2,F1,0.0,0.9001852993721841
EEE,2013J,597335,P2,F1,0.0,0.8829574869230342
EEE,2013J,597363,P2,F1,0.0,0.7844997088173291
EEE,2013J,597376,P2,F1,0.0,0.7612901568528588
EEE,2013J,597459,P2,F1,0.0,0.6720026444217858
EEE,2013J,597573,P2,F1,0.0,0.9456536416044683
EEE,2013J,597948,P2,F1,0.0,0.7136925204799834
EEE,2013J,598028,P2,F1,0.0,0.6833436810473413
EEE,2013J,598074,P2,F1,0.0,0.8251514532504594
EEE,2013J,598321,P2,F1,0.0,0.5229610883524347
EEE,2013J,598547,P2,F1,1.0,0.9210274136471077
EEE,2013J,598662,P2,F1,0.0,0.7949800990916107
EEE,2013J,598809,P2,F1,1.0,0.9033558490683511
EEE,2013J,598819,P2,F1,1.0,0.8381641353758603
EEE,2013J,598924,P2,F1,1.0,0.8726338615604826
EEE,2013J,598963,P2,F1,0.0,0.7373161085864901
EEE,2013J,598973,P2,F1,0.0,0.7126643325825686
EEE,2013J,599176,P2,F1,0.0,0.7118673760654515
EEE,2013J,599284,P2,F1,1.0,0.8697338450429173
EEE,2013J,599452,P2,F1,0.0,0.8438070251248829
EEE,2013J,599478,P2,F1,0.0,0.767982471438716
EEE,2013J,599479,P2,F1,0.0,0.9156819603895451
EEE,2013J,599542,P2,F1,1.0,0.8855181724645277
EEE,2013J,599588,P2,F1,1.0,0.8407432640015783
EEE,2013J,599768,P2,F1,0.0,0.8761381460951756
EEE,2013J,599893,P2,F1,1.0,0.8415739387462302
EEE,2013J,599902,P2,F1,0.0,0.8223146236266854
EEE,2013J,599942,P2,F1,1.0,0.7862851681758826
EEE,2013J,599958,P2,F1,0.0,0.6917682146891172
EEE,2013J,600071,P2,F1,0.0,0.1442951496191139
EEE,2013J,600077,P2,F1,1.0,0.8947162177448127
EEE,2013J,600127,P2,F1,1.0,0.8245481118117141
EEE,2013J,600142,P2,F1,0.0,0.8760482754962294
EEE,2013J,600187,P2,F1,0.0,0.8684352382327224
EEE,2013J,600198,P2,F1,0.0,0.7558182946558986
EEE,2013J,600335,P2,F1,0.0,0.817651078019371
EEE,2013J,600350,P2,F1,0.0,0.7996827888529853
EEE,2013J,600509,P2,F1,0.0,0.8671728000522468
EEE,2013J,600547,P2,F1,0.0,0.7058499659752948
EEE,2013J,600816,P2,F1,1.0,0.9271754501043092
EEE,2013J,600869,P2,F1,0.0,0.9152736455090932
EEE,2013J,600916,P2,F1,1.0,0.7564818215948579
EEE,2013J,600938,P2,F1,0.0,0.6803136467205733
EEE,2013J,600945,P2,F1,0.0,0.20537500288293717
EEE,2013J,601054,P2,F1,1.0,0.946270381695492
EEE,2013J,601157,P2,F1,1.0,0.8283388609511705
EEE,2013J,601175,P2,F1,0.0,0.7301731459256615
EEE,2013J,601182,P2,F1,0.0,0.7799579926282347
EEE,2013J,601223,P2,F1,1.0,0.9365735281141929
EEE,2013J,601224,P2,F1,0.0,0.7751885737801648
EEE,2013J,601248,P2,F1,1.0,0.8886080647185163
EEE,2013J,601407,P2,F1,1.0,0.83369456213473
EEE,2013J,601433,P2,F1,1.0,0.8364802280655954
EEE,2013J,601653,P2,F1,0.0,0.7975822285883363
EEE,2013J,601757,P2,F1,0.0,0.6464169202787409
EEE,2013J,601827,P2,F1,1.0,0.7431928294342178
EEE,2013J,601873,P2,F1,0.0,0.7054517109544228
EEE,2013J,602007,P2,F1,0.0,0.5857535906547304
EEE,2013J,602133,P2,F1,0.0,0.733520839702818
EEE,2013J,602233,P2,F1,0.0,0.6226550188682213
EEE,2013J,602244,P2,F1,1.0,0.8132719288335261
EEE,2013J,602268,P2,F1,0.0,0.7696352487845763
EEE,2013J,602269,P2,F1,0.0,0.7887358284936347
EEE,2013J,602275,P2,F1,0.0,0.795987907846153
EEE,2013J,602288,P2,F1,0.0,0.7425570478230916
EEE,2013J,602389,P2,F1,1.0,0.7847766954097996
EEE,2013J,602398,P2,F1,1.0,0.7617009654721466
EEE,2013J,602424,P2,F1,0.0,0.7758561308706485
EEE,2013J,602663,P2,F1,0.0,0.8389523504359041
EEE,2013J,602703,P2,F1,0.0,0.7857487764757889
EEE,2013J,602718,P2,F1,0.0,0.5452957769852184
EEE,2013J,602816,P2,F1,1.0,0.7782211852286203
EEE,2013J,602827,P2,F1,0.0,0.8663406426366231
EEE,2013J,602944,P2,F1,1.0,0.8300225188717427
EEE,2013J,603053,P2,F1,1.0,0.8717531432456633
EEE,2013J,603222,P2,F1,0.0,0.8788620785138732
EEE,2013J,603309,P2,F1,0.0,0.7818793388786244
EEE,2013J,603455,P2,F1,0.0,0.8227970371466502
EEE,2013J,603477,P2,F1,0.0,0.703899259819146
EEE,2013J,603503,P2,F1,0.0,0.7966672813037128
EEE,2013J,603565,P2,F1,1.0,0.8372611466164587
EEE,2013J,603639,P2,F1,0.0,0.7159862370659323
EEE,2013J,604050,P2,F1,0.0,0.7341552752935047
EEE,2013J,604378,P2,F1,0.0,0.7435084634673109
EEE,2013J,604393,P2,F1,0.0,0.7810624093014928
EEE,2013J,604517,P2,F1,0.0,0.7923596914318345
EEE,2013J,604685,P2,F1,0.0,0.7396088269912465
EEE,2013J,604906,P2,F1,0.0,0.8440909714139854
EEE,2013J,605111,P2,F1,0.0,0.8109350161700134
EEE,2013J,605180,P2,F1,1.0,0.80367568872712
EEE,2013J,605264,P2,F1,0.0,0.8277838966170614
EEE,2013J,605361,P2,F1,0.0,0.18221584946479888
EEE,2013J,605480,P2,F1,1.0,0.8574220528408504
EEE,2013J,605545,P2,F1,1.0,0.7112242496514256
EEE,2013J,605587,P2,F1,1.0,0.8788817828598704
EEE,2013J,605908,P2,F1,1.0,0.8396512112284373
EEE,2013J,606047,P2,F1,0.0,0.27114092271625145
EEE,2013J,606206,P2,F1,0.0,0.6990219858530221
EEE,2013J,606373,P2,F1,0.0,0.7220032256198413
EEE,2013J,606606,P2,F1,1.0,0.9293203713344743
EEE,2013J,606724,P2,F1,0.0,0.8323465008567632
EEE,2013J,606743,P2,F1,0.0,0.9202196575571298
EEE,2013J,606918,P2,F1,0.0,0.7943242392360034
EEE,2013J,607060,P2,F1,1.0,0.8910851413965799
EEE,2013J,607085,P2,F1,0.0,0.7664081477040273
EEE,2013J,607143,P2,F1,0.0,0.7589957658551684
EEE,2013J,607178,P2,F1,0.0,0.6849047929671407
EEE,2013J,607442,P2,F1,1.0,0.9110370143821384
EEE,2013J,607600,P2,F1,0.0,0.8455122579401116
EEE,2013J,607609,P2,F1,1.0,0.9094436064148166
EEE,2013J,607636,P2,F1,0.0,0.8199676674776332
EEE,2013J,607814,P2,F1,1.0,0.8012327366110638
EEE,2013J,607835,P2,F1,0.0,0.8246042973428518
EEE,2013J,607947,P2,F1,0.0,0.7312490780674389
EEE,2013J,608024,P2,F1,0.0,0.6418426761225405
EEE,2013J,608130,P2,F1,0.0,0.8038147247924625
EEE,2013J,608243,P2,F1,0.0,0.8714232359917226
EEE,2013J,608459,P2,F1,1.0,0.8385326342893504
EEE,2013J,608472,P2,F1,0.0,0.9081529933245964
EEE,2013J,608504,P2,F1,0.0,0.7739039431667949
EEE,2013J,608669,P2,F1,1.0,0.7977670734039769
EEE,2013J,608744,P2,F1,0.0,0.7711596224489634
EEE,2013J,608884,P2,F1,0.0,0.8512289126122913
EEE,2013J,608967,P2,F1,1.0,0.9605232254566611
EEE,2013J,609025,P2,F1,0.0,0.83954003694595
EEE,2013J,609192,P2,F1,0.0,0.8648977625756563
EEE,2013J,609527,P2,F1,0.0,0.8377817014244314
EEE,2013J,609583,P2,F1,1.0,0.7683238189806868
EEE,2013J,609682,P2,F1,0.0,0.8007931597117753
EEE,2013J,609748,P2,F1,1.0,0.830314926039698
EEE,2013J,610025,P2,F1,0.0,0.6720194312878046
EEE,2013J,610143,P2,F1,1.0,0.8432493779431051
EEE,2013J,610158,P2,F1,0.0,0.8361324719482442
EEE,2013J,610188,P2,F1,0.0,0.8187600809003911
EEE,2013J,610453,P2,F1,0.0,0.34656172591287
EEE,2013J,610503,P2,F1,0.0,0.7275914820354941
EEE,2013J,610549,P2,F1,0.0,0.8011325625344227
EEE,2013J,610575,P2,F1,0.0,0.6163539008246184
EEE,2013J,610855,P2,F1,0.0,0.9054564458932427
EEE,2013J,610873,P2,F1,0.0,0.8650507160794011
EEE,2013J,610888,P2,F1,1.0,0.8495953075051563
EEE,2013J,610979,P2,F1,1.0,0.9176130454270902
EEE,2013J,611033,P2,F1,0.0,0.5393437053872492
EEE,2013J,611049,P2,F1,0.0,0.8436823426341228
EEE,2013J,611062,P2,F1,1.0,0.7622303518335938
EEE,2013J,611202,P2,F1,0.0,0.8048098068019115
EEE,2013J,611206,P2,F1,1.0,0.8808211096883438
EEE,2013J,611255,P2,F1,0.0,0.1851358586761365
EEE,2013J,611344,P2,F1,0.0,0.8637040043900638
EEE,2013J,611402,P2,F1,0.0,0.71285850036003
EEE,2013J,611561,P2,F1,1.0,0.7752397408675336
EEE,2013J,611564,P2,F1,0.0,0.8560591783169916
EEE,2013J,611639,P2,F1,1.0,0.816063022720485
EEE,2013J,612048,P2,F1,0.0,0.861243184167236
EEE,2013J,612177,P2,F1,0.0,0.7698688144657255
EEE,2013J,612183,P2,F1,0.0,0.7509988324865191
EEE,2013J,612187,P2,F1,0.0,0.7202520080510653
EEE,2013J,612191,P2,F1,1.0,0.8599697228224024
EEE,2013J,612199,P2,F1,1.0,0.8240284110590277
EEE,2013J,943374,P2,F1,0.0,0.9227340322447889
EEE,2013J,965763,P2,F1,0.0,0.7714167999451215
EEE,2013J,991843,P2,F1,0.0,0.7022163678497573
EEE,2013J,1053702,P2,F1,0.0,0.6770389031537419
EEE,2013J,1073766,P2,F1,0.0,0.6618374973193429
EEE,2013J,1487084,P2,F1,0.0,0.4541335287199042
EEE,2013J,1529371,P2,F1,1.0,0.72611747684547
EEE,2013J,1541906,P2,F1,1.0,0.8352013913246988
EEE,2013J,1561750,P2,F1,0.0,0.8293705594127748
EEE,2013J,1567505,P2,F1,0.0,0.726466189239255
EEE,2013J,1622944,P2,F1,1.0,0.8982947047998426
EEE,2013J,1638548,P2,F1,0.0,0.7915436148536857
EEE,2013J,1667346,P2,F1,0.0,0.7187743996266238
EEE,2013J,1725109,P2,F1,0.0,0.5797971324477519
EEE,2013J,1762336,P2,F1,1.0,0.7584052557869473
EEE,2013J,1781834,P2,F1,0.0,0.6432746081645666
EEE,2013J,1837015,P2,F1,1.0,0.9015254899366214
EEE,2013J,1850818,P2,F1,0.0,0.8274477579429085
EEE,2013J,1861793,P2,F1,0.0,0.6795205508856141
EEE,2013J,1896088,P2,F1,1.0,0.6616272851665026
EEE,2013J,1902240,P2,F1,0.0,0.5799267510947148
EEE,2013J,1915408,P2,F1,0.0,0.7548102478873719
EEE,2013J,1924641,P2,F1,0.0,0.8026471728725839
EEE,2013J,1930644,P2,F1,0.0,0.8865764690011608
EEE,2013J,1951925,P2,F1,1.0,0.8141854179048208
EEE,2013J,1954230,P2,F1,0.0,0.7670480146868828
EEE,2013J,1976350,P2,F1,0.0,0.8057368505675653
EEE,2013J,1991903,P2,F1,0.0,0.8063433998685552
EEE,2013J,1993955,P2,F1,0.0,0.7859428599823916
EEE,2013J,1994610,P2,F1,1.0,0.618224438670944
EEE,2013J,1995239,P2,F1,1.0,0.7986379029346389
EEE,2013J,1995532,P2,F1,0.0,0.6853554446810667
EEE,2013J,2028474,P2,F1,1.0,0.8163904886986669
EEE,2013J,2033951,P2,F1,0.0,0.8241728056265439
EEE,2013J,2046324,P2,F1,1.0,0.7286450736413791
EEE,2013J,2056643,P2,F1,0.0,0.6132066295613701
EEE,2013J,2080916,P2,F1,1.0,0.7052686267864484
EEE,2013J,2094849,P2,F1,1.0,0.8856955556268569
EEE,2013J,2109119,P2,F1,0.0,0.6460582980458386
EEE,2013J,2134237,P2,F1,0.0,0.7567830121871431
EEE,2013J,2134304,P2,F1,0.0,0.8763134415378204
EEE,2013J,2137413,P2,F1,1.0,0.8828383867079951
EEE,2013J,2138146,P2,F1,0.0,0.896739824532442
EEE,2013J,2171834,P2,F1,0.0,0.10858510770764657
EEE,2013J,2187588,P2,F1,1.0,0.7727513992802648
EEE,2013J,2199455,P2,F1,0.0,0.7284771904329128
EEE,2013J,2252437,P2,F1,0.0,0.7774275243120381
EEE,2013J,2255516,P2,F1,0.0,0.7972450675411156
EEE,2013J,2274938,P2,F1,1.0,0.7665474238905048
EEE,2013J,2326597,P2,F1,0.0,0.7950215386115336
EEE,2013J,2331750,P2,F1,0.0,0.809243279353494
EEE,2013J,2389754,P2,F1,0.0,0.690014863629803
EEE,2013J,2408307,P2,F1,0.0,0.8357722049752581
EEE,2013J,2418732,P2,F1,0.0,0.7052364913741231
EEE,2013J,2435726,P2,F1,0.0,0.7352287056853366
EEE,2013J,2451726,P2,F1,0.0,0.8684655782331632
EEE,2013J,2474006,P2,F1,0.0,0.7775341617677523
EEE,2013J,2474995,P2,F1,0.0,0.6366267363412472
EEE,2013J,2485655,P2,F1,0.0,0.5126847306107333
EEE,2013J,2487990,P2,F1,0.0,0.6913286805010752
EEE,2013J,2505299,P2,F1,0.0,0.8167884633099091
EEE,2013J,2513333,P2,F1,1.0,0.879362844826688
EEE,2013J,2518880,P2,F1,1.0,0.8088252855500583
EEE,2013J,2537898,P2,F1,0.0,0.8391650882029009
EEE,2013J,2541992,P2,F1,1.0,0.8794914539226361
EEE,2013J,2542645,P2,F1,1.0,0.7516969095810822
EEE,2013J,2562704,P2,F1,1.0,0.7803524926406137
EEE,2013J,2564333,P2,F1,0.0,0.7209305779253128
EEE,2013J,2569834,P2,F1,0.0,0.7815803851857609
EEE,2013J,2574909,P2,F1,0.0,0.7467872472399727
EEE,2013J,2588201,P2,F1,0.0,0.8410498246186503
EEE,2013J,2590189,P2,F1,0.0,0.8384953230872496
EEE,2013J,2598509,P2,F1,0.0,0.8139002831420936
EEE,2013J,2598961,P2,F1,0.0,0.6968394428157095
EEE,2013J,2604856,P2,F1,1.0,0.8160827115182253
EEE,2013J,2607824,P2,F1,0.0,0.8119180765227345
EEE,2013J,2608828,P2,F1,0.0,0.8253558839412597
EEE,2013J,2614546,P2,F1,1.0,0.6369768335941247
EEE,2013J,2615849,P2,F1,0.0,0.8399362194549853
EEE,2013J,2616950,P2,F1,0.0,0.8355265541120691
EEE,2013J,2617635,P2,F1,0.0,0.7988870040400817
EEE,2013J,2619025,P2,F1,0.0,0.7833490655615024
EEE,2013J,2623263,P2,F1,0.0,0.14227581328833797
EEE,2013J,2623960,P2,F1,1.0,0.743338470268271
EEE,2013J,2625693,P2,F1,0.0,0.8026010706675839
EEE,2013J,2634238,P2,F1,1.0,0.8529734134645567
EEE,2013J,2641254,P2,F1,0.0,0.7140496172532674
EEE,2013J,2641364,P2,F1,0.0,0.748446767322891
EEE,2013J,2657915,P2,F1,0.0,0.8418921337490992
EEE,2013J,2670012,P2,F1,1.0,0.8752605680383992
EEE,2013J,2698535,P2,F1,0.0,0.8354997181039513
FFF,2013J,26247,P2,F1,1.0,0.2930700742403221
FFF,2013J,29335,P2,F1,0.0,0.18231978835586374
FFF,2013J,29769,P2,F1,1.0,0.2670279755326758
FFF,2013J,32221,P2,F1,1.0,0.26286967062770866
FFF,2013J,33600,P2,F1,1.0,0.36196199603743134
FFF,2013J,34731,P2,F1,1.0,0.347899623041997
FFF,2013J,42616,P2,F1,0.0,0.3663055582431907
FFF,2013J,43958,P2,F1,1.0,0.15798238938602063
FFF,2013J,47924,P2,F1,1.0,0.9216100011504733
FFF,2013J,50487,P2,F1,0.0,0.5082904180942271
FFF,2013J,51485,P2,F1,0.0,0.47669043591577553
FFF,2013J,51576,P2,F1,0.0,0.8225132306535433
FFF,2013J,53166,P2,F1,0.0,0.4548700069272669
FFF,2013J,53626,P2,F1,1.0,0.907554000762259
FFF,2013J,54882,P2,F1,1.0,0.5155098695283091
FFF,2013J,55013,P2,F1,1.0,0.49803612322580587
FFF,2013J,55419,P2,F1,1.0,0.538919433684387
FFF,2013J,57844,P2,F1,0.0,0.37202365806320853
FFF,2013J,58077,P2,F1,1.0,0.9404822314868251
FFF,2013J,58640,P2,F1,0.0,0.44667613721287297
FFF,2013J,63295,P2,F1,0.0,0.33243680173423734
FFF,2013J,64388,P2,F1,1.0,0.3510106571966624
FFF,2013J,66451,P2,F1,0.0,0.41604651762626077
FFF,2013J,68107,P2,F1,0.0,0.26656389410825554
FFF,2013J,69346,P2,F1,1.0,0.30465236367517073
FFF,2013J,70495,P2,F1,0.0,0.355125387969905
FFF,2013J,71252,P2,F1,0.0,0.2872492867550593
FFF,2013J,72864,P2,F1,0.0,0.41502136949028573
FFF,2013J,77744,P2,F1,0.0,0.35743370116508727
FFF,2013J,77746,P2,F1,1.0,0.9147709312195218
FFF,2013J,79261,P2,F1,0.0,0.2859918217246646
FFF,2013J,81536,P2,F1,1.0,0.6463136518023436
FFF,2013J,86669,P2,F1,0.0,0.41262551334323766
FFF,2013J,88781,P2,F1,1.0,0.4694672389633996
FFF,2013J,90901,P2,F1,0.0,0.2540402296569267
FFF,2013J,91629,P2,F1,1.0,0.5513927236212608
FFF,2013J,95746,P2,F1,0.0,0.8767400604417802
FFF,2013J,100064,P2,F1,0.0,0.8262226368892212
FFF,2013J,100788,P2,F1,0.0,0.1926608579738781
FFF,2013J,101217,P2,F1,1.0,0.917172201275778
FFF,2013J,101420,P2,F1,0.0,0.25598420034973135
FFF,2013J,102028,P2,F1,0.0,0.22211277796867615
FFF,2013J,102343,P2,F1,0.0,0.17243446109289626
FFF,2013J,104213,P2,F1,0.0,0.1929587699949932
FFF,2013J,105629,P2,F1,0.0,0.32790470032594415
FFF,2013J,107028,P2,F1,1.0,0.5411236298410694
FFF,2013J,107084,P2,F1,1.0,0.6333917160453788
FFF,2013J,110881,P2,F1,0.0,0.23685089026866518
FFF,2013J,111678,P2,F1,1.0,0.9555369833586154
FFF,2013J,113565,P2,F1,0.0,0.38352291413581363
FFF,2013J,114500,P2,F1,1.0,0.8607371595782075
FFF,2013J,116290,P2,F1,1.0,0.3638819592194692
FFF,2013J,116499,P2,F1,1.0,0.9270743154750013
FFF,2013J,116529,P2,F1,1.0,0.34531885395586703
FFF,2013J,116631,P2,F1,1.0,0.6083082633014593
FFF,2013J,116808,P2,F1,0.0,0.2309018983125751
FFF,2013J,117232,P2,F1,0.0,0.49115089383610355
FFF,2013J,118050,P2,F1,0.0,0.3386695445824593
FFF,2013J,124379,P2,F1,1.0,0.9293757361705628
FFF,2013J,126074,P2,F1,1.0,0.8464069603983525
FFF,2013J,127642,P2,F1,0.0,0.400002260936839
FFF,2013J,130658,P2,F1,0.0,0.23437967997613862
FFF,2013J,132453,P2,F1,0.0,0.4871332308124207
FFF,2013J,133019,P2,F1,0.0,0.5263622942881413
FFF,2013J,133185,P2,F1,0.0,0.24294638640782773
FFF,2013J,133718,P2,F1,1.0,0.5461356061132304
FFF,2013J,134847,P2,F1,1.0,0.6570371166996268
FFF,2013J,136894,P2,F1,0.0,0.217960095651318
FFF,2013J,137903,P2,F1,0.0,0.550618424648775
FFF,2013J,139190,P2,F1,0.0,0.18319667498006517
FFF,2013J,139278,P2,F1,1.0,0.32734657491370556
FFF,2013J,139701,P2,F1,1.0,0.45960350760405544
FFF,2013J,141648,P2,F1,0.0,0.13440173130212907
FFF,2013J,144562,P2,F1,1.0,0.45415034075645105
FFF,2013J,144959,P2,F1,1.0,0.2894374986445996
FFF,2013J,146738,P2,F1,0.0,0.35007215107130263
FFF,2013J,148328,P2,F1,1.0,0.1641532146180108
FFF,2013J,152587,P2,F1,0.0,0.3087004441806107
FFF,2013J,152887,P2,F1,1.0,0.3353810492395604
FFF,2013J,154057,P2,F1,1.0,0.25375140966082893
FFF,2013J,154059,P2,F1,0.0,0.5273941744689021
FFF,2013J,154191,P2,F1,0.0,0.3994472540903007
FFF,2013J,155298,P2,F1,0.0,0.4730611633349031
FFF,2013J,156171,P2,F1,0.0,0.3023483728193417
FFF,2013J,157647,P2,F1,1.0,0.9548259405025499
FFF,2013J,160310,P2,F1,1.0,0.7144697845795002
FFF,2013J,160934,P2,F1,1.0,0.5296462411259591
FFF,2013J,160946,P2,F1,0.0,0.26716539302463677
FFF,2013J,162809,P2,F1,0.0,0.1613897782442918
FFF,2013J,163120,P2,F1,0.0,0.20156919328891051
FFF,2013J,168229,P2,F1,0.0,0.30023579543613227
FFF,2013J,169908,P2,F1,1.0,0.34260081601004033
FFF,2013J,170030,P2,F1,0.0,0.34797494843127225
FFF,2013J,170943,P2,F1,0.0,0.3777250177003906
FFF,2013J,171304,P2,F1,1.0,0.452099188906572
FFF,2013J,171549,P2,F1,1.0,0.20409673374141082
FFF,2013J,171692,P2,F1,1.0,0.24098820166753943
FFF,2013J,173412,P2,F1,1.0,0.16460475238276956
FFF,2013J,174468,P2,F1,1.0,0.9496132262673691
FFF,2013J,175453,P2,F1,0.0,0.20015602277514785
FFF,2013J,177568,P2,F1,0.0,0.7087354573924555
FFF,2013J,178118,P2,F1,1.0,0.21190124780077574
FFF,2013J,180974,P2,F1,0.0,0.8342516290486868
FFF,2013J,184473,P2,F1,0.0,0.886504272270634
FFF,2013J,184627,P2,F1,1.0,0.8724709574901564
FFF,2013J,184720,P2,F1,1.0,0.8149562966788936
FFF,2013J,187199,P2,F1,0.0,0.3589680031072851
FFF,2013J,188524,P2,F1,1.0,0.8482270533301226
FFF,2013J,190910,P2,F1,1.0,0.28616364698951907
FFF,2013J,192680,P2,F1,0.0,0.333985746653719
FFF,2013J,198691,P2,F1,1.0,0.9608884099878585
FFF,2013J,199361,P2,F1,0.0,0.23263694797480244
FFF,2013J,200278,P2,F1,1.0,0.7087328792510991
FFF,2013J,202713,P2,F1,1.0,0.9082640877909293
FFF,2013J,206342,P2,F1,1.0,0.399318234468074
FFF,2013J,206599,P2,F1,0.0,0.1395953884202907
FFF,2013J,227254,P2,F1,1.0,0.9424067376412145
FFF,2013J,228695,P2,F1,0.0,0.5221320948217251
FFF,2013J,229417,P2,F1,1.0,0.6629086377341404
FFF,2013J,231024,P2,F1,0.0,0.680228557887512
FFF,2013J,231320,P2,F1,1.0,0.23360945701873254
FFF,2013J,231606,P2,F1,1.0,0.6064767524864804
FFF,2013J,232347,P2,F1,0.0,0.27481785281030713
FFF,2013J,232660,P2,F1,0.0,0.1527946740537298
FFF,2013J,232764,P2,F1,0.0,0.8852486877978881
FFF,2013J,232856,P2,F1,0.0,0.2537937141813257
FFF,2013J,233087,P2,F1,0.0,0.14594665213589247
FFF,2013J,234068,P2,F1,1.0,0.3588628303196991
FFF,2013J,235131,P2,F1,1.0,0.8613402687789469
FFF,2013J,235670,P2,F1,0.0,0.45274601795496
FFF,2013J,235706,P2,F1,1.0,0.29536872241982753
FFF,2013J,235978,P2,F1,0.0,0.2750181972623548
FFF,2013J,237387,P2,F1,1.0,0.21118978358294202
FFF,2013J,238150,P2,F1,0.0,0.136986530709162
FFF,2013J,241039,P2,F1,0.0,0.28707079523687223
FFF,2013J,242491,P2,F1,0.0,0.13442527114000072
FFF,2013J,243396,P2,F1,1.0,0.48475612038644333
FFF,2013J,244205,P2,F1,0.0,0.25762144497165107
FFF,2013J,245283,P2,F1,0.0,0.4022589318587349
FFF,2013J,248882,P2,F1,0.0,0.1994537193382843
FFF,2013J,249750,P2,F1,0.0,0.3279757236309598
FFF,2013J,251405,P2,F1,0.0,0.3218890915248277
FFF,2013J,251965,P2,F1,1.0,0.6595379872511014
FFF,2013J,253516,P2,F1,1.0,0.9451478884320225
FFF,2013J,253767,P2,F1,0.0,0.5847391700383855
FFF,2013J,254446,P2,F1,0.0,0.2044947740122542
FFF,2013J,255310,P2,F1,0.0,0.23999845819768875
FFF,2013J,256905,P2,F1,1.0,0.5841975465551793
FFF,2013J,257887,P2,F1,0.0,0.24890616007502356
FFF,2013J,257970,P2,F1,1.0,0.9180401151417025
FFF,2013J,261205,P2,F1,1.0,0.9044872011649341
FFF,2013J,261525,P2,F1,1.0,0.4708820520121316
FFF,2013J,262403,P2,F1,0.0,0.30361199114145687
FFF,2013J,264164,P2,F1,0.0,0.266928232484196
FFF,2013J,265268,P2,F1,0.0,0.42852143151103833
FFF,2013J,265978,P2,F1,0.0,0.6946133048326387
FFF,2013J,268153,P2,F1,0.0,0.36715795786038846
FFF,2013J,269245,P2,F1,1.0,0.8427133983536786
FFF,2013J,269508,P2,F1,0.0,0.2177464824202939
FFF,2013J,271274,P2,F1,1.0,0.9458789291651816
FFF,2013J,272623,P2,F1,1.0,0.26538361529733445
FFF,2013J,273442,P2,F1,0.0,0.2543024829020644
FFF,2013J,273782,P2,F1,0.0,0.23347593258097954
FFF,2013J,274443,P2,F1,1.0,0.30680333354684136
FFF,2013J,276388,P2,F1,0.0,0.2161193900119646
FFF,2013J,276808,P2,F1,0.0,0.3552123785414163
FFF,2013J,278955,P2,F1,0.0,0.3369882605534842
FFF,2013J,279085,P2,F1,0.0,0.3338128529179585
FFF,2013J,279750,P2,F1,0.0,0.2497519605486543
FFF,2013J,281638,P2,F1,0.0,0.23480611220980163
FFF,2013J,282385,P2,F1,1.0,0.8690217622917069
FFF,2013J,282975,P2,F1,0.0,0.4061172454066832
FFF,2013J,283953,P2,F1,0.0,0.20793193158743412
FFF,2013J,284036,P2,F1,1.0,0.21164812233533506
FFF,2013J,284395,P2,F1,0.0,0.47666107718046796
FFF,2013J,284636,P2,F1,1.0,0.9742891725695761
FFF,2013J,286442,P2,F1,1.0,0.9293256245793752
FFF,2013J,287079,P2,F1,1.0,0.9242835289943755
FFF,2013J,289221,P2,F1,0.0,0.6762937800812796
FFF,2013J,289304,P2,F1,0.0,0.47558273381204774
FFF,2013J,289826,P2,F1,1.0,0.9599590789592212
FFF,2013J,290521,P2,F1,0.0,0.8013038953568198
FFF,2013J,291237,P2,F1,0.0,0.23348122755500278
FFF,2013J,291516,P2,F1,1.0,0.24157516169392107
FFF,2013J,291745,P2,F1,0.0,0.1467020756410561
FFF,2013J,293317,P2,F1,1.0,0.3868560726296043
FFF,2013J,295255,P2,F1,0.0,0.32687436803682385
FFF,2013J,299281,P2,F1,0.0,0.26227125161792236
FFF,2013J,299886,P2,F1,0.0,0.42616554007232416
FFF,2013J,302071,P2,F1,1.0,0.939792495572534
FFF,2013J,302566,P2,F1,1.0,0.6363586903283075
FFF,2013J,303937,P2,F1,1.0,0.9317129781721198
FFF,2013J,304240,P2,F1,0.0,0.5263726198665561
FFF,2013J,304589,P2,F1,0.0,0.10385904274792696
FFF,2013J,305858,P2,F1,0.0,0.25316418031301
FFF,2013J,307245,P2,F1,1.0,0.32616821383732864
FFF,2013J,307676,P2,F1,1.0,0.5917493479768411
FFF,2013J,309150,P2,F1,1.0,0.6904017208813962
FFF,2013J,309893,P2,F1,0.0,0.3822924092429281
FFF,2013J,310646,P2,F1,0.0,0.6341709453859692
FFF,2013J,311151,P2,F1,1.0,0.9415292059102855
FFF,2013J,312760,P2,F1,0.0,0.4271663521644577
FFF,2013J,313206,P2,F1,1.0,0.6735203620592499
FFF,2013J,313700,P2,F1,1.0,0.21541994092594052
FFF,2013J,314776,P2,F1,0.0,0.21964919437478528
FFF,2013J,315808,P2,F1,0.0,0.2925766856178347
FFF,2013J,316061,P2,F1,1.0,0.4226562093639803
FFF,2013J,316098,P2,F1,0.0,0.23438935620135062
FFF,2013J,316541,P2,F1,0.0,0.2538457396081533
FFF,2013J,318627,P2,F1,0.0,0.1624754707161885
FFF,2013J,319578,P2,F1,0.0,0.4105843473665335
FFF,2013J,320437,P2,F1,0.0,0.11812463624932253
FFF,2013J,321486,P2,F1,1.0,0.29906179771822883
FFF,2013J,321969,P2,F1,1.0,0.8094128877866957
FFF,2013J,323480,P2,F1,0.0,0.7621184076394328
FFF,2013J,323984,P2,F1,0.0,0.25421093608199014
FFF,2013J,324331,P2,F1,1.0,0.5264054932395043
FFF,2013J,324672,P2,F1,1.0,0.4894664324987371
FFF,2013J,325368,P2,F1,1.0,0.3769361250419284
FFF,2013J,325750,P2,F1,1.0,0.48782819737709765
FFF,2013J,326056,P2,F1,1.0,0.9446081404099442
FFF,2013J,329655,P2,F1,1.0,0.9528769759160427
FFF,2013J,330192,P2,F1,0.0,0.9462403707209769
FFF,2013J,330347,P2,F1,1.0,0.6027728010077252
FFF,2013J,330723,P2,F1,1.0,0.6989627166944377
FFF,2013J,331039,P2,F1,0.0,0.5121155242389394
FFF,2013J,331417,P2,F1,0.0,0.5602430385485561
FFF,2013J,333710,P2,F1,1.0,0.18767509250839912
FFF,2013J,334476,P2,F1,0.0,0.41833421988323416
FFF,2013J,334669,P2,F1,1.0,0.38843055308602725
FFF,2013J,335476,P2,F1,0.0,0.1549551907937327
FFF,2013J,335562,P2,F1,0.0,0.1458887625085996
FFF,2013J,335582,P2,F1,0.0,0.11303047938135727
FFF,2013J,335644,P2,F1,1.0,0.10826694668735347
FFF,2013J,335726,P2,F1,1.0,0.8677620898509786
FFF,2013J,338536,P2,F1,0.0,0.31240142563677226
FFF,2013J,338806,P2,F1,1.0,0.8408796453765346
FFF,2013J,338975,P2,F1,0.0,0.1546338596642853
FFF,2013J,340647,P2,F1,0.0,0.5023128922070162
FFF,2013J,341096,P2,F1,0.0,0.4802976752279212
FFF,2013J,341361,P2,F1,0.0,0.29729511329078007
FFF,2013J,341470,P2,F1,0.0,0.21255953275264058
FFF,2013J,341839,P2,F1,1.0,0.4865963937029356
FFF,2013J,342155,P2,F1,0.0,0.46581200170006865
FFF,2013J,342953,P2,F1,0.0,0.307743595660484
FFF,2013J,343419,P2,F1,1.0,0.1826447898323635
FFF,2013J,343658,P2,F1,1.0,0.7520014444609692
FFF,2013J,343828,P2,F1,0.0,0.8418280900496841
FFF,2013J,344787,P2,F1,0.0,0.4619731929124925
FFF,2013J,347484,P2,F1,0.0,0.46979185890587244
FFF,2013J,347809,P2,F1,0.0,0.2059530237173396
FFF,2013J,348717,P2,F1,0.0,0.9509586535444077
FFF,2013J,348783,P2,F1,0.0,0.2942588602913226
FFF,2013J,349219,P2,F1,1.0,0.37895496160884473
FFF,2013J,349247,P2,F1,1.0,0.8155751277071265
FFF,2013J,349676,P2,F1,0.0,0.28729415089797355
FFF,2013J,351170,P2,F1,0.0,0.7467452509437684
FFF,2013J,351505,P2,F1,0.0,0.15577565603087512
FFF,2013J,353790,P2,F1,1.0,0.4928679140590943
FFF,2013J,354550,P2,F1,1.0,0.8683586976825463
FFF,2013J,355293,P2,F1,1.0,0.659704948333514
FFF,2013J,355335,P2,F1,0.0,0.3094087011624657
FFF,2013J,356397,P2,F1,1.0,0.7923460104505152
FFF,2013J,357851,P2,F1,1.0,0.31773381020009595
FFF,2013J,359149,P2,F1,1.0,0.17320212535548907
FFF,2013J,360581,P2,F1,1.0,0.9210041368993692
FFF,2013J,360747,P2,F1,0.0,0.4393216603481189
FFF,2013J,360986,P2,F1,0.0,0.32300235283055884
FFF,2013J,361837,P2,F1,1.0,0.8754858351941927
FFF,2013J,363273,P2,F1,1.0,0.9550745600524938
FFF,2013J,363738,P2,F1,1.0,0.3394220079288135
FFF,2013J,364790,P2,F1,0.0,0.15291871642709962
FFF,2013J,364974,P2,F1,0.0,0.42968607216441074
FFF,2013J,367510,P2,F1,1.0,0.4450893162513389
FFF,2013J,367605,P2,F1,0.0,0.4467103141223578
FFF,2013J,368315,P2,F1,0.0,0.26520258280065895
FFF,2013J,368935,P2,F1,1.0,0.7939209553667589
FFF,2013J,369208,P2,F1,0.0,0.26344525758692133
FFF,2013J,371133,P2,F1,1.0,0.6142744849450498
FFF,2013J,371247,P2,F1,0.0,0.3962997915024796
FFF,2013J,371869,P2,F1,0.0,0.07892207359380031
FFF,2013J,372262,P2,F1,0.0,0.13238450367779883
FFF,2013J,377705,P2,F1,1.0,0.2103370204130129
FFF,2013J,379070,P2,F1,0.0,0.23675216515108538
FFF,2013J,379843,P2,F1,0.0,0.48755579940984245
FFF,2013J,380435,P2,F1,0.0,0.15758412216889253
FFF,2013J,380710,P2,F1,1.0,0.8461317698760434
FFF,2013J,381058,P2,F1,1.0,0.6510933028635382
FFF,2013J,381365,P2,F1,1.0,0.9022910441541095
FFF,2013J,381414,P2,F1,1.0,0.55757968020977
FFF,2013J,381959,P2,F1,1.0,0.7711527475381357
FFF,2013J,382156,P2,F1,1.0,0.4180097225215272
FFF,2013J,382738,P2,F1,0.0,0.425742958306353
FFF,2013J,383517,P2,F1,0.0,0.26357764176125026
FFF,2013J,384227,P2,F1,0.0,0.5506621761428206
FFF,2013J,385033,P2,F1,0.0,0.1965074972757458
FFF,2013J,385195,P2,F1,0.0,0.4206021242150531
FFF,2013J,385209,P2,F1,1.0,0.570371995991488
FFF,2013J,385547,P2,F1,0.0,0.6353881248654855
FFF,2013J,387507,P2,F1,0.0,0.1852267840990028
FFF,2013J,388754,P2,F1,0.0,0.2698384164659644
FFF,2013J,389208,P2,F1,0.0,0.47457037350463493
FFF,2013J,391187,P2,F1,0.0,0.2981332643038994
FFF,2013J,392210,P2,F1,1.0,0.5043728746600892
FFF,2013J,392427,P2,F1,1.0,0.47100048990457133
FFF,2013J,392692,P2,F1,1.0,0.6324433852350331
FFF,2013J,393526,P2,F1,0.0,0.23743785670419904
FFF,2013J,393698,P2,F1,1.0,0.9434688349161985
FFF,2013J,393827,P2,F1,0.0,0.8524045028020943
FFF,2013J,394218,P2,F1,1.0,0.8492156610259654
FFF,2013J,394239,P2,F1,0.0,0.8974696260559906
FFF,2013J,395107,P2,F1,1.0,0.5249259477279978
FFF,2013J,395373,P2,F1,0.0,0.9138782224398386
FFF,2013J,395696,P2,F1,0.0,0.6160260825678173
FFF,2013J,395814,P2,F1,1.0,0.5474661654944665
FFF,2013J,396502,P2,F1,0.0,0.6295843459859332
FFF,2013J,397292,P2,F1,1.0,0.9531104721917953
FFF,2013J,397470,P2,F1,0.0,0.3147432647004233
FFF,2013J,397506,P2,F1,0.0,0.3446689390274107
FFF,2013J,399863,P2,F1,1.0,0.9078487196869817
FFF,2013J,400145,P2,F1,0.0,0.4227004327693942
FFF,2013J,400266,P2,F1,0.0,0.5360524827719203
FFF,2013J,401824,P2,F1,1.0,0.7041409432259123
FFF,2013J,401866,P2,F1,1.0,0.49841214317845345
FFF,2013J,402458,P2,F1,1.0,0.33565139591649235
FFF,2013J,402662,P2,F1,0.0,0.3121082631112768
FFF,2013J,404536,P2,F1,0.0,0.3584844610755811
FFF,2013J,404631,P2,F1,0.0,0.33550388581896784
FFF,2013J,405314,P2,F1,1.0,0.9382182225457764
FFF,2013J,406254,P2,F1,0.0,0.6845045349997485
FFF,2013J,409040,P2,F1,0.0,0.8723850659981219
FFF,2013J,409276,P2,F1,1.0,0.944815706044779
FFF,2013J,410838,P2,F1,0.0,0.437627937628916
FFF,2013J,411939,P2,F1,1.0,0.9521009115888542
FFF,2013J,412697,P2,F1,0.0,0.4457976203311917
FFF,2013J,413137,P2,F1,1.0,0.17631168723193222
FFF,2013J,413747,P2,F1,1.0,0.6868948124540867
FFF,2013J,413950,P2,F1,1.0,0.948184986053586
FFF,2013J,415724,P2,F1,1.0,0.41670259396982867
FFF,2013J,416304,P2,F1,0.0,0.3036183249793937
FFF,2013J,416696,P2,F1,1.0,0.8737286481295665
FFF,2013J,417135,P2,F1,1.0,0.8644357369094263
FFF,2013J,417414,P2,F1,0.0,0.4679211302028028
FFF,2013J,417663,P2,F1,0.0,0.1766318693984635
FFF,2013J,418007,P2,F1,0.0,0.14709123471247623
FFF,2013J,418340,P2,F1,1.0,0.2734218779345922
FFF,2013J,419024,P2,F1,0.0,0.26081032334037385
FFF,2013J,419565,P2,F1,1.0,0.9616445620485267
FFF,2013J,419990,P2,F1,0.0,0.3470149959836666
FFF,2013J,420867,P2,F1,0.0,0.6266329694299057
FFF,2013J,421070,P2,F1,1.0,0.13101368361409868
FFF,2013J,422006,P2,F1,0.0,0.4660797000520534
FFF,2013J,424171,P2,F1,0.0,0.4058952355428689
FFF,2013J,424437,P2,F1,0.0,0.39455045807273825
FFF,2013J,425218,P2,F1,1.0,0.37720493799703336
FFF,2013J,426137,P2,F1,1.0,0.606123366287252
FFF,2013J,426768,P2,F1,1.0,0.4018640859258523
FFF,2013J,427802,P2,F1,0.0,0.2939208029443238
FFF,2013J,428195,P2,F1,1.0,0.8159266091770586
FFF,2013J,429832,P2,F1,1.0,0.2523071668743382
FFF,2013J,432336,P2,F1,1.0,0.7845680226155346
FFF,2013J,432474,P2,F1,1.0,0.9425121862744521
FFF,2013J,432592,P2,F1,0.0,0.0956208250439781
FFF,2013J,432703,P2,F1,0.0,0.564053011714748
FFF,2013J,434617,P2,F1,1.0,0.6128287354173682
FFF,2013J,436044,P2,F1,1.0,0.9212172733633426
FFF,2013J,438063,P2,F1,1.0,0.39706349449036676
FFF,2013J,438313,P2,F1,1.0,0.3505752703103935
FFF,2013J,438644,P2,F1,1.0,0.8503225803429845
FFF,2013J,439053,P2,F1,1.0,0.9500939060426499
FFF,2013J,439203,P2,F1,1.0,0.6507550012509506
FFF,2013J,440851,P2,F1,1.0,0.9508301739482934
FFF,2013J,441606,P2,F1,1.0,0.4100652765040789
FFF,2013J,442432,P2,F1,1.0,0.9138057812284556
FFF,2013J,442670,P2,F1,1.0,0.9569215314443755
FFF,2013J,443753,P2,F1,1.0,0.892427586808437
FFF,2013J,443954,P2,F1,1.0,0.3305121337561234
FFF,2013J,444266,P2,F1,0.0,0.5182808777410642
FFF,2013J,444619,P2,F1,1.0,0.2431292863639784
FFF,2013J,444697,P2,F1,0.0,0.3757423601901221
FFF,2013J,444856,P2,F1,1.0,0.9528700834953371
FFF,2013J,445410,P2,F1,0.0,0.549147772628434
FFF,2013J,445776,P2,F1,0.0,0.24001010006583826
FFF,2013J,446628,P2,F1,0.0,0.3100509327391966
FFF,2013J,447459,P2,F1,1.0,0.7655051835305422
FFF,2013J,464616,P2,F1,0.0,0.7465013717033844
FFF,2013J,464981,P2,F1,0.0,0.18559345001478444
FFF,2013J,465009,P2,F1,1.0,0.41504223169316445
FFF,2013J,465893,P2,F1,0.0,0.1518332879382645
FFF,2013J,465900,P2,F1,0.0,0.3592242055963436
FFF,2013J,466425,P2,F1,1.0,0.2680620216740893
FFF,2013J,466807,P2,F1,1.0,0.5760169452125583
FFF,2013J,467243,P2,F1,1.0,0.9352572808952382
FFF,2013J,467504,P2,F1,0.0,0.3953134436003376
FFF,2013J,467524,P2,F1,0.0,0.4292971931299714
FFF,2013J,467685,P2,F1,1.0,0.89301051899369
FFF,2013J,467901,P2,F1,1.0,0.4227994908151295
FFF,2013J,468947,P2,F1,1.0,0.35797927727263834
FFF,2013J,470001,P2,F1,0.0,0.2719435927518561
FFF,2013J,470037,P2,F1,1.0,0.8451868165245278
FFF,2013J,470461,P2,F1,1.0,0.5949025586714488
FFF,2013J,470870,P2,F1,1.0,0.4546732415525706
FFF,2013J,471973,P2,F1,0.0,0.5725735339173882
FFF,2013J,473081,P2,F1,1.0,0.9150370410855
FFF,2013J,473491,P2,F1,0.0,0.8919507102585736
FFF,2013J,473896,P2,F1,1.0,0.9216665784876651
FFF,2013J,474126,P2,F1,0.0,0.3336568992049316
FFF,2013J,474949,P2,F1,0.0,0.31907088042930926
FFF,2013J,475253,P2,F1,0.0,0.39375033187768493
FFF,2013J,475699,P2,F1,1.0,0.9214332627895901
FFF,2013J,476520,P2,F1,0.0,0.3962150943131667
FFF,2013J,478332,P2,F1,0.0,0.20031213311541304
FFF,2013J,478583,P2,F1,1.0,0.7768271507657137
FFF,2013J,479828,P2,F1,0.0,0.4049310604051686
FFF,2013J,479845,P2,F1,0.0,0.2088382280940576
FFF,2013J,480025,P2,F1,1.0,0.38353533583079646
FFF,2013J,481092,P2,F1,1.0,0.9780105498979863
FFF,2013J,481314,P2,F1,0.0,0.1530151568666588
FFF,2013J,483626,P2,F1,0.0,0.9027203923691602
FFF,2013J,483724,P2,F1,1.0,0.35375316995885003
FFF,2013J,484125,P2,F1,1.0,0.5152236858726404
FFF,2013J,484242,P2,F1,1.0,0.8985661299291029
FFF,2013J,484312,P2,F1,1.0,0.7258698649242082
FFF,2013J,484475,P2,F1,1.0,0.3706355757053377
FFF,2013J,484574,P2,F1,1.0,0.570754345888928
FFF,2013J,485671,P2,F1,0.0,0.9325321773236626
FFF,2013J,485885,P2,F1,0.0,0.1956393076259684
FFF,2013J,486511,P2,F1,0.0,0.6927789354292018
FFF,2013J,486551,P2,F1,0.0,0.5741572700713091
FFF,2013J,486948,P2,F1,1.0,0.8233474070955906
FFF,2013J,487002,P2,F1,1.0,0.9452929889140965
FFF,2013J,488136,P2,F1,1.0,0.6457251270740421
FFF,2013J,488324,P2,F1,1.0,0.7287507551513888
FFF,2013J,488394,P2,F1,0.0,0.3427435225076825
FFF,2013J,489087,P2,F1,0.0,0.3446855199924837
FFF,2013J,489146,P2,F1,1.0,0.5414476767068037
FFF,2013J,489560,P2,F1,0.0,0.28682959895433185
FFF,2013J,490449,P2,F1,0.0,0.6693058464272822
FFF,2013J,490505,P2,F1,0.0,0.14032950724928206
FFF,2013J,491606,P2,F1,0.0,0.3765959197039217
FFF,2013J,491756,P2,F1,1.0,0.9384203876082648
FFF,2013J,492557,P2,F1,1.0,0.16692716322379786
FFF,2013J,492851,P2,F1,0.0,0.24280084560555937
FFF,2013J,493539,P2,F1,0.0,0.610469058002821
FFF,2013J,494046,P2,F1,1.0,0.3131758959258292
FFF,2013J,494143,P2,F1,1.0,0.5444018850702678
FFF,2013J,494335,P2,F1,1.0,0.9719642318940628
FFF,2013J,494495,P2,F1,0.0,0.5845103889263258
FFF,2013J,494975,P2,F1,1.0,0.5508445988189554
FFF,2013J,495948,P2,F1,1.0,0.5115828707189397
FFF,2013J,496801,P2,F1,1.0,0.5750185191664521
FFF,2013J,497349,P2,F1,1.0,0.8750412845429504
FFF,2013J,498031,P2,F1,0.0,0.2547037778447679
FFF,2013J,498898,P2,F1,1.0,0.2716713564704443
FFF,2013J,498972,P2,F1,1.0,0.48464607103298046
FFF,2013J,499386,P2,F1,0.0,0.9532778775721098
FFF,2013J,499564,P2,F1,0.0,0.5430707685197813
FFF,2013J,500067,P2,F1,1.0,0.9100116044566801
FFF,2013J,500099,P2,F1,1.0,0.5958046120335415
FFF,2013J,500137,P2,F1,1.0,0.3302363186615915
FFF,2013J,500772,P2,F1,0.0,0.6857674690949307
FFF,2013J,501336,P2,F1,0.0,0.5586339555194189
FFF,2013J,501425,P2,F1,0.0,0.27862769783737945
FFF,2013J,501871,P2,F1,0.0,0.5971704467322867
FFF,2013J,501922,P2,F1,1.0,0.961662497686082
FFF,2013J,502249,P2,F1,0.0,0.24143539835238909
FFF,2013J,502361,P2,F1,0.0,0.36545342351182525
FFF,2013J,502517,P2,F1,0.0,0.42875734728112125
FFF,2013J,502531,P2,F1,1.0,0.32192642484556006
FFF,2013J,502696,P2,F1,1.0,0.8391647662837717
FFF,2013J,502779,P2,F1,1.0,0.4307667763741122
FFF,2013J,503352,P2,F1,0.0,0.3693074771894264
FFF,2013J,503477,P2,F1,0.0,0.21928705509210816
FFF,2013J,503684,P2,F1,1.0,0.5792896579232677
FFF,2013J,503764,P2,F1,0.0,0.3065137938451631
FFF,2013J,504076,P2,F1,0.0,0.2429239966421852
FFF,2013J,504105,P2,F1,0.0,0.2762595710482619
FFF,2013J,504300,P2,F1,1.0,0.22682252543706852
FFF,2013J,504321,P2,F1,0.0,0.1892160215333904
FFF,2013J,504834,P2,F1,1.0,0.3048282655877482
FFF,2013J,504956,P2,F1,1.0,0.7857236337746485
FFF,2013J,505047,P2,F1,1.0,0.9299650260000558
FFF,2013J,505153,P2,F1,1.0,0.24563842428311178
FFF,2013J,505410,P2,F1,0.0,0.36123926544657325
FFF,2013J,505501,P2,F1,1.0,0.94164149919371
FFF,2013J,506289,P2,F1,1.0,0.3217823760194622
FFF,2013J,506309,P2,F1,0.0,0.20963631787729115
FFF,2013J,506498,P2,F1,1.0,0.9229680353257212
FFF,2013J,506550,P2,F1,0.0,0.1744660709338197
FFF,2013J,506783,P2,F1,1.0,0.7548992839361556
FFF,2013J,507010,P2,F1,0.0,0.40337760128921313
FFF,2013J,507084,P2,F1,1.0,0.6248259121870472
FFF,2013J,507941,P2,F1,0.0,0.09198180080050737
FFF,2013J,508059,P2,F1,1.0,0.920856126729806
FFF,2013J,508210,P2,F1,0.0,0.2461946570421877
FFF,2013J,508274,P2,F1,0.0,0.18024459313511448
FFF,2013J,508295,P2,F1,1.0,0.17527765948723864
FFF,2013J,508326,P2,F1,1.0,0.5884684581222849
FFF,2013J,508388,P2,F1,0.0,0.23831212002741947
FFF,2013J,508469,P2,F1,1.0,0.9488252588195232
FFF,2013J,508627,P2,F1,1.0,0.9380007372415169
FFF,2013J,508630,P2,F1,1.0,0.6684702842223681
FFF,2013J,508713,P2,F1,1.0,0.9596518523812383
FFF,2013J,508804,P2,F1,0.0,0.4693504113230607
FFF,2013J,508942,P2,F1,1.0,0.2312488651106732
FFF,2013J,509407,P2,F1,1.0,0.9349607619245531
FFF,2013J,509940,P2,F1,1.0,0.7470022463259653
FFF,2013J,510534,P2,F1,0.0,0.4110728253793567
FFF,2013J,512123,P2,F1,1.0,0.5131222612613074
FFF,2013J,512335,P2,F1,1.0,0.758819148997577
FFF,2013J,512859,P2,F1,1.0,0.8638048746257054
FFF,2013J,513228,P2,F1,0.0,0.9232864706947871
FFF,2013J,514558,P2,F1,1.0,0.3233559005314283
FFF,2013J,514913,P2,F1,1.0,0.778671376945232
FFF,2013J,515285,P2,F1,0.0,0.17285544225584265
FFF,2013J,515536,P2,F1,1.0,0.915719435756958
FFF,2013J,515574,P2,F1,1.0,0.9344536319448487
FFF,2013J,515833,P2,F1,0.0,0.24793292811191145
FFF,2013J,515857,P2,F1,0.0,0.1892925865694549
FFF,2013J,515859,P2,F1,1.0,0.7937876159513416
FFF,2013J,515888,P2,F1,0.0,0.26017497314889454
FFF,2013J,516095,P2,F1,0.0,0.32514234931161634
FFF,2013J,516620,P2,F1,1.0,0.5615546709301639
FFF,2013J,516770,P2,F1,1.0,0.2737629537141546
FFF,2013J,517349,P2,F1,0.0,0.8800117274270288
FFF,2013J,517481,P2,F1,1.0,0.7912161880084777
FFF,2013J,517731,P2,F1,0.0,0.5508011925388032
FFF,2013J,518364,P2,F1,1.0,0.2013883274451342
FFF,2013J,518544,P2,F1,0.0,0.3509801716130849
FFF,2013J,518930,P2,F1,1.0,0.49304289711526583
FFF,2013J,518937,P2,F1,0.0,0.9188224118534125
FFF,2013J,520061,P2,F1,1.0,0.5890786891990178
FFF,2013J,520249,P2,F1,1.0,0.837889899114571
FFF,2013J,521109,P2,F1,1.0,0.6354786059657481
FFF,2013J,521255,P2,F1,1.0,0.63698421779176
FFF,2013J,521329,P2,F1,0.0,0.5021445736780613
FFF,2013J,521788,P2,F1,1.0,0.3447910105296324
FFF,2013J,522007,P2,F1,1.0,0.45197167348193135
FFF,2013J,522082,P2,F1,1.0,0.3829846094640418
FFF,2013J,522257,P2,F1,0.0,0.4001913803604967
FFF,2013J,522428,P2,F1,1.0,0.948726879339422
FFF,2013J,522740,P2,F1,0.0,0.5152355198426697
FFF,2013J,522862,P2,F1,1.0,0.92462531685795
FFF,2013J,522881,P2,F1,1.0,0.5732769723210285
FFF,2013J,523599,P2,F1,0.0,0.9382019735976661
FFF,2013J,523680,P2,F1,0.0,0.23652249022668176
FFF,2013J,523971,P2,F1,1.0,0.5135161086520768
FFF,2013J,524384,P2,F1,1.0,0.3650721239321567
FFF,2013J,524407,P2,F1,0.0,0.26585857842531113
FFF,2013J,524845,P2,F1,0.0,0.33771810008967934
FFF,2013J,524938,P2,F1,1.0,0.559439314197935
FFF,2013J,524974,P2,F1,0.0,0.534738361614288
FFF,2013J,524996,P2,F1,1.0,0.5035421478586449
FFF,2013J,526601,P2,F1,0.0,0.1769841254485236
FFF,2013J,527148,P2,F1,0.0,0.20786475202838547
FFF,2013J,527494,P2,F1,0.0,0.21779424170418024
FFF,2013J,527565,P2,F1,1.0,0.5033411367882031
FFF,2013J,527619,P2,F1,1.0,0.2887217198125963
FFF,2013J,527713,P2,F1,0.0,0.32013666482726566
FFF,2013J,527775,P2,F1,1.0,0.7853930636925948
FFF,2013J,528506,P2,F1,0.0,0.14995969224763359
FFF,2013J,528559,P2,F1,0.0,0.8055778712976589
FFF,2013J,529197,P2,F1,0.0,0.7771036087842856
FFF,2013J,529201,P2,F1,0.0,0.4525940271881348
FFF,2013J,529211,P2,F1,1.0,0.6944437444961199
FFF,2013J,529309,P2,F1,0.0,0.4414786503950947
FFF,2013J,529490,P2,F1,1.0,0.4852668434861657
FFF,2013J,529684,P2,F1,1.0,0.4668545632435562
FFF,2013J,529723,P2,F1,0.0,0.20634007409666127
FFF,2013J,529862,P2,F1,0.0,0.21054106016634896
FFF,2013J,530043,P2,F1,0.0,0.42399209251248093
FFF,2013J,530159,P2,F1,0.0,0.7346747597067965
FFF,2013J,530852,P2,F1,1.0,0.9372055548959265
FFF,2013J,530940,P2,F1,0.0,0.3317529445029743
FFF,2013J,531953,P2,F1,1.0,0.9278612105237956
FFF,2013J,532121,P2,F1,0.0,0.3090979142089473
FFF,2013J,532741,P2,F1,1.0,0.8571327162306461
FFF,2013J,532895,P2,F1,1.0,0.2429410773081594
FFF,2013J,533523,P2,F1,0.0,0.3059482219921377
FFF,2013J,533975,P2,F1,0.0,0.512114061235887
FFF,2013J,535131,P2,F1,0.0,0.46360151900636526
FFF,2013J,535529,P2,F1,1.0,0.9633666485693027
FFF,2013J,535671,P2,F1,1.0,0.36485340932056565
FFF,2013J,536103,P2,F1,1.0,0.9020118271430392
FFF,2013J,536331,P2,F1,0.0,0.5493877118492542
FFF,2013J,536711,P2,F1,1.0,0.32603489745114456
FFF,2013J,537028,P2,F1,1.0,0.5681806805727898
FFF,2013J,537133,P2,F1,1.0,0.9043135140903541
FFF,2013J,537328,P2,F1,0.0,0.3078252159621964
FFF,2013J,537942,P2,F1,0.0,0.47353273088587683
FFF,2013J,539945,P2,F1,1.0,0.42128560100466333
FFF,2013J,540503,P2,F1,0.0,0.42105979601103
FFF,2013J,540637,P2,F1,0.0,0.44392180759763633
FFF,2013J,541768,P2,F1,0.0,0.21880295904373656
FFF,2013J,541783,P2,F1,0.0,0.3845642942634226
FFF,2013J,542423,P2,F1,1.0,0.18099338265820927
FFF,2013J,542550,P2,F1,1.0,0.937394271680724
FFF,2013J,543607,P2,F1,0.0,0.11799885694209633
FFF,2013J,543763,P2,F1,0.0,0.46453126990977434
FFF,2013J,543953,P2,F1,0.0,0.3376947279518062
FFF,2013J,544021,P2,F1,1.0,0.8915150704165419
FFF,2013J,544090,P2,F1,0.0,0.17795632211628767
FFF,2013J,544092,P2,F1,0.0,0.21535402048571817
FFF,2013J,544155,P2,F1,1.0,0.6981137057666427
FFF,2013J,544207,P2,F1,0.0,0.11690484594757879
FFF,2013J,544289,P2,F1,0.0,0.08761340861109598
FFF,2013J,544745,P2,F1,1.0,0.36441984129555055
FFF,2013J,545119,P2,F1,1.0,0.4682320146865205
FFF,2013J,545916,P2,F1,1.0,0.9169005293746004
FFF,2013J,545944,P2,F1,1.0,0.9585254832950032
FFF,2013J,546065,P2,F1,0.0,0.46505506357237913
FFF,2013J,546480,P2,F1,0.0,0.32165604530412195
FFF,2013J,546547,P2,F1,1.0,0.5112917316915547
FFF,2013J,546643,P2,F1,1.0,0.5163156676404707
FFF,2013J,546934,P2,F1,0.0,0.22370676031565273
FFF,2013J,547154,P2,F1,0.0,0.15547284795750377
FFF,2013J,547393,P2,F1,1.0,0.43619308861677925
FFF,2013J,547773,P2,F1,0.0,0.1311370895903437
FFF,2013J,548508,P2,F1,0.0,0.21859219640378172
FFF,2013J,548547,P2,F1,1.0,0.48506724731533823
FFF,2013J,548666,P2,F1,0.0,0.17457229728835383
FFF,2013J,548693,P2,F1,1.0,0.5583878560865752
FFF,2013J,548722,P2,F1,0.0,0.16269094057548858
FFF,2013J,549300,P2,F1,0.0,0.3678566661485005
FFF,2013J,549397,P2,F1,0.0,0.14468283924253028
FFF,2013J,549523,P2,F1,1.0,0.36595599995053096
FFF,2013J,549648,P2,F1,0.0,0.42466252522802406
FFF,2013J,550359,P2,F1,1.0,0.32887682895074116
FFF,2013J,550477,P2,F1,1.0,0.7800359396659821
FFF,2013J,550556,P2,F1,1.0,0.3972363570964039
FFF,2013J,551245,P2,F1,0.0,0.1436050831047113
FFF,2013J,551277,P2,F1,0.0,0.38212288975687203
FFF,2013J,551299,P2,F1,1.0,0.25743181984652497
FFF,2013J,551354,P2,F1,1.0,0.25572468269567405
FFF,2013J,551399,P2,F1,0.0,0.5935463671057791
FFF,2013J,551557,P2,F1,0.0,0.15676226359112858
FFF,2013J,551745,P2,F1,1.0,0.5891641708207307
FFF,2013J,551812,P2,F1,0.0,0.17053405226681587
FFF,2013J,552104,P2,F1,0.0,0.22555587981380346
FFF,2013J,553187,P2,F1,0.0,0.5717867004342062
FFF,2013J,553283,P2,F1,0.0,0.2317585152472189
FFF,2013J,553364,P2,F1,0.0,0.43634864271647
FFF,2013J,553427,P2,F1,0.0,0.21365447849628275
FFF,2013J,554257,P2,F1,0.0,0.3199362539756478
FFF,2013J,554276,P2,F1,1.0,0.4259602139679593
FFF,2013J,554470,P2,F1,0.0,0.35966607258882133
FFF,2013J,554586,P2,F1,0.0,0.24607847812629216
FFF,2013J,554846,P2,F1,0.0,0.1680464229312672
FFF,2013J,555440,P2,F1,1.0,0.1291954591338247
FFF,2013J,555498,P2,F1,0.0,0.07090614994472576
FFF,2013J,555786,P2,F1,1.0,0.46873734891997426
FFF,2013J,555855,P2,F1,0.0,0.82881252765575
FFF,2013J,555895,P2,F1,1.0,0.4699516473337908
FFF,2013J,556639,P2,F1,0.0,0.5749938003276897
FFF,2013J,556646,P2,F1,0.0,0.19869316684492247
FFF,2013J,557012,P2,F1,0.0,0.24541849056132842
FFF,2013J,557020,P2,F1,0.0,0.39378963648759036
FFF,2013J,557040,P2,F1,1.0,0.8930836965825323
FFF,2013J,557044,P2,F1,0.0,0.18718421856827916
FFF,2013J,557054,P2,F1,0.0,0.2977661212007722
FFF,2013J,557232,P2,F1,1.0,0.8894507714505995
FFF,2013J,557385,P2,F1,0.0,0.6445791285477122
FFF,2013J,557395,P2,F1,0.0,0.28851412799635223
FFF,2013J,557481,P2,F1,1.0,0.46137028962260224
FFF,2013J,557545,P2,F1,0.0,0.15472947257177694
FFF,2013J,557655,P2,F1,0.0,0.30589603630322854
FFF,2013J,557661,P2,F1,0.0,0.6625244407287009
FFF,2013J,557735,P2,F1,0.0,0.9569488455003384
FFF,2013J,557766,P2,F1,1.0,0.284028165089788
FFF,2013J,558090,P2,F1,1.0,0.44412717856238626
FFF,2013J,558205,P2,F1,1.0,0.22571695710064257
FFF,2013J,558284,P2,F1,1.0,0.9272442403670251
FFF,2013J,558301,P2,F1,1.0,0.6347818125268685
FFF,2013J,558345,P2,F1,0.0,0.38195112596789316
FFF,2013J,558484,P2,F1,0.0,0.19111125584729202
FFF,2013J,558635,P2,F1,0.0,0.21142143324508125
FFF,2013J,558893,P2,F1,0.0,0.27638600204379876
FFF,2013J,558970,P2,F1,0.0,0.6103517756921153
FFF,2013J,559067,P2,F1,1.0,0.2738501714596712
FFF,2013J,559428,P2,F1,0.0,0.11719171923160972
FFF,2013J,559754,P2,F1,0.0,0.2861279835707161
FFF,2013J,559813,P2,F1,0.0,0.3148533682807876
FFF,2013J,559863,P2,F1,0.0,0.24472693459331263
FFF,2013J,559902,P2,F1,1.0,0.9487925671764682
FFF,2013J,559979,P2,F1,0.0,0.07757741800242646
FFF,2013J,559999,P2,F1,1.0,0.7932748931922166
FFF,2013J,560329,P2,F1,0.0,0.2457298477436863
FFF,2013J,560401,P2,F1,0.0,0.30047030323636553
FFF,2013J,560410,P2,F1,0.0,0.9506000568482073
FFF,2013J,560592,P2,F1,1.0,0.543373004875393
FFF,2013J,560659,P2,F1,1.0,0.8636086999487764
FFF,2013J,560703,P2,F1,0.0,0.3119764540304201
FFF,2013J,560727,P2,F1,0.0,0.2578114657775609
FFF,2013J,560934,P2,F1,1.0,0.48260372930634055
FFF,2013J,560946,P2,F1,1.0,0.46387097703617663
FFF,2013J,560949,P2,F1,0.0,0.3383941496964431
FFF,2013J,561031,P2,F1,0.0,0.22274572861854902
FFF,2013J,561068,P2,F1,1.0,0.43742826876201457
FFF,2013J,561268,P2,F1,0.0,0.1680546028460084
FFF,2013J,561386,P2,F1,0.0,0.466748050926027
FFF,2013J,561542,P2,F1,0.0,0.360183486517205
FFF,2013J,561714,P2,F1,0.0,0.3165512353740587
FFF,2013J,561865,P2,F1,0.0,0.2807183264521341
FFF,2013J,561867,P2,F1,0.0,0.40275524367085075
FFF,2013J,561868,P2,F1,0.0,0.31465902468845236
FFF,2013J,561873,P2,F1,0.0,0.40079565924254296
FFF,2013J,561874,P2,F1,0.0,0.3725865480110287
FFF,2013J,561878,P2,F1,1.0,0.945362397463988
FFF,2013J,561879,P2,F1,0.0,0.3841547032874418
FFF,2013J,561880,P2,F1,1.0,0.38476389287499096
FFF,2013J,561889,P2,F1,0.0,0.31545975939182735
FFF,2013J,561929,P2,F1,0.0,0.5602509019471383
FFF,2013J,561930,P2,F1,0.0,0.4383104424785232
FFF,2013J,561976,P2,F1,0.0,0.32934028936405185
FFF,2013J,562377,P2,F1,0.0,0.2386100693841071
FFF,2013J,562448,P2,F1,1.0,0.3837285131770909
FFF,2013J,562460,P2,F1,1.0,0.16052262794080996
FFF,2013J,562763,P2,F1,1.0,0.39810084910807897
FFF,2013J,562920,P2,F1,1.0,0.32250784630153395
FFF,2013J,563014,P2,F1,1.0,0.32581660414125274
FFF,2013J,563019,P2,F1,1.0,0.9588741212054577
FFF,2013J,563020,P2,F1,1.0,0.22894866450882922
FFF,2013J,563051,P2,F1,0.0,0.2917128889292747
FFF,2013J,563196,P2,F1,1.0,0.20177759521586638
FFF,2013J,563299,P2,F1,0.0,0.4812378301449428
FFF,2013J,563636,P2,F1,1.0,0.333233863283394
FFF,2013J,563742,P2,F1,1.0,0.5049962675377708
FFF,2013J,563783,P2,F1,0.0,0.3362330640590845
FFF,2013J,563787,P2,F1,0.0,0.23294934361974887
FFF,2013J,564119,P2,F1,0.0,0.38469080140482154
FFF,2013J,564262,P2,F1,0.0,0.3160193311988721
FFF,2013J,564437,P2,F1,1.0,0.722312719871262
FFF,2013J,564702,P2,F1,0.0,0.35962316475898576
FFF,2013J,564770,P2,F1,1.0,0.43205930361750833
FFF,2013J,564821,P2,F1,1.0,0.2803647966639357
FFF,2013J,564981,P2,F1,0.0,0.23010172551644847
FFF,2013J,565469,P2,F1,1.0,0.5767959432648725
FFF,2013J,565587,P2,F1,0.0,0.23733306593282305
FFF,2013J,565653,P2,F1,1.0,0.38928175959224015
FFF,2013J,565698,P2,F1,0.0,0.23791390574905352
FFF,2013J,565849,P2,F1,0.0,0.31359271778721054
FFF,2013J,565990,P2,F1,0.0,0.3119132550932668
FFF,2013J,565997,P2,F1,1.0,0.5065073068530891
FFF,2013J,566009,P2,F1,0.0,0.2120664963220679
FFF,2013J,566135,P2,F1,0.0,0.13541411721297092
FFF,2013J,566172,P2,F1,1.0,0.5343021990856065
FFF,2013J,566270,P2,F1,0.0,0.3479583152623394
FFF,2013J,566465,P2,F1,0.0,0.3916676863843597
FFF,2013J,566817,P2,F1,0.0,0.21431766920744816
FFF,2013J,566823,P2,F1,1.0,0.40957525085236446
FFF,2013J,566863,P2,F1,0.0,0.23022914018679577
FFF,2013J,566973,P2,F1,0.0,0.5076938261167456
FFF,2013J,567165,P2,F1,0.0,0.570266506543582
FFF,2013J,567222,P2,F1,0.0,0.35579970735416816
FFF,2013J,567223,P2,F1,1.0,0.5175288406019903
FFF,2013J,567312,P2,F1,0.0,0.19851462966346456
FFF,2013J,567676,P2,F1,1.0,0.9571586304781019
FFF,2013J,567880,P2,F1,1.0,0.36634782082040673
FFF,2013J,567888,P2,F1,0.0,0.10551967272345845
FFF,2013J,567901,P2,F1,0.0,0.14179562162187023
FFF,2013J,568084,P2,F1,0.0,0.15083436153820523
FFF,2013J,568132,P2,F1,0.0,0.3415836233691257
FFF,2013J,568153,P2,F1,0.0,0.3214950866928897
FFF,2013J,568184,P2,F1,1.0,0.385355030381951
FFF,2013J,568204,P2,F1,1.0,0.26278794793755356
FFF,2013J,568207,P2,F1,0.0,0.2395652988999027
FFF,2013J,568234,P2,F1,0.0,0.35587705182258694
FFF,2013J,568333,P2,F1,0.0,0.3188775534456964
FFF,2013J,568381,P2,F1,1.0,0.4554879821843462
FFF,2013J,568444,P2,F1,1.0,0.9444452434413372
FFF,2013J,568450,P2,F1,0.0,0.38302394371541754
FFF,2013J,568551,P2,F1,0.0,0.26737422816126866
FFF,2013J,568592,P2,F1,1.0,0.6177464731440163
FFF,2013J,568602,P2,F1,1.0,0.8701621363381403
FFF,2013J,568644,P2,F1,0.0,0.2944266036621193
FFF,2013J,568763,P2,F1,1.0,0.5832154843326866
FFF,2013J,568767,P2,F1,1.0,0.4820894098851724
FFF,2013J,568774,P2,F1,0.0,0.2759893595972778
FFF,2013J,568910,P2,F1,1.0,0.3754514502695173
FFF,2013J,568987,P2,F1,1.0,0.4315512039026069
FFF,2013J,568998,P2,F1,1.0,0.5530984237395865
FFF,2013J,569016,P2,F1,0.0,0.25297139495562126
FFF,2013J,569107,P2,F1,0.0,0.12194335497945752
FFF,2013J,569132,P2,F1,1.0,0.5680187102729313
FFF,2013J,569167,P2,F1,0.0,0.19805527597626
FFF,2013J,569474,P2,F1,0.0,0.18116610582774637
FFF,2013J,569507,P2,F1,0.0,0.18816982095715742
FFF,2013J,569566,P2,F1,0.0,0.38801498622318586
FFF,2013J,569609,P2,F1,0.0,0.23615366183981482
FFF,2013J,569625,P2,F1,0.0,0.24750032172614098
FFF,2013J,569712,P2,F1,0.0,0.2874771476094567
FFF,2013J,569807,P2,F1,1.0,0.7234920581798949
FFF,2013J,569994,P2,F1,1.0,0.528807194343356
FFF,2013J,570004,P2,F1,1.0,0.2850428876863039
FFF,2013J,570023,P2,F1,1.0,0.9126453791948288
FFF,2013J,570061,P2,F1,0.0,0.5369060626621618
FFF,2013J,570213,P2,F1,1.0,0.2647818041710079
FFF,2013J,570280,P2,F1,1.0,0.2887269077322376
FFF,2013J,570428,P2,F1,0.0,0.47799098746647617
FFF,2013J,570455,P2,F1,0.0,0.5107865176428963
FFF,2013J,570515,P2,F1,1.0,0.44742607016092995
FFF,2013J,570517,P2,F1,0.0,0.46813087915370666
FFF,2013J,570550,P2,F1,1.0,0.19086830384194248
FFF,2013J,570689,P2,F1,1.0,0.16084428723351235
FFF,2013J,570717,P2,F1,0.0,0.3173238476290956
FFF,2013J,570732,P2,F1,0.0,0.1865411054100674
FFF,2013J,570807,P2,F1,0.0,0.5504508009834254
FFF,2013J,570878,P2,F1,1.0,0.3715355456170207
FFF,2013J,570978,P2,F1,0.0,0.17587404866668607
FFF,2013J,571019,P2,F1,0.0,0.19268489324036697
FFF,2013J,571022,P2,F1,0.0,0.25261623297174274
FFF,2013J,571117,P2,F1,1.0,0.8252242876356428
FFF,2013J,571355,P2,F1,0.0,0.28208525608289936
FFF,2013J,571363,P2,F1,1.0,0.3469766687558417
FFF,2013J,571490,P2,F1,0.0,0.3284793260725719
FFF,2013J,571575,P2,F1,1.0,0.45105452415802155
FFF,2013J,571612,P2,F1,1.0,0.5028643851612944
FFF,2013J,571622,P2,F1,0.0,0.21406602626823149
FFF,2013J,571630,P2,F1,1.0,0.6190713855413296
FFF,2013J,571638,P2,F1,1.0,0.9404806339008961
FFF,2013J,571650,P2,F1,0.0,0.40699122289352335
FFF,2013J,571757,P2,F1,1.0,0.9208916122843306
FFF,2013J,571800,P2,F1,0.0,0.3830334602391611
FFF,2013J,571802,P2,F1,1.0,0.4234138415685636
FFF,2013J,571828,P2,F1,0.0,0.46537568037809535
FFF,2013J,571831,P2,F1,0.0,0.7688843392532646
FFF,2013J,571844,P2,F1,1.0,0.425931760485407
FFF,2013J,571859,P2,F1,0.0,0.313887880327239
FFF,2013J,571862,P2,F1,0.0,0.2655434716171001
FFF,2013J,571893,P2,F1,0.0,0.3218350767880081
FFF,2013J,571926,P2,F1,0.0,0.19480638134999118
FFF,2013J,571927,P2,F1,1.0,0.9365712910148538
FFF,2013J,571973,P2,F1,1.0,0.331545307961049
FFF,2013J,572003,P2,F1,0.0,0.18504575828236836
FFF,2013J,572011,P2,F1,0.0,0.22256926430102456
FFF,2013J,572036,P2,F1,0.0,0.3439271822570518
FFF,2013J,572047,P2,F1,1.0,0.5680524290619692
FFF,2013J,572053,P2,F1,0.0,0.12321558156354045
FFF,2013J,572071,P2,F1,1.0,0.4950420340962025
FFF,2013J,572076,P2,F1,1.0,0.3169017590879012
FFF,2013J,572116,P2,F1,1.0,0.4418079634954313
FFF,2013J,572124,P2,F1,0.0,0.15349765902920945
FFF,2013J,572125,P2,F1,0.0,0.3318713207185616
FFF,2013J,572179,P2,F1,1.0,0.4135146080282624
FFF,2013J,572199,P2,F1,1.0,0.9336840610085798
FFF,2013J,572209,P2,F1,1.0,0.7014115159059294
FFF,2013J,572213,P2,F1,1.0,0.28039955448988535
FFF,2013J,572250,P2,F1,0.0,0.44541472110196895
FFF,2013J,572265,P2,F1,1.0,0.41884744225072
FFF,2013J,572270,P2,F1,1.0,0.32989479644947717
FFF,2013J,572274,P2,F1,0.0,0.28418355630986725
FFF,2013J,572304,P2,F1,1.0,0.7955083761068931
FFF,2013J,572346,P2,F1,1.0,0.8936002139231153
FFF,2013J,572397,P2,F1,0.0,0.30286941868220696
FFF,2013J,572410,P2,F1,0.0,0.3511008495124132
FFF,2013J,572493,P2,F1,1.0,0.57338597003877
FFF,2013J,572505,P2,F1,0.0,0.36951168815521607
FFF,2013J,572532,P2,F1,1.0,0.40850612248484636
FFF,2013J,572554,P2,F1,1.0,0.4425618992413994
FFF,2013J,572560,P2,F1,0.0,0.3896500119101067
FFF,2013J,572584,P2,F1,0.0,0.3832401433013827
FFF,2013J,572588,P2,F1,0.0,0.2822465898394007
FFF,2013J,572589,P2,F1,1.0,0.45481457365159744
FFF,2013J,572634,P2,F1,0.0,0.3485739709076716
FFF,2013J,572702,P2,F1,0.0,0.33579066355623877
FFF,2013J,572718,P2,F1,1.0,0.4486939525157077
FFF,2013J,572769,P2,F1,0.0,0.2288068601454626
FFF,2013J,572783,P2,F1,0.0,0.8903809375942585
FFF,2013J,572816,P2,F1,1.0,0.9507703240979353
FFF,2013J,572845,P2,F1,0.0,0.2176165849673743
FFF,2013J,572860,P2,F1,0.0,0.3382104940628797
FFF,2013J,572871,P2,F1,1.0,0.5248652081386469
FFF,2013J,573007,P2,F1,1.0,0.34678200161587425
FFF,2013J,573093,P2,F1,0.0,0.25111656824867457
FFF,2013J,573150,P2,F1,1.0,0.9399900731146088
FFF,2013J,573152,P2,F1,0.0,0.40406504021466133
FFF,2013J,573166,P2,F1,0.0,0.41091831011133845
FFF,2013J,573173,P2,F1,0.0,0.21776052811645888
FFF,2013J,573199,P2,F1,1.0,0.5918369046876539
FFF,2013J,573224,P2,F1,0.0,0.20701343647451662
FFF,2013J,573245,P2,F1,1.0,0.45155318169722736
FFF,2013J,573280,P2,F1,1.0,0.35105746889165595
FFF,2013J,573291,P2,F1,1.0,0.4656706892503698
FFF,2013J,573317,P2,F1,1.0,0.6818931260640692
FFF,2013J,573434,P2,F1,0.0,0.5231326142874043
FFF,2013J,573467,P2,F1,0.0,0.608197989286935
FFF,2013J,573481,P2,F1,1.0,0.9190224619512005
FFF,2013J,573639,P2,F1,0.0,0.21185305582258987
FFF,2013J,573674,P2,F1,1.0,0.48273916959465096
FFF,2013J,573678,P2,F1,0.0,0.4961728409660855
FFF,2013J,573696,P2,F1,1.0,0.3655104932422313
FFF,2013J,573697,P2,F1,1.0,0.2563849911900677
FFF,2013J,573704,P2,F1,0.0,0.232507507321842
FFF,2013J,573766,P2,F1,1.0,0.4634491823098558
FFF,2013J,573860,P2,F1,1.0,0.5540144189811359
FFF,2013J,573864,P2,F1,0.0,0.6273132997181519
FFF,2013J,573900,P2,F1,0.0,0.35873522746083963
FFF,2013J,573901,P2,F1,1.0,0.8672480306283813
FFF,2013J,573951,P2,F1,0.0,0.38165103201329126
FFF,2013J,574056,P2,F1,1.0,0.36292777992565173
FFF,2013J,574070,P2,F1,0.0,0.2475872218685736
FFF,2013J,574078,P2,F1,0.0,0.47131080204123116
FFF,2013J,574207,P2,F1,0.0,0.5590273812820441
FFF,2013J,574245,P2,F1,1.0,0.27246570878250714
FFF,2013J,574282,P2,F1,1.0,0.15962677464848124
FFF,2013J,574283,P2,F1,0.0,0.18139195616848316
FFF,2013J,574315,P2,F1,0.0,0.023811173465127716
FFF,2013J,574382,P2,F1,1.0,0.8762324318654624
FFF,2013J,574418,P2,F1,0.0,0.2777865190579662
FFF,2013J,574446,P2,F1,0.0,0.2993973038084694
FFF,2013J,574470,P2,F1,1.0,0.2875401009080369
FFF,2013J,574534,P2,F1,0.0,0.27873044121439805
FFF,2013J,574551,P2,F1,0.0,0.30885793429685765
FFF,2013J,574570,P2,F1,0.0,0.5387923087697608
FFF,2013J,574664,P2,F1,1.0,0.3394923980248577
FFF,2013J,574681,P2,F1,0.0,0.6107175703909041
FFF,2013J,574683,P2,F1,1.0,0.6218557100735423
FFF,2013J,574695,P2,F1,1.0,0.9285184928093287
FFF,2013J,574722,P2,F1,0.0,0.2716493838363114
FFF,2013J,574732,P2,F1,0.0,0.3729327468110156
FFF,2013J,574735,P2,F1,1.0,0.8207749609293756
FFF,2013J,574815,P2,F1,1.0,0.4916443569064685
FFF,2013J,574820,P2,F1,1.0,0.9243716275429449
FFF,2013J,574845,P2,F1,0.0,0.31998722604775376
FFF,2013J,574856,P2,F1,1.0,0.6565408478657024
FFF,2013J,574871,P2,F1,1.0,0.9131079795214891
FFF,2013J,574874,P2,F1,0.0,0.11467552939373679
FFF,2013J,574919,P2,F1,1.0,0.3384340086678109
FFF,2013J,574955,P2,F1,1.0,0.6878723367791972
FFF,2013J,575003,P2,F1,1.0,0.5535336874729512
FFF,2013J,575039,P2,F1,0.0,0.37395549104467096
FFF,2013J,575186,P2,F1,0.0,0.42489587721348804
FFF,2013J,575265,P2,F1,0.0,0.3130931983322523
FFF,2013J,575282,P2,F1,1.0,0.2520433436054797
FFF,2013J,575372,P2,F1,0.0,0.10978160914346241
FFF,2013J,575459,P2,F1,1.0,0.6044445825285585
FFF,2013J,575512,P2,F1,0.0,0.22971305398725259
FFF,2013J,575678,P2,F1,0.0,0.30661452900593006
FFF,2013J,575797,P2,F1,0.0,0.26324726640942975
FFF,2013J,575822,P2,F1,1.0,0.6883638690958938
FFF,2013J,575875,P2,F1,1.0,0.35044681242521214
FFF,2013J,575919,P2,F1,1.0,0.9370252237684389
FFF,2013J,575956,P2,F1,0.0,0.5925444158061962
FFF,2013J,576032,P2,F1,1.0,0.9356403514749269
FFF,2013J,576088,P2,F1,1.0,0.945012706252059
FFF,2013J,576097,P2,F1,0.0,0.3329671024023212
FFF,2013J,576107,P2,F1,0.0,0.27663972149321586
FFF,2013J,576205,P2,F1,0.0,0.3714635966183601
FFF,2013J,576229,P2,F1,0.0,0.48418312869658037
FFF,2013J,576281,P2,F1,1.0,0.44115772505124407
FFF,2013J,576390,P2,F1,1.0,0.8067845134171352
FFF,2013J,576399,P2,F1,0.0,0.1918272976841048
FFF,2013J,576417,P2,F1,1.0,0.9365085129390359
FFF,2013J,576423,P2,F1,1.0,0.4233728376723547
FFF,2013J,576431,P2,F1,0.0,0.4825723818004458
FFF,2013J,576433,P2,F1,0.0,0.18817471747475997
FFF,2013J,576466,P2,F1,1.0,0.65069243680105
FFF,2013J,576512,P2,F1,1.0,0.527417215987694
FFF,2013J,576518,P2,F1,0.0,0.41486673894330767
FFF,2013J,576568,P2,F1,0.0,0.3871760510302265
FFF,2013J,576672,P2,F1,0.0,0.2068175609791301
FFF,2013J,576704,P2,F1,0.0,0.38535151807689566
FFF,2013J,576765,P2,F1,1.0,0.1936581014339055
FFF,2013J,576780,P2,F1,0.0,0.2314636131492119
FFF,2013J,576789,P2,F1,0.0,0.4527851435986308
FFF,2013J,576791,P2,F1,0.0,0.16457816428037872
FFF,2013J,576813,P2,F1,0.0,0.3281006513312173
FFF,2013J,576856,P2,F1,1.0,0.5710248128797811
FFF,2013J,576888,P2,F1,0.0,0.3263662221994373
FFF,2013J,576921,P2,F1,0.0,0.12894644466974467
FFF,2013J,576972,P2,F1,1.0,0.41144565501686664
FFF,2013J,577042,P2,F1,0.0,0.2822478779857701
FFF,2013J,577149,P2,F1,0.0,0.3355981691592437
FFF,2013J,577222,P2,F1,0.0,0.1119666935917013
FFF,2013J,577389,P2,F1,1.0,0.937133855516701
FFF,2013J,577396,P2,F1,1.0,0.3395688850482119
FFF,2013J,577404,P2,F1,0.0,0.18084577550547695
FFF,2013J,577454,P2,F1,1.0,0.918310224742364
FFF,2013J,577476,P2,F1,0.0,0.2601035166998994
FFF,2013J,577533,P2,F1,1.0,0.2580862232132886
FFF,2013J,577605,P2,F1,0.0,0.4192791646887927
FFF,2013J,577607,P2,F1,1.0,0.2861970186247467
FFF,2013J,577640,P2,F1,1.0,0.933072391339981
FFF,2013J,577763,P2,F1,0.0,0.3208729002673249
FFF,2013J,577764,P2,F1,0.0,0.17530318675199966
FFF,2013J,577797,P2,F1,1.0,0.19268073065297744
FFF,2013J,577867,P2,F1,0.0,0.5239305866557751
FFF,2013J,577922,P2,F1,0.0,0.298828870880394
FFF,2013J,577959,P2,F1,0.0,0.25210448123421886
FFF,2013J,577999,P2,F1,0.0,0.2757793324534421
FFF,2013J,578050,P2,F1,0.0,0.32560976082703263
FFF,2013J,578199,P2,F1,0.0,0.3633933154274635
FFF,2013J,578208,P2,F1,1.0,0.6940344299327661
FFF,2013J,578276,P2,F1,1.0,0.46545779827734185
FFF,2013J,578281,P2,F1,0.0,0.12397965280558625
FFF,2013J,578492,P2,F1,0.0,0.45528622232118676
FFF,2013J,578497,P2,F1,0.0,0.25589533583702234
FFF,2013J,578519,P2,F1,0.0,0.359304359459089
FFF,2013J,578547,P2,F1,1.0,0.6026250522553313
FFF,2013J,578550,P2,F1,1.0,0.3585026860013039
FFF,2013J,578561,P2,F1,1.0,0.35116837932507433
FFF,2013J,578599,P2,F1,1.0,0.46500743207514333
FFF,2013J,578744,P2,F1,0.0,0.29930457596648247
FFF,2013J,579038,P2,F1,0.0,0.23844224128975863
FFF,2013J,579064,P2,F1,1.0,0.3171895966041497
FFF,2013J,579069,P2,F1,1.0,0.6257114897373298
FFF,2013J,579115,P2,F1,1.0,0.949280953124471
FFF,2013J,579176,P2,F1,0.0,0.24848181435188577
FFF,2013J,579257,P2,F1,0.0,0.40228744293093466
FFF,2013J,579278,P2,F1,0.0,0.7899726073579658
FFF,2013J,579354,P2,F1,1.0,0.6209657018765307
FFF,2013J,579415,P2,F1,1.0,0.8437587477044941
FFF,2013J,579416,P2,F1,1.0,0.3665618839866738
FFF,2013J,579482,P2,F1,1.0,0.5731882035758109
FFF,2013J,579506,P2,F1,0.0,0.3767362904843311
FFF,2013J,579526,P2,F1,0.0,0.2996684226065863
FFF,2013J,579557,P2,F1,0.0,0.2211227655596519
FFF,2013J,579685,P2,F1,1.0,0.5216269840384846
FFF,2013J,579737,P2,F1,0.0,0.2876973352414773
FFF,2013J,580317,P2,F1,0.0,0.23821381490151475
FFF,2013J,580342,P2,F1,0.0,0.33918162687753173
FFF,2013J,580380,P2,F1,0.0,0.2795613752194359
FFF,2013J,580477,P2,F1,1.0,0.5283016637411583
FFF,2013J,580484,P2,F1,1.0,0.16442842234145283
FFF,2013J,580555,P2,F1,0.0,0.4561191788549148
FFF,2013J,580657,P2,F1,0.0,0.20793331634443413
FFF,2013J,580702,P2,F1,0.0,0.30548409705225693
FFF,2013J,580709,P2,F1,0.0,0.33443188971577453
FFF,2013J,580743,P2,F1,0.0,0.20027634919828854
FFF,2013J,580779,P2,F1,0.0,0.17173185755000497
FFF,2013J,580824,P2,F1,1.0,0.9036735764495711
FFF,2013J,580842,P2,F1,0.0,0.30242726712380885
FFF,2013J,580867,P2,F1,0.0,0.2193097236498887
FFF,2013J,581034,P2,F1,0.0,0.24914568882908106
FFF,2013J,581135,P2,F1,0.0,0.07588003569815059
FFF,2013J,581219,P2,F1,1.0,0.45066505372287907
FFF,2013J,581253,P2,F1,1.0,0.7939410924574557
FFF,2013J,581261,P2,F1,0.0,0.6340817672468324
FFF,2013J,581307,P2,F1,1.0,0.8949882581997323
FFF,2013J,581332,P2,F1,0.0,0.4459922639356997
FFF,2013J,581341,P2,F1,1.0,0.6850341650523665
FFF,2013J,581342,P2,F1,1.0,0.6516604325858821
FFF,2013J,581410,P2,F1,0.0,0.20006368174630385
FFF,2013J,581412,P2,F1,1.0,0.38503310736215174
FFF,2013J,581486,P2,F1,0.0,0.6335446970875614
FFF,2013J,581490,P2,F1,0.0,0.32840557200447335
FFF,2013J,581523,P2,F1,0.0,0.3734648636318369
FFF,2013J,581532,P2,F1,0.0,0.5861641828654217
FFF,2013J,581563,P2,F1,1.0,0.6328696623931293
FFF,2013J,581574,P2,F1,0.0,0.4065855068685704
FFF,2013J,581614,P2,F1,0.0,0.23775731671234515
FFF,2013J,581616,P2,F1,1.0,0.4656995854413262
FFF,2013J,581656,P2,F1,0.0,0.24324457530621868
FFF,2013J,581700,P2,F1,1.0,0.32418764285691654
FFF,2013J,581769,P2,F1,0.0,0.21870925087457782
FFF,2013J,581770,P2,F1,0.0,0.20689824116736794
FFF,2013J,581787,P2,F1,0.0,0.38219026245197524
FFF,2013J,581796,P2,F1,0.0,0.28979794797421077
FFF,2013J,581810,P2,F1,0.0,0.1866873450219354
FFF,2013J,581836,P2,F1,0.0,0.5476778882504606
FFF,2013J,581838,P2,F1,0.0,0.5136966793018458
FFF,2013J,582003,P2,F1,1.0,0.46119827858260604
FFF,2013J,582063,P2,F1,0.0,0.3392379776146578
FFF,2013J,582080,P2,F1,1.0,0.614947007272418
FFF,2013J,582108,P2,F1,0.0,0.214425388358457
FFF,2013J,582125,P2,F1,0.0,0.8754926443036788
FFF,2013J,582235,P2,F1,0.0,0.2363925495150036
FFF,2013J,582275,P2,F1,1.0,0.33694140493266067
FFF,2013J,582282,P2,F1,1.0,0.4261666118521032
FFF,2013J,582311,P2,F1,1.0,0.749584694829524
FFF,2013J,582364,P2,F1,0.0,0.5163511921015679
FFF,2013J,582392,P2,F1,0.0,0.15000883053947153
FFF,2013J,582494,P2,F1,0.0,0.36247056866727206
FFF,2013J,582510,P2,F1,0.0,0.15980904827873493
FFF,2013J,582562,P2,F1,0.0,0.3335956746366055
FFF,2013J,582629,P2,F1,1.0,0.8873041555337013
FFF,2013J,582677,P2,F1,0.0,0.24105083587335838
FFF,2013J,582705,P2,F1,0.0,0.15443504381779904
FFF,2013J,582790,P2,F1,0.0,0.5251404023267634
FFF,2013J,582950,P2,F1,0.0,0.2892319020622091
FFF,2013J,582992,P2,F1,1.0,0.9505956545223125
FFF,2013J,583051,P2,F1,1.0,0.5366678182371443
FFF,2013J,583070,P2,F1,1.0,0.4526791805143218
FFF,2013J,583121,P2,F1,1.0,0.8481977619708616
FFF,2013J,583128,P2,F1,1.0,0.8930195603178684
FFF,2013J,583131,P2,F1,0.0,0.6062771565607816
FFF,2013J,583149,P2,F1,1.0,0.4151109905770719
FFF,2013J,583202,P2,F1,0.0,0.4757502201617999
FFF,2013J,583232,P2,F1,0.0,0.1316868521364581
FFF,2013J,583236,P2,F1,1.0,0.25721749784409176
FFF,2013J,583286,P2,F1,0.0,0.3453137267226443
FFF,2013J,583381,P2,F1,0.0,0.27221678481112643
FFF,2013J,583526,P2,F1,0.0,0.5896808648164856
FFF,2013J,583599,P2,F1,1.0,0.6706535845208449
FFF,2013J,583741,P2,F1,0.0,0.33541087417649046
FFF,2013J,583824,P2,F1,0.0,0.2456072183999094
FFF,2013J,583867,P2,F1,0.0,0.2936778126369858
FFF,2013J,583966,P2,F1,1.0,0.799615264036968
FFF,2013J,583993,P2,F1,1.0,0.21892129011515185
FFF,2013J,584040,P2,F1,1.0,0.47840253927113774
FFF,2013J,584078,P2,F1,1.0,0.7517927224464895
FFF,2013J,584111,P2,F1,0.0,0.3945553730187283
FFF,2013J,584210,P2,F1,1.0,0.6254294503447277
FFF,2013J,584214,P2,F1,0.0,0.1620670033226948
FFF,2013J,584225,P2,F1,1.0,0.7374224220941179
FFF,2013J,584362,P2,F1,1.0,0.9226077903375302
FFF,2013J,584446,P2,F1,0.0,0.12568528566954118
FFF,2013J,584468,P2,F1,0.0,0.21344428288431455
FFF,2013J,584546,P2,F1,0.0,0.4871627541600901
FFF,2013J,584550,P2,F1,0.0,0.5837387205419079
FFF,2013J,584594,P2,F1,1.0,0.8700926913940513
FFF,2013J,584601,P2,F1,0.0,0.43255880814680975
FFF,2013J,584687,P2,F1,1.0,0.9612923859485996
FFF,2013J,584771,P2,F1,0.0,0.2134138670604163
FFF,2013J,584806,P2,F1,1.0,0.5067334356824036
FFF,2013J,585033,P2,F1,0.0,0.3924005541888751
FFF,2013J,585050,P2,F1,1.0,0.20948503344049366
FFF,2013J,585093,P2,F1,0.0,0.09743634707851435
FFF,2013J,585128,P2,F1,1.0,0.26698313185648737
FFF,2013J,585149,P2,F1,1.0,0.39051424618331554
FFF,2013J,585162,P2,F1,0.0,0.3419587453843373
FFF,2013J,585166,P2,F1,0.0,0.2407637008265021
FFF,2013J,585222,P2,F1,0.0,0.17523726970966136
FFF,2013J,585230,P2,F1,1.0,0.5581395523068325
FFF,2013J,585290,P2,F1,1.0,0.913404858525169
FFF,2013J,585301,P2,F1,1.0,0.38489125380608946
FFF,2013J,585305,P2,F1,0.0,0.4026222134262772
FFF,2013J,585383,P2,F1,0.0,0.2160029539365967
FFF,2013J,585409,P2,F1,1.0,0.5359565884710582
FFF,2013J,585449,P2,F1,1.0,0.21481205222230537
FFF,2013J,585466,P2,F1,0.0,0.1686858224314981
FFF,2013J,585484,P2,F1,1.0,0.8155099121567062
FFF,2013J,585574,P2,F1,0.0,0.3905298734276892
FFF,2013J,585615,P2,F1,1.0,0.33325867018868727
FFF,2013J,585659,P2,F1,0.0,0.3100925246184314
FFF,2013J,585724,P2,F1,1.0,0.4489977969398989
FFF,2013J,585731,P2,F1,0.0,0.4005107178198112
FFF,2013J,585825,P2,F1,1.0,0.35263654056262683
FFF,2013J,585942,P2,F1,1.0,0.4181490953104306
FFF,2013J,585965,P2,F1,1.0,0.3525536897317429
FFF,2013J,586034,P2,F1,0.0,0.3214457694383486
FFF,2013J,586080,P2,F1,1.0,0.26014815209162545
FFF,2013J,586224,P2,F1,1.0,0.4480245514930238
FFF,2013J,586233,P2,F1,0.0,0.2698956851513065
FFF,2013J,586246,P2,F1,1.0,0.42662610274709284
FFF,2013J,586251,P2,F1,1.0,0.502250298656346
FFF,2013J,586259,P2,F1,1.0,0.7262736540176425
FFF,2013J,586281,P2,F1,1.0,0.5205074849999434
FFF,2013J,586428,P2,F1,0.0,0.4718551665886046
FFF,2013J,586446,P2,F1,0.0,0.5603736325638509
FFF,2013J,586468,P2,F1,0.0,0.21572450895424142
FFF,2013J,586477,P2,F1,0.0,0.4123097992485714
FFF,2013J,586483,P2,F1,0.0,0.3186326309344771
FFF,2013J,586518,P2,F1,0.0,0.5513933707011748
FFF,2013J,586543,P2,F1,1.0,0.7381792458422244
FFF,2013J,586594,P2,F1,0.0,0.10339047728224629
FFF,2013J,586642,P2,F1,0.0,0.37726949917390096
FFF,2013J,586705,P2,F1,0.0,0.1517386689136737
FFF,2013J,586719,P2,F1,0.0,0.3268510646870892
FFF,2013J,586753,P2,F1,1.0,0.38134069257756503
FFF,2013J,586758,P2,F1,0.0,0.2727539364126832
FFF,2013J,586781,P2,F1,0.0,0.08667704202446787
FFF,2013J,586784,P2,F1,0.0,0.349853224259711
FFF,2013J,586808,P2,F1,0.0,0.33487064532019334
FFF,2013J,586851,P2,F1,1.0,0.45267033672938867
FFF,2013J,586855,P2,F1,0.0,0.24896625910661488
FFF,2013J,586891,P2,F1,0.0,0.4753072081721524
FFF,2013J,586906,P2,F1,1.0,0.8605827892266804
FFF,2013J,586925,P2,F1,1.0,0.5884538400375828
FFF,2013J,586935,P2,F1,0.0,0.27197929827618617
FFF,2013J,586957,P2,F1,0.0,0.35177691669486894
FFF,2013J,586974,P2,F1,1.0,0.7035721789526034
FFF,2013J,587126,P2,F1,0.0,0.25633711146393506
FFF,2013J,587178,P2,F1,0.0,0.16360687106706634
FFF,2013J,587195,P2,F1,1.0,0.9301393510948355
FFF,2013J,587286,P2,F1,0.0,0.11303528790204397
FFF,2013J,587294,P2,F1,0.0,0.38923512092043316
FFF,2013J,587308,P2,F1,1.0,0.9237078759769857
FFF,2013J,587324,P2,F1,1.0,0.2742083335529009
FFF,2013J,587334,P2,F1,0.0,0.22323920273474854
FFF,2013J,587369,P2,F1,1.0,0.10013920844851827
FFF,2013J,587435,P2,F1,1.0,0.42707590497079057
FFF,2013J,587451,P2,F1,0.0,0.36932142353525943
FFF,2013J,587456,P2,F1,0.0,0.3054748003553426
FFF,2013J,587462,P2,F1,1.0,0.2589072963249336
FFF,2013J,587594,P2,F1,0.0,0.31011384453969415
FFF,2013J,587611,P2,F1,0.0,0.3495137962154803
FFF,2013J,587619,P2,F1,0.0,0.44521140241083157
FFF,2013J,587685,P2,F1,0.0,0.26565150127431114
FFF,2013J,587690,P2,F1,0.0,0.2943889892471079
FFF,2013J,587783,P2,F1,0.0,0.18458159887883635
FFF,2013J,587848,P2,F1,0.0,0.23791857690431914
FFF,2013J,587859,P2,F1,1.0,0.4784543213484871
FFF,2013J,587868,P2,F1,1.0,0.34180547158882396
FFF,2013J,587881,P2,F1,1.0,0.1719290798554241
FFF,2013J,587976,P2,F1,1.0,0.41646343042705525
FFF,2013J,588052,P2,F1,1.0,0.5418660627234313
FFF,2013J,588128,P2,F1,1.0,0.43704454679807936
FFF,2013J,588131,P2,F1,0.0,0.4462736249571327
FFF,2013J,588156,P2,F1,0.0,0.43292781427056465
FFF,2013J,588175,P2,F1,1.0,0.5484629788485168
FFF,2013J,588236,P2,F1,0.0,0.1488797435062863
FFF,2013J,588261,P2,F1,0.0,0.12895010310020497
FFF,2013J,588560,P2,F1,1.0,0.282253821799981
FFF,2013J,588597,P2,F1,1.0,0.3842304954854584
FFF,2013J,588672,P2,F1,0.0,0.1735899443317268
FFF,2013J,588914,P2,F1,1.0,0.7614234692273015
FFF,2013J,588925,P2,F1,1.0,0.5250319442268593
FFF,2013J,588971,P2,F1,0.0,0.4071566997688115
FFF,2013J,589003,P2,F1,0.0,0.3139983637291945
FFF,2013J,589014,P2,F1,0.0,0.3634781051604068
FFF,2013J,589099,P2,F1,1.0,0.4099909346407997
FFF,2013J,589178,P2,F1,1.0,0.9547529305601731
FFF,2013J,589196,P2,F1,1.0,0.9416630916216377
FFF,2013J,589263,P2,F1,0.0,0.3164108954639732
FFF,2013J,589295,P2,F1,0.0,0.4189284342439298
FFF,2013J,589303,P2,F1,0.0,0.2966002048817838
FFF,2013J,589326,P2,F1,0.0,0.12540548635344398
FFF,2013J,589409,P2,F1,0.0,0.1343765033080274
FFF,2013J,589441,P2,F1,1.0,0.5845187480552015
FFF,2013J,589474,P2,F1,1.0,0.6998322100396983
FFF,2013J,589490,P2,F1,1.0,0.3929971562226611
FFF,2013J,589559,P2,F1,0.0,0.37717134683684034
FFF,2013J,589578,P2,F1,0.0,0.4104267234437788
FFF,2013J,589583,P2,F1,0.0,0.24591841834409345
FFF,2013J,589587,P2,F1,0.0,0.27267034187301087
FFF,2013J,589594,P2,F1,1.0,0.5521303269643364
FFF,2013J,589605,P2,F1,0.0,0.17967809480519317
FFF,2013J,589707,P2,F1,1.0,0.7545884585568682
FFF,2013J,589749,P2,F1,1.0,0.943148917237932
FFF,2013J,589782,P2,F1,0.0,0.20757280952192045
FFF,2013J,589828,P2,F1,1.0,0.38700182013811496
FFF,2013J,589843,P2,F1,1.0,0.6953624350819395
FFF,2013J,589860,P2,F1,0.0,0.17417484435916442
FFF,2013J,589948,P2,F1,0.0,0.30255496321769787
FFF,2013J,590128,P2,F1,1.0,0.5211137439596527
FFF,2013J,590188,P2,F1,1.0,0.2929202704069908
FFF,2013J,590189,P2,F1,1.0,0.5273790432679194
FFF,2013J,590226,P2,F1,0.0,0.44887464660948556
FFF,2013J,590241,P2,F1,0.0,0.21677810345235854
FFF,2013J,590289,P2,F1,1.0,0.542069011901233
FFF,2013J,590328,P2,F1,0.0,0.4228919574099837
FFF,2013J,590403,P2,F1,1.0,0.33490473009047844
FFF,2013J,590461,P2,F1,1.0,0.25990021795928453
FFF,2013J,590462,P2,F1,1.0,0.3865895187289248
FFF,2013J,590499,P2,F1,1.0,0.39982669297300427
FFF,2013J,590548,P2,F1,1.0,0.4492601817362407
FFF,2013J,590701,P2,F1,0.0,0.11608832758827851
FFF,2013J,590707,P2,F1,0.0,0.33486084210025147
FFF,2013J,590714,P2,F1,1.0,0.9255054077887682
FFF,2013J,590749,P2,F1,1.0,0.6353927449723625
FFF,2013J,590824,P2,F1,0.0,0.34117855620916976
FFF,2013J,590849,P2,F1,0.0,0.39123758546372195
FFF,2013J,590907,P2,F1,0.0,0.3323694802303791
FFF,2013J,590980,P2,F1,0.0,0.5323116097555414
FFF,2013J,590989,P2,F1,0.0,0.4290081715468224
FFF,2013J,591008,P2,F1,1.0,0.5810586387289167
FFF,2013J,591055,P2,F1,0.0,0.23812743217874507
FFF,2013J,591078,P2,F1,0.0,0.1527168850158384
FFF,2013J,591219,P2,F1,0.0,0.3787094566873188
FFF,2013J,591343,P2,F1,0.0,0.5194036922736402
FFF,2013J,591394,P2,F1,0.0,0.44456685937544144
FFF,2013J,591403,P2,F1,0.0,0.16703124058796712
FFF,2013J,591412,P2,F1,1.0,0.3684668806521043
FFF,2013J,591516,P2,F1,1.0,0.9162444497155858
FFF,2013J,591581,P2,F1,1.0,0.7844300344621051
FFF,2013J,591613,P2,F1,1.0,0.18824739853706313
FFF,2013J,591655,P2,F1,1.0,0.4670776022087512
FFF,2013J,591685,P2,F1,0.0,0.4742096428252753
FFF,2013J,591692,P2,F1,1.0,0.19001205550190978
FFF,2013J,591695,P2,F1,0.0,0.17821329635763186
FFF,2013J,591735,P2,F1,1.0,0.29781915901599676
FFF,2013J,591765,P2,F1,0.0,0.28006031368565454
FFF,2013J,591872,P2,F1,0.0,0.27363091814895196
FFF,2013J,591893,P2,F1,1.0,0.632348644755601
FFF,2013J,591940,P2,F1,0.0,0.30140824435007957
FFF,2013J,591975,P2,F1,1.0,0.4590440761231218
FFF,2013J,592002,P2,F1,1.0,0.5806307276970541
FFF,2013J,592007,P2,F1,0.0,0.34786430956881786
FFF,2013J,592014,P2,F1,0.0,0.44768153394432336
FFF,2013J,592092,P2,F1,0.0,0.20347359778009277
FFF,2013J,592142,P2,F1,1.0,0.502142843117998
FFF,2013J,592168,P2,F1,0.0,0.1610699706203093
FFF,2013J,592203,P2,F1,0.0,0.2147450802227076
FFF,2013J,592206,P2,F1,1.0,0.5132537767884334
FFF,2013J,592259,P2,F1,0.0,0.3051148298061919
FFF,2013J,592370,P2,F1,0.0,0.3061454964719837
FFF,2013J,592373,P2,F1,0.0,0.29663462678785846
FFF,2013J,592437,P2,F1,1.0,0.26166671062174557
FFF,2013J,592450,P2,F1,1.0,0.21675319612981744
FFF,2013J,592476,P2,F1,0.0,0.6667946784833476
FFF,2013J,592538,P2,F1,1.0,0.42329142553198545
FFF,2013J,592550,P2,F1,1.0,0.46276294895821274
FFF,2013J,592607,P2,F1,1.0,0.26229994115512306
FFF,2013J,592616,P2,F1,0.0,0.5045432372629668
FFF,2013J,592631,P2,F1,0.0,0.16080538462917288
FFF,2013J,592634,P2,F1,1.0,0.7610867664399716
FFF,2013J,592640,P2,F1,0.0,0.1956224580625146
FFF,2013J,592689,P2,F1,0.0,0.1700263467720235
FFF,2013J,592763,P2,F1,0.0,0.2747668944785076
FFF,2013J,592781,P2,F1,0.0,0.4015911696547396
FFF,2013J,592789,P2,F1,0.0,0.511832593497854
FFF,2013J,592810,P2,F1,1.0,0.3265435197803227
FFF,2013J,592856,P2,F1,0.0,0.8709934275789142
FFF,2013J,592924,P2,F1,0.0,0.2653196567912967
FFF,2013J,593022,P2,F1,0.0,0.27480262290275964
FFF,2013J,593104,P2,F1,1.0,0.4544600657327544
FFF,2013J,593139,P2,F1,1.0,0.2757215823130766
FFF,2013J,593206,P2,F1,1.0,0.34948760926795025
FFF,2013J,593272,P2,F1,0.0,0.18750069832763977
FFF,2013J,593320,P2,F1,0.0,0.26019757181949615
FFF,2013J,593459,P2,F1,0.0,0.34652786120611906
FFF,2013J,593492,P2,F1,0.0,0.4438038636505542
FFF,2013J,593535,P2,F1,1.0,0.32924858514291877
FFF,2013J,593585,P2,F1,0.0,0.27331476184204573
FFF,2013J,593617,P2,F1,1.0,0.4937879365064473
FFF,2013J,593670,P2,F1,1.0,0.9608668505498583
FFF,2013J,593671,P2,F1,1.0,0.9400435385607695
FFF,2013J,593681,P2,F1,0.0,0.47690243298102925
FFF,2013J,593755,P2,F1,0.0,0.22370165371106662
FFF,2013J,593780,P2,F1,1.0,0.7275187305814724
FFF,2013J,593823,P2,F1,0.0,0.08635894063423408
FFF,2013J,593904,P2,F1,1.0,0.3441529976479468
FFF,2013J,593953,P2,F1,0.0,0.13672812639480997
FFF,2013J,593970,P2,F1,1.0,0.3481361898279096
FFF,2013J,594044,P2,F1,0.0,0.1534190120587112
FFF,2013J,594076,P2,F1,1.0,0.46233501157558515
FFF,2013J,594119,P2,F1,0.0,0.21043827748490374
FFF,2013J,594139,P2,F1,0.0,0.29256348439440216
FFF,2013J,594162,P2,F1,0.0,0.5038913142656387
FFF,2013J,594184,P2,F1,1.0,0.24176100320836086
FFF,2013J,594205,P2,F1,0.0,0.3071420421901548
FFF,2013J,594250,P2,F1,0.0,0.22571462096048814
FFF,2013J,594280,P2,F1,1.0,0.9548373863138485
FFF,2013J,594291,P2,F1,1.0,0.4204698152238169
FFF,2013J,594319,P2,F1,0.0,0.1023991530632739
FFF,2013J,594326,P2,F1,0.0,0.34377127148184566
FFF,2013J,594342,P2,F1,1.0,0.42734952569668394
FFF,2013J,594359,P2,F1,1.0,0.9456226623407383
FFF,2013J,594360,P2,F1,1.0,0.3549035384477328
FFF,2013J,594376,P2,F1,1.0,0.3327024466011346
FFF,2013J,594395,P2,F1,1.0,0.22508597396704932
FFF,2013J,594404,P2,F1,1.0,0.40048536902848536
FFF,2013J,594406,P2,F1,1.0,0.2536166228887562
FFF,2013J,594454,P2,F1,1.0,0.48931953038088155
FFF,2013J,594470,P2,F1,1.0,0.4089416482959842
FFF,2013J,594505,P2,F1,0.0,0.43521801856067793
FFF,2013J,594506,P2,F1,0.0,0.30146569403548135
FFF,2013J,594510,P2,F1,1.0,0.9367045889274574
FFF,2013J,594546,P2,F1,0.0,0.2443228143244718
FFF,2013J,594547,P2,F1,0.0,0.23265724968374615
FFF,2013J,594558,P2,F1,0.0,0.17882901378225163
FFF,2013J,594576,P2,F1,0.0,0.39444088906754465
FFF,2013J,594596,P2,F1,0.0,0.2546619123891627
FFF,2013J,594615,P2,F1,1.0,0.5363559012143473
FFF,2013J,594643,P2,F1,1.0,0.43689280062984664
FFF,2013J,594800,P2,F1,1.0,0.19322011942878753
FFF,2013J,594814,P2,F1,0.0,0.20567705086610727
FFF,2013J,594815,P2,F1,1.0,0.42240929852105946
FFF,2013J,594823,P2,F1,1.0,0.32224199283868227
FFF,2013J,594855,P2,F1,0.0,0.4490262859171213
FFF,2013J,594894,P2,F1,0.0,0.2641134279142155
FFF,2013J,594956,P2,F1,1.0,0.2689167869627649
FFF,2013J,594996,P2,F1,1.0,0.9649369257832734
FFF,2013J,595023,P2,F1,1.0,0.5603777298095648
FFF,2013J,595106,P2,F1,0.0,0.3289398758193552
FFF,2013J,595119,P2,F1,1.0,0.500652135679229
FFF,2013J,595150,P2,F1,1.0,0.5733567274605291
FFF,2013J,595164,P2,F1,0.0,0.36830724837252793
FFF,2013J,595230,P2,F1,0.0,0.15815174225406092
FFF,2013J,595235,P2,F1,1.0,0.31360473047692444
FFF,2013J,595246,P2,F1,1.0,0.6804955423763007
FFF,2013J,595330,P2,F1,0.0,0.22075752179413966
FFF,2013J,595354,P2,F1,0.0,0.6112031407344692
FFF,2013J,595381,P2,F1,0.0,0.36535162250027586
FFF,2013J,595386,P2,F1,0.0,0.41169704705224847
FFF,2013J,595401,P2,F1,0.0,0.1853142248115185
FFF,2013J,595428,P2,F1,1.0,0.1719915319525791
FFF,2013J,595477,P2,F1,1.0,0.48851274321389787
FFF,2013J,595483,P2,F1,1.0,0.27868516147634176
FFF,2013J,595593,P2,F1,1.0,0.6293096020114253
FFF,2013J,595649,P2,F1,0.0,0.6615181064315373
FFF,2013J,595655,P2,F1,0.0,0.21571116678252653
FFF,2013J,595676,P2,F1,1.0,0.3737831226479579
FFF,2013J,595735,P2,F1,0.0,0.19058896355095517
FFF,2013J,595746,P2,F1,0.0,0.17461604653255272
FFF,2013J,595752,P2,F1,0.0,0.1400946107086139
FFF,2013J,595769,P2,F1,0.0,0.32272101006748216
FFF,2013J,595773,P2,F1,1.0,0.501078372750639
FFF,2013J,595840,P2,F1,0.0,0.2543466721484598
FFF,2013J,595842,P2,F1,0.0,0.3807051255702234
FFF,2013J,595847,P2,F1,0.0,0.15978790882448615
FFF,2013J,595868,P2,F1,0.0,0.3350380451521232
FFF,2013J,595895,P2,F1,1.0,0.9474018994927255
FFF,2013J,595915,P2,F1,1.0,0.6959140816594471
FFF,2013J,595935,P2,F1,1.0,0.24663202836873838
FFF,2013J,595978,P2,F1,1.0,0.3907718481643386
FFF,2013J,596027,P2,F1,0.0,0.40223384630911363
FFF,2013J,596029,P2,F1,1.0,0.8434981115449608
FFF,2013J,596049,P2,F1,1.0,0.6744703892031978
FFF,2013J,596125,P2,F1,1.0,0.6165151910430299
FFF,2013J,596146,P2,F1,1.0,0.5089442988056729
FFF,2013J,596147,P2,F1,0.0,0.36385256482264783
FFF,2013J,596231,P2,F1,1.0,0.3748086682516637
FFF,2013J,596266,P2,F1,1.0,0.6257361010785346
FFF,2013J,596296,P2,F1,1.0,0.3458369888351948
FFF,2013J,596368,P2,F1,0.0,0.37535191261746936
FFF,2013J,596369,P2,F1,1.0,0.42982830088634016
FFF,2013J,596406,P2,F1,1.0,0.2897687250986884
FFF,2013J,596490,P2,F1,0.0,0.3702662095896595
FFF,2013J,596521,P2,F1,1.0,0.6104908692401982
FFF,2013J,596593,P2,F1,0.0,0.48313384937267495
FFF,2013J,596624,P2,F1,1.0,0.482548043176863
FFF,2013J,596646,P2,F1,0.0,0.5261779326805702
FFF,2013J,596687,P2,F1,0.0,0.1666719443399143
FFF,2013J,596691,P2,F1,1.0,0.8063692413730452
FFF,2013J,596739,P2,F1,1.0,0.36343160214120207
FFF,2013J,596754,P2,F1,1.0,0.25894077218859274
FFF,2013J,596756,P2,F1,0.0,0.30414950742346214
FFF,2013J,596828,P2,F1,0.0,0.3498587474871869
FFF,2013J,596829,P2,F1,1.0,0.8120129108359297
FFF,2013J,596858,P2,F1,1.0,0.39173317358733023
FFF,2013J,596860,P2,F1,0.0,0.24734410404080068
FFF,2013J,596938,P2,F1,0.0,0.31294614781695074
FFF,2013J,596981,P2,F1,0.0,0.21587306553879948
FFF,2013J,596982,P2,F1,0.0,0.3263214172253773
FFF,2013J,597074,P2,F1,1.0,0.4789784515938427
FFF,2013J,597098,P2,F1,1.0,0.9558674639642254
FFF,2013J,597199,P2,F1,0.0,0.6094058660965794
FFF,2013J,597204,P2,F1,0.0,0.34051969990981606
FFF,2013J,597238,P2,F1,1.0,0.35356446142718573
FFF,2013J,597241,P2,F1,0.0,0.28751434464875253
FFF,2013J,597293,P2,F1,0.0,0.21796485275095112
FFF,2013J,597415,P2,F1,1.0,0.5415322422248967
FFF,2013J,597485,P2,F1,0.0,0.3502673762298099
FFF,2013J,597627,P2,F1,0.0,0.34449056735246486
FFF,2013J,597715,P2,F1,0.0,0.31502134229179185
FFF,2013J,597737,P2,F1,0.0,0.34865517012129543
FFF,2013J,597747,P2,F1,1.0,0.665925818457203
FFF,2013J,597787,P2,F1,0.0,0.30550927870173933
FFF,2013J,597791,P2,F1,0.0,0.3906071174484068
FFF,2013J,597797,P2,F1,0.0,0.2805891401418807
FFF,2013J,597817,P2,F1,1.0,0.5284844433355118
FFF,2013J,597819,P2,F1,0.0,0.2960261351578131
FFF,2013J,597906,P2,F1,0.0,0.3360794938327497
FFF,2013J,597912,P2,F1,1.0,0.6057229414085896
FFF,2013J,598001,P2,F1,1.0,0.741618804477603
FFF,2013J,598032,P2,F1,1.0,0.2552675005513972
FFF,2013J,598077,P2,F1,0.0,0.4027355216289402
FFF,2013J,598213,P2,F1,0.0,0.47551394878121844
FFF,2013J,598215,P2,F1,0.0,0.3636296617950426
FFF,2013J,598235,P2,F1,1.0,0.42947913002574895
FFF,2013J,598279,P2,F1,0.0,0.5423858186066602
FFF,2013J,598285,P2,F1,0.0,0.21519479247231163
FFF,2013J,598294,P2,F1,0.0,0.1991079592932237
FFF,2013J,598299,P2,F1,0.0,0.2187330471703011
FFF,2013J,598306,P2,F1,1.0,0.6373819406661124
FFF,2013J,598308,P2,F1,1.0,0.1411054927644531
FFF,2013J,598376,P2,F1,0.0,0.22821707469659844
FFF,2013J,598385,P2,F1,1.0,0.38461337616211544
FFF,2013J,598478,P2,F1,1.0,0.23253181165734402
FFF,2013J,598480,P2,F1,1.0,0.7389324544406005
FFF,2013J,598498,P2,F1,1.0,0.30153253031035265
FFF,2013J,598543,P2,F1,0.0,0.28969373519395325
FFF,2013J,598555,P2,F1,0.0,0.3085925002473983
FFF,2013J,598649,P2,F1,1.0,0.5726779803229831
FFF,2013J,598666,P2,F1,1.0,0.6767488397576435
FFF,2013J,598706,P2,F1,0.0,0.31909478626924687
FFF,2013J,598752,P2,F1,1.0,0.5713622094677051
FFF,2013J,598757,P2,F1,1.0,0.8121930051245202
FFF,2013J,598761,P2,F1,0.0,0.2514410467120468
FFF,2013J,598835,P2,F1,0.0,0.22637763923608253
FFF,2013J,598887,P2,F1,1.0,0.28841908541900607
FFF,2013J,598962,P2,F1,1.0,0.34149973871551725
FFF,2013J,598966,P2,F1,0.0,0.27422249172826896
FFF,2013J,598983,P2,F1,0.0,0.31254213524063407
FFF,2013J,599094,P2,F1,0.0,0.36944452084554874
FFF,2013J,599104,P2,F1,0.0,0.24455899125240982
FFF,2013J,599114,P2,F1,1.0,0.9455220490536622
FFF,2013J,599168,P2,F1,1.0,0.27094595232042923
FFF,2013J,599199,P2,F1,0.0,0.2580244822748913
FFF,2013J,599245,P2,F1,0.0,0.1882878421620235
FFF,2013J,599289,P2,F1,0.0,0.15057876810766455
FFF,2013J,599297,P2,F1,1.0,0.3774978211552746
FFF,2013J,599315,P2,F1,0.0,0.15865385392568396
FFF,2013J,599370,P2,F1,0.0,0.3342106204182194
FFF,2013J,599445,P2,F1,0.0,0.2547304464198803
FFF,2013J,599468,P2,F1,0.0,0.4497856328864224
FFF,2013J,599559,P2,F1,0.0,0.23918891626141336
FFF,2013J,599568,P2,F1,1.0,0.5777213895674012
FFF,2013J,599570,P2,F1,1.0,0.6185677228401493
FFF,2013J,599587,P2,F1,0.0,0.8986081490297134
FFF,2013J,599595,P2,F1,1.0,0.4132740492477229
FFF,2013J,599663,P2,F1,0.0,0.18198384348530536
FFF,2013J,599683,P2,F1,0.0,0.15698894812912415
FFF,2013J,599718,P2,F1,0.0,0.3568832690755924
FFF,2013J,599783,P2,F1,0.0,0.2964605375678182
FFF,2013J,599795,P2,F1,1.0,0.8174294240887654
FFF,2013J,599805,P2,F1,1.0,0.5444385021852346
FFF,2013J,599816,P2,F1,0.0,0.1419885860012529
FFF,2013J,599857,P2,F1,0.0,0.2504625053354351
FFF,2013J,599907,P2,F1,1.0,0.30267759325960264
FFF,2013J,599957,P2,F1,1.0,0.32702868220789033
FFF,2013J,599994,P2,F1,1.0,0.9187711533040842
FFF,2013J,600175,P2,F1,0.0,0.2755494645800139
FFF,2013J,600224,P2,F1,0.0,0.18998098688798712
FFF,2013J,600243,P2,F1,0.0,0.22010237180529457
FFF,2013J,600367,P2,F1,1.0,0.5726644661876978
FFF,2013J,600436,P2,F1,1.0,0.20080473494510137
FFF,2013J,600515,P2,F1,1.0,0.8141134221244957
FFF,2013J,600542,P2,F1,0.0,0.3315719905849138
FFF,2013J,600558,P2,F1,0.0,0.3011403374486121
FFF,2013J,600615,P2,F1,1.0,0.5852645050347672
FFF,2013J,600676,P2,F1,0.0,0.20092331693168597
FFF,2013J,600682,P2,F1,0.0,0.42528362835319655
FFF,2013J,600746,P2,F1,1.0,0.23028904330123054
FFF,2013J,600808,P2,F1,1.0,0.4155821007381798
FFF,2013J,600860,P2,F1,0.0,0.18377030971737598
FFF,2013J,600944,P2,F1,0.0,0.6486976496181968
FFF,2013J,600947,P2,F1,1.0,0.9425761579411727
FFF,2013J,600991,P2,F1,0.0,0.2963936634582402
FFF,2013J,601021,P2,F1,0.0,0.440213392822274
FFF,2013J,601040,P2,F1,0.0,0.1517398023358642
FFF,2013J,601042,P2,F1,1.0,0.48897766087095745
FFF,2013J,601074,P2,F1,1.0,0.3111773775965435
FFF,2013J,601080,P2,F1,1.0,0.6023087191739512
FFF,2013J,601099,P2,F1,0.0,0.23132574200955114
FFF,2013J,601104,P2,F1,0.0,0.32084081059774094
FFF,2013J,601105,P2,F1,0.0,0.26602300233092024
FFF,2013J,601180,P2,F1,1.0,0.24050431990800591
FFF,2013J,601184,P2,F1,1.0,0.4219944905643251
FFF,2013J,601213,P2,F1,0.0,0.11291248732974536
FFF,2013J,601217,P2,F1,1.0,0.9436473478220225
FFF,2013J,601271,P2,F1,1.0,0.8032443241744517
FFF,2013J,601388,P2,F1,0.0,0.3792628169000822
FFF,2013J,601389,P2,F1,0.0,0.23652821962938353
FFF,2013J,601390,P2,F1,0.0,0.1729498885985669
FFF,2013J,601399,P2,F1,0.0,0.2757775211025852
FFF,2013J,601430,P2,F1,0.0,0.26169705085396205
FFF,2013J,601439,P2,F1,0.0,0.2644785288703116
FFF,2013J,601583,P2,F1,0.0,0.39282851669721924
FFF,2013J,601681,P2,F1,0.0,0.2007823227326638
FFF,2013J,601745,P2,F1,1.0,0.3093325212881154
FFF,2013J,601761,P2,F1,1.0,0.3483130281472177
FFF,2013J,601783,P2,F1,1.0,0.89031434798227
FFF,2013J,601788,P2,F1,0.0,0.33958907523416043
FFF,2013J,601808,P2,F1,0.0,0.2450225246493246
FFF,2013J,601952,P2,F1,0.0,0.3794479023597184
FFF,2013J,602053,P2,F1,1.0,0.2996341921400338
FFF,2013J,602097,P2,F1,1.0,0.7930372960315683
FFF,2013J,602099,P2,F1,0.0,0.5135173683713969
FFF,2013J,602111,P2,F1,1.0,0.4681997511681387
FFF,2013J,602312,P2,F1,0.0,0.26210711754319205
FFF,2013J,602320,P2,F1,1.0,0.467369595970802
FFF,2013J,602344,P2,F1,1.0,0.3663085676662471
FFF,2013J,602406,P2,F1,1.0,0.9001190370201043
FFF,2013J,602451,P2,F1,0.0,0.6707086486622199
FFF,2013J,602468,P2,F1,0.0,0.27142441677318235
FFF,2013J,602469,P2,F1,0.0,0.20425661346265928
FFF,2013J,602502,P2,F1,1.0,0.6691552584701107
FFF,2013J,602511,P2,F1,0.0,0.24211494841488168
FFF,2013J,602516,P2,F1,0.0,0.2705508933008406
FFF,2013J,602569,P2,F1,1.0,0.9007675078832296
FFF,2013J,602577,P2,F1,0.0,0.5292488467023234
FFF,2013J,602592,P2,F1,1.0,0.9443825756904716
FFF,2013J,602600,P2,F1,1.0,0.6447937354637305
FFF,2013J,602669,P2,F1,0.0,0.14364791615740669
FFF,2013J,602713,P2,F1,0.0,0.11004091278315407
FFF,2013J,602719,P2,F1,0.0,0.6289473373474953
FFF,2013J,602734,P2,F1,1.0,0.414167441369096
FFF,2013J,602777,P2,F1,0.0,0.34281807227474104
FFF,2013J,602792,P2,F1,1.0,0.30476088877555213
FFF,2013J,602811,P2,F1,0.0,0.8786218830701404
FFF,2013J,602837,P2,F1,0.0,0.3369992492179953
FFF,2013J,602895,P2,F1,1.0,0.42371919790611884
FFF,2013J,602948,P2,F1,0.0,0.26009295936976495
FFF,2013J,602994,P2,F1,1.0,0.428025037078204
FFF,2013J,603030,P2,F1,1.0,0.2859861948369263
FFF,2013J,603059,P2,F1,0.0,0.27991976090157794
FFF,2013J,603111,P2,F1,1.0,0.36841069797815146
FFF,2013J,603148,P2,F1,1.0,0.642299146808507
FFF,2013J,603155,P2,F1,0.0,0.37438341631217475
FFF,2013J,603170,P2,F1,0.0,0.3604138115552818
FFF,2013J,603199,P2,F1,1.0,0.4291685428684817
FFF,2013J,603216,P2,F1,1.0,0.4369754177510059
FFF,2013J,603220,P2,F1,1.0,0.5872028258619372
FFF,2013J,603231,P2,F1,0.0,0.18823240954471446
FFF,2013J,603260,P2,F1,1.0,0.38982608494526566
FFF,2013J,603300,P2,F1,0.0,0.1845975452181065
FFF,2013J,603327,P2,F1,0.0,0.28166721157161456
FFF,2013J,603341,P2,F1,0.0,0.6523713178180558
FFF,2013J,603389,P2,F1,0.0,0.4290953037678234
FFF,2013J,603423,P2,F1,1.0,0.6499616093081882
FFF,2013J,603437,P2,F1,0.0,0.23018501150168563
FFF,2013J,603529,P2,F1,0.0,0.4534566426498023
FFF,2013J,603576,P2,F1,0.0,0.2642747537082639
FFF,2013J,603597,P2,F1,0.0,0.29334253696896223
FFF,2013J,603600,P2,F1,0.0,0.40901795511208144
FFF,2013J,603611,P2,F1,0.0,0.30040250873890834
FFF,2013J,603651,P2,F1,0.0,0.24876704107269795
FFF,2013J,603733,P2,F1,0.0,0.37230251946839704
FFF,2013J,603819,P2,F1,0.0,0.5141433374391556
FFF,2013J,603848,P2,F1,1.0,0.45407763964205533
FFF,2013J,603931,P2,F1,1.0,0.7053545439624974
FFF,2013J,604087,P2,F1,1.0,0.6099195975715208
FFF,2013J,604142,P2,F1,1.0,0.6882588070214866
FFF,2013J,604184,P2,F1,0.0,0.40106383492508507
FFF,2013J,604228,P2,F1,1.0,0.5254453689963634
FFF,2013J,604258,P2,F1,1.0,0.6237508669506061
FFF,2013J,604379,P2,F1,0.0,0.3124359442451704
FFF,2013J,604416,P2,F1,1.0,0.31946313412227134
FFF,2013J,604427,P2,F1,0.0,0.3209543194089985
FFF,2013J,604478,P2,F1,0.0,0.296803511454497
FFF,2013J,604514,P2,F1,1.0,0.20601459260881813
FFF,2013J,604581,P2,F1,1.0,0.3839697646891174
FFF,2013J,604583,P2,F1,1.0,0.2844003801715093
FFF,2013J,604606,P2,F1,1.0,0.5604424456469338
FFF,2013J,604633,P2,F1,0.0,0.39166438516992563
FFF,2013J,604635,P2,F1,0.0,0.49788260708606047
FFF,2013J,604700,P2,F1,0.0,0.4333394099746661
FFF,2013J,604741,P2,F1,0.0,0.4810096076474335
FFF,2013J,604755,P2,F1,0.0,0.3645656574524247
FFF,2013J,604766,P2,F1,0.0,0.47003518898505836
FFF,2013J,604799,P2,F1,0.0,0.44052559288913723
FFF,2013J,604817,P2,F1,1.0,0.9460128587195986
FFF,2013J,604828,P2,F1,1.0,0.3720490401390279
FFF,2013J,604879,P2,F1,0.0,0.1274373795174005
FFF,2013J,604918,P2,F1,1.0,0.37815193894770677
FFF,2013J,604945,P2,F1,1.0,0.4611309168251355
FFF,2013J,605012,P2,F1,0.0,0.3652701848918422
FFF,2013J,605048,P2,F1,0.0,0.14901220792664657
FFF,2013J,605069,P2,F1,0.0,0.5505565917826152
FFF,2013J,605091,P2,F1,1.0,0.37855347133723755
FFF,2013J,605195,P2,F1,0.0,0.3258245116454159
FFF,2013J,605265,P2,F1,0.0,0.3603718167076876
FFF,2013J,605269,P2,F1,1.0,0.5472893809271792
FFF,2013J,605372,P2,F1,1.0,0.9447387958515966
FFF,2013J,605394,P2,F1,1.0,0.9381411860606839
FFF,2013J,605409,P2,F1,0.0,0.19528626219911524
FFF,2013J,605459,P2,F1,0.0,0.3541698371686406
FFF,2013J,605538,P2,F1,0.0,0.3576624956392221
FFF,2013J,605571,P2,F1,0.0,0.1138574552217835
FFF,2013J,605589,P2,F1,0.0,0.3444458230629461
FFF,2013J,605598,P2,F1,0.0,0.3697970759030529
FFF,2013J,605621,P2,F1,0.0,0.5429925668466584
FFF,2013J,605666,P2,F1,0.0,0.14475705490977095
FFF,2013J,605756,P2,F1,0.0,0.40938122571543745
FFF,2013J,605886,P2,F1,1.0,0.6908189240963077
FFF,2013J,605905,P2,F1,1.0,0.2495128199335056
FFF,2013J,605921,P2,F1,1.0,0.9077840593793091
FFF,2013J,605940,P2,F1,1.0,0.6852966035773767
FFF,2013J,605954,P2,F1,1.0,0.49740435393150106
FFF,2013J,605974,P2,F1,0.0,0.2948458676514762
FFF,2013J,605988,P2,F1,0.0,0.18948322400067033
FFF,2013J,605993,P2,F1,1.0,0.2380488563495485
FFF,2013J,606002,P2,F1,0.0,0.3640039594174881
FFF,2013J,606006,P2,F1,1.0,0.6775244520655883
FFF,2013J,606062,P2,F1,0.0,0.3243347496093227
FFF,2013J,606079,P2,F1,1.0,0.340761509635789
FFF,2013J,606104,P2,F1,0.0,0.3084049754470919
FFF,2013J,606167,P2,F1,0.0,0.22662005633454055
FFF,2013J,606304,P2,F1,0.0,0.3933675392206995
FFF,2013J,606386,P2,F1,1.0,0.37019193371988773
FFF,2013J,606407,P2,F1,1.0,0.9335863615243821
FFF,2013J,606425,P2,F1,1.0,0.19481271338031114
FFF,2013J,606428,P2,F1,1.0,0.2512153020348858
FFF,2013J,606436,P2,F1,1.0,0.2929332702579745
FFF,2013J,606444,P2,F1,0.0,0.2456923661193737
FFF,2013J,606459,P2,F1,1.0,0.5144756702772728
FFF,2013J,606496,P2,F1,1.0,0.18107121107346194
FFF,2013J,606612,P2,F1,1.0,0.9452711764639755
FFF,2013J,606711,P2,F1,0.0,0.42301083658669336
FFF,2013J,606712,P2,F1,0.0,0.3978604237760234
FFF,2013J,606817,P2,F1,1.0,0.9463745588791025
FFF,2013J,606835,P2,F1,0.0,0.49288305692185275
FFF,2013J,606903,P2,F1,0.0,0.12707326624126283
FFF,2013J,606930,P2,F1,1.0,0.5106253855732931
FFF,2013J,606939,P2,F1,0.0,0.1642683087582158
FFF,2013J,606966,P2,F1,1.0,0.36410268737457396
FFF,2013J,606990,P2,F1,0.0,0.3655948545575814
FFF,2013J,606998,P2,F1,1.0,0.9266518700777887
FFF,2013J,607011,P2,F1,1.0,0.44916567364497884
FFF,2013J,607047,P2,F1,0.0,0.2668358711642152
FFF,2013J,607052,P2,F1,0.0,0.12503707268749148
FFF,2013J,607068,P2,F1,1.0,0.8911849473511845
FFF,2013J,607118,P2,F1,0.0,0.3894893113814837
FFF,2013J,607134,P2,F1,1.0,0.5701487440371414
FFF,2013J,607135,P2,F1,1.0,0.6028437304641987
FFF,2013J,607200,P2,F1,1.0,0.7053533340247912
FFF,2013J,607247,P2,F1,0.0,0.19208305590148317
FFF,2013J,607407,P2,F1,1.0,0.1925265293670688
FFF,2013J,607473,P2,F1,1.0,0.4175832474952441
FFF,2013J,607533,P2,F1,1.0,0.8075224054042188
FFF,2013J,607538,P2,F1,0.0,0.37357808169633827
FFF,2013J,607577,P2,F1,1.0,0.9582143055865141
FFF,2013J,607586,P2,F1,1.0,0.333431250316397
FFF,2013J,607650,P2,F1,0.0,0.350374202792976
FFF,2013J,607696,P2,F1,1.0,0.5673575386256275
FFF,2013J,607794,P2,F1,0.0,0.451115481899531
FFF,2013J,607866,P2,F1,1.0,0.5287137236184231
FFF,2013J,607938,P2,F1,0.0,0.32181853433637253
FFF,2013J,607979,P2,F1,0.0,0.437013586728099
FFF,2013J,608008,P2,F1,0.0,0.2669960879366273
FFF,2013J,608043,P2,F1,0.0,0.3654293349178881
FFF,2013J,608111,P2,F1,1.0,0.34509005733107273
FFF,2013J,608144,P2,F1,0.0,0.256004706072402
FFF,2013J,608169,P2,F1,1.0,0.4840470145601191
FFF,2013J,608196,P2,F1,1.0,0.5422356067726051
FFF,2013J,608198,P2,F1,1.0,0.9206549546922963
FFF,2013J,608231,P2,F1,0.0,0.33463491283719154
FFF,2013J,608248,P2,F1,1.0,0.39950040430053213
FFF,2013J,608280,P2,F1,1.0,0.5467557709453342
FFF,2013J,608349,P2,F1,0.0,0.5057714330625382
FFF,2013J,608356,P2,F1,0.0,0.8207574897375884
FFF,2013J,608421,P2,F1,0.0,0.31937554556152475
FFF,2013J,608422,P2,F1,0.0,0.46512337095853395
FFF,2013J,608477,P2,F1,0.0,0.3631095175527504
FFF,2013J,608681,P2,F1,0.0,0.25415337521278575
FFF,2013J,608698,P2,F1,0.0,0.6209765159512657
FFF,2013J,608737,P2,F1,1.0,0.5074212917763529
FFF,2013J,608747,P2,F1,0.0,0.21555207214174607
FFF,2013J,608753,P2,F1,0.0,0.2657502255462453
FFF,2013J,608827,P2,F1,0.0,0.3357745288371695
FFF,2013J,608864,P2,F1,1.0,0.1589305625231842
FFF,2013J,608866,P2,F1,1.0,0.36178253667524624
FFF,2013J,608909,P2,F1,0.0,0.2540526426455646
FFF,2013J,608913,P2,F1,0.0,0.30122402060129805
FFF,2013J,608966,P2,F1,0.0,0.2208451897235295
FFF,2013J,608997,P2,F1,1.0,0.9547470225456558
FFF,2013J,609097,P2,F1,0.0,0.34773227970704823
FFF,2013J,609184,P2,F1,1.0,0.5259630960866561
FFF,2013J,609220,P2,F1,0.0,0.1863903407964895
FFF,2013J,609221,P2,F1,0.0,0.36192349026474274
FFF,2013J,609229,P2,F1,0.0,0.09295394638965299
FFF,2013J,609244,P2,F1,1.0,0.3985988229633885
FFF,2013J,609277,P2,F1,0.0,0.17907440645948974
FFF,2013J,609396,P2,F1,1.0,0.16253000450088315
FFF,2013J,609416,P2,F1,0.0,0.2499138577589618
FFF,2013J,609435,P2,F1,1.0,0.4580582945181527
FFF,2013J,609439,P2,F1,0.0,0.19051832660903745
FFF,2013J,609460,P2,F1,1.0,0.19329965161902915
FFF,2013J,609513,P2,F1,1.0,0.8014701258953356
FFF,2013J,609537,P2,F1,0.0,0.18516655603192203
FFF,2013J,609558,P2,F1,1.0,0.40437177031057425
FFF,2013J,609743,P2,F1,0.0,0.7080811940274025
FFF,2013J,609777,P2,F1,1.0,0.49905087704784307
FFF,2013J,609831,P2,F1,1.0,0.5447282764371628
FFF,2013J,609882,P2,F1,0.0,0.2310871998027462
FFF,2013J,609908,P2,F1,0.0,0.3052979721416162
FFF,2013J,609985,P2,F1,0.0,0.7081459119066694
FFF,2013J,610097,P2,F1,0.0,0.3153651479339596
FFF,2013J,610099,P2,F1,0.0,0.2804451377258974
FFF,2013J,610172,P2,F1,0.0,0.7686988403452157
FFF,2013J,610225,P2,F1,1.0,0.8500492330858265
FFF,2013J,610244,P2,F1,0.0,0.5571191219023129
FFF,2013J,610258,P2,F1,0.0,0.25894709480614314
FFF,2013J,610266,P2,F1,0.0,0.5046080263745767
FFF,2013J,610278,P2,F1,0.0,0.29297063267331086
FFF,2013J,610292,P2,F1,1.0,0.13904541362417308
FFF,2013J,610312,P2,F1,0.0,0.37566974170475165
FFF,2013J,610324,P2,F1,0.0,0.2215283575116662
FFF,2013J,610400,P2,F1,1.0,0.4057847869341355
FFF,2013J,610455,P2,F1,1.0,0.505623908678869
FFF,2013J,610517,P2,F1,1.0,0.7621215944556873
FFF,2013J,610577,P2,F1,1.0,0.6086225692357047
FFF,2013J,610637,P2,F1,0.0,0.2610066740843169
FFF,2013J,610643,P2,F1,0.0,0.2265885425098339
FFF,2013J,610687,P2,F1,0.0,0.38315128413138944
FFF,2013J,610746,P2,F1,0.0,0.11969783015145041
FFF,2013J,610774,P2,F1,1.0,0.9154424328263393
FFF,2013J,610814,P2,F1,1.0,0.5038014129955553
FFF,2013J,610831,P2,F1,1.0,0.6757078232815844
FFF,2013J,610932,P2,F1,1.0,0.42067975641023525
FFF,2013J,610933,P2,F1,0.0,0.5173075480753431
FFF,2013J,611039,P2,F1,0.0,0.3362978933479038
FFF,2013J,611126,P2,F1,1.0,0.7245249042238142
FFF,2013J,611226,P2,F1,0.0,0.14034765289336787
FFF,2013J,611245,P2,F1,1.0,0.8625498947160606
FFF,2013J,611309,P2,F1,1.0,0.42637503891051703
FFF,2013J,611396,P2,F1,0.0,0.3643531290342207
FFF,2013J,898594,P2,F1,0.0,0.05971313692993316
FFF,2013J,973364,P2,F1,1.0,0.18580642442076253
FFF,2013J,984347,P2,F1,0.0,0.09287225167306543
FFF,2013J,985062,P2,F1,0.0,0.3943795074244259
FFF,2013J,988019,P2,F1,1.0,0.8274418643781973
FFF,2013J,990155,P2,F1,0.0,0.2933132020866837
FFF,2013J,1064492,P2,F1,0.0,0.07163946373060871
FFF,2013J,1065824,P2,F1,0.0,0.04462931494713348
FFF,2013J,1100143,P2,F1,0.0,0.13057947839970624
FFF,2013J,1253440,P2,F1,1.0,0.7173930164651299
FFF,2013J,1319999,P2,F1,0.0,0.1713621515640296
FFF,2013J,1359554,P2,F1,0.0,0.13960271621839493
FFF,2013J,1390051,P2,F1,1.0,0.1987613876495438
FFF,2013J,1397617,P2,F1,0.0,0.15445982972370098
FFF,2013J,1399314,P2,F1,1.0,0.9533262230671344
FFF,2013J,1417707,P2,F1,0.0,0.26632396802448216
FFF,2013J,1420537,P2,F1,0.0,0.13436168080918728
FFF,2013J,1428865,P2,F1,1.0,0.3399848091334996
FFF,2013J,1455474,P2,F1,1.0,0.9137827741021146
FFF,2013J,1482413,P2,F1,1.0,0.31765683687768487
FFF,2013J,1492571,P2,F1,0.0,0.3130370472142588
FFF,2013J,1494577,P2,F1,0.0,0.25687199140686173
FFF,2013J,1504653,P2,F1,0.0,0.24074383809552385
FFF,2013J,1512332,P2,F1,1.0,0.4413066968550291
FFF,2013J,1513001,P2,F1,0.0,0.3562950509948935
FFF,2013J,1515509,P2,F1,0.0,0.1681486473176825
FFF,2013J,1527616,P2,F1,1.0,0.8909500102273825
FFF,2013J,1541472,P2,F1,0.0,0.12489620086077535
FFF,2013J,1559964,P2,F1,0.0,0.21630498663449466
FFF,2013J,1621041,P2,F1,1.0,0.2726004837908382
FFF,2013J,1634278,P2,F1,0.0,0.36914941446651417
FFF,2013J,1636725,P2,F1,0.0,0.2559068653478013
FFF,2013J,1641344,P2,F1,0.0,0.14404840329241356
FFF,2013J,1644647,P2,F1,0.0,0.19711832269963708
FFF,2013J,1694120,P2,F1,0.0,0.12070434626192493
FFF,2013J,1759799,P2,F1,0.0,0.13041743537318826
FFF,2013J,1852968,P2,F1,0.0,0.1163014947200556
FFF,2013J,1859038,P2,F1,0.0,0.30160339045434525
FFF,2013J,1864086,P2,F1,0.0,0.4744456558662263
FFF,2013J,1866233,P2,F1,1.0,0.22109734799382602
FFF,2013J,1876636,P2,F1,0.0,0.4016230404021275
FFF,2013J,1910049,P2,F1,0.0,0.2507881613245318
FFF,2013J,1913166,P2,F1,0.0,0.21953164658550228
FFF,2013J,1917335,P2,F1,0.0,0.09313360540171825
FFF,2013J,1935735,P2,F1,1.0,0.6429386068180536
FFF,2013J,1943681,P2,F1,1.0,0.9187848744290344
FFF,2013J,1945945,P2,F1,0.0,0.36975869956578605
FFF,2013J,1948159,P2,F1,1.0,0.1474713818781119
FFF,2013J,1949484,P2,F1,1.0,0.5820100941476292
FFF,2013J,1950923,P2,F1,0.0,0.22880267097063467
FFF,2013J,1951127,P2,F1,0.0,0.4462795429523895
FFF,2013J,1954147,P2,F1,0.0,0.4993716576009124
FFF,2013J,1962128,P2,F1,1.0,0.36802133926714103
FFF,2013J,1980822,P2,F1,0.0,0.6411769452325199
FFF,2013J,1981053,P2,F1,1.0,0.3344681373403027
FFF,2013J,1982166,P2,F1,0.0,0.23346900430424405
FFF,2013J,1983921,P2,F1,0.0,0.5401369910450194
FFF,2013J,1992145,P2,F1,0.0,0.3704115131685723
FFF,2013J,2053381,P2,F1,1.0,0.23671217250878057
FFF,2013J,2056416,P2,F1,0.0,0.30225390979687694
FFF,2013J,2056486,P2,F1,0.0,0.18140569182840097
FFF,2013J,2071595,P2,F1,1.0,0.29083175133981354
FFF,2013J,2088982,P2,F1,1.0,0.9478918532994326
FFF,2013J,2104123,P2,F1,0.0,0.32551979610272275
FFF,2013J,2105230,P2,F1,1.0,0.3830865938197837
FFF,2013J,2112291,P2,F1,1.0,0.1558483995926622
FFF,2013J,2128283,P2,F1,1.0,0.3985891060259416
FFF,2013J,2137171,P2,F1,0.0,0.2610299112136035
FFF,2013J,2143739,P2,F1,0.0,0.4793005238542431
FFF,2013J,2145940,P2,F1,0.0,0.4183042715627802
FFF,2013J,2146277,P2,F1,0.0,0.23880124293593252
FFF,2013J,2148540,P2,F1,0.0,0.4954788370833018
FFF,2013J,2149735,P2,F1,0.0,0.2831481545054245
FFF,2013J,2162410,P2,F1,0.0,0.211907838720706
FFF,2013J,2170320,P2,F1,1.0,0.4060211959572574
FFF,2013J,2173721,P2,F1,1.0,0.41916939550472765
FFF,2013J,2177720,P2,F1,1.0,0.2761889430823633
FFF,2013J,2178466,P2,F1,1.0,0.6168888392006011
FFF,2013J,2180710,P2,F1,1.0,0.30257012839804076
FFF,2013J,2182333,P2,F1,0.0,0.2012556794455206
FFF,2013J,2188084,P2,F1,1.0,0.3702557361690956
FFF,2013J,2191588,P2,F1,1.0,0.42837238565972663
FFF,2013J,2193185,P2,F1,0.0,0.5347925244279755
FFF,2013J,2195853,P2,F1,1.0,0.8624315119760436
FFF,2013J,2197175,P2,F1,0.0,0.1921747939679786
FFF,2013J,2218693,P2,F1,0.0,0.23401591234318844
FFF,2013J,2226620,P2,F1,1.0,0.3157742486248343
FFF,2013J,2237223,P2,F1,1.0,0.2609498466281684
FFF,2013J,2238148,P2,F1,0.0,0.14382813959172913
FFF,2013J,2238424,P2,F1,1.0,0.7469707982616441
FFF,2013J,2239746,P2,F1,0.0,0.17296930108452527
FFF,2013J,2243505,P2,F1,0.0,0.24574980636909538
FFF,2013J,2250842,P2,F1,0.0,0.2502830333140594
FFF,2013J,2252765,P2,F1,0.0,0.19648979201411995
FFF,2013J,2261138,P2,F1,1.0,0.31315829411823914
FFF,2013J,2286312,P2,F1,0.0,0.34816029527133696
FFF,2013J,2286574,P2,F1,1.0,0.4034594701985574
FFF,2013J,2290267,P2,F1,0.0,0.36166326596198844
FFF,2013J,2290883,P2,F1,0.0,0.17477738647914687
FFF,2013J,2299682,P2,F1,1.0,0.8805243614206463
FFF,2013J,2304417,P2,F1,0.0,0.5447371434738607
FFF,2013J,2312279,P2,F1,0.0,0.5061055404774445
FFF,2013J,2323944,P2,F1,0.0,0.23946946037322567
FFF,2013J,2326475,P2,F1,0.0,0.44412939101630655
FFF,2013J,2337889,P2,F1,0.0,0.33242451917674004
FFF,2013J,2340746,P2,F1,0.0,0.3228791772822456
FFF,2013J,2343337,P2,F1,0.0,0.34380524138079205
FFF,2013J,2344957,P2,F1,0.0,0.22626974056671462
FFF,2013J,2345900,P2,F1,0.0,0.1775311550485996
FFF,2013J,2356196,P2,F1,1.0,0.580752559165985
FFF,2013J,2357629,P2,F1,0.0,0.4192071623912515
FFF,2013J,2360322,P2,F1,0.0,0.4634578229416532
FFF,2013J,2364160,P2,F1,0.0,0.2039119498940467
FFF,2013J,2364905,P2,F1,1.0,0.5869803100600656
FFF,2013J,2372788,P2,F1,0.0,0.21640434650904275
FFF,2013J,2374002,P2,F1,0.0,0.14875720183383015
FFF,2013J,2379512,P2,F1,0.0,0.2795883702662936
FFF,2013J,2383780,P2,F1,1.0,0.7675906863922453
FFF,2013J,2387725,P2,F1,1.0,0.775568141965046
FFF,2013J,2390547,P2,F1,1.0,0.9351781149485314
FFF,2013J,2393230,P2,F1,0.0,0.6517380071044427
FFF,2013J,2393261,P2,F1,0.0,0.48966031382452285
FFF,2013J,2396381,P2,F1,0.0,0.3339734565497206
FFF,2013J,2411773,P2,F1,0.0,0.22502655051792114
FFF,2013J,2412152,P2,F1,0.0,0.23072883895114707
FFF,2013J,2414552,P2,F1,1.0,0.9399315889705099
FFF,2013J,2415436,P2,F1,0.0,0.2020263622743722
FFF,2013J,2417433,P2,F1,1.0,0.5804843467976167
FFF,2013J,2423002,P2,F1,0.0,0.2185832110613504
FFF,2013J,2435795,P2,F1,0.0,0.20985860162071457
FFF,2013J,2437051,P2,F1,1.0,0.3240102859030613
FFF,2013J,2440301,P2,F1,0.0,0.33361082891165544
FFF,2013J,2445085,P2,F1,0.0,0.23130668477153418
FFF,2013J,2449737,P2,F1,1.0,0.5689257665870553
FFF,2013J,2449819,P2,F1,0.0,0.3764518012975103
FFF,2013J,2452606,P2,F1,0.0,0.2594548419621895
FFF,2013J,2454653,P2,F1,0.0,0.24297048354668666
FFF,2013J,2454878,P2,F1,0.0,0.3719712662749881
FFF,2013J,2463282,P2,F1,1.0,0.780475896294396
FFF,2013J,2465105,P2,F1,1.0,0.3211831054865143
FFF,2013J,2465589,P2,F1,0.0,0.5219939869417762
FFF,2013J,2468232,P2,F1,1.0,0.1985284484093016
FFF,2013J,2469321,P2,F1,0.0,0.40066608873110166
FFF,2013J,2469688,P2,F1,0.0,0.1955856710017362
FFF,2013J,2472033,P2,F1,0.0,0.4031504237565371
FFF,2013J,2472132,P2,F1,0.0,0.9147522821255518
FFF,2013J,2487982,P2,F1,0.0,0.2426938883591174
FFF,2013J,2499949,P2,F1,1.0,0.6856573802984307
FFF,2013J,2500149,P2,F1,0.0,0.32949284805016565
FFF,2013J,2503063,P2,F1,0.0,0.08708539736553787
FFF,2013J,2523035,P2,F1,0.0,0.5406983218519185
FFF,2013J,2523751,P2,F1,1.0,0.35919075957237234
FFF,2013J,2524572,P2,F1,1.0,0.6827105983003451
FFF,2013J,2526537,P2,F1,1.0,0.8813685004872884
FFF,2013J,2534165,P2,F1,0.0,0.3403628069606444
FFF,2013J,2539666,P2,F1,1.0,0.9529661328910773
FFF,2013J,2540424,P2,F1,1.0,0.910862444022202
FFF,2013J,2542431,P2,F1,0.0,0.4781931304610529
FFF,2013J,2543208,P2,F1,0.0,0.24583812630578689
FFF,2013J,2545923,P2,F1,0.0,0.10365885274974898
FFF,2013J,2548055,P2,F1,0.0,0.2608392395649422
FFF,2013J,2555225,P2,F1,0.0,0.2259486061507222
FFF,2013J,2558713,P2,F1,1.0,0.7101205687822125
FFF,2013J,2563095,P2,F1,1.0,0.2545633774000517
FFF,2013J,2567571,P2,F1,0.0,0.1291829111766371
FFF,2013J,2572441,P2,F1,0.0,0.276195993305631
FFF,2013J,2579401,P2,F1,0.0,0.480499767805663
FFF,2013J,2580196,P2,F1,1.0,0.27884936018977385
FFF,2013J,2580545,P2,F1,0.0,0.36775734820857925
FFF,2013J,2588467,P2,F1,1.0,0.9380766869210503
FFF,2013J,2595641,P2,F1,0.0,0.545348242073188
FFF,2013J,2596621,P2,F1,0.0,0.2563352713739511
FFF,2013J,2602264,P2,F1,0.0,0.37119571874698043
FFF,2013J,2611986,P2,F1,1.0,0.3993536879306414
FFF,2013J,2613746,P2,F1,0.0,0.3417866753850691
FFF,2013J,2614277,P2,F1,0.0,0.17415051617843344
FFF,2013J,2619184,P2,F1,1.0,0.09928885982081607
FFF,2013J,2621734,P2,F1,1.0,0.6799822573595691
FFF,2013J,2623496,P2,F1,0.0,0.8608034398419113
FFF,2013J,2625545,P2,F1,1.0,0.3594726945454107
FFF,2013J,2630284,P2,F1,1.0,0.9287587008270802
FFF,2013J,2633052,P2,F1,1.0,0.5647551999192307
FFF,2013J,2634868,P2,F1,0.0,0.10735926747712957
FFF,2013J,2639319,P2,F1,0.0,0.25208186183735204
FFF,2013J,2641236,P2,F1,1.0,0.26656463549563725
FFF,2013J,2642994,P2,F1,1.0,0.8906904619163061
FFF,2013J,2650555,P2,F1,0.0,0.5167943574794409
FFF,2013J,2655370,P2,F1,0.0,0.5456880484003723
FFF,2013J,2663131,P2,F1,0.0,0.1713811841676215
FFF,2013J,2678993,P2,F1,1.0,0.25330455872377716
FFF,2013J,2680380,P2,F1,0.0,0.47464888335953
FFF,2013J,2683857,P2,F1,1.0,0.6816778918483781
FFF,2013J,2686536,P2,F1,0.0,0.4575338158879219
FFF,2013J,2686609,P2,F1,0.0,0.44291671483458583
FFF,2013J,2687045,P2,F1,1.0,0.8426589696376378
FFF,2013J,2687176,P2,F1,1.0,0.6565127539370756
FFF,2013J,2687989,P2,F1,0.0,0.13623147891149417
FFF,2013J,2688202,P2,F1,1.0,0.5244848022313864
FFF,2013J,2692632,P2,F1,1.0,0.5907956682545349
FFF,2013J,2694680,P2,F1,1.0,0.9229497679935809
FFF,2013J,2697921,P2,F1,1.0,0.42977613754337224
FFF,2013J,2698125,P2,F1,0.0,0.5794985076701388
GGG,2013J,24391,P2,F1,0.0,0.7072296879884977
GGG,2013J,26023,P2,F1,0.0,0.7932789920630184
GGG,2013J,32239,P2,F1,0.0,0.745839650866804
GGG,2013J,35001,P2,F1,1.0,0.7830056185841078
GGG,2013J,60405,P2,F1,0.0,0.7240353903336308
GGG,2013J,62975,P2,F1,1.0,0.84386753903859
GGG,2013J,67182,P2,F1,0.0,0.8932118202997614
GGG,2013J,75442,P2,F1,1.0,0.8884057521773375
GGG,2013J,80448,P2,F1,1.0,0.8615767499281063
GGG,2013J,82341,P2,F1,0.0,0.9147597660490879
GGG,2013J,87929,P2,F1,0.0,0.8402398991617113
GGG,2013J,96117,P2,F1,0.0,0.7857507434106854
GGG,2013J,122459,P2,F1,0.0,0.8838408671564698
GGG,2013J,122636,P2,F1,1.0,0.8565394262971912
GGG,2013J,122846,P2,F1,0.0,0.8345260966886293
GGG,2013J,122928,P2,F1,1.0,0.8969780321820248
GGG,2013J,129212,P2,F1,0.0,0.8677640374428542
GGG,2013J,135331,P2,F1,1.0,0.8221640339735085
GGG,2013J,138710,P2,F1,0.0,0.8301504043422511
GGG,2013J,142990,P2,F1,1.0,0.8932429016439116
GGG,2013J,155256,P2,F1,0.0,0.8523892414810862
GGG,2013J,156127,P2,F1,1.0,0.8932729712629676
GGG,2013J,159484,P2,F1,1.0,0.7064325654616198
GGG,2013J,164922,P2,F1,0.0,0.8269833988834719
GGG,2013J,166183,P2,F1,1.0,0.8679952280617744
GGG,2013J,189664,P2,F1,0.0,0.8490613161132016
GGG,2013J,204745,P2,F1,1.0,0.7324257662234614
GGG,2013J,233153,P2,F1,0.0,0.8635931935150055
GGG,2013J,236848,P2,F1,1.0,0.8523448431769086
GGG,2013J,239095,P2,F1,0.0,0.6921399630430504
GGG,2013J,249965,P2,F1,0.0,0.861545427220002
GGG,2013J,253208,P2,F1,0.0,0.7930399780269952
GGG,2013J,253567,P2,F1,1.0,0.8295927869516702
GGG,2013J,261718,P2,F1,0.0,0.8381551371806955
GGG,2013J,266626,P2,F1,0.0,0.8518382522703055
GGG,2013J,268391,P2,F1,1.0,0.8822282363175515
GGG,2013J,276830,P2,F1,0.0,0.868717897140619
GGG,2013J,279747,P2,F1,0.0,0.5610296329231227
GGG,2013J,281619,P2,F1,0.0,0.8100308543849177
GGG,2013J,285705,P2,F1,0.0,0.8834659209825703
GGG,2013J,286160,P2,F1,0.0,0.7343474614435214
GGG,2013J,286762,P2,F1,0.0,0.9154179853826638
GGG,2013J,290658,P2,F1,1.0,0.3186719719672153
GGG,2013J,292136,P2,F1,0.0,0.868881922111669
GGG,2013J,296993,P2,F1,0.0,0.7658880431659392
GGG,2013J,297990,P2,F1,0.0,0.7553649143384322
GGG,2013J,298186,P2,F1,0.0,0.8773751413111142
GGG,2013J,300508,P2,F1,0.0,0.9045201709659078
GGG,2013J,303165,P2,F1,0.0,0.9054488852476176
GGG,2013J,306610,P2,F1,1.0,0.7815174249105363
GGG,2013J,308634,P2,F1,1.0,0.9274622822832153
GGG,2013J,311158,P2,F1,0.0,0.8720535101586521
GGG,2013J,319331,P2,F1,0.0,0.8157327429696564
GGG,2013J,324095,P2,F1,0.0,0.8420879439013392
GGG,2013J,325909,P2,F1,1.0,0.8768909452936905
GGG,2013J,330177,P2,F1,0.0,0.8949573667810512
GGG,2013J,332715,P2,F1,0.0,0.8763981445395637
GGG,2013J,338446,P2,F1,1.0,0.8967487064044338
GGG,2013J,339727,P2,F1,0.0,0.8749453852740016
GGG,2013J,339853,P2,F1,0.0,0.8135937515896767
GGG,2013J,340486,P2,F1,0.0,0.8659329637853471
GGG,2013J,348579,P2,F1,0.0,0.8732016250373005
GGG,2013J,349360,P2,F1,0.0,0.6915066648565193
GGG,2013J,352382,P2,F1,0.0,0.6892570344192847
GGG,2013J,360683,P2,F1,0.0,0.8588733744905191
GGG,2013J,365192,P2,F1,0.0,0.7104750092551186
GGG,2013J,368245,P2,F1,1.0,0.7553372011242614
GGG,2013J,368969,P2,F1,0.0,0.8807219584263875
GGG,2013J,369378,P2,F1,1.0,0.8437705121897959
GGG,2013J,372691,P2,F1,0.0,0.9198573546128685
GGG,2013J,375600,P2,F1,0.0,0.8788495130918486
GGG,2013J,375882,P2,F1,1.0,0.8136055635452349
GGG,2013J,379113,P2,F1,1.0,0.8471855360265794
GGG,2013J,379844,P2,F1,0.0,0.8216437546002611
GGG,2013J,387550,P2,F1,1.0,0.8949112988544125
GGG,2013J,392215,P2,F1,0.0,0.8419741048493178
GGG,2013J,393451,P2,F1,1.0,0.8997310898509554
GGG,2013J,395954,P2,F1,1.0,0.8770121683120794
GGG,2013J,396145,P2,F1,0.0,0.8880079035073573
GGG,2013J,401139,P2,F1,0.0,0.8973230076961156
GGG,2013J,404325,P2,F1,1.0,0.8604984516547
GGG,2013J,410573,P2,F1,1.0,0.8407352799083324
GGG,2013J,411105,P2,F1,0.0,0.7866063555006347
GGG,2013J,416355,P2,F1,0.0,0.8588733744905191
GGG,2013J,417220,P2,F1,1.0,0.8571056305087048
GGG,2013J,418032,P2,F1,0.0,0.8562148599605632
GGG,2013J,421999,P2,F1,1.0,0.8664955685694876
GGG,2013J,426736,P2,F1,1.0,0.8975094062328189
GGG,2013J,427321,P2,F1,1.0,0.7629763969057676
GGG,2013J,428301,P2,F1,0.0,0.8574859794519432
GGG,2013J,433165,P2,F1,0.0,0.8370026277204403
GGG,2013J,434478,P2,F1,1.0,0.9091466610843192
GGG,2013J,439677,P2,F1,0.0,0.8288588145645636
GGG,2013J,444943,P2,F1,0.0,0.6929978076841907
GGG,2013J,445086,P2,F1,0.0,0.8536012953959441
GGG,2013J,465724,P2,F1,1.0,0.853773753006384
GGG,2013J,466900,P2,F1,0.0,0.9101841303917556
GGG,2013J,470340,P2,F1,0.0,0.7625331127214603
GGG,2013J,472911,P2,F1,0.0,0.704037501880264
GGG,2013J,473271,P2,F1,0.0,0.7652524085968748
GGG,2013J,473924,P2,F1,0.0,0.6988397010676659
GGG,2013J,474067,P2,F1,0.0,0.8977043020315172
GGG,2013J,474272,P2,F1,1.0,0.9015570458127059
GGG,2013J,476921,P2,F1,1.0,0.903744814408842
GGG,2013J,477165,P2,F1,1.0,0.8878044504124631
GGG,2013J,477468,P2,F1,0.0,0.8977043020315172
GGG,2013J,477650,P2,F1,0.0,0.8982708876299513
GGG,2013J,478556,P2,F1,0.0,0.8031749939764994
GGG,2013J,478784,P2,F1,0.0,0.6843316420357204
GGG,2013J,479442,P2,F1,0.0,0.8311876217526023
GGG,2013J,480959,P2,F1,0.0,0.9009323982346246
GGG,2013J,481404,P2,F1,0.0,0.8883232015794912
GGG,2013J,481772,P2,F1,1.0,0.8536677037157132
GGG,2013J,483123,P2,F1,1.0,0.8678953117910878
GGG,2013J,483158,P2,F1,1.0,0.8582441447977829
GGG,2013J,483959,P2,F1,0.0,0.7741886473887593
GGG,2013J,488853,P2,F1,1.0,0.7969732637323184
GGG,2013J,489222,P2,F1,0.0,0.7789031003706148
GGG,2013J,489624,P2,F1,0.0,0.8350169800943311
GGG,2013J,493763,P2,F1,0.0,0.8335065006179759
GGG,2013J,494212,P2,F1,0.0,0.8044461443388523
GGG,2013J,494291,P2,F1,1.0,0.8563423951928432
GGG,2013J,495276,P2,F1,0.0,0.7253869497894901
GGG,2013J,496224,P2,F1,1.0,0.9358777550709455
GGG,2013J,497074,P2,F1,0.0,0.8102008596258381
GGG,2013J,497190,P2,F1,0.0,0.7954717616232542
GGG,2013J,497278,P2,F1,0.0,0.8425512575247099
GGG,2013J,498702,P2,F1,1.0,0.7864789786958036
GGG,2013J,499006,P2,F1,0.0,0.821091576309255
GGG,2013J,499446,P2,F1,0.0,0.8666343994700514
GGG,2013J,500112,P2,F1,0.0,0.7834662603476824
GGG,2013J,500720,P2,F1,0.0,0.8170195650770631
GGG,2013J,503663,P2,F1,0.0,0.7930062269597906
GGG,2013J,505503,P2,F1,1.0,0.897172436280099
GGG,2013J,505754,P2,F1,1.0,0.8926753690685714
GGG,2013J,506679,P2,F1,0.0,0.8199610608708702
GGG,2013J,509034,P2,F1,0.0,0.824793412481277
GGG,2013J,509277,P2,F1,0.0,0.7295523128416813
GGG,2013J,510533,P2,F1,0.0,0.8535148063686246
GGG,2013J,510737,P2,F1,1.0,0.8026631124225658
GGG,2013J,511571,P2,F1,0.0,0.7192951317784994
GGG,2013J,512258,P2,F1,0.0,0.6847235959566123
GGG,2013J,514699,P2,F1,1.0,0.7795988918532872
GGG,2013J,515496,P2,F1,0.0,0.832732260597289
GGG,2013J,516434,P2,F1,0.0,0.89418275498443
GGG,2013J,519091,P2,F1,0.0,0.8142913287568344
GGG,2013J,519185,P2,F1,1.0,0.8824200519401156
GGG,2013J,521164,P2,F1,0.0,0.8548387994736946
GGG,2013J,522561,P2,F1,0.0,0.8824016787089233
GGG,2013J,522731,P2,F1,0.0,0.926419984514156
GGG,2013J,523419,P2,F1,1.0,0.8511844179604575
GGG,2013J,523803,P2,F1,0.0,0.8323447142129835
GGG,2013J,527742,P2,F1,0.0,0.8838727837858914
GGG,2013J,528515,P2,F1,1.0,0.7666651358090629
GGG,2013J,530826,P2,F1,1.0,0.9096610029451813
GGG,2013J,531224,P2,F1,0.0,0.7927808887306969
GGG,2013J,534251,P2,F1,1.0,0.7546254645815895
GGG,2013J,534647,P2,F1,1.0,0.7767849306962029
GGG,2013J,536647,P2,F1,0.0,0.8613512809817804
GGG,2013J,537181,P2,F1,0.0,0.8307135065865957
GGG,2013J,537662,P2,F1,0.0,0.7383448487292953
GGG,2013J,537670,P2,F1,1.0,0.8169131342459062
GGG,2013J,539436,P2,F1,0.0,0.7453195817356193
GGG,2013J,541252,P2,F1,0.0,0.9206863270887313
GGG,2013J,544615,P2,F1,0.0,0.8192976919659546
GGG,2013J,544898,P2,F1,1.0,0.7947601348538736
GGG,2013J,545313,P2,F1,1.0,0.8967426197037788
GGG,2013J,545785,P2,F1,0.0,0.8436594524546461
GGG,2013J,546097,P2,F1,0.0,0.9008218723060541
GGG,2013J,546192,P2,F1,0.0,0.8940309157636958
GGG,2013J,546457,P2,F1,0.0,0.7345878342876719
GGG,2013J,546754,P2,F1,1.0,0.859207729896897
GGG,2013J,548190,P2,F1,1.0,0.7704014915699753
GGG,2013J,548388,P2,F1,0.0,0.7341043747752946
GGG,2013J,549887,P2,F1,0.0,0.7185287765547169
GGG,2013J,549909,P2,F1,0.0,0.800087082319438
GGG,2013J,549973,P2,F1,1.0,0.8985673615477626
GGG,2013J,551389,P2,F1,0.0,0.8599889091118255
GGG,2013J,551545,P2,F1,1.0,0.763992196496291
GGG,2013J,552750,P2,F1,0.0,0.6988014302614592
GGG,2013J,553643,P2,F1,0.0,0.8938289637068407
GGG,2013J,554967,P2,F1,0.0,0.766799200817995
GGG,2013J,556509,P2,F1,1.0,0.8923404554441052
GGG,2013J,556520,P2,F1,0.0,0.7336431363149098
GGG,2013J,556523,P2,F1,0.0,0.7910773746013605
GGG,2013J,557031,P2,F1,1.0,0.8928469629310073
GGG,2013J,557085,P2,F1,0.0,0.8462330403500773
GGG,2013J,559919,P2,F1,0.0,0.8931096345951859
GGG,2013J,560328,P2,F1,0.0,0.771743738641045
GGG,2013J,560374,P2,F1,0.0,0.8879955667604874
GGG,2013J,560653,P2,F1,0.0,0.84032779142758
GGG,2013J,561148,P2,F1,0.0,0.8858389174846594
GGG,2013J,561163,P2,F1,0.0,0.8665206771677012
GGG,2013J,561884,P2,F1,0.0,0.668217994679401
GGG,2013J,562696,P2,F1,0.0,0.6913392432162139
GGG,2013J,562913,P2,F1,0.0,0.7667550010387891
GGG,2013J,563612,P2,F1,1.0,0.8173715067208392
GGG,2013J,564609,P2,F1,0.0,0.7145812225756372
GGG,2013J,565002,P2,F1,0.0,0.9115384210974076
GGG,2013J,565222,P2,F1,0.0,0.8627854419129206
GGG,2013J,565525,P2,F1,1.0,0.9079698020190029
GGG,2013J,565640,P2,F1,0.0,0.8289213639926841
GGG,2013J,565892,P2,F1,0.0,0.8635254212229815
GGG,2013J,565993,P2,F1,0.0,0.794826565630783
GGG,2013J,566183,P2,F1,0.0,0.8576158022836028
GGG,2013J,566923,P2,F1,1.0,0.6837165264253486
GGG,2013J,566963,P2,F1,0.0,0.874446915197312
GGG,2013J,567009,P2,F1,0.0,0.8464025125053763
GGG,2013J,567211,P2,F1,0.0,0.8229060650249601
GGG,2013J,567325,P2,F1,0.0,0.7920579542085675
GGG,2013J,567831,P2,F1,1.0,0.9110159301786399
GGG,2013J,567987,P2,F1,1.0,0.8978668932326416
GGG,2013J,568118,P2,F1,1.0,0.7557069628602796
GGG,2013J,568288,P2,F1,0.0,0.8499752309903978
GGG,2013J,568539,P2,F1,0.0,0.7980809456369135
GGG,2013J,568973,P2,F1,1.0,0.8041592200476754
GGG,2013J,569253,P2,F1,0.0,0.6156389272535208
GGG,2013J,569490,P2,F1,0.0,0.8064257052261783
GGG,2013J,569511,P2,F1,0.0,0.8139641074087082
GGG,2013J,569595,P2,F1,1.0,0.9078235091348676
GGG,2013J,569679,P2,F1,0.0,0.6636762311584555
GGG,2013J,569974,P2,F1,0.0,0.7507873575343554
GGG,2013J,569984,P2,F1,1.0,0.8275915300152303
GGG,2013J,570141,P2,F1,0.0,0.8570325119398656
GGG,2013J,570529,P2,F1,0.0,0.7511378403646184
GGG,2013J,570801,P2,F1,0.0,0.7698963997214764
GGG,2013J,571334,P2,F1,0.0,0.838189216311774
GGG,2013J,571359,P2,F1,1.0,0.8982738910858242
GGG,2013J,571380,P2,F1,0.0,0.8130106061216095
GGG,2013J,571458,P2,F1,0.0,0.8804428471185658
GGG,2013J,571577,P2,F1,0.0,0.8000566306218349
GGG,2013J,571696,P2,F1,0.0,0.8416408851317434
GGG,2013J,571768,P2,F1,1.0,0.8040438975102904
GGG,2013J,571787,P2,F1,1.0,0.8750269138504905
GGG,2013J,571883,P2,F1,0.0,0.8213643552808558
GGG,2013J,571896,P2,F1,1.0,0.8832712416862755
GGG,2013J,571952,P2,F1,1.0,0.8069698898351644
GGG,2013J,572335,P2,F1,1.0,0.8599375858755652
GGG,2013J,572388,P2,F1,0.0,0.8012572395390514
GGG,2013J,572663,P2,F1,0.0,0.8211968659711019
GGG,2013J,572714,P2,F1,0.0,0.8168710694582353
GGG,2013J,573134,P2,F1,0.0,0.9142566449879854
GGG,2013J,573294,P2,F1,1.0,0.8311727683726001
GGG,2013J,573331,P2,F1,0.0,0.7044300907523513
GGG,2013J,573460,P2,F1,1.0,0.6308263881992552
GGG,2013J,573464,P2,F1,0.0,0.8821209244046287
GGG,2013J,573510,P2,F1,1.0,0.8904441047426903
GGG,2013J,573554,P2,F1,0.0,0.8919513738401312
GGG,2013J,573666,P2,F1,0.0,0.8260043208538534
GGG,2013J,574238,P2,F1,0.0,0.7658979933187238
GGG,2013J,574351,P2,F1,1.0,0.879949775684873
GGG,2013J,574504,P2,F1,1.0,0.8251036367892747
GGG,2013J,574512,P2,F1,0.0,0.7088447464850893
GGG,2013J,574606,P2,F1,1.0,0.9072073279714261
GGG,2013J,574642,P2,F1,1.0,0.8499725295748269
GGG,2013J,574857,P2,F1,0.0,0.8681838545161547
GGG,2013J,574948,P2,F1,0.0,0.8200526721359264
GGG,2013J,574957,P2,F1,1.0,0.8778661097081821
GGG,2013J,574960,P2,F1,0.0,0.733003400849267
GGG,2013J,574988,P2,F1,0.0,0.6850532448645594
GGG,2013J,575000,P2,F1,1.0,0.7716053759880123
GGG,2013J,575061,P2,F1,0.0,0.9168576525302374
GGG,2013J,575080,P2,F1,1.0,0.8599593821112197
GGG,2013J,575136,P2,F1,1.0,0.7929200599479508
GGG,2013J,575214,P2,F1,0.0,0.8754150266193315
GGG,2013J,575355,P2,F1,0.0,0.7492082009263208
GGG,2013J,575454,P2,F1,1.0,0.8987463985334782
GGG,2013J,575488,P2,F1,0.0,0.8980495988647015
GGG,2013J,575554,P2,F1,0.0,0.8909271602484848
GGG,2013J,575559,P2,F1,0.0,0.8557037767273031
GGG,2013J,575691,P2,F1,1.0,0.8872705792044961
GGG,2013J,575720,P2,F1,0.0,0.8813801390467989
GGG,2013J,575984,P2,F1,0.0,0.8493435691261538
GGG,2013J,576141,P2,F1,1.0,0.8127479693144217
GGG,2013J,576143,P2,F1,0.0,0.8305599496099778
GGG,2013J,576371,P2,F1,1.0,0.8430849125510897
GGG,2013J,576425,P2,F1,0.0,0.9088160773495484
GGG,2013J,576445,P2,F1,0.0,0.7205599840689538
GGG,2013J,576447,P2,F1,1.0,0.8554544117300615
GGG,2013J,576455,P2,F1,1.0,0.8488228212352684
GGG,2013J,576488,P2,F1,0.0,0.8648082221592499
GGG,2013J,576593,P2,F1,1.0,0.8591244120848063
GGG,2013J,576654,P2,F1,0.0,0.8712493658256593
GGG,2013J,576761,P2,F1,0.0,0.8505443620880713
GGG,2013J,576948,P2,F1,0.0,0.7906131614500447
GGG,2013J,577439,P2,F1,1.0,0.8928258639425711
GGG,2013J,577456,P2,F1,1.0,0.8873990885080503
GGG,2013J,577471,P2,F1,1.0,0.803785342071246
GGG,2013J,577780,P2,F1,0.0,0.8072414093807306
GGG,2013J,577820,P2,F1,0.0,0.8292523186493894
GGG,2013J,577827,P2,F1,1.0,0.922372008116785
GGG,2013J,577888,P2,F1,0.0,0.647228598287341
GGG,2013J,578140,P2,F1,0.0,0.6631328435371305
GGG,2013J,578207,P2,F1,0.0,0.7161136429896611
GGG,2013J,578375,P2,F1,0.0,0.7789702705452222
GGG,2013J,578378,P2,F1,1.0,0.7741642566292931
GGG,2013J,578555,P2,F1,1.0,0.783815954622227
GGG,2013J,578666,P2,F1,1.0,0.8169087510555066
GGG,2013J,578781,P2,F1,1.0,0.9210628639958396
GGG,2013J,578940,P2,F1,0.0,0.6104462550992041
GGG,2013J,578941,P2,F1,1.0,0.8963642614068965
GGG,2013J,578977,P2,F1,1.0,0.8801759451818127
GGG,2013J,579015,P2,F1,0.0,0.8572862799693982
GGG,2013J,579020,P2,F1,0.0,0.7370562502239439
GGG,2013J,579086,P2,F1,0.0,0.8236440880221662
GGG,2013J,579164,P2,F1,0.0,0.8990767543198084
GGG,2013J,579201,P2,F1,0.0,0.7989517610982558
GGG,2013J,579203,P2,F1,0.0,0.7224158558772285
GGG,2013J,579309,P2,F1,1.0,0.9225738502065829
GGG,2013J,579381,P2,F1,0.0,0.7802548649981808
GGG,2013J,579528,P2,F1,0.0,0.8602907989858508
GGG,2013J,579572,P2,F1,0.0,0.746917984997563
GGG,2013J,579661,P2,F1,0.0,0.8301742656794717
GGG,2013J,580095,P2,F1,1.0,0.889836051449506
GGG,2013J,580469,P2,F1,1.0,0.8157061828904022
GGG,2013J,580669,P2,F1,1.0,0.89589465606524
GGG,2013J,580860,P2,F1,0.0,0.8290601246982381
GGG,2013J,580870,P2,F1,0.0,0.9162461501343236
GGG,2013J,580925,P2,F1,1.0,0.7484507444948895
GGG,2013J,581003,P2,F1,1.0,0.8078048944825897
GGG,2013J,581062,P2,F1,0.0,0.8566471188319422
GGG,2013J,581063,P2,F1,0.0,0.6951384986739827
GGG,2013J,581118,P2,F1,0.0,0.887095561809683
GGG,2013J,581178,P2,F1,0.0,0.8267721666624602
GGG,2013J,581200,P2,F1,0.0,0.8471855360265794
GGG,2013J,581239,P2,F1,0.0,0.7601782300847858
GGG,2013J,581414,P2,F1,0.0,0.8902968461094355
GGG,2013J,581485,P2,F1,0.0,0.8577723287029285
GGG,2013J,581510,P2,F1,1.0,0.892849986793231
GGG,2013J,581652,P2,F1,0.0,0.6507625989394402
GGG,2013J,581806,P2,F1,0.0,0.8278353690475881
GGG,2013J,581889,P2,F1,1.0,0.7490726179864476
GGG,2013J,581956,P2,F1,0.0,0.6428236231240457
GGG,2013J,581965,P2,F1,0.0,0.7792145799877357
GGG,2013J,582005,P2,F1,1.0,0.8447630391644827
GGG,2013J,582039,P2,F1,1.0,0.8838558261866631
GGG,2013J,582226,P2,F1,0.0,0.8190330843274438
GGG,2013J,582250,P2,F1,0.0,0.7040404318151474
GGG,2013J,582309,P2,F1,1.0,0.8812000821171249
GGG,2013J,582420,P2,F1,0.0,0.7273340826318438
GGG,2013J,582460,P2,F1,0.0,0.7524765759498319
GGG,2013J,582486,P2,F1,1.0,0.8060158236820281
GGG,2013J,582536,P2,F1,0.0,0.7497858201908181
GGG,2013J,582568,P2,F1,1.0,0.8573994296503359
GGG,2013J,582649,P2,F1,1.0,0.884944647661483
GGG,2013J,582697,P2,F1,0.0,0.8358096334378887
GGG,2013J,582709,P2,F1,0.0,0.8136266308124691
GGG,2013J,582710,P2,F1,1.0,0.8911497784756541
GGG,2013J,583031,P2,F1,0.0,0.907655701451843
GGG,2013J,583146,P2,F1,0.0,0.862763777670071
GGG,2013J,583423,P2,F1,0.0,0.8432854609698146
GGG,2013J,583502,P2,F1,1.0,0.8509767828068302
GGG,2013J,583532,P2,F1,0.0,0.7900029510526241
GGG,2013J,583607,P2,F1,0.0,0.8148589772292243
GGG,2013J,583623,P2,F1,0.0,0.8475835611113448
GGG,2013J,583625,P2,F1,0.0,0.890039063729816
GGG,2013J,583664,P2,F1,0.0,0.7792246153371516
GGG,2013J,583721,P2,F1,0.0,0.8271007328329382
GGG,2013J,583730,P2,F1,1.0,0.712812589585005
GGG,2013J,583827,P2,F1,1.0,0.7832183505787905
GGG,2013J,583973,P2,F1,0.0,0.8106203419898097
GGG,2013J,584143,P2,F1,0.0,0.754281715747988
GGG,2013J,584195,P2,F1,0.0,0.7806711686911656
GGG,2013J,584299,P2,F1,0.0,0.7675023101299365
GGG,2013J,584442,P2,F1,1.0,0.8829309720832715
GGG,2013J,584448,P2,F1,0.0,0.8996412384815207
GGG,2013J,584500,P2,F1,0.0,0.7100406007681187
GGG,2013J,584509,P2,F1,0.0,0.6197486448226615
GGG,2013J,584512,P2,F1,1.0,0.8591244120848063
GGG,2013J,584710,P2,F1,0.0,0.7077341929160457
GGG,2013J,584712,P2,F1,1.0,0.7916328312398497
GGG,2013J,584733,P2,F1,0.0,0.7625717863935498
GGG,2013J,584827,P2,F1,0.0,0.8490875439729557
GGG,2013J,584836,P2,F1,1.0,0.7948853592341313
GGG,2013J,584844,P2,F1,1.0,0.792828139728409
GGG,2013J,584850,P2,F1,1.0,0.8911497784756541
GGG,2013J,584908,P2,F1,0.0,0.927851352570484
GGG,2013J,584942,P2,F1,0.0,0.6890509043099282
GGG,2013J,584969,P2,F1,0.0,0.8281525822478474
GGG,2013J,585025,P2,F1,1.0,0.8542905081677866
GGG,2013J,585041,P2,F1,0.0,0.8681104772763998
GGG,2013J,585058,P2,F1,0.0,0.8441731436290901
GGG,2013J,585114,P2,F1,0.0,0.7695115255819055
GGG,2013J,585141,P2,F1,0.0,0.9216120859875224
GGG,2013J,585145,P2,F1,0.0,0.7746750968177964
GGG,2013J,585147,P2,F1,0.0,0.7100384531325611
GGG,2013J,585156,P2,F1,1.0,0.8948681076261643
GGG,2013J,585199,P2,F1,0.0,0.8359185915248215
GGG,2013J,585201,P2,F1,0.0,0.890847836758595
GGG,2013J,585236,P2,F1,0.0,0.8983956624934359
GGG,2013J,585297,P2,F1,1.0,0.8977043020315172
GGG,2013J,585445,P2,F1,1.0,0.6968131621807048
GGG,2013J,585457,P2,F1,1.0,0.855823478276743
GGG,2013J,585518,P2,F1,0.0,0.8586752986986329
GGG,2013J,585577,P2,F1,0.0,0.8981791552698773
GGG,2013J,585608,P2,F1,0.0,0.8673734338429995
GGG,2013J,585613,P2,F1,0.0,0.9012684066786427
GGG,2013J,585668,P2,F1,0.0,0.8345194576527903
GGG,2013J,585702,P2,F1,0.0,0.8905451603525653
GGG,2013J,585768,P2,F1,0.0,0.8953145278448181
GGG,2013J,585801,P2,F1,1.0,0.8615608918470227
GGG,2013J,585841,P2,F1,1.0,0.7255420616992839
GGG,2013J,585847,P2,F1,0.0,0.6581236274916853
GGG,2013J,586083,P2,F1,1.0,0.8453487423819902
GGG,2013J,586120,P2,F1,1.0,0.8987996609823174
GGG,2013J,586158,P2,F1,1.0,0.8124397824037677
GGG,2013J,586196,P2,F1,0.0,0.8912502626609106
GGG,2013J,586287,P2,F1,0.0,0.772699148678274
GGG,2013J,586324,P2,F1,0.0,0.8502167414767725
GGG,2013J,586337,P2,F1,0.0,0.8270689138438144
GGG,2013J,586367,P2,F1,1.0,0.9052432182967202
GGG,2013J,586370,P2,F1,1.0,0.8921509604236186
GGG,2013J,586423,P2,F1,0.0,0.8674617290656356
GGG,2013J,586493,P2,F1,0.0,0.719561816007112
GGG,2013J,586502,P2,F1,0.0,0.896171564568204
GGG,2013J,586524,P2,F1,1.0,0.8967019223885759
GGG,2013J,586563,P2,F1,1.0,0.8442999218318176
GGG,2013J,586598,P2,F1,0.0,0.8509044085758372
GGG,2013J,586639,P2,F1,0.0,0.8030039947524645
GGG,2013J,586660,P2,F1,0.0,0.9165549183837218
GGG,2013J,586689,P2,F1,0.0,0.9040870945716499
GGG,2013J,586787,P2,F1,0.0,0.8338909384103688
GGG,2013J,586814,P2,F1,1.0,0.8942804515764013
GGG,2013J,586818,P2,F1,0.0,0.8468969374085908
GGG,2013J,586914,P2,F1,0.0,0.8531754798867595
GGG,2013J,586981,P2,F1,1.0,0.690400759612902
GGG,2013J,587004,P2,F1,0.0,0.749828827687612
GGG,2013J,587150,P2,F1,1.0,0.4374325961962267
GGG,2013J,587161,P2,F1,0.0,0.8794651888484918
GGG,2013J,587183,P2,F1,0.0,0.8354666623033713
GGG,2013J,587275,P2,F1,1.0,0.7273433941558314
GGG,2013J,587283,P2,F1,1.0,0.9013301473568829
GGG,2013J,587330,P2,F1,0.0,0.737277888449345
GGG,2013J,587362,P2,F1,0.0,0.8454662377626654
GGG,2013J,587374,P2,F1,1.0,0.8941741477192328
GGG,2013J,587478,P2,F1,1.0,0.8805806740561098
GGG,2013J,587506,P2,F1,0.0,0.8838493015619817
GGG,2013J,587509,P2,F1,1.0,0.8531159518885134
GGG,2013J,587523,P2,F1,0.0,0.8906461341951415
GGG,2013J,587529,P2,F1,0.0,0.6831672505943849
GGG,2013J,587555,P2,F1,0.0,0.8368592763299676
GGG,2013J,587852,P2,F1,0.0,0.8048595712546905
GGG,2013J,587975,P2,F1,0.0,0.7906988958539567
GGG,2013J,587997,P2,F1,0.0,0.8979894489440207
GGG,2013J,588008,P2,F1,0.0,0.8182102825410202
GGG,2013J,588014,P2,F1,0.0,0.8025073910850521
GGG,2013J,588078,P2,F1,0.0,0.8920359795166503
GGG,2013J,588105,P2,F1,0.0,0.7695557030793023
GGG,2013J,588106,P2,F1,1.0,0.8571056305087048
GGG,2013J,588133,P2,F1,1.0,0.7967988310698434
GGG,2013J,588138,P2,F1,0.0,0.6583266417615043
GGG,2013J,588233,P2,F1,0.0,0.8293867055191706
GGG,2013J,588289,P2,F1,0.0,0.8608531185208312
GGG,2013J,588314,P2,F1,0.0,0.7155143306639244
GGG,2013J,588363,P2,F1,0.0,0.8494524039365502
GGG,2013J,588367,P2,F1,0.0,0.7975453871433402
GGG,2013J,588382,P2,F1,0.0,0.8429401375760313
GGG,2013J,588391,P2,F1,0.0,0.7826306805848524
GGG,2013J,588411,P2,F1,0.0,0.5333607955051817
GGG,2013J,588469,P2,F1,1.0,0.8615531112436895
GGG,2013J,588505,P2,F1,0.0,0.8887563802300994
GGG,2013J,588522,P2,F1,0.0,0.817887936533999
GGG,2013J,588528,P2,F1,1.0,0.9087483884906218
GGG,2013J,588781,P2,F1,0.0,0.8745398641674615
GGG,2013J,588944,P2,F1,0.0,0.7770368648904734
GGG,2013J,588963,P2,F1,1.0,0.8349839216000351
GGG,2013J,589048,P2,F1,1.0,0.871900068828374
GGG,2013J,589126,P2,F1,0.0,0.8265982098846204
GGG,2013J,589147,P2,F1,0.0,0.8491871565427023
GGG,2013J,589198,P2,F1,1.0,0.8282573054380156
GGG,2013J,589377,P2,F1,0.0,0.8596236547280564
GGG,2013J,589395,P2,F1,0.0,0.8129308980117761
GGG,2013J,589493,P2,F1,0.0,0.7811051992156796
GGG,2013J,589507,P2,F1,0.0,0.8120771129244816
GGG,2013J,589558,P2,F1,0.0,0.8980296966842711
GGG,2013J,589690,P2,F1,0.0,0.7450235794299642
GGG,2013J,589691,P2,F1,1.0,0.816661927945935
GGG,2013J,589702,P2,F1,0.0,0.8424921657419101
GGG,2013J,589734,P2,F1,1.0,0.7343206673152093
GGG,2013J,589744,P2,F1,0.0,0.9166900590433574
GGG,2013J,589748,P2,F1,0.0,0.8731148536479731
GGG,2013J,589845,P2,F1,1.0,0.933007586902905
GGG,2013J,589914,P2,F1,0.0,0.8175531381455678
GGG,2013J,589919,P2,F1,1.0,0.7823573164021441
GGG,2013J,589927,P2,F1,1.0,0.8957852203808487
GGG,2013J,589990,P2,F1,0.0,0.8980843412379192
GGG,2013J,590028,P2,F1,1.0,0.8316633911090636
GGG,2013J,590034,P2,F1,0.0,0.8970776765756459
GGG,2013J,590046,P2,F1,0.0,0.8041137219328098
GGG,2013J,590147,P2,F1,1.0,0.8688542085754845
GGG,2013J,590213,P2,F1,1.0,0.8896203140440381
GGG,2013J,590215,P2,F1,0.0,0.5436560417390764
GGG,2013J,590248,P2,F1,1.0,0.9034924490897678
GGG,2013J,590251,P2,F1,1.0,0.8584044579360266
GGG,2013J,590353,P2,F1,0.0,0.8194135839484802
GGG,2013J,590540,P2,F1,0.0,0.8969810694306365
GGG,2013J,590590,P2,F1,1.0,0.7370017683443877
GGG,2013J,590593,P2,F1,0.0,0.8210979067674736
GGG,2013J,590662,P2,F1,1.0,0.6800246373244196
GGG,2013J,590711,P2,F1,0.0,0.8591207383429199
GGG,2013J,590764,P2,F1,0.0,0.7788062920162384
GGG,2013J,590835,P2,F1,1.0,0.821567359767217
GGG,2013J,590836,P2,F1,0.0,0.7963590980033839
GGG,2013J,590864,P2,F1,0.0,0.8557037767273031
GGG,2013J,591179,P2,F1,0.0,0.8909447382014719
GGG,2013J,591198,P2,F1,0.0,0.8228950065853746
GGG,2013J,591216,P2,F1,1.0,0.5047731828894869
GGG,2013J,591225,P2,F1,0.0,0.8453666552770033
GGG,2013J,591243,P2,F1,0.0,0.8541026166694268
GGG,2013J,591255,P2,F1,1.0,0.8952974231566918
GGG,2013J,591321,P2,F1,0.0,0.8964604911726066
GGG,2013J,591409,P2,F1,0.0,0.8964604911726066
GGG,2013J,591549,P2,F1,0.0,0.7815723804544561
GGG,2013J,591588,P2,F1,0.0,0.8261934165431938
GGG,2013J,591602,P2,F1,0.0,0.8672272748613166
GGG,2013J,591671,P2,F1,1.0,0.8639610679210894
GGG,2013J,591804,P2,F1,0.0,0.872687218797845
GGG,2013J,591814,P2,F1,0.0,0.8970362114999334
GGG,2013J,591819,P2,F1,1.0,0.8652763977864135
GGG,2013J,591837,P2,F1,0.0,0.9026315153570097
GGG,2013J,591849,P2,F1,1.0,0.8514481197453402
GGG,2013J,591859,P2,F1,1.0,0.8234467767993948
GGG,2013J,591873,P2,F1,0.0,0.8977789502195239
GGG,2013J,592043,P2,F1,1.0,0.8876578305831735
GGG,2013J,592056,P2,F1,0.0,0.8553194738837955
GGG,2013J,592059,P2,F1,0.0,0.8981791552698773
GGG,2013J,592127,P2,F1,0.0,0.7842705167071757
GGG,2013J,592245,P2,F1,0.0,0.8268745236977249
GGG,2013J,592248,P2,F1,0.0,0.8122509314935028
GGG,2013J,592272,P2,F1,0.0,0.8851523783988509
GGG,2013J,592287,P2,F1,0.0,0.9014564180817259
GGG,2013J,592361,P2,F1,0.0,0.7265278481695835
GGG,2013J,592444,P2,F1,1.0,0.8519531422477611
GGG,2013J,592448,P2,F1,1.0,0.8931139833934958
GGG,2013J,592451,P2,F1,0.0,0.7973258947415478
GGG,2013J,592660,P2,F1,0.0,0.8977043020315172
GGG,2013J,592737,P2,F1,0.0,0.8684849965654315
GGG,2013J,592880,P2,F1,1.0,0.9197348443576551
GGG,2013J,592882,P2,F1,0.0,0.7519321776626382
GGG,2013J,593010,P2,F1,1.0,0.7051194519835129
GGG,2013J,593013,P2,F1,1.0,0.8984487648671438
GGG,2013J,593017,P2,F1,0.0,0.8663162455051472
GGG,2013J,593127,P2,F1,0.0,0.8315324638853372
GGG,2013J,593246,P2,F1,0.0,0.8303302370924929
GGG,2013J,593431,P2,F1,1.0,0.8971839276577627
GGG,2013J,593438,P2,F1,1.0,0.8941290562299549
GGG,2013J,593540,P2,F1,0.0,0.8495825333571225
GGG,2013J,593546,P2,F1,0.0,0.6891259211453344
GGG,2013J,593569,P2,F1,1.0,0.8987463985334782
GGG,2013J,593734,P2,F1,0.0,0.7669300664645342
GGG,2013J,593793,P2,F1,1.0,0.6687980881007869
GGG,2013J,593819,P2,F1,0.0,0.8686293894819627
GGG,2013J,593840,P2,F1,1.0,0.8330583102003891
GGG,2013J,593842,P2,F1,0.0,0.864091310763365
GGG,2013J,593858,P2,F1,0.0,0.7956562791550978
GGG,2013J,593954,P2,F1,0.0,0.8211754893028149
GGG,2013J,594185,P2,F1,1.0,0.8971143251070475
GGG,2013J,594188,P2,F1,0.0,0.8207860173959011
GGG,2013J,594196,P2,F1,0.0,0.8659391635916528
GGG,2013J,594450,P2,F1,1.0,0.8471005804145927
GGG,2013J,594554,P2,F1,0.0,0.93101238377892
GGG,2013J,594625,P2,F1,0.0,0.8981791552698773
GGG,2013J,594727,P2,F1,1.0,0.8955915723006147
GGG,2013J,594745,P2,F1,0.0,0.9105057930206578
GGG,2013J,594771,P2,F1,0.0,0.9044229651607426
GGG,2013J,594816,P2,F1,1.0,0.8573592903533821
GGG,2013J,594834,P2,F1,0.0,0.7959258120484595
GGG,2013J,594901,P2,F1,1.0,0.8805049946474446
GGG,2013J,594910,P2,F1,1.0,0.759187967875698
GGG,2013J,594943,P2,F1,0.0,0.8603253307787377
GGG,2013J,595185,P2,F1,0.0,0.7719216478728053
GGG,2013J,595256,P2,F1,0.0,0.8098664087570737
GGG,2013J,595305,P2,F1,0.0,0.79138200064271
GGG,2013J,595335,P2,F1,0.0,0.7626410470762826
GGG,2013J,595365,P2,F1,0.0,0.8850084047461108
GGG,2013J,595434,P2,F1,0.0,0.793303231952258
GGG,2013J,595440,P2,F1,0.0,0.891993409552057
GGG,2013J,595474,P2,F1,0.0,0.9020313818417739
GGG,2013J,595496,P2,F1,0.0,0.9075136310052303
GGG,2013J,595501,P2,F1,1.0,0.7895244393138389
GGG,2013J,595535,P2,F1,1.0,0.8969404552957935
GGG,2013J,595686,P2,F1,0.0,0.8564698362662998
GGG,2013J,595908,P2,F1,0.0,0.9129126090954066
GGG,2013J,595927,P2,F1,0.0,0.6733482295445475
GGG,2013J,595977,P2,F1,0.0,0.9275756867200139
GGG,2013J,596071,P2,F1,0.0,0.8866054636230836
GGG,2013J,596075,P2,F1,0.0,0.902295276599849
GGG,2013J,596089,P2,F1,0.0,0.7336186968880446
GGG,2013J,596091,P2,F1,0.0,0.8712521249346423
GGG,2013J,596143,P2,F1,0.0,0.8920512076769255
GGG,2013J,596208,P2,F1,0.0,0.868242255706068
GGG,2013J,596214,P2,F1,1.0,0.7822364350250333
GGG,2013J,596221,P2,F1,0.0,0.9169753581808124
GGG,2013J,596255,P2,F1,1.0,0.6970315966261194
GGG,2013J,596301,P2,F1,0.0,0.9095177598198492
GGG,2013J,596358,P2,F1,0.0,0.8086493562610171
GGG,2013J,596376,P2,F1,0.0,0.7412868535466531
GGG,2013J,596527,P2,F1,0.0,0.7892538275383456
GGG,2013J,596618,P2,F1,1.0,0.9258160157261548
GGG,2013J,596636,P2,F1,0.0,0.8118388556885081
GGG,2013J,596694,P2,F1,0.0,0.7309987488267207
GGG,2013J,596697,P2,F1,0.0,0.7769989827295657
GGG,2013J,596801,P2,F1,0.0,0.7549276414982318
GGG,2013J,596819,P2,F1,1.0,0.8588733744905191
GGG,2013J,596824,P2,F1,0.0,0.8486774119523678
GGG,2013J,596943,P2,F1,0.0,0.825650981829536
GGG,2013J,597045,P2,F1,0.0,0.7706928106387824
GGG,2013J,597058,P2,F1,0.0,0.5715494095513641
GGG,2013J,597060,P2,F1,0.0,0.8664816806301117
GGG,2013J,597097,P2,F1,0.0,0.8968446202792321
GGG,2013J,597114,P2,F1,0.0,0.6504700602891287
GGG,2013J,597152,P2,F1,1.0,0.8049026259747829
GGG,2013J,597212,P2,F1,1.0,0.8009516138481446
GGG,2013J,597253,P2,F1,0.0,0.8134302063357732
GGG,2013J,597289,P2,F1,1.0,0.8980843412379192
GGG,2013J,597299,P2,F1,0.0,0.8983394431358646
GGG,2013J,597333,P2,F1,0.0,0.7199445969346828
GGG,2013J,597360,P2,F1,0.0,0.8084688113167229
GGG,2013J,597515,P2,F1,0.0,0.8660155037608913
GGG,2013J,597597,P2,F1,0.0,0.7847228326823649
GGG,2013J,597617,P2,F1,0.0,0.8776873875041976
GGG,2013J,597669,P2,F1,0.0,0.7826091240183134
GGG,2013J,597936,P2,F1,1.0,0.7680147893831265
GGG,2013J,597941,P2,F1,0.0,0.8715329012911422
GGG,2013J,597971,P2,F1,0.0,0.7539785825579696
GGG,2013J,598107,P2,F1,0.0,0.8800131806038981
GGG,2013J,598139,P2,F1,0.0,0.8382003046901934
GGG,2013J,598176,P2,F1,0.0,0.9035938100441443
GGG,2013J,598178,P2,F1,0.0,0.8980206087407918
GGG,2013J,598226,P2,F1,1.0,0.8931296636132292
GGG,2013J,598327,P2,F1,0.0,0.907079604293071
GGG,2013J,598406,P2,F1,1.0,0.8984056638946755
GGG,2013J,598420,P2,F1,0.0,0.8416808189809797
GGG,2013J,598421,P2,F1,0.0,0.6953062469280903
GGG,2013J,598546,P2,F1,1.0,0.8970362114999334
GGG,2013J,598667,P2,F1,0.0,0.77825124981543
GGG,2013J,598717,P2,F1,1.0,0.898510956059313
GGG,2013J,598731,P2,F1,1.0,0.9239902762898574
GGG,2013J,598762,P2,F1,1.0,0.8073206169194984
GGG,2013J,598788,P2,F1,0.0,0.8778807664947944
GGG,2013J,598824,P2,F1,1.0,0.8510453447297031
GGG,2013J,598840,P2,F1,0.0,0.7073058867427375
GGG,2013J,598921,P2,F1,0.0,0.772583807383697
GGG,2013J,598923,P2,F1,1.0,0.8680231772152635
GGG,2013J,599000,P2,F1,1.0,0.9158018489435301
GGG,2013J,599009,P2,F1,0.0,0.7774467693718373
GGG,2013J,599080,P2,F1,0.0,0.8764962899804531
GGG,2013J,599267,P2,F1,1.0,0.7934838676568631
GGG,2013J,599278,P2,F1,0.0,0.7990516773120411
GGG,2013J,599306,P2,F1,0.0,0.7040208736071132
GGG,2013J,599385,P2,F1,0.0,0.8674347443850075
GGG,2013J,599410,P2,F1,0.0,0.8287915160321344
GGG,2013J,599448,P2,F1,1.0,0.8779945897171926
GGG,2013J,599499,P2,F1,1.0,0.8582441447977829
GGG,2013J,599503,P2,F1,1.0,0.8699156554212621
GGG,2013J,599529,P2,F1,0.0,0.8591244120848063
GGG,2013J,599553,P2,F1,1.0,0.8588733744905191
GGG,2013J,599804,P2,F1,1.0,0.8968446202792321
GGG,2013J,599815,P2,F1,0.0,0.7792993548751673
GGG,2013J,599853,P2,F1,1.0,0.7329153436189126
GGG,2013J,599963,P2,F1,0.0,0.9078021504407404
GGG,2013J,600032,P2,F1,1.0,0.8680800871727932
GGG,2013J,600081,P2,F1,0.0,0.7421000831012337
GGG,2013J,600097,P2,F1,0.0,0.8026032657948803
GGG,2013J,600202,P2,F1,0.0,0.8983685487316972
GGG,2013J,600266,P2,F1,1.0,0.9004609773104589
GGG,2013J,600277,P2,F1,0.0,0.8140851368311851
GGG,2013J,600305,P2,F1,0.0,0.6927305044255214
GGG,2013J,600315,P2,F1,1.0,0.9274622822832153
GGG,2013J,600320,P2,F1,1.0,0.9176210724356622
GGG,2013J,600325,P2,F1,1.0,0.8588733744905191
GGG,2013J,600461,P2,F1,1.0,0.8419306480787809
GGG,2013J,600471,P2,F1,0.0,0.9187307611605575
GGG,2013J,600514,P2,F1,0.0,0.879976604153463
GGG,2013J,600566,P2,F1,0.0,0.8661549045335073
GGG,2013J,600606,P2,F1,0.0,0.8982164348210481
GGG,2013J,600645,P2,F1,0.0,0.8223709418755077
GGG,2013J,600733,P2,F1,0.0,0.5851015105030393
GGG,2013J,600895,P2,F1,0.0,0.7861946539382793
GGG,2013J,600906,P2,F1,1.0,0.7759354992084471
GGG,2013J,600908,P2,F1,0.0,0.9008060249679619
GGG,2013J,601123,P2,F1,0.0,0.8507477948142705
GGG,2013J,601125,P2,F1,1.0,0.8564698362662998
GGG,2013J,601126,P2,F1,0.0,0.6638840146679916
GGG,2013J,601132,P2,F1,0.0,0.8546511875480751
GGG,2013J,601199,P2,F1,1.0,0.7242644066212109
GGG,2013J,601239,P2,F1,1.0,0.8522625374830415
GGG,2013J,601275,P2,F1,1.0,0.8722600108627937
GGG,2013J,601276,P2,F1,1.0,0.8969404552957935
GGG,2013J,601319,P2,F1,0.0,0.7497408529510323
GGG,2013J,601360,P2,F1,0.0,0.8154132248293421
GGG,2013J,601414,P2,F1,1.0,0.8976952467215095
GGG,2013J,601464,P2,F1,0.0,0.7705168969503295
GGG,2013J,601465,P2,F1,1.0,0.8172930251144243
GGG,2013J,601511,P2,F1,1.0,0.8628624978879667
GGG,2013J,601529,P2,F1,1.0,0.9137044503397886
GGG,2013J,601534,P2,F1,0.0,0.9049394660359493
GGG,2013J,601546,P2,F1,1.0,0.8192985806680692
GGG,2013J,601576,P2,F1,1.0,0.8398332707339363
GGG,2013J,601581,P2,F1,1.0,0.858370177821128
GGG,2013J,601605,P2,F1,0.0,0.8416937153158264
GGG,2013J,601645,P2,F1,1.0,0.895032880721565
GGG,2013J,601854,P2,F1,0.0,0.7687709471111498
GGG,2013J,601892,P2,F1,1.0,0.8983685487316972
GGG,2013J,601914,P2,F1,1.0,0.8989746236294016
GGG,2013J,601939,P2,F1,1.0,0.7755877150602046
GGG,2013J,601963,P2,F1,0.0,0.7605625567939449
GGG,2013J,601983,P2,F1,0.0,0.6844812985481716
GGG,2013J,601997,P2,F1,1.0,0.7858475106403084
GGG,2013J,602023,P2,F1,1.0,0.8439289078726715
GGG,2013J,602026,P2,F1,1.0,0.833350904351664
GGG,2013J,602072,P2,F1,0.0,0.8130742960395201
GGG,2013J,602168,P2,F1,1.0,0.7342927517386283
GGG,2013J,602175,P2,F1,1.0,0.8669474703620141
GGG,2013J,602401,P2,F1,0.0,0.8221431486618355
GGG,2013J,602470,P2,F1,0.0,0.8285307965814768
GGG,2013J,602531,P2,F1,1.0,0.808514064384476
GGG,2013J,602573,P2,F1,0.0,0.9163518057236203
GGG,2013J,602604,P2,F1,0.0,0.8586495192711004
GGG,2013J,602607,P2,F1,1.0,0.8627068477430264
GGG,2013J,602711,P2,F1,0.0,0.8569664164521797
GGG,2013J,602768,P2,F1,1.0,0.8824794397952185
GGG,2013J,602780,P2,F1,0.0,0.873355664227354
GGG,2013J,602820,P2,F1,0.0,0.8502906204286241
GGG,2013J,602997,P2,F1,1.0,0.9447996793925894
GGG,2013J,603044,P2,F1,0.0,0.8980843412379192
GGG,2013J,603058,P2,F1,0.0,0.8977043020315172
GGG,2013J,603164,P2,F1,0.0,0.7728900538664157
GGG,2013J,603230,P2,F1,0.0,0.8809675856826812
GGG,2013J,603328,P2,F1,0.0,0.8853501965714143
GGG,2013J,603365,P2,F1,1.0,0.8639468018271959
GGG,2013J,603573,P2,F1,1.0,0.8970362114999334
GGG,2013J,603579,P2,F1,0.0,0.7698855533814875
GGG,2013J,603585,P2,F1,1.0,0.768634280511553
GGG,2013J,603685,P2,F1,0.0,0.8949939247925941
GGG,2013J,603740,P2,F1,1.0,0.8701180677060696
GGG,2013J,603763,P2,F1,0.0,0.9068824759331652
GGG,2013J,603827,P2,F1,1.0,0.8784387543339521
GGG,2013J,603913,P2,F1,0.0,0.7409074122758824
GGG,2013J,603918,P2,F1,0.0,0.7055822936765773
GGG,2013J,604064,P2,F1,0.0,0.8161844707270938
GGG,2013J,604096,P2,F1,0.0,0.8204012444927049
GGG,2013J,604110,P2,F1,0.0,0.7681345588448073
GGG,2013J,604153,P2,F1,1.0,0.906447807251074
GGG,2013J,604213,P2,F1,0.0,0.8153586947492039
GGG,2013J,604336,P2,F1,0.0,0.7556817341226202
GGG,2013J,604423,P2,F1,0.0,0.7849239458245942
GGG,2013J,604471,P2,F1,1.0,0.8963642614068965
GGG,2013J,604498,P2,F1,0.0,0.9094170046473163
GGG,2013J,604534,P2,F1,1.0,0.8820768007465497
GGG,2013J,604536,P2,F1,1.0,0.8979894489440207
GGG,2013J,604539,P2,F1,0.0,0.8830841146225424
GGG,2013J,604588,P2,F1,1.0,0.8988035038447157
GGG,2013J,604721,P2,F1,0.0,0.7498361821626984
GGG,2013J,604930,P2,F1,0.0,0.7359713959099641
GGG,2013J,604980,P2,F1,0.0,0.771817759480078
GGG,2013J,605027,P2,F1,0.0,0.8002349636022031
GGG,2013J,605072,P2,F1,0.0,0.6728811189372977
GGG,2013J,605156,P2,F1,0.0,0.7749002597962503
GGG,2013J,605225,P2,F1,0.0,0.8945805276532118
GGG,2013J,605301,P2,F1,0.0,0.8139781574165763
GGG,2013J,605306,P2,F1,1.0,0.9373516819036951
GGG,2013J,605325,P2,F1,1.0,0.922747200505668
GGG,2013J,605521,P2,F1,0.0,0.7500300999525594
GGG,2013J,605692,P2,F1,0.0,0.7497589118473392
GGG,2013J,605733,P2,F1,0.0,0.851571212266876
GGG,2013J,605861,P2,F1,1.0,0.8816576153776106
GGG,2013J,605901,P2,F1,0.0,0.7343583670684848
GGG,2013J,605920,P2,F1,0.0,0.8348960668815288
GGG,2013J,605977,P2,F1,0.0,0.8581343879492277
GGG,2013J,606028,P2,F1,0.0,0.7761882739994809
GGG,2013J,606052,P2,F1,1.0,0.8551684300405669
GGG,2013J,606233,P2,F1,0.0,0.8588733744905191
GGG,2013J,606245,P2,F1,0.0,0.8575653586560948
GGG,2013J,606391,P2,F1,0.0,0.8513471905346756
GGG,2013J,606409,P2,F1,0.0,0.8137860301759653
GGG,2013J,606418,P2,F1,1.0,0.814785463811999
GGG,2013J,606435,P2,F1,0.0,0.8678133843580662
GGG,2013J,606463,P2,F1,0.0,0.8032983253198461
GGG,2013J,606471,P2,F1,0.0,0.8874164037843315
GGG,2013J,606497,P2,F1,1.0,0.8582441447977829
GGG,2013J,606570,P2,F1,0.0,0.8588733744905191
GGG,2013J,606574,P2,F1,1.0,0.8473709132843533
GGG,2013J,606815,P2,F1,0.0,0.8000118204653399
GGG,2013J,606864,P2,F1,0.0,0.8120250196166847
GGG,2013J,606869,P2,F1,0.0,0.8980296966842711
GGG,2013J,606895,P2,F1,1.0,0.7760240590113976
GGG,2013J,607018,P2,F1,1.0,0.812151910608974
GGG,2013J,607163,P2,F1,0.0,0.86245772247925
GGG,2013J,607256,P2,F1,0.0,0.7762362477561676
GGG,2013J,607293,P2,F1,0.0,0.8424266620051786
GGG,2013J,607337,P2,F1,1.0,0.8458209090940049
GGG,2013J,607443,P2,F1,0.0,0.9191159234066385
GGG,2013J,607483,P2,F1,0.0,0.8973199793746547
GGG,2013J,607507,P2,F1,0.0,0.7455683045189944
GGG,2013J,607510,P2,F1,1.0,0.2637235281706813
GGG,2013J,607514,P2,F1,1.0,0.8420646069568857
GGG,2013J,607548,P2,F1,0.0,0.8113563203738304
GGG,2013J,607754,P2,F1,0.0,0.8811741162355825
GGG,2013J,607797,P2,F1,0.0,0.8594162612375862
GGG,2013J,607798,P2,F1,1.0,0.6000202003270938
GGG,2013J,607827,P2,F1,1.0,0.6718399249129406
GGG,2013J,607849,P2,F1,0.0,0.8519954655010281
GGG,2013J,607912,P2,F1,0.0,0.7602398700491556
GGG,2013J,607957,P2,F1,1.0,0.8740907281570829
GGG,2013J,608114,P2,F1,1.0,0.858370177821128
GGG,2013J,608115,P2,F1,0.0,0.868098804953907
GGG,2013J,608195,P2,F1,0.0,0.8983685487316972
GGG,2013J,608306,P2,F1,1.0,0.9042979815643517
GGG,2013J,608318,P2,F1,1.0,0.9012177639158413
GGG,2013J,608672,P2,F1,0.0,0.7922640091810659
GGG,2013J,608693,P2,F1,1.0,0.8260059413005812
GGG,2013J,608714,P2,F1,1.0,0.8983685487316972
GGG,2013J,609330,P2,F1,0.0,0.6881231983026072
GGG,2013J,609399,P2,F1,0.0,0.8240096431700753
GGG,2013J,609403,P2,F1,0.0,0.8574156584242751
GGG,2013J,609535,P2,F1,1.0,0.8453498555389308
GGG,2013J,609538,P2,F1,0.0,0.9040060710461053
GGG,2013J,609557,P2,F1,0.0,0.9141684691776802
GGG,2013J,609761,P2,F1,0.0,0.7440711244059136
GGG,2013J,609837,P2,F1,1.0,0.8100874125335406
GGG,2013J,609900,P2,F1,0.0,0.8457326448169524
GGG,2013J,609912,P2,F1,0.0,0.7431424872167544
GGG,2013J,609979,P2,F1,1.0,0.8489938851763497
GGG,2013J,610012,P2,F1,0.0,0.9129442492918397
GGG,2013J,610016,P2,F1,1.0,0.9328720933131491
GGG,2013J,610057,P2,F1,0.0,0.7774063457219729
GGG,2013J,610347,P2,F1,0.0,0.6405142404404769
GGG,2013J,610380,P2,F1,1.0,0.8316278494076491
GGG,2013J,610405,P2,F1,0.0,0.8835524952370152
GGG,2013J,610530,P2,F1,1.0,0.8236291220882519
GGG,2013J,610557,P2,F1,1.0,0.8468527135474616
GGG,2013J,610569,P2,F1,0.0,0.7693610820349589
GGG,2013J,610573,P2,F1,1.0,0.8154255605386074
GGG,2013J,610597,P2,F1,0.0,0.9297509008038211
GGG,2013J,610738,P2,F1,1.0,0.8964456249238362
GGG,2013J,610739,P2,F1,0.0,0.8569721317219035
GGG,2013J,610749,P2,F1,0.0,0.7523561294105728
GGG,2013J,611058,P2,F1,1.0,0.7904593129355966
GGG,2013J,611138,P2,F1,1.0,0.8747363059784202
GGG,2013J,611177,P2,F1,0.0,0.8123506582750782
GGG,2013J,611215,P2,F1,0.0,0.8012951651401672
GGG,2013J,611218,P2,F1,0.0,0.8624200785930903
GGG,2013J,611241,P2,F1,0.0,0.8127127236160905
GGG,2013J,611331,P2,F1,1.0,0.8595493588367653
GGG,2013J,611580,P2,F1,0.0,0.7358656461796267
GGG,2013J,612986,P2,F1,0.0,0.7728381441112635
GGG,2013J,1319732,P2,F1,0.0,0.9076260108311457
GGG,2013J,1341096,P2,F1,0.0,0.7650267552239278
GGG,2013J,1347253,P2,F1,0.0,0.8533317822331169
GGG,2013J,1470552,P2,F1,1.0,0.7236890285949988
GGG,2013J,1498979,P2,F1,0.0,0.8994551466254159
GGG,2013J,1516666,P2,F1,1.0,0.8986090286798036
GGG,2013J,1537673,P2,F1,1.0,0.8416529341262088
GGG,2013J,1674804,P2,F1,0.0,0.8682735068003907
GGG,2013J,1678445,P2,F1,0.0,0.7663175305719127
GGG,2013J,1699264,P2,F1,1.0,0.8009723981784558
GGG,2013J,1720448,P2,F1,0.0,0.8562148599605632
GGG,2013J,1729833,P2,F1,0.0,0.7999411516163165
GGG,2013J,1756915,P2,F1,0.0,0.8795838465973864
GGG,2013J,1813731,P2,F1,0.0,0.9042082576190879
GGG,2013J,1828078,P2,F1,1.0,0.7967115358340747
GGG,2013J,1830666,P2,F1,1.0,0.8470513235213183
GGG,2013J,1873505,P2,F1,0.0,0.8868687196273907
GGG,2013J,1930019,P2,F1,0.0,0.9030229383850893
GGG,2013J,1932526,P2,F1,1.0,0.8510793140403972
GGG,2013J,1953764,P2,F1,1.0,0.8579917978676268
GGG,2013J,1969985,P2,F1,0.0,0.785134644159285
GGG,2013J,1993905,P2,F1,0.0,0.7333162938131997
GGG,2013J,2002057,P2,F1,1.0,0.8980843412379192
GGG,2013J,2019921,P2,F1,1.0,0.8977043020315172
GGG,2013J,2035700,P2,F1,0.0,0.762938033962193
GGG,2013J,2067146,P2,F1,1.0,0.9124905466124601
GGG,2013J,2152928,P2,F1,1.0,0.8719481620438969
GGG,2013J,2174129,P2,F1,0.0,0.7300500398105226
GGG,2013J,2180994,P2,F1,0.0,0.6933703564341912
GGG,2013J,2181700,P2,F1,0.0,0.7825824754865205
GGG,2013J,2246073,P2,F1,0.0,0.9084042478504083
GGG,2013J,2248072,P2,F1,0.0,0.8969404552957935
GGG,2013J,2248779,P2,F1,1.0,0.8983685487316972
GGG,2013J,2248789,P2,F1,1.0,0.7421238994277005
GGG,2013J,2254271,P2,F1,1.0,0.7439474990695241
GGG,2013J,2271264,P2,F1,0.0,0.8498207049614332
GGG,2013J,2280643,P2,F1,0.0,0.5837688640715188
GGG,2013J,2285156,P2,F1,0.0,0.8023874443037284
GGG,2013J,2312783,P2,F1,1.0,0.7072729819845387
GGG,2013J,2343354,P2,F1,0.0,0.8458582520950327
GGG,2013J,2349926,P2,F1,1.0,0.853134948711338
GGG,2013J,2365602,P2,F1,1.0,0.8015314571528063
GGG,2013J,2369187,P2,F1,0.0,0.7727822321926731
GGG,2013J,2379431,P2,F1,1.0,0.69681700450362
GGG,2013J,2386281,P2,F1,0.0,0.8561516329765582
GGG,2013J,2387566,P2,F1,1.0,0.9192770376337218
GGG,2013J,2394352,P2,F1,1.0,0.8132815763989603
GGG,2013J,2417702,P2,F1,0.0,0.9338217266431649
GGG,2013J,2420364,P2,F1,0.0,0.806157217723571
GGG,2013J,2458203,P2,F1,0.0,0.7295127116110932
GGG,2013J,2462584,P2,F1,0.0,0.8948137982086494
GGG,2013J,2464917,P2,F1,1.0,0.9001852993721841
GGG,2013J,2477040,P2,F1,1.0,0.7952257956193316
GGG,2013J,2482885,P2,F1,1.0,0.7712048507170315
GGG,2013J,2498139,P2,F1,0.0,0.8103052908326772
GGG,2013J,2511859,P2,F1,0.0,0.7952851823906367
GGG,2013J,2516931,P2,F1,1.0,0.7869094739852607
GGG,2013J,2519972,P2,F1,1.0,0.8647907144865135
GGG,2013J,2540288,P2,F1,1.0,0.8572325073843737
GGG,2013J,2540450,P2,F1,1.0,0.853773753006384
GGG,2013J,2542291,P2,F1,0.0,0.8509044085758372
GGG,2013J,2542342,P2,F1,1.0,0.8929786460173792
GGG,2013J,2555098,P2,F1,1.0,0.8599745095015033
GGG,2013J,2561971,P2,F1,0.0,0.7359972381555661
GGG,2013J,2591672,P2,F1,1.0,0.8564250136348005
GGG,2013J,2599817,P2,F1,0.0,0.8900606449106
GGG,2013J,2621695,P2,F1,0.0,0.8328105770633558
GGG,2013J,2638532,P2,F1,0.0,0.8600623669220866
GGG,2013J,2643122,P2,F1,0.0,0.8316285126468242
GGG,2013J,2649341,P2,F1,1.0,0.8894290415432614
GGG,2013J,2653027,P2,F1,1.0,0.9115069574696485
GGG,2013J,2656100,P2,F1,0.0,0.8170823022108971
GGG,2013J,2670570,P2,F1,0.0,0.6989563076275579
GGG,2013J,2673510,P2,F1,1.0,0.9033395104261303
GGG,2013J,2674822,P2,F1,1.0,0.8874601934745909
GGG,2013J,2679386,P2,F1,0.0,0.8332868244049362
GGG,2013J,2679694,P2,F1,1.0,0.8968136583603148
BBB,2014B,25629,P3,F2,1.0,0.9596627726243345
BBB,2014B,25997,P3,F2,1.0,0.9284211371862581
BBB,2014B,27891,P3,F2,1.0,0.9453189986083338
BBB,2014B,38941,P3,F2,1.0,0.5926986238918901
BBB,2014B,50069,P3,F2,1.0,0.2793327497891983
BBB,2014B,52426,P3,F2,1.0,0.7665435345978504
BBB,2014B,55968,P3,F2,1.0,0.4542463036769315
BBB,2014B,59725,P3,F2,0.0,0.16042965490935263
BBB,2014B,60416,P3,F2,0.0,0.4964544069200735
BBB,2014B,60830,P3,F2,0.0,0.24714641779378937
BBB,2014B,63721,P3,F2,0.0,0.3334810434651672
BBB,2014B,64275,P3,F2,0.0,0.47529118602237747
BBB,2014B,72400,P3,F2,0.0,0.395081290637792
BBB,2014B,78255,P3,F2,1.0,0.9600980616850237
BBB,2014B,80001,P3,F2,1.0,0.9379111110746033
BBB,2014B,88340,P3,F2,1.0,0.4409782070956261
BBB,2014B,89092,P3,F2,0.0,0.5850586558645249
BBB,2014B,89778,P3,F2,0.0,0.32819227349340424
BBB,2014B,90361,P3,F2,0.0,0.5152688952784604
BBB,2014B,92341,P3,F2,1.0,0.2900606259050995
BBB,2014B,97006,P3,F2,0.0,0.4928483368108518
BBB,2014B,97865,P3,F2,1.0,0.4611152699377534
BBB,2014B,99799,P3,F2,0.0,0.3265083108752127
BBB,2014B,103535,P3,F2,0.0,0.651195667241025
BBB,2014B,107713,P3,F2,1.0,0.45338015192530284
BBB,2014B,108799,P3,F2,0.0,0.07391049810688602
BBB,2014B,115452,P3,F2,1.0,0.2653698176367446
BBB,2014B,117699,P3,F2,0.0,0.17442941621836952
BBB,2014B,119471,P3,F2,1.0,0.6941689016669631
BBB,2014B,123270,P3,F2,1.0,0.42147025382790904
BBB,2014B,123462,P3,F2,0.0,0.24481112642967703
BBB,2014B,125055,P3,F2,0.0,0.40976295841053895
BBB,2014B,126608,P3,F2,0.0,0.6381103148746752
BBB,2014B,126713,P3,F2,0.0,0.5531824132509534
BBB,2014B,130013,P3,F2,0.0,0.21467720553007208
BBB,2014B,132972,P3,F2,0.0,0.5948012876993818
BBB,2014B,139250,P3,F2,0.0,0.20777057752499986
BBB,2014B,140719,P3,F2,1.0,0.35235457423347605
BBB,2014B,148427,P3,F2,0.0,0.1883690434912613
BBB,2014B,155631,P3,F2,0.0,0.3629683834896339
BBB,2014B,157276,P3,F2,0.0,0.25887940298997564
BBB,2014B,159293,P3,F2,0.0,0.1372653993540551
BBB,2014B,165904,P3,F2,0.0,0.16905670730119177
BBB,2014B,171751,P3,F2,0.0,0.5211145023719194
BBB,2014B,172137,P3,F2,0.0,0.2526617193449201
BBB,2014B,183287,P3,F2,1.0,0.5145218337553058
BBB,2014B,185021,P3,F2,0.0,0.5578269133859571
BBB,2014B,186565,P3,F2,1.0,0.3988280091256177
BBB,2014B,187257,P3,F2,0.0,0.31746735728947684
BBB,2014B,187601,P3,F2,0.0,0.3554101963787951
BBB,2014B,189035,P3,F2,0.0,0.23505484481929512
BBB,2014B,190352,P3,F2,1.0,0.8443613475115761
BBB,2014B,190565,P3,F2,0.0,0.6390578637019741
BBB,2014B,201431,P3,F2,0.0,0.27542287936444565
BBB,2014B,202394,P3,F2,0.0,0.2762858388728977
BBB,2014B,206003,P3,F2,0.0,0.3291278930672126
BBB,2014B,226747,P3,F2,0.0,0.27690212499654165
BBB,2014B,228481,P3,F2,0.0,0.21166844266108042
BBB,2014B,228784,P3,F2,0.0,0.4255187365232661
BBB,2014B,228824,P3,F2,0.0,0.3494430441758404
BBB,2014B,232539,P3,F2,0.0,0.276234725571061
BBB,2014B,233095,P3,F2,0.0,0.3094749180969924
BBB,2014B,233102,P3,F2,0.0,0.20538391774817044
BBB,2014B,235380,P3,F2,1.0,0.3844918944255262
BBB,2014B,235428,P3,F2,1.0,0.9472259905689084
BBB,2014B,236161,P3,F2,0.0,0.3518742117911187
BBB,2014B,238519,P3,F2,1.0,0.25835911625535785
BBB,2014B,242390,P3,F2,1.0,0.4150616266263983
BBB,2014B,244064,P3,F2,0.0,0.3297187605187823
BBB,2014B,247292,P3,F2,0.0,0.3460473990276843
BBB,2014B,247513,P3,F2,0.0,0.10399130911444403
BBB,2014B,250123,P3,F2,0.0,0.3392724284003308
BBB,2014B,252652,P3,F2,0.0,0.9321005135822372
BBB,2014B,260955,P3,F2,1.0,0.7870267620008431
BBB,2014B,262294,P3,F2,1.0,0.9256027855020151
BBB,2014B,264106,P3,F2,0.0,0.7988956446742187
BBB,2014B,266744,P3,F2,1.0,0.9495594658240718
BBB,2014B,268301,P3,F2,0.0,0.13306220847373357
BBB,2014B,271467,P3,F2,1.0,0.6336483126423358
BBB,2014B,275006,P3,F2,1.0,0.5696457259700095
BBB,2014B,275112,P3,F2,1.0,0.9431147450580522
BBB,2014B,282713,P3,F2,0.0,0.22805698830683313
BBB,2014B,283131,P3,F2,1.0,0.3539222055731981
BBB,2014B,283564,P3,F2,1.0,0.4365325553079535
BBB,2014B,283978,P3,F2,1.0,0.8643983370341476
BBB,2014B,285567,P3,F2,0.0,0.1387149529819448
BBB,2014B,286914,P3,F2,0.0,0.1412768445613744
BBB,2014B,288967,P3,F2,0.0,0.19315433403481141
BBB,2014B,289108,P3,F2,0.0,0.5246032378951232
BBB,2014B,290914,P3,F2,0.0,0.8687802557848996
BBB,2014B,291844,P3,F2,0.0,0.36245266043075103
BBB,2014B,291848,P3,F2,1.0,0.6224083076894118
BBB,2014B,293992,P3,F2,0.0,0.4040959875490868
BBB,2014B,294513,P3,F2,0.0,0.12539927540387757
BBB,2014B,295728,P3,F2,1.0,0.5989756204212815
BBB,2014B,296232,P3,F2,0.0,0.19122187062317028
BBB,2014B,297179,P3,F2,1.0,0.4251218243789703
BBB,2014B,299027,P3,F2,1.0,0.9278005872803101
BBB,2014B,304607,P3,F2,1.0,0.3695134091822675
BBB,2014B,305373,P3,F2,1.0,0.7306961938493441
BBB,2014B,307386,P3,F2,0.0,0.29867711058974494
BBB,2014B,308345,P3,F2,1.0,0.24893810740348052
BBB,2014B,311599,P3,F2,0.0,0.22498602290223568
BBB,2014B,311889,P3,F2,1.0,0.5660446058617314
BBB,2014B,313246,P3,F2,0.0,0.36248056587396016
BBB,2014B,318500,P3,F2,1.0,0.1813506528970949
BBB,2014B,318876,P3,F2,0.0,0.3443665759591346
BBB,2014B,319606,P3,F2,1.0,0.43945992447534915
BBB,2014B,320363,P3,F2,1.0,0.9476999076190918
BBB,2014B,321121,P3,F2,0.0,0.40478781331892993
BBB,2014B,321142,P3,F2,1.0,0.9438473965795089
BBB,2014B,321346,P3,F2,0.0,0.4040907710453774
BBB,2014B,322325,P3,F2,1.0,0.35703788330778463
BBB,2014B,322509,P3,F2,0.0,0.3597619834363547
BBB,2014B,324907,P3,F2,0.0,0.28688381886814124
BBB,2014B,325080,P3,F2,0.0,0.20259683819635818
BBB,2014B,325308,P3,F2,0.0,0.4979319525679135
BBB,2014B,327003,P3,F2,0.0,0.2835717235650198
BBB,2014B,327641,P3,F2,0.0,0.4264856390291547
BBB,2014B,331156,P3,F2,0.0,0.7960118180348785
BBB,2014B,334023,P3,F2,0.0,0.40511245099158705
BBB,2014B,334565,P3,F2,0.0,0.08538057582890769
BBB,2014B,334981,P3,F2,0.0,0.5743762831342892
BBB,2014B,336356,P3,F2,0.0,0.2709698567698996
BBB,2014B,338168,P3,F2,1.0,0.36753952755366326
BBB,2014B,339381,P3,F2,0.0,0.16239023086350707
BBB,2014B,340831,P3,F2,0.0,0.8445585804834561
BBB,2014B,342017,P3,F2,1.0,0.291707438584608
BBB,2014B,347864,P3,F2,1.0,0.5144063866282712
BBB,2014B,348771,P3,F2,1.0,0.6670810378910987
BBB,2014B,349258,P3,F2,1.0,0.5673478143919201
BBB,2014B,352009,P3,F2,1.0,0.8903325361243968
BBB,2014B,352953,P3,F2,1.0,0.3429892970849785
BBB,2014B,354984,P3,F2,0.0,0.21023566056017007
BBB,2014B,355147,P3,F2,0.0,0.2840778709614793
BBB,2014B,355369,P3,F2,1.0,0.9297062242799397
BBB,2014B,355643,P3,F2,0.0,0.38044163839770784
BBB,2014B,356386,P3,F2,1.0,0.6817793933299626
BBB,2014B,358054,P3,F2,1.0,0.18800185467690242
BBB,2014B,358956,P3,F2,0.0,0.4910113836443242
BBB,2014B,359438,P3,F2,0.0,0.42001124308745486
BBB,2014B,360190,P3,F2,1.0,0.8136170525139214
BBB,2014B,363110,P3,F2,0.0,0.3248676854052707
BBB,2014B,363396,P3,F2,0.0,0.13624554415468978
BBB,2014B,365111,P3,F2,1.0,0.2411470476462004
BBB,2014B,365488,P3,F2,1.0,0.6973960248751538
BBB,2014B,366936,P3,F2,1.0,0.3114094001051498
BBB,2014B,367535,P3,F2,0.0,0.65133368153845
BBB,2014B,369715,P3,F2,0.0,0.7180562711139717
BBB,2014B,370008,P3,F2,1.0,0.2260610905293288
BBB,2014B,372997,P3,F2,0.0,0.2364056430036414
BBB,2014B,374515,P3,F2,1.0,0.6835548901731684
BBB,2014B,374747,P3,F2,0.0,0.4148879746937225
BBB,2014B,375711,P3,F2,1.0,0.3444135085683103
BBB,2014B,375717,P3,F2,0.0,0.19119727721440372
BBB,2014B,376868,P3,F2,1.0,0.9683223046944792
BBB,2014B,377469,P3,F2,0.0,0.31950779938918306
BBB,2014B,380184,P3,F2,0.0,0.5416380388113097
BBB,2014B,380204,P3,F2,0.0,0.20247288737420635
BBB,2014B,381533,P3,F2,0.0,0.43222907969124974
BBB,2014B,381544,P3,F2,0.0,0.1964603827202257
BBB,2014B,381909,P3,F2,0.0,0.212620444375924
BBB,2014B,381917,P3,F2,0.0,0.15665534151473232
BBB,2014B,383241,P3,F2,0.0,0.49856380344878815
BBB,2014B,383967,P3,F2,0.0,0.49266744081020436
BBB,2014B,384636,P3,F2,1.0,0.29475167893377313
BBB,2014B,384884,P3,F2,0.0,0.5412509334063834
BBB,2014B,386374,P3,F2,1.0,0.4283847347674641
BBB,2014B,389249,P3,F2,0.0,0.5461463524225483
BBB,2014B,391153,P3,F2,0.0,0.3171104269896193
BBB,2014B,391556,P3,F2,1.0,0.9608445885751786
BBB,2014B,392604,P3,F2,0.0,0.29097495807419377
BBB,2014B,392733,P3,F2,1.0,0.6328448196337878
BBB,2014B,393131,P3,F2,1.0,0.5372503584261801
BBB,2014B,394067,P3,F2,0.0,0.3077385603336258
BBB,2014B,394331,P3,F2,0.0,0.43599557310635206
BBB,2014B,394480,P3,F2,1.0,0.5247703911308782
BBB,2014B,394520,P3,F2,0.0,0.6461669782695607
BBB,2014B,395374,P3,F2,0.0,0.21689351059792011
BBB,2014B,396456,P3,F2,0.0,0.2522947932830267
BBB,2014B,396799,P3,F2,0.0,0.3366781688293169
BBB,2014B,397312,P3,F2,1.0,0.28359816008309735
BBB,2014B,397747,P3,F2,0.0,0.6300657262279605
BBB,2014B,397829,P3,F2,0.0,0.456146114225124
BBB,2014B,401441,P3,F2,1.0,0.3884203673799285
BBB,2014B,405268,P3,F2,0.0,0.778207606063484
BBB,2014B,406600,P3,F2,0.0,0.5564826507965005
BBB,2014B,406974,P3,F2,1.0,0.8919959552781048
BBB,2014B,407545,P3,F2,1.0,0.44357150906382053
BBB,2014B,408581,P3,F2,0.0,0.5468227513906084
BBB,2014B,411895,P3,F2,1.0,0.7548065976551901
BBB,2014B,415298,P3,F2,1.0,0.9508523648453392
BBB,2014B,417263,P3,F2,0.0,0.2950629253388563
BBB,2014B,417684,P3,F2,0.0,0.23133535432438074
BBB,2014B,420663,P3,F2,0.0,0.45412060078514094
BBB,2014B,421326,P3,F2,1.0,0.6993108254254682
BBB,2014B,421992,P3,F2,1.0,0.44992835890248306
BBB,2014B,423652,P3,F2,0.0,0.35797354637046513
BBB,2014B,424014,P3,F2,0.0,0.6925733204786564
BBB,2014B,424863,P3,F2,1.0,0.8057094431064674
BBB,2014B,429099,P3,F2,0.0,0.28501563618395626
BBB,2014B,429417,P3,F2,0.0,0.35504945085245976
BBB,2014B,429777,P3,F2,1.0,0.7501168340103873
BBB,2014B,430002,P3,F2,1.0,0.964759379364176
BBB,2014B,432480,P3,F2,0.0,0.435280272059375
BBB,2014B,435057,P3,F2,1.0,0.9571587899498015
BBB,2014B,435282,P3,F2,1.0,0.5224713190582096
BBB,2014B,437171,P3,F2,0.0,0.26643708557167484
BBB,2014B,437565,P3,F2,0.0,0.495905265567743
BBB,2014B,438775,P3,F2,1.0,0.6753943887703487
BBB,2014B,439109,P3,F2,1.0,0.4265230642249546
BBB,2014B,439710,P3,F2,0.0,0.11752234643964363
BBB,2014B,442497,P3,F2,1.0,0.7285591434669463
BBB,2014B,444221,P3,F2,1.0,0.43277639319555006
BBB,2014B,444561,P3,F2,0.0,0.22476429138690648
BBB,2014B,444858,P3,F2,1.0,0.4682989324033346
BBB,2014B,444872,P3,F2,0.0,0.2886032292473914
BBB,2014B,445136,P3,F2,1.0,0.35191676996156473
BBB,2014B,445415,P3,F2,0.0,0.21339904319444564
BBB,2014B,445494,P3,F2,0.0,0.15089556764191453
BBB,2014B,446296,P3,F2,1.0,0.4185492116126952
BBB,2014B,446650,P3,F2,0.0,0.4303302173456983
BBB,2014B,446755,P3,F2,0.0,0.21557769563907936
BBB,2014B,447184,P3,F2,0.0,0.6580347742166329
BBB,2014B,447265,P3,F2,0.0,0.719818319478852
BBB,2014B,447292,P3,F2,1.0,0.4588100924503842
BBB,2014B,465369,P3,F2,0.0,0.7612939035142412
BBB,2014B,466377,P3,F2,1.0,0.3312450506123386
BBB,2014B,466856,P3,F2,0.0,0.6722686020011409
BBB,2014B,467100,P3,F2,1.0,0.21467575552998527
BBB,2014B,467303,P3,F2,0.0,0.3145968442179706
BBB,2014B,467580,P3,F2,0.0,0.46633742135795536
BBB,2014B,468349,P3,F2,1.0,0.45134782677476304
BBB,2014B,468529,P3,F2,1.0,0.4617721698864693
BBB,2014B,469177,P3,F2,0.0,0.17280920290089477
BBB,2014B,469664,P3,F2,1.0,0.963472672105631
BBB,2014B,470113,P3,F2,0.0,0.3686953911557619
BBB,2014B,470331,P3,F2,1.0,0.41883524520162413
BBB,2014B,470693,P3,F2,0.0,0.10608969254885017
BBB,2014B,471157,P3,F2,1.0,0.9558174130515484
BBB,2014B,471925,P3,F2,0.0,0.49447706339780595
BBB,2014B,473095,P3,F2,1.0,0.5262115827494119
BBB,2014B,473509,P3,F2,1.0,0.4503870290988667
BBB,2014B,474607,P3,F2,1.0,0.8538637895417682
BBB,2014B,475981,P3,F2,0.0,0.340127391872244
BBB,2014B,476037,P3,F2,1.0,0.9489504219507988
BBB,2014B,477779,P3,F2,1.0,0.35234106037999924
BBB,2014B,478242,P3,F2,0.0,0.4464438754536966
BBB,2014B,478317,P3,F2,1.0,0.8655819187641177
BBB,2014B,479738,P3,F2,0.0,0.3885587290980326
BBB,2014B,480372,P3,F2,0.0,0.6953740547166485
BBB,2014B,481150,P3,F2,0.0,0.22231801859644146
BBB,2014B,481947,P3,F2,1.0,0.6858276179082998
BBB,2014B,483031,P3,F2,0.0,0.23691122259197633
BBB,2014B,483411,P3,F2,1.0,0.9572507428267575
BBB,2014B,483468,P3,F2,0.0,0.17370638265211125
BBB,2014B,483485,P3,F2,0.0,0.6271849380696631
BBB,2014B,483921,P3,F2,1.0,0.40143077728229937
BBB,2014B,484821,P3,F2,1.0,0.9136818215813828
BBB,2014B,484983,P3,F2,1.0,0.19348606149345723
BBB,2014B,485180,P3,F2,0.0,0.2838796096059663
BBB,2014B,485262,P3,F2,0.0,0.28020870483650145
BBB,2014B,485675,P3,F2,1.0,0.8430303249114796
BBB,2014B,485980,P3,F2,0.0,0.5981680161833184
BBB,2014B,486994,P3,F2,0.0,0.0847647143778626
BBB,2014B,487002,P3,F2,0.0,0.3021180609154103
BBB,2014B,487543,P3,F2,0.0,0.44143819310145455
BBB,2014B,489198,P3,F2,1.0,0.2851171684371116
BBB,2014B,490391,P3,F2,0.0,0.4492637064648624
BBB,2014B,492895,P3,F2,1.0,0.1535921642551221
BBB,2014B,492928,P3,F2,1.0,0.6455244993215515
BBB,2014B,493559,P3,F2,0.0,0.44777426789667635
BBB,2014B,494896,P3,F2,0.0,0.6630186789689383
BBB,2014B,495324,P3,F2,1.0,0.5792665920438835
BBB,2014B,495876,P3,F2,1.0,0.9446623394100602
BBB,2014B,497872,P3,F2,1.0,0.6478076932122635
BBB,2014B,500279,P3,F2,1.0,0.6645544690516907
BBB,2014B,500395,P3,F2,1.0,0.7325180312685059
BBB,2014B,501095,P3,F2,0.0,0.16922913632005734
BBB,2014B,504352,P3,F2,1.0,0.38045441602725794
BBB,2014B,504967,P3,F2,1.0,0.6722023601911984
BBB,2014B,505248,P3,F2,1.0,0.43706836897913753
BBB,2014B,505899,P3,F2,0.0,0.5333578442540144
BBB,2014B,506622,P3,F2,0.0,0.3600380066037556
BBB,2014B,506650,P3,F2,0.0,0.933513813551583
BBB,2014B,507009,P3,F2,1.0,0.9676168704145133
BBB,2014B,507983,P3,F2,1.0,0.3025634499074179
BBB,2014B,508100,P3,F2,1.0,0.21950833158132405
BBB,2014B,508400,P3,F2,1.0,0.4371520958575486
BBB,2014B,508470,P3,F2,0.0,0.4577222321711118
BBB,2014B,508940,P3,F2,0.0,0.7734071081267225
BBB,2014B,509696,P3,F2,0.0,0.4254069317201135
BBB,2014B,510141,P3,F2,1.0,0.9572982232016697
BBB,2014B,511506,P3,F2,1.0,0.7703139937441715
BBB,2014B,511901,P3,F2,0.0,0.216571636160408
BBB,2014B,512118,P3,F2,1.0,0.4150950037009411
BBB,2014B,513077,P3,F2,1.0,0.7790972161692427
BBB,2014B,514031,P3,F2,0.0,0.4792603780286976
BBB,2014B,516601,P3,F2,1.0,0.5851469846745753
BBB,2014B,517679,P3,F2,0.0,0.4399799603631464
BBB,2014B,518711,P3,F2,1.0,0.8405609202871236
BBB,2014B,519078,P3,F2,0.0,0.4096634960573299
BBB,2014B,519084,P3,F2,1.0,0.6159951595194259
BBB,2014B,519859,P3,F2,0.0,0.15897998227503407
BBB,2014B,521671,P3,F2,1.0,0.9324892170474871
BBB,2014B,521957,P3,F2,1.0,0.9657717180463187
BBB,2014B,522087,P3,F2,0.0,0.3512957052633229
BBB,2014B,523021,P3,F2,1.0,0.5277587013867752
BBB,2014B,523247,P3,F2,0.0,0.27547296735151716
BBB,2014B,524290,P3,F2,0.0,0.3634105474772537
BBB,2014B,525027,P3,F2,1.0,0.34555644201943103
BBB,2014B,525942,P3,F2,1.0,0.9544359305336511
BBB,2014B,526285,P3,F2,0.0,0.37442401505186185
BBB,2014B,529438,P3,F2,1.0,0.5095493533537351
BBB,2014B,529439,P3,F2,1.0,0.955651199224222
BBB,2014B,529705,P3,F2,1.0,0.9517643983534045
BBB,2014B,531755,P3,F2,0.0,0.5369395337945854
BBB,2014B,532274,P3,F2,1.0,0.5737417078761646
BBB,2014B,532617,P3,F2,0.0,0.3980732570108979
BBB,2014B,533077,P3,F2,1.0,0.16762275009550145
BBB,2014B,533210,P3,F2,0.0,0.286070460367926
BBB,2014B,533527,P3,F2,1.0,0.18348954602949152
BBB,2014B,534143,P3,F2,1.0,0.6220919391090195
BBB,2014B,534163,P3,F2,1.0,0.27073374862380806
BBB,2014B,535077,P3,F2,0.0,0.18921276355662506
BBB,2014B,535462,P3,F2,1.0,0.546402539102516
BBB,2014B,535506,P3,F2,0.0,0.4345357567418138
BBB,2014B,535548,P3,F2,0.0,0.6654302643476421
BBB,2014B,536286,P3,F2,0.0,0.392044955102714
BBB,2014B,536629,P3,F2,0.0,0.2567089588617723
BBB,2014B,536805,P3,F2,0.0,0.4015634145678705
BBB,2014B,537077,P3,F2,0.0,0.5938453788376835
BBB,2014B,537171,P3,F2,0.0,0.33842716736085404
BBB,2014B,537373,P3,F2,0.0,0.5157661901473798
BBB,2014B,537605,P3,F2,1.0,0.6262699832758324
BBB,2014B,537698,P3,F2,0.0,0.43870911056795714
BBB,2014B,538196,P3,F2,1.0,0.9023041632288792
BBB,2014B,539675,P3,F2,1.0,0.4399549048812545
BBB,2014B,539894,P3,F2,0.0,0.5914071250509922
BBB,2014B,540558,P3,F2,0.0,0.3688337143981383
BBB,2014B,541769,P3,F2,0.0,0.7354164481976293
BBB,2014B,542466,P3,F2,0.0,0.6542871896236186
BBB,2014B,542547,P3,F2,0.0,0.4743300429624947
BBB,2014B,543963,P3,F2,1.0,0.6560212417555725
BBB,2014B,544050,P3,F2,1.0,0.9349828751962774
BBB,2014B,544430,P3,F2,1.0,0.926812957217091
BBB,2014B,545146,P3,F2,0.0,0.40674634406447585
BBB,2014B,545196,P3,F2,0.0,0.4642674461324166
BBB,2014B,545223,P3,F2,1.0,0.9584465923851441
BBB,2014B,545254,P3,F2,0.0,0.7154126282219193
BBB,2014B,546202,P3,F2,0.0,0.524363198144033
BBB,2014B,546302,P3,F2,1.0,0.7883678193099026
BBB,2014B,547018,P3,F2,1.0,0.31209786663907724
BBB,2014B,547487,P3,F2,0.0,0.2272893999330848
BBB,2014B,547556,P3,F2,1.0,0.6310830565613164
BBB,2014B,548296,P3,F2,1.0,0.5752151807636187
BBB,2014B,548445,P3,F2,1.0,0.4520250923589234
BBB,2014B,548844,P3,F2,1.0,0.5779080884304552
BBB,2014B,549078,P3,F2,1.0,0.8407671330622156
BBB,2014B,549087,P3,F2,1.0,0.9416263529612746
BBB,2014B,549190,P3,F2,0.0,0.49970801504006096
BBB,2014B,549892,P3,F2,1.0,0.5754634917994175
BBB,2014B,550269,P3,F2,0.0,0.649528161832123
BBB,2014B,551053,P3,F2,1.0,0.9559879875136472
BBB,2014B,551252,P3,F2,0.0,0.14506331196231634
BBB,2014B,551515,P3,F2,0.0,0.4381706839186246
BBB,2014B,551718,P3,F2,1.0,0.5634368298719732
BBB,2014B,551953,P3,F2,1.0,0.32080865550587456
BBB,2014B,552025,P3,F2,1.0,0.9428275330251985
BBB,2014B,552656,P3,F2,1.0,0.5522598546140102
BBB,2014B,552896,P3,F2,1.0,0.12557949292286516
BBB,2014B,553437,P3,F2,1.0,0.2994736814430573
BBB,2014B,553733,P3,F2,1.0,0.22568732145917447
BBB,2014B,553807,P3,F2,1.0,0.9509629438271527
BBB,2014B,553808,P3,F2,0.0,0.2974824797580428
BBB,2014B,554004,P3,F2,0.0,0.3831486423632753
BBB,2014B,554969,P3,F2,0.0,0.2668523566883611
BBB,2014B,555015,P3,F2,0.0,0.3408318609613037
BBB,2014B,555720,P3,F2,1.0,0.7685875029717415
BBB,2014B,555860,P3,F2,1.0,0.6070686469745186
BBB,2014B,555994,P3,F2,1.0,0.9442818956805084
BBB,2014B,556012,P3,F2,1.0,0.6447069408473642
BBB,2014B,556853,P3,F2,0.0,0.6944319507779115
BBB,2014B,556877,P3,F2,0.0,0.848707657230578
BBB,2014B,557029,P3,F2,1.0,0.28611054247668266
BBB,2014B,557351,P3,F2,1.0,0.5638653955054651
BBB,2014B,558084,P3,F2,0.0,0.20597694087641438
BBB,2014B,558595,P3,F2,0.0,0.23888636141840938
BBB,2014B,558921,P3,F2,0.0,0.1595969464591572
BBB,2014B,559065,P3,F2,1.0,0.9268622935777243
BBB,2014B,559090,P3,F2,1.0,0.9181032407584107
BBB,2014B,559336,P3,F2,0.0,0.3777684557057996
BBB,2014B,559381,P3,F2,0.0,0.21359339642912395
BBB,2014B,559467,P3,F2,0.0,0.5812917562479266
BBB,2014B,559573,P3,F2,1.0,0.37282580046817715
BBB,2014B,559831,P3,F2,0.0,0.5688737169897851
BBB,2014B,559861,P3,F2,0.0,0.14328263822350368
BBB,2014B,560117,P3,F2,1.0,0.9480320292134783
BBB,2014B,560238,P3,F2,0.0,0.3632298086207769
BBB,2014B,560335,P3,F2,1.0,0.9494928925045174
BBB,2014B,560536,P3,F2,0.0,0.3807670894050044
BBB,2014B,560920,P3,F2,1.0,0.8849393350968879
BBB,2014B,561060,P3,F2,0.0,0.5067307586969768
BBB,2014B,561061,P3,F2,0.0,0.2243635016787222
BBB,2014B,561674,P3,F2,1.0,0.9556950997748379
BBB,2014B,561953,P3,F2,0.0,0.32939202329130934
BBB,2014B,561978,P3,F2,0.0,0.36912673644239874
BBB,2014B,562642,P3,F2,1.0,0.9424550076755904
BBB,2014B,562643,P3,F2,1.0,0.474090215179112
BBB,2014B,562783,P3,F2,1.0,0.47342040103407856
BBB,2014B,562857,P3,F2,0.0,0.41576139551083713
BBB,2014B,563413,P3,F2,0.0,0.33197492771674425
BBB,2014B,563487,P3,F2,0.0,0.2961932451306138
BBB,2014B,563754,P3,F2,0.0,0.5280681101287781
BBB,2014B,563822,P3,F2,1.0,0.9410911902444263
BBB,2014B,563986,P3,F2,1.0,0.5381672170138976
BBB,2014B,563987,P3,F2,0.0,0.37782181736382825
BBB,2014B,564409,P3,F2,0.0,0.20920164910778546
BBB,2014B,564906,P3,F2,0.0,0.3460077713984136
BBB,2014B,565009,P3,F2,1.0,0.37804939645223457
BBB,2014B,565344,P3,F2,1.0,0.5429765644318719
BBB,2014B,565869,P3,F2,0.0,0.39266652992575823
BBB,2014B,565988,P3,F2,1.0,0.4816786721656708
BBB,2014B,566181,P3,F2,0.0,0.6434001556556117
BBB,2014B,566669,P3,F2,0.0,0.27160517875737933
BBB,2014B,567048,P3,F2,0.0,0.35016369500367367
BBB,2014B,567059,P3,F2,0.0,0.5890771986989628
BBB,2014B,567757,P3,F2,0.0,0.31765405518559625
BBB,2014B,567889,P3,F2,0.0,0.5127152006130158
BBB,2014B,567963,P3,F2,0.0,0.24866020563871738
BBB,2014B,568042,P3,F2,1.0,0.7722540348525323
BBB,2014B,568370,P3,F2,0.0,0.9257384238419707
BBB,2014B,568559,P3,F2,0.0,0.5287912299736468
BBB,2014B,568968,P3,F2,0.0,0.9372800009866094
BBB,2014B,569074,P3,F2,1.0,0.565679218488793
BBB,2014B,569225,P3,F2,0.0,0.3968286358427587
BBB,2014B,569663,P3,F2,0.0,0.188925160431661
BBB,2014B,569664,P3,F2,0.0,0.5021001275273052
BBB,2014B,569761,P3,F2,0.0,0.31465366315916693
BBB,2014B,569864,P3,F2,0.0,0.6773758550836384
BBB,2014B,569970,P3,F2,0.0,0.5267469639276081
BBB,2014B,570031,P3,F2,0.0,0.2290630726697656
BBB,2014B,570177,P3,F2,1.0,0.9592669644544531
BBB,2014B,570186,P3,F2,1.0,0.5075488883608039
BBB,2014B,570239,P3,F2,1.0,0.42051299770009853
BBB,2014B,570437,P3,F2,0.0,0.16396495458475643
BBB,2014B,570627,P3,F2,0.0,0.19931341587696388
BBB,2014B,571223,P3,F2,0.0,0.48531576703440243
BBB,2014B,571540,P3,F2,0.0,0.4164162415199941
BBB,2014B,571614,P3,F2,0.0,0.4713203588178468
BBB,2014B,571880,P3,F2,0.0,0.36890772133153193
BBB,2014B,571897,P3,F2,0.0,0.44435691364422064
BBB,2014B,571954,P3,F2,0.0,0.30224473968892995
BBB,2014B,572187,P3,F2,1.0,0.10555632369291379
BBB,2014B,572290,P3,F2,0.0,0.12268507580627831
BBB,2014B,573108,P3,F2,1.0,0.20364306934312565
BBB,2014B,573323,P3,F2,0.0,0.4043239935664899
BBB,2014B,573488,P3,F2,0.0,0.8363212652171192
BBB,2014B,573496,P3,F2,0.0,0.33710232597198597
BBB,2014B,573806,P3,F2,0.0,0.4908846302101168
BBB,2014B,573824,P3,F2,1.0,0.6140919593930642
BBB,2014B,573851,P3,F2,0.0,0.597860085098785
BBB,2014B,573853,P3,F2,0.0,0.7330107911241106
BBB,2014B,574057,P3,F2,1.0,0.9426233858576809
BBB,2014B,574569,P3,F2,0.0,0.4580240499590925
BBB,2014B,574935,P3,F2,1.0,0.3646150504316982
BBB,2014B,574944,P3,F2,1.0,0.4149793652381254
BBB,2014B,575251,P3,F2,1.0,0.7260281758792511
BBB,2014B,575602,P3,F2,0.0,0.5037384780619566
BBB,2014B,575680,P3,F2,0.0,0.39506236683710716
BBB,2014B,575990,P3,F2,1.0,0.8264728854989906
BBB,2014B,576375,P3,F2,0.0,0.2991760703805451
BBB,2014B,576738,P3,F2,0.0,0.147087391019556
BBB,2014B,577170,P3,F2,1.0,0.9076945264650597
BBB,2014B,577304,P3,F2,1.0,0.9588752053924785
BBB,2014B,577527,P3,F2,0.0,0.6108025508267751
BBB,2014B,577676,P3,F2,0.0,0.3298977726244309
BBB,2014B,577905,P3,F2,1.0,0.7780388635672648
BBB,2014B,578003,P3,F2,1.0,0.6238709823339088
BBB,2014B,578282,P3,F2,1.0,0.5538800010865583
BBB,2014B,578574,P3,F2,0.0,0.5313104449828298
BBB,2014B,579255,P3,F2,1.0,0.8883472472871634
BBB,2014B,579537,P3,F2,0.0,0.2719439276519006
BBB,2014B,579720,P3,F2,1.0,0.38243917113583065
BBB,2014B,580688,P3,F2,0.0,0.9632330334944915
BBB,2014B,581222,P3,F2,0.0,0.5319201139379451
BBB,2014B,581353,P3,F2,0.0,0.2656622194705344
BBB,2014B,581459,P3,F2,1.0,0.624729910920493
BBB,2014B,582742,P3,F2,1.0,0.21922207507559327
BBB,2014B,583102,P3,F2,1.0,0.462521867298502
BBB,2014B,583950,P3,F2,1.0,0.8655678483995968
BBB,2014B,584632,P3,F2,1.0,0.9593171625575869
BBB,2014B,584762,P3,F2,1.0,0.9265412025760911
BBB,2014B,585048,P3,F2,0.0,0.2662477177825543
BBB,2014B,585150,P3,F2,0.0,0.433540789357392
BBB,2014B,585547,P3,F2,0.0,0.3754358661672428
BBB,2014B,585727,P3,F2,1.0,0.4929738093613339
BBB,2014B,586086,P3,F2,0.0,0.24344860036302404
BBB,2014B,586111,P3,F2,1.0,0.9445445667338203
BBB,2014B,586712,P3,F2,0.0,0.10949493603620009
BBB,2014B,586995,P3,F2,0.0,0.36148969160447214
BBB,2014B,587181,P3,F2,0.0,0.6283453618387125
BBB,2014B,587524,P3,F2,0.0,0.24742764689508615
BBB,2014B,587538,P3,F2,0.0,0.2611076654661855
BBB,2014B,587780,P3,F2,0.0,0.47511140501437704
BBB,2014B,588039,P3,F2,0.0,0.4726394840170109
BBB,2014B,588302,P3,F2,0.0,0.20840115360340197
BBB,2014B,588459,P3,F2,1.0,0.6261098851897337
BBB,2014B,588484,P3,F2,0.0,0.5736811071864574
BBB,2014B,588495,P3,F2,1.0,0.9472401501629887
BBB,2014B,588592,P3,F2,1.0,0.7429533044750828
BBB,2014B,588685,P3,F2,1.0,0.9032282989363262
BBB,2014B,589333,P3,F2,0.0,0.3138628314174719
BBB,2014B,589444,P3,F2,0.0,0.21653891690208144
BBB,2014B,589862,P3,F2,0.0,0.3626229920309809
BBB,2014B,589997,P3,F2,0.0,0.1899551266443949
BBB,2014B,590408,P3,F2,1.0,0.37182934409592056
BBB,2014B,590520,P3,F2,1.0,0.9598864772269221
BBB,2014B,590812,P3,F2,1.0,0.7508652861746614
BBB,2014B,590870,P3,F2,1.0,0.931426403612295
BBB,2014B,591094,P3,F2,1.0,0.47192105372637055
BBB,2014B,591547,P3,F2,1.0,0.3099600090845385
BBB,2014B,591725,P3,F2,1.0,0.7040528273521042
BBB,2014B,591743,P3,F2,1.0,0.6430044942305987
BBB,2014B,592193,P3,F2,0.0,0.20982810159794327
BBB,2014B,592602,P3,F2,1.0,0.4641892135223205
BBB,2014B,592725,P3,F2,0.0,0.43957640868175707
BBB,2014B,593345,P3,F2,1.0,0.4792487511835848
BBB,2014B,594061,P3,F2,0.0,0.3795982629143897
BBB,2014B,594417,P3,F2,0.0,0.3894841973825034
BBB,2014B,594774,P3,F2,1.0,0.9382600278260169
BBB,2014B,595047,P3,F2,0.0,0.3340697434786801
BBB,2014B,596171,P3,F2,0.0,0.2122600518647646
BBB,2014B,596533,P3,F2,0.0,0.24543792837307302
BBB,2014B,597316,P3,F2,0.0,0.25042411644668977
BBB,2014B,597321,P3,F2,1.0,0.9468549022130873
BBB,2014B,597610,P3,F2,1.0,0.9590238365593191
BBB,2014B,597730,P3,F2,1.0,0.558912113222139
BBB,2014B,597882,P3,F2,0.0,0.461268233993482
BBB,2014B,598250,P3,F2,1.0,0.33310312471241216
BBB,2014B,598313,P3,F2,1.0,0.7964809072532524
BBB,2014B,598415,P3,F2,1.0,0.3423192169081761
BBB,2014B,598451,P3,F2,1.0,0.6940870681147684
BBB,2014B,598495,P3,F2,1.0,0.22814307667445927
BBB,2014B,598614,P3,F2,0.0,0.5372038737191751
BBB,2014B,598624,P3,F2,0.0,0.4024660120759452
BBB,2014B,598694,P3,F2,0.0,0.2565136618778652
BBB,2014B,598918,P3,F2,0.0,0.20634955800595456
BBB,2014B,599132,P3,F2,0.0,0.25853438685242897
BBB,2014B,599161,P3,F2,1.0,0.45019634001227976
BBB,2014B,599202,P3,F2,0.0,0.2338328498772931
BBB,2014B,599207,P3,F2,0.0,0.3717251606302494
BBB,2014B,599495,P3,F2,0.0,0.4022293750912405
BBB,2014B,599769,P3,F2,1.0,0.25728687578636794
BBB,2014B,599990,P3,F2,0.0,0.447058109911097
BBB,2014B,600407,P3,F2,1.0,0.26362078701599867
BBB,2014B,601010,P3,F2,0.0,0.20102853738709267
BBB,2014B,601238,P3,F2,0.0,0.5284300189082867
BBB,2014B,601356,P3,F2,0.0,0.2989574909425084
BBB,2014B,601616,P3,F2,0.0,0.40554553738579013
BBB,2014B,601862,P3,F2,0.0,0.45097675100665524
BBB,2014B,602011,P3,F2,1.0,0.8152161829841311
BBB,2014B,602815,P3,F2,1.0,0.5298304245947308
BBB,2014B,602898,P3,F2,1.0,0.6980908017371649
BBB,2014B,602929,P3,F2,1.0,0.5523384572119565
BBB,2014B,602991,P3,F2,0.0,0.16471472217474306
BBB,2014B,603061,P3,F2,1.0,0.4989876607845281
BBB,2014B,603112,P3,F2,0.0,0.3752555449965767
BBB,2014B,603543,P3,F2,1.0,0.9599518705295322
BBB,2014B,603739,P3,F2,1.0,0.7288863028138831
BBB,2014B,603762,P3,F2,0.0,0.24712934577750936
BBB,2014B,604106,P3,F2,0.0,0.5571165522621672
BBB,2014B,604267,P3,F2,1.0,0.4839163849357116
BBB,2014B,604962,P3,F2,0.0,0.3846482225807642
BBB,2014B,605474,P3,F2,1.0,0.9244375534747762
BBB,2014B,605597,P3,F2,1.0,0.5690710288786096
BBB,2014B,605672,P3,F2,0.0,0.22927727722790106
BBB,2014B,605693,P3,F2,0.0,0.32720459472113933
BBB,2014B,605956,P3,F2,1.0,0.9113656917374243
BBB,2014B,605996,P3,F2,0.0,0.49000829601078827
BBB,2014B,606069,P3,F2,0.0,0.7205757209723322
BBB,2014B,606075,P3,F2,1.0,0.944227346064034
BBB,2014B,606313,P3,F2,0.0,0.06829960677122641
BBB,2014B,606501,P3,F2,1.0,0.599928648410238
BBB,2014B,606529,P3,F2,1.0,0.19026379845326105
BBB,2014B,606634,P3,F2,0.0,0.44636811359731976
BBB,2014B,606690,P3,F2,0.0,0.1418461774578404
BBB,2014B,607108,P3,F2,1.0,0.41277788302739904
BBB,2014B,607220,P3,F2,0.0,0.3382108737653693
BBB,2014B,607380,P3,F2,1.0,0.9311705974535467
BBB,2014B,607436,P3,F2,1.0,0.9522685430957114
BBB,2014B,607529,P3,F2,0.0,0.1535364829674308
BBB,2014B,607678,P3,F2,0.0,0.7908549876558013
BBB,2014B,607848,P3,F2,1.0,0.9618951317568915
BBB,2014B,607953,P3,F2,1.0,0.6548901491894558
BBB,2014B,608104,P3,F2,0.0,0.28717439058242533
BBB,2014B,608110,P3,F2,0.0,0.29414122097643924
BBB,2014B,608164,P3,F2,0.0,0.14129807151208348
BBB,2014B,608407,P3,F2,0.0,0.2933154159415346
BBB,2014B,608961,P3,F2,1.0,0.8789500585359155
BBB,2014B,609422,P3,F2,1.0,0.9556036668762203
BBB,2014B,609426,P3,F2,0.0,0.5772270463917895
BBB,2014B,609596,P3,F2,0.0,0.23248007768215465
BBB,2014B,610239,P3,F2,1.0,0.9274223136311537
BBB,2014B,610340,P3,F2,1.0,0.6138860174944007
BBB,2014B,610416,P3,F2,0.0,0.6674528050109675
BBB,2014B,610759,P3,F2,0.0,0.4451333101642324
BBB,2014B,610802,P3,F2,1.0,0.906166626533991
BBB,2014B,611233,P3,F2,1.0,0.29918830659908535
BBB,2014B,611348,P3,F2,0.0,0.24575308170187538
BBB,2014B,611475,P3,F2,0.0,0.35809695593113916
BBB,2014B,611586,P3,F2,1.0,0.6266837325126229
BBB,2014B,611719,P3,F2,1.0,0.941549129564785
BBB,2014B,611974,P3,F2,1.0,0.3441378649452383
BBB,2014B,612082,P3,F2,0.0,0.23708249649539123
BBB,2014B,612113,P3,F2,1.0,0.9131652033322182
BBB,2014B,612120,P3,F2,1.0,0.43213183169355185
BBB,2014B,612212,P3,F2,1.0,0.5363388029113121
BBB,2014B,612370,P3,F2,1.0,0.2855531569247187
BBB,2014B,612396,P3,F2,1.0,0.8925806602584969
BBB,2014B,612600,P3,F2,1.0,0.3537352702731257
BBB,2014B,612721,P3,F2,0.0,0.1606852214886924
BBB,2014B,612756,P3,F2,0.0,0.1981201212747731
BBB,2014B,612841,P3,F2,0.0,0.37564020462761144
BBB,2014B,612862,P3,F2,0.0,0.18879264164190504
BBB,2014B,612919,P3,F2,0.0,0.1192933625968627
BBB,2014B,613038,P3,F2,0.0,0.604866096950025
BBB,2014B,613047,P3,F2,1.0,0.6788050387125211
BBB,2014B,613093,P3,F2,0.0,0.4098570643350477
BBB,2014B,613161,P3,F2,1.0,0.7874265193257977
BBB,2014B,613162,P3,F2,0.0,0.9352390656156093
BBB,2014B,613170,P3,F2,0.0,0.28232678387997784
BBB,2014B,613199,P3,F2,0.0,0.9371837150526853
BBB,2014B,613205,P3,F2,1.0,0.3795956113620369
BBB,2014B,613299,P3,F2,1.0,0.31099215888724757
BBB,2014B,613355,P3,F2,0.0,0.2721624085567656
BBB,2014B,613426,P3,F2,0.0,0.3925220647049366
BBB,2014B,613586,P3,F2,1.0,0.9515169747397795
BBB,2014B,613703,P3,F2,1.0,0.24832049521890326
BBB,2014B,613718,P3,F2,0.0,0.7988953647446818
BBB,2014B,613722,P3,F2,0.0,0.6534859578493428
BBB,2014B,613743,P3,F2,0.0,0.3606173935837811
BBB,2014B,613791,P3,F2,1.0,0.4092332580680837
BBB,2014B,613832,P3,F2,1.0,0.7602315133268642
BBB,2014B,613842,P3,F2,1.0,0.4715362126877381
BBB,2014B,613856,P3,F2,0.0,0.2955053115692431
BBB,2014B,613864,P3,F2,1.0,0.9574349052494133
BBB,2014B,613874,P3,F2,0.0,0.41843528872089464
BBB,2014B,613881,P3,F2,0.0,0.21681960533106545
BBB,2014B,613932,P3,F2,1.0,0.7826038231642394
BBB,2014B,613946,P3,F2,0.0,0.2899287913580595
BBB,2014B,614039,P3,F2,0.0,0.3663254204947991
BBB,2014B,614117,P3,F2,0.0,0.3352967206577902
BBB,2014B,614130,P3,F2,0.0,0.3602544983262412
BBB,2014B,614212,P3,F2,0.0,0.3251088564002906
BBB,2014B,614357,P3,F2,0.0,0.35147752253062386
BBB,2014B,614403,P3,F2,1.0,0.9142535845887024
BBB,2014B,614583,P3,F2,0.0,0.1815837008267066
BBB,2014B,614601,P3,F2,0.0,0.31011000620757667
BBB,2014B,614629,P3,F2,0.0,0.1434425884418954
BBB,2014B,614668,P3,F2,0.0,0.25838213932986354
BBB,2014B,614693,P3,F2,0.0,0.23178168367547852
BBB,2014B,614728,P3,F2,0.0,0.3298537321805551
BBB,2014B,614732,P3,F2,0.0,0.3338136976956395
BBB,2014B,614734,P3,F2,1.0,0.418062931324276
BBB,2014B,614738,P3,F2,0.0,0.21181804674883803
BBB,2014B,614741,P3,F2,0.0,0.06937500455170961
BBB,2014B,614742,P3,F2,0.0,0.36684157305162685
BBB,2014B,614744,P3,F2,0.0,0.2859225959281512
BBB,2014B,614745,P3,F2,0.0,0.5848519075207637
BBB,2014B,614813,P3,F2,1.0,0.6433393001374444
BBB,2014B,614871,P3,F2,0.0,0.31935152741063894
BBB,2014B,614909,P3,F2,0.0,0.2105246516367993
BBB,2014B,615025,P3,F2,0.0,0.3074180057204097
BBB,2014B,615028,P3,F2,0.0,0.37132414273401415
BBB,2014B,615090,P3,F2,0.0,0.7120092690739034
BBB,2014B,615173,P3,F2,1.0,0.5560927762439323
BBB,2014B,615218,P3,F2,1.0,0.7840289281259606
BBB,2014B,615259,P3,F2,0.0,0.37683087414669864
BBB,2014B,615319,P3,F2,1.0,0.4592187592115112
BBB,2014B,615443,P3,F2,0.0,0.5071734382590412
BBB,2014B,616354,P3,F2,1.0,0.8044028711668407
BBB,2014B,616377,P3,F2,1.0,0.32857184556656155
BBB,2014B,616464,P3,F2,1.0,0.35426897156584236
BBB,2014B,616511,P3,F2,0.0,0.3724563878842977
BBB,2014B,616526,P3,F2,1.0,0.2637392615862233
BBB,2014B,616536,P3,F2,0.0,0.5370192217390769
BBB,2014B,616670,P3,F2,0.0,0.20925689741836284
BBB,2014B,616739,P3,F2,1.0,0.43538872199828527
BBB,2014B,616914,P3,F2,0.0,0.2892512006323333
BBB,2014B,616919,P3,F2,0.0,0.11516441274389302
BBB,2014B,617012,P3,F2,0.0,0.0478799827219547
BBB,2014B,617126,P3,F2,1.0,0.6328095555533236
BBB,2014B,617134,P3,F2,1.0,0.25502230293668937
BBB,2014B,617146,P3,F2,1.0,0.4680019261397332
BBB,2014B,617147,P3,F2,1.0,0.6245170619608557
BBB,2014B,617190,P3,F2,0.0,0.5030668876733037
BBB,2014B,617225,P3,F2,0.0,0.14833439981340077
BBB,2014B,617287,P3,F2,1.0,0.41606515985553594
BBB,2014B,617296,P3,F2,1.0,0.9101972121835699
BBB,2014B,617297,P3,F2,1.0,0.6966125088264722
BBB,2014B,617556,P3,F2,1.0,0.5418280549274609
BBB,2014B,617560,P3,F2,0.0,0.43153360554256975
BBB,2014B,617576,P3,F2,0.0,0.33500593606360346
BBB,2014B,617714,P3,F2,1.0,0.7894980560650251
BBB,2014B,617717,P3,F2,1.0,0.6220860861279103
BBB,2014B,617764,P3,F2,0.0,0.664906265776455
BBB,2014B,617792,P3,F2,0.0,0.3390492839586851
BBB,2014B,617813,P3,F2,0.0,0.6379270413968526
BBB,2014B,617843,P3,F2,1.0,0.7197071367075484
BBB,2014B,617959,P3,F2,1.0,0.8402465667669844
BBB,2014B,618137,P3,F2,1.0,0.3225176149532099
BBB,2014B,618145,P3,F2,0.0,0.26341786778475335
BBB,2014B,618151,P3,F2,0.0,0.4571485688337303
BBB,2014B,618197,P3,F2,1.0,0.3552061880946886
BBB,2014B,618205,P3,F2,0.0,0.4959651601882123
BBB,2014B,618258,P3,F2,0.0,0.13128476649095083
BBB,2014B,618265,P3,F2,1.0,0.3875750419317957
BBB,2014B,618399,P3,F2,0.0,0.43734299313383307
BBB,2014B,618534,P3,F2,1.0,0.946144458267242
BBB,2014B,618539,P3,F2,1.0,0.9164842199289258
BBB,2014B,618631,P3,F2,1.0,0.5400911306015693
BBB,2014B,618632,P3,F2,1.0,0.2848811578980507
BBB,2014B,618670,P3,F2,0.0,0.5681371011894332
BBB,2014B,618673,P3,F2,1.0,0.4770083948215166
BBB,2014B,618816,P3,F2,1.0,0.9531074471162638
BBB,2014B,618869,P3,F2,1.0,0.575534547713107
BBB,2014B,618882,P3,F2,0.0,0.3138219431353888
BBB,2014B,618951,P3,F2,0.0,0.4191076232836428
BBB,2014B,618965,P3,F2,1.0,0.7044781790209197
BBB,2014B,618981,P3,F2,0.0,0.4938069965818531
BBB,2014B,619054,P3,F2,1.0,0.6374852341914441
BBB,2014B,619161,P3,F2,1.0,0.33749484104665256
BBB,2014B,619196,P3,F2,0.0,0.20070093062110236
BBB,2014B,619207,P3,F2,1.0,0.3122283025743299
BBB,2014B,619288,P3,F2,0.0,0.6229330301545615
BBB,2014B,619311,P3,F2,1.0,0.39518292121649923
BBB,2014B,619330,P3,F2,1.0,0.29120331417716944
BBB,2014B,619471,P3,F2,0.0,0.6009560939590363
BBB,2014B,619508,P3,F2,1.0,0.4227422364096745
BBB,2014B,619980,P3,F2,1.0,0.8956329299609451
BBB,2014B,620018,P3,F2,1.0,0.19664372419428222
BBB,2014B,620072,P3,F2,1.0,0.24058232890039277
BBB,2014B,620073,P3,F2,0.0,0.2121741882487881
BBB,2014B,620092,P3,F2,0.0,0.1503146888563794
BBB,2014B,620126,P3,F2,1.0,0.3578920780672406
BBB,2014B,620128,P3,F2,0.0,0.148513729431997
BBB,2014B,620129,P3,F2,0.0,0.413499732872064
BBB,2014B,620220,P3,F2,1.0,0.7412800117148677
BBB,2014B,620257,P3,F2,0.0,0.36741049877031035
BBB,2014B,620283,P3,F2,1.0,0.8477673340066845
BBB,2014B,620304,P3,F2,1.0,0.6418821007860803
BBB,2014B,620354,P3,F2,0.0,0.3238544072782787
BBB,2014B,620408,P3,F2,0.0,0.14115145918753014
BBB,2014B,620409,P3,F2,0.0,0.7569743486976193
BBB,2014B,620427,P3,F2,0.0,0.1178289162849664
BBB,2014B,620507,P3,F2,1.0,0.7842520817422262
BBB,2014B,620573,P3,F2,0.0,0.2906661971966372
BBB,2014B,620694,P3,F2,0.0,0.4974986787605132
BBB,2014B,620889,P3,F2,0.0,0.2642624020840698
BBB,2014B,620922,P3,F2,0.0,0.16246657148206753
BBB,2014B,620923,P3,F2,0.0,0.32658779009819644
BBB,2014B,620950,P3,F2,1.0,0.9475150455446402
BBB,2014B,620980,P3,F2,0.0,0.3168527686150375
BBB,2014B,621301,P3,F2,0.0,0.1093375989953776
BBB,2014B,621303,P3,F2,1.0,0.5497630779013418
BBB,2014B,621322,P3,F2,0.0,0.5926139247701133
BBB,2014B,621323,P3,F2,1.0,0.2700201171056815
BBB,2014B,621369,P3,F2,1.0,0.13241627545318913
BBB,2014B,621394,P3,F2,0.0,0.4486497158774886
BBB,2014B,621508,P3,F2,1.0,0.7704359748539955
BBB,2014B,621703,P3,F2,1.0,0.9598399464871963
BBB,2014B,621862,P3,F2,0.0,0.33230557690096046
BBB,2014B,621894,P3,F2,0.0,0.5994145740585213
BBB,2014B,621905,P3,F2,0.0,0.3135808795056726
BBB,2014B,621937,P3,F2,1.0,0.4298902886049879
BBB,2014B,622132,P3,F2,0.0,0.1846628963713666
BBB,2014B,622208,P3,F2,0.0,0.452088449905734
BBB,2014B,622217,P3,F2,1.0,0.3855243518636546
BBB,2014B,622223,P3,F2,1.0,0.9358320251139524
BBB,2014B,622330,P3,F2,1.0,0.5630531481636799
BBB,2014B,622345,P3,F2,0.0,0.13020421974942473
BBB,2014B,622466,P3,F2,0.0,0.24149706653920863
BBB,2014B,622505,P3,F2,0.0,0.16459877732337386
BBB,2014B,622538,P3,F2,1.0,0.9489842873600489
BBB,2014B,622604,P3,F2,0.0,0.403144473031574
BBB,2014B,622715,P3,F2,1.0,0.4439784838857607
BBB,2014B,622720,P3,F2,1.0,0.4307362811772515
BBB,2014B,622766,P3,F2,1.0,0.8201418617520337
BBB,2014B,622838,P3,F2,1.0,0.5687248383469657
BBB,2014B,622867,P3,F2,1.0,0.19022040558325953
BBB,2014B,622927,P3,F2,1.0,0.5099011222104128
BBB,2014B,622974,P3,F2,0.0,0.5129395339324464
BBB,2014B,622982,P3,F2,0.0,0.22590567760958924
BBB,2014B,623001,P3,F2,1.0,0.4042748894366691
BBB,2014B,623055,P3,F2,0.0,0.12609224045772865
BBB,2014B,623069,P3,F2,1.0,0.6320531620922997
BBB,2014B,623168,P3,F2,0.0,0.13842889822729243
BBB,2014B,623169,P3,F2,0.0,0.4035098210493156
BBB,2014B,623177,P3,F2,1.0,0.5420703736711329
BBB,2014B,623240,P3,F2,0.0,0.3151218220215925
BBB,2014B,623295,P3,F2,1.0,0.7877490124979689
BBB,2014B,623321,P3,F2,1.0,0.2366432932109642
BBB,2014B,623333,P3,F2,0.0,0.5186354040079499
BBB,2014B,623406,P3,F2,0.0,0.6408171076555778
BBB,2014B,623603,P3,F2,1.0,0.5525699655499139
BBB,2014B,623622,P3,F2,0.0,0.43058896261014656
BBB,2014B,623654,P3,F2,0.0,0.14219496602454376
BBB,2014B,623660,P3,F2,0.0,0.1730325165410133
BBB,2014B,623821,P3,F2,1.0,0.7151276190128305
BBB,2014B,623845,P3,F2,0.0,0.9081036186094132
BBB,2014B,623857,P3,F2,1.0,0.4163375830716628
BBB,2014B,623882,P3,F2,0.0,0.9480515157799367
BBB,2014B,623911,P3,F2,1.0,0.4980057953903739
BBB,2014B,623935,P3,F2,0.0,0.48013114362300513
BBB,2014B,624011,P3,F2,0.0,0.19650883180922027
BBB,2014B,624046,P3,F2,0.0,0.4333590552626555
BBB,2014B,624069,P3,F2,0.0,0.1977390787832149
BBB,2014B,624196,P3,F2,0.0,0.1924562577602045
BBB,2014B,624306,P3,F2,0.0,0.6137166343088045
BBB,2014B,624350,P3,F2,1.0,0.8517125871842804
BBB,2014B,624406,P3,F2,0.0,0.19406515339054153
BBB,2014B,624415,P3,F2,0.0,0.5529182035941744
BBB,2014B,624514,P3,F2,1.0,0.5236724510188664
BBB,2014B,624567,P3,F2,1.0,0.35489523218001834
BBB,2014B,624592,P3,F2,0.0,0.35778912686227327
BBB,2014B,624598,P3,F2,1.0,0.44751438865589244
BBB,2014B,624604,P3,F2,1.0,0.5046254206516748
BBB,2014B,624653,P3,F2,0.0,0.5060577678901961
BBB,2014B,624661,P3,F2,0.0,0.48274435961098056
BBB,2014B,624673,P3,F2,1.0,0.6974570868731591
BBB,2014B,624674,P3,F2,1.0,0.941549129564785
BBB,2014B,624677,P3,F2,1.0,0.7747807315817257
BBB,2014B,624704,P3,F2,1.0,0.6253970048792982
BBB,2014B,624722,P3,F2,1.0,0.9416061366702991
BBB,2014B,624734,P3,F2,1.0,0.38818576411066547
BBB,2014B,624738,P3,F2,0.0,0.258215723043358
BBB,2014B,624799,P3,F2,1.0,0.6132813071741947
BBB,2014B,624847,P3,F2,0.0,0.4322911920627196
BBB,2014B,624879,P3,F2,1.0,0.3460448967871076
BBB,2014B,624972,P3,F2,0.0,0.7869020207412079
BBB,2014B,624997,P3,F2,0.0,0.27426871237124284
BBB,2014B,625021,P3,F2,0.0,0.42953715228356554
BBB,2014B,625024,P3,F2,0.0,0.2373499680210915
BBB,2014B,625027,P3,F2,1.0,0.9523057631841998
BBB,2014B,625071,P3,F2,0.0,0.46035983486616316
BBB,2014B,625087,P3,F2,1.0,0.20748838763310345
BBB,2014B,625094,P3,F2,0.0,0.33631231300935965
BBB,2014B,625124,P3,F2,1.0,0.20653322104460042
BBB,2014B,625167,P3,F2,0.0,0.801655186859426
BBB,2014B,625180,P3,F2,1.0,0.47521760189296897
BBB,2014B,625185,P3,F2,0.0,0.14102286480817286
BBB,2014B,625214,P3,F2,1.0,0.5253085984228512
BBB,2014B,625249,P3,F2,0.0,0.4642661243827019
BBB,2014B,625251,P3,F2,0.0,0.2504445445615999
BBB,2014B,625295,P3,F2,1.0,0.6234877108038178
BBB,2014B,625301,P3,F2,1.0,0.8870337375134629
BBB,2014B,625383,P3,F2,0.0,0.3976969479529477
BBB,2014B,625390,P3,F2,0.0,0.2569946739639508
BBB,2014B,625444,P3,F2,0.0,0.2503190104838481
BBB,2014B,625477,P3,F2,0.0,0.28113146668552147
BBB,2014B,625478,P3,F2,1.0,0.9294078542376516
BBB,2014B,625514,P3,F2,0.0,0.5242798929040846
BBB,2014B,625578,P3,F2,1.0,0.4537487482343364
BBB,2014B,625713,P3,F2,1.0,0.516489036150099
BBB,2014B,625724,P3,F2,0.0,0.12646423050732838
BBB,2014B,625768,P3,F2,1.0,0.5104471398392473
BBB,2014B,625816,P3,F2,0.0,0.41623060237600423
BBB,2014B,625833,P3,F2,0.0,0.38930703285713847
BBB,2014B,625853,P3,F2,1.0,0.698236276986798
BBB,2014B,625857,P3,F2,1.0,0.2629512200851105
BBB,2014B,625879,P3,F2,1.0,0.754344601327867
BBB,2014B,625919,P3,F2,0.0,0.35820175280038474
BBB,2014B,626046,P3,F2,0.0,0.3991911640108108
BBB,2014B,626123,P3,F2,0.0,0.3472410518226035
BBB,2014B,626126,P3,F2,0.0,0.3024766813117893
BBB,2014B,626138,P3,F2,0.0,0.1839774013888017
BBB,2014B,626164,P3,F2,0.0,0.47662629447411564
BBB,2014B,626245,P3,F2,0.0,0.5022205600134801
BBB,2014B,626254,P3,F2,0.0,0.5004883581102516
BBB,2014B,626297,P3,F2,1.0,0.6607202509647534
BBB,2014B,626352,P3,F2,0.0,0.5387526444668832
BBB,2014B,626365,P3,F2,0.0,0.6056649735635001
BBB,2014B,626386,P3,F2,1.0,0.2725791497438485
BBB,2014B,626428,P3,F2,1.0,0.7482974071513373
BBB,2014B,626442,P3,F2,1.0,0.6795181318264035
BBB,2014B,626491,P3,F2,0.0,0.2214483255544474
BBB,2014B,626555,P3,F2,0.0,0.37202308832245096
BBB,2014B,626604,P3,F2,0.0,0.4379975826278965
BBB,2014B,626642,P3,F2,0.0,0.30708450095470574
BBB,2014B,626750,P3,F2,1.0,0.5774956454000475
BBB,2014B,626841,P3,F2,0.0,0.262982420908294
BBB,2014B,626843,P3,F2,0.0,0.37454620900661406
BBB,2014B,626897,P3,F2,1.0,0.9206481637913666
BBB,2014B,626917,P3,F2,1.0,0.4785886243412022
BBB,2014B,626928,P3,F2,0.0,0.5975977295689097
BBB,2014B,626951,P3,F2,0.0,0.3666950481699671
BBB,2014B,626966,P3,F2,0.0,0.526885296002163
BBB,2014B,627000,P3,F2,1.0,0.4194070985461175
BBB,2014B,627027,P3,F2,0.0,0.35543609857567315
BBB,2014B,627094,P3,F2,1.0,0.9579843931641955
BBB,2014B,627115,P3,F2,0.0,0.28617487515255624
BBB,2014B,627118,P3,F2,0.0,0.18660077843751324
BBB,2014B,627179,P3,F2,1.0,0.3539674290682994
BBB,2014B,627185,P3,F2,0.0,0.4005510311498761
BBB,2014B,627190,P3,F2,0.0,0.2089758457137127
BBB,2014B,627244,P3,F2,0.0,0.2211919263771034
BBB,2014B,627270,P3,F2,0.0,0.17751056707158938
BBB,2014B,627285,P3,F2,0.0,0.38379211009808495
BBB,2014B,627316,P3,F2,1.0,0.9458641422933102
BBB,2014B,627321,P3,F2,1.0,0.7021936889890339
BBB,2014B,627380,P3,F2,0.0,0.20617837378447418
BBB,2014B,627388,P3,F2,0.0,0.2898606451662897
BBB,2014B,627403,P3,F2,1.0,0.3579556908753276
BBB,2014B,627427,P3,F2,1.0,0.8433167564505328
BBB,2014B,627509,P3,F2,0.0,0.4147026442753617
BBB,2014B,627528,P3,F2,1.0,0.9363250141342336
BBB,2014B,627549,P3,F2,0.0,0.20739946967374273
BBB,2014B,627550,P3,F2,0.0,0.7684424490462594
BBB,2014B,627613,P3,F2,1.0,0.49821049820783897
BBB,2014B,627647,P3,F2,0.0,0.20694818465480927
BBB,2014B,627659,P3,F2,0.0,0.6575841450711858
BBB,2014B,627680,P3,F2,1.0,0.8397008648105957
BBB,2014B,627685,P3,F2,0.0,0.6535190211932317
BBB,2014B,627777,P3,F2,0.0,0.7669938074775813
BBB,2014B,627948,P3,F2,1.0,0.33690675786526136
BBB,2014B,628006,P3,F2,0.0,0.2198500321793179
BBB,2014B,628119,P3,F2,1.0,0.27128141181802773
BBB,2014B,628176,P3,F2,0.0,0.38299901494300986
BBB,2014B,628178,P3,F2,0.0,0.1439966017219638
BBB,2014B,628180,P3,F2,0.0,0.33477514909840517
BBB,2014B,628181,P3,F2,0.0,0.2691619400559321
BBB,2014B,628183,P3,F2,1.0,0.3034973974463821
BBB,2014B,628190,P3,F2,0.0,0.32023556987012186
BBB,2014B,628287,P3,F2,1.0,0.376694815032551
BBB,2014B,628301,P3,F2,0.0,0.32383745613691955
BBB,2014B,628328,P3,F2,0.0,0.3354987675135775
BBB,2014B,628329,P3,F2,1.0,0.7828444371318117
BBB,2014B,628379,P3,F2,1.0,0.3440760985499117
BBB,2014B,628389,P3,F2,0.0,0.32113973570176385
BBB,2014B,628402,P3,F2,1.0,0.9397888575474554
BBB,2014B,628411,P3,F2,1.0,0.19908970008303747
BBB,2014B,628423,P3,F2,0.0,0.4781596751557246
BBB,2014B,628442,P3,F2,1.0,0.603235287698739
BBB,2014B,628511,P3,F2,1.0,0.6946841141748937
BBB,2014B,628516,P3,F2,0.0,0.5148394545945103
BBB,2014B,628525,P3,F2,1.0,0.6954777411252241
BBB,2014B,628580,P3,F2,0.0,0.28074880409773456
BBB,2014B,628586,P3,F2,1.0,0.6896064410340104
BBB,2014B,628616,P3,F2,0.0,0.3325463173600338
BBB,2014B,628635,P3,F2,0.0,0.41209785982679475
BBB,2014B,628655,P3,F2,1.0,0.4519434037544509
BBB,2014B,628751,P3,F2,0.0,0.3192848759352694
BBB,2014B,628827,P3,F2,1.0,0.4093321086895776
BBB,2014B,628903,P3,F2,1.0,0.6734196417402106
BBB,2014B,628941,P3,F2,0.0,0.43943596137930446
BBB,2014B,628954,P3,F2,0.0,0.5837461399570858
BBB,2014B,628970,P3,F2,1.0,0.7588172756898498
BBB,2014B,628982,P3,F2,1.0,0.25136861521884524
BBB,2014B,629026,P3,F2,0.0,0.20544161711284953
BBB,2014B,629037,P3,F2,0.0,0.28704647317373094
BBB,2014B,629040,P3,F2,1.0,0.31876262255795884
BBB,2014B,629044,P3,F2,1.0,0.3966386557828629
BBB,2014B,629060,P3,F2,0.0,0.7759772870803552
BBB,2014B,629088,P3,F2,1.0,0.43195080650764234
BBB,2014B,629094,P3,F2,1.0,0.3866303340345256
BBB,2014B,629103,P3,F2,1.0,0.31985645990278677
BBB,2014B,629159,P3,F2,1.0,0.5020777697606106
BBB,2014B,629240,P3,F2,0.0,0.7127773781618238
BBB,2014B,629274,P3,F2,0.0,0.3814262506969967
BBB,2014B,629424,P3,F2,1.0,0.30742871436923747
BBB,2014B,629461,P3,F2,1.0,0.7418194277644231
BBB,2014B,629490,P3,F2,1.0,0.3733433351882788
BBB,2014B,629504,P3,F2,0.0,0.2560053453093235
BBB,2014B,629505,P3,F2,1.0,0.8863047840131307
BBB,2014B,629507,P3,F2,0.0,0.5588776446310523
BBB,2014B,629554,P3,F2,1.0,0.6105463133573571
BBB,2014B,629619,P3,F2,0.0,0.23662375428857277
BBB,2014B,629835,P3,F2,0.0,0.5777254251156475
BBB,2014B,629870,P3,F2,1.0,0.6009368689748597
BBB,2014B,629886,P3,F2,0.0,0.4747133010512829
BBB,2014B,629891,P3,F2,0.0,0.25607413221186304
BBB,2014B,629923,P3,F2,1.0,0.5349300253992741
BBB,2014B,629976,P3,F2,1.0,0.33504500562990536
BBB,2014B,630028,P3,F2,0.0,0.515123829354667
BBB,2014B,630029,P3,F2,0.0,0.23701886503413777
BBB,2014B,630030,P3,F2,0.0,0.7843422218639746
BBB,2014B,630052,P3,F2,0.0,0.29738564768500925
BBB,2014B,630053,P3,F2,0.0,0.30624445074036993
BBB,2014B,630090,P3,F2,1.0,0.4062393150596855
BBB,2014B,630147,P3,F2,1.0,0.9313043937843138
BBB,2014B,630260,P3,F2,1.0,0.668903074747333
BBB,2014B,630315,P3,F2,0.0,0.46436946339477925
BBB,2014B,630333,P3,F2,0.0,0.34227687249045546
BBB,2014B,630345,P3,F2,1.0,0.7047468909607997
BBB,2014B,630372,P3,F2,0.0,0.4827231689933774
BBB,2014B,630393,P3,F2,0.0,0.19656326310772246
BBB,2014B,630415,P3,F2,0.0,0.42376058839175257
BBB,2014B,630443,P3,F2,0.0,0.5719478929822441
BBB,2014B,630451,P3,F2,0.0,0.1962155006049321
BBB,2014B,630476,P3,F2,1.0,0.645648837672515
BBB,2014B,630497,P3,F2,1.0,0.9206795862327065
BBB,2014B,630549,P3,F2,1.0,0.5523354735084229
BBB,2014B,630561,P3,F2,0.0,0.2792171290426553
BBB,2014B,630586,P3,F2,1.0,0.5578585902684055
BBB,2014B,630608,P3,F2,0.0,0.23098790826959384
BBB,2014B,630718,P3,F2,0.0,0.1411720799589169
BBB,2014B,630736,P3,F2,0.0,0.49331231923866564
BBB,2014B,630763,P3,F2,0.0,0.7262090172764103
BBB,2014B,630778,P3,F2,0.0,0.5839940871050735
BBB,2014B,630794,P3,F2,1.0,0.5436993022158306
BBB,2014B,630823,P3,F2,0.0,0.24313082469011
BBB,2014B,630833,P3,F2,1.0,0.502702712394001
BBB,2014B,630876,P3,F2,0.0,0.2281718790421383
BBB,2014B,630944,P3,F2,0.0,0.612546816844891
BBB,2014B,630999,P3,F2,1.0,0.4571092942663313
BBB,2014B,631031,P3,F2,1.0,0.24267373969497133
BBB,2014B,631081,P3,F2,0.0,0.17445671920299557
BBB,2014B,631086,P3,F2,1.0,0.32261017277111015
BBB,2014B,631108,P3,F2,0.0,0.267395073082997
BBB,2014B,631109,P3,F2,0.0,0.33134793721949957
BBB,2014B,631132,P3,F2,1.0,0.489089231363454
BBB,2014B,631225,P3,F2,0.0,0.39298183719817814
BBB,2014B,631341,P3,F2,1.0,0.7990444124487834
BBB,2014B,631354,P3,F2,1.0,0.420790965748182
BBB,2014B,631384,P3,F2,0.0,0.527286480886186
BBB,2014B,631422,P3,F2,1.0,0.5087161748063727
BBB,2014B,631441,P3,F2,0.0,0.21558965767696464
BBB,2014B,631442,P3,F2,1.0,0.5492866223428273
BBB,2014B,631444,P3,F2,1.0,0.418615346159744
BBB,2014B,631445,P3,F2,0.0,0.62065893292594
BBB,2014B,631492,P3,F2,0.0,0.37052809631915384
BBB,2014B,631515,P3,F2,0.0,0.13380695209362362
BBB,2014B,631530,P3,F2,0.0,0.3755314272486702
BBB,2014B,631561,P3,F2,1.0,0.3115755529597616
BBB,2014B,631563,P3,F2,1.0,0.5967991239338133
BBB,2014B,631610,P3,F2,1.0,0.6024627566097261
BBB,2014B,631613,P3,F2,0.0,0.5260538109760067
BBB,2014B,631650,P3,F2,1.0,0.2534564806344776
BBB,2014B,631679,P3,F2,0.0,0.139100255209328
BBB,2014B,631724,P3,F2,0.0,0.19297266436769234
BBB,2014B,631766,P3,F2,0.0,0.0854636401282799
BBB,2014B,631777,P3,F2,0.0,0.29210194050089927
BBB,2014B,631848,P3,F2,0.0,0.4388240116268012
BBB,2014B,632040,P3,F2,1.0,0.9506553577590698
BBB,2014B,632084,P3,F2,0.0,0.2171769912614093
BBB,2014B,632113,P3,F2,1.0,0.3788828348306818
BBB,2014B,632148,P3,F2,1.0,0.32771087575112323
BBB,2014B,632181,P3,F2,1.0,0.1923374896114103
BBB,2014B,632231,P3,F2,1.0,0.8214871524679835
BBB,2014B,632254,P3,F2,0.0,0.3485732366937637
BBB,2014B,632302,P3,F2,0.0,0.6980824142392921
BBB,2014B,632447,P3,F2,1.0,0.47805672936874327
BBB,2014B,632454,P3,F2,0.0,0.40209183098627965
BBB,2014B,632470,P3,F2,1.0,0.6501011540215423
BBB,2014B,632503,P3,F2,0.0,0.2497317271783889
BBB,2014B,632536,P3,F2,1.0,0.4957993683140267
BBB,2014B,632547,P3,F2,1.0,0.4484958432951053
BBB,2014B,632574,P3,F2,1.0,0.6141891657644
BBB,2014B,632578,P3,F2,0.0,0.43585096992424355
BBB,2014B,632618,P3,F2,1.0,0.29078997937183937
BBB,2014B,632658,P3,F2,0.0,0.9431219247227903
BBB,2014B,632682,P3,F2,1.0,0.896645322381309
BBB,2014B,632704,P3,F2,0.0,0.4954473692815821
BBB,2014B,632712,P3,F2,1.0,0.6244734669783798
BBB,2014B,632752,P3,F2,0.0,0.46681263613076573
BBB,2014B,632823,P3,F2,0.0,0.3616090869315908
BBB,2014B,632847,P3,F2,1.0,0.5669781172897407
BBB,2014B,632869,P3,F2,1.0,0.3437958845039915
BBB,2014B,633024,P3,F2,0.0,0.23985167832752646
BBB,2014B,633130,P3,F2,0.0,0.4415399728028616
BBB,2014B,633162,P3,F2,1.0,0.5886710692203969
BBB,2014B,633193,P3,F2,0.0,0.7170576630852175
BBB,2014B,633208,P3,F2,0.0,0.3196447707841274
BBB,2014B,633212,P3,F2,0.0,0.37185649656678466
BBB,2014B,633228,P3,F2,1.0,0.43215248893674096
BBB,2014B,633231,P3,F2,1.0,0.9444121924006632
BBB,2014B,633245,P3,F2,1.0,0.24092347858524257
BBB,2014B,633257,P3,F2,1.0,0.7664232634257916
BBB,2014B,633378,P3,F2,1.0,0.4457258637918918
BBB,2014B,633380,P3,F2,1.0,0.5741251833464281
BBB,2014B,633386,P3,F2,0.0,0.7210420158326972
BBB,2014B,633394,P3,F2,1.0,0.39663141650456946
BBB,2014B,633472,P3,F2,0.0,0.31016469289472476
BBB,2014B,633491,P3,F2,1.0,0.2351481939184516
BBB,2014B,633499,P3,F2,0.0,0.6127079343216392
BBB,2014B,633560,P3,F2,0.0,0.300510205674689
BBB,2014B,633570,P3,F2,0.0,0.8982426129207915
BBB,2014B,633590,P3,F2,0.0,0.1782670058120225
BBB,2014B,633603,P3,F2,1.0,0.7161307921888909
BBB,2014B,633646,P3,F2,0.0,0.4905527248603606
BBB,2014B,633650,P3,F2,0.0,0.5718878596624288
BBB,2014B,633669,P3,F2,0.0,0.38268344943611277
BBB,2014B,633865,P3,F2,1.0,0.34437465740435264
BBB,2014B,633890,P3,F2,1.0,0.9511087027438646
BBB,2014B,633929,P3,F2,0.0,0.5190996322531749
BBB,2014B,633935,P3,F2,0.0,0.4477857942880133
BBB,2014B,634058,P3,F2,0.0,0.21235459012979033
BBB,2014B,634075,P3,F2,0.0,0.18529883539125797
BBB,2014B,634077,P3,F2,0.0,0.49911185166343336
BBB,2014B,634164,P3,F2,1.0,0.23752512674618528
BBB,2014B,634188,P3,F2,0.0,0.8116917202821131
BBB,2014B,634230,P3,F2,0.0,0.22412283097282595
BBB,2014B,634265,P3,F2,0.0,0.2712839134861024
BBB,2014B,634280,P3,F2,0.0,0.1399571589550341
BBB,2014B,634286,P3,F2,0.0,0.3067066047571787
BBB,2014B,634304,P3,F2,0.0,0.5126253767254836
BBB,2014B,634353,P3,F2,1.0,0.8681447584281375
BBB,2014B,634412,P3,F2,0.0,0.24928844439387335
BBB,2014B,634472,P3,F2,0.0,0.1407584728784707
BBB,2014B,634477,P3,F2,0.0,0.5365924929936843
BBB,2014B,634481,P3,F2,0.0,0.5172199152157385
BBB,2014B,634483,P3,F2,0.0,0.474943077869747
BBB,2014B,634491,P3,F2,0.0,0.3386129536151987
BBB,2014B,634606,P3,F2,1.0,0.4441337936945515
BBB,2014B,634615,P3,F2,1.0,0.9219268555834882
BBB,2014B,634715,P3,F2,0.0,0.11487634135450084
BBB,2014B,634833,P3,F2,0.0,0.2577364122193314
BBB,2014B,634851,P3,F2,0.0,0.2892721996068308
BBB,2014B,634876,P3,F2,0.0,0.6367065251281819
BBB,2014B,634928,P3,F2,0.0,0.35730082951435727
BBB,2014B,634932,P3,F2,1.0,0.9444600379460406
BBB,2014B,634944,P3,F2,0.0,0.5496192825958819
BBB,2014B,634976,P3,F2,0.0,0.2510150448976976
BBB,2014B,635011,P3,F2,0.0,0.818160890068541
BBB,2014B,635113,P3,F2,0.0,0.5855278112094205
BBB,2014B,635122,P3,F2,0.0,0.33914824615913647
BBB,2014B,635136,P3,F2,0.0,0.1858287609848646
BBB,2014B,635173,P3,F2,0.0,0.3014236028702204
BBB,2014B,635228,P3,F2,0.0,0.1771704485971041
BBB,2014B,635230,P3,F2,0.0,0.12200361329714303
BBB,2014B,635241,P3,F2,0.0,0.5992875456679705
BBB,2014B,635244,P3,F2,0.0,0.6223629978477846
BBB,2014B,635245,P3,F2,1.0,0.9217368643007227
BBB,2014B,635246,P3,F2,1.0,0.8449984124751284
BBB,2014B,635247,P3,F2,0.0,0.4492224754957889
BBB,2014B,635432,P3,F2,1.0,0.3431580664299465
BBB,2014B,635433,P3,F2,0.0,0.44790766847431546
BBB,2014B,635435,P3,F2,0.0,0.5655717017384447
BBB,2014B,635473,P3,F2,1.0,0.8267395503904845
BBB,2014B,635591,P3,F2,0.0,0.2869935484032367
BBB,2014B,635755,P3,F2,0.0,0.2677214499337111
BBB,2014B,635761,P3,F2,0.0,0.7505659417460863
BBB,2014B,635764,P3,F2,0.0,0.5976714984595841
BBB,2014B,635771,P3,F2,0.0,0.5222438567838752
BBB,2014B,635773,P3,F2,0.0,0.3157056684388561
BBB,2014B,635774,P3,F2,0.0,0.5658781476885024
BBB,2014B,635788,P3,F2,0.0,0.28111731427085374
BBB,2014B,635793,P3,F2,1.0,0.6783212697729792
BBB,2014B,636271,P3,F2,1.0,0.8909200849221945
BBB,2014B,637864,P3,F2,1.0,0.8924215966446722
BBB,2014B,1127413,P3,F2,0.0,0.17064312763757872
BBB,2014B,1332999,P3,F2,0.0,0.40471644323752104
BBB,2014B,1341507,P3,F2,0.0,0.4546046610533301
BBB,2014B,1393589,P3,F2,0.0,0.41814151773838154
BBB,2014B,1406920,P3,F2,0.0,0.41083729943705116
BBB,2014B,1431750,P3,F2,1.0,0.9039446682707156
BBB,2014B,1453691,P3,F2,1.0,0.4865341775320002
BBB,2014B,1502193,P3,F2,0.0,0.25146126243517225
BBB,2014B,1508708,P3,F2,1.0,0.9101827756072863
BBB,2014B,1525567,P3,F2,0.0,0.1314805711620981
BBB,2014B,1536591,P3,F2,1.0,0.9459322599056113
BBB,2014B,1540042,P3,F2,0.0,0.48629114810261104
BBB,2014B,1559428,P3,F2,1.0,0.40312770355315963
BBB,2014B,1560989,P3,F2,1.0,0.26722901312053543
BBB,2014B,1588208,P3,F2,1.0,0.5775654476020916
BBB,2014B,1611973,P3,F2,1.0,0.3546811168344331
BBB,2014B,1624443,P3,F2,0.0,0.2940386320309438
BBB,2014B,1625718,P3,F2,0.0,0.4047952089538801
BBB,2014B,1626021,P3,F2,0.0,0.9062840759194654
BBB,2014B,1633695,P3,F2,1.0,0.24545279422618702
BBB,2014B,1719114,P3,F2,0.0,0.3206251881587178
BBB,2014B,1730702,P3,F2,1.0,0.964578298836437
BBB,2014B,1732219,P3,F2,0.0,0.34551446606866704
BBB,2014B,1759851,P3,F2,0.0,0.9490045481740199
BBB,2014B,1763653,P3,F2,0.0,0.17499202696733598
BBB,2014B,1780949,P3,F2,0.0,0.2210764539151065
BBB,2014B,1782665,P3,F2,1.0,0.3534488406821813
BBB,2014B,1786380,P3,F2,0.0,0.4437354805309258
BBB,2014B,1829654,P3,F2,1.0,0.3801954193604868
BBB,2014B,1840034,P3,F2,0.0,0.3512431235338843
BBB,2014B,1863244,P3,F2,1.0,0.4884240165877184
BBB,2014B,1864697,P3,F2,0.0,0.07430583760856788
BBB,2014B,1866742,P3,F2,0.0,0.6308278126329584
BBB,2014B,1877634,P3,F2,0.0,0.22457445540744161
BBB,2014B,1932474,P3,F2,0.0,0.11635929483560281
BBB,2014B,1934118,P3,F2,1.0,0.9460387489647484
BBB,2014B,1955634,P3,F2,0.0,0.23456987473833224
BBB,2014B,1957682,P3,F2,0.0,0.23236419404933972
BBB,2014B,1967937,P3,F2,1.0,0.2558498854248515
BBB,2014B,2002415,P3,F2,0.0,0.18885146808931533
BBB,2014B,2006364,P3,F2,1.0,0.8920791086508781
BBB,2014B,2022801,P3,F2,0.0,0.36004336909726076
BBB,2014B,2080885,P3,F2,0.0,0.5833350665926013
BBB,2014B,2081955,P3,F2,0.0,0.1562275053157065
BBB,2014B,2082318,P3,F2,0.0,0.46112318181976364
BBB,2014B,2087747,P3,F2,0.0,0.3713166455352289
BBB,2014B,2094350,P3,F2,1.0,0.637916863101447
BBB,2014B,2104426,P3,F2,0.0,0.3785078513323959
BBB,2014B,2108614,P3,F2,0.0,0.23111361004476705
BBB,2014B,2133207,P3,F2,0.0,0.5430838157269593
BBB,2014B,2148859,P3,F2,0.0,0.40234720190460643
BBB,2014B,2153200,P3,F2,1.0,0.16873287222063468
BBB,2014B,2164251,P3,F2,0.0,0.05307278445023943
BBB,2014B,2181205,P3,F2,0.0,0.4566395727731023
BBB,2014B,2213424,P3,F2,0.0,0.26198198420641683
BBB,2014B,2221869,P3,F2,1.0,0.3593338583592812
BBB,2014B,2230457,P3,F2,1.0,0.708089769258553
BBB,2014B,2243703,P3,F2,0.0,0.8309403886878007
BBB,2014B,2248122,P3,F2,0.0,0.2957576118841496
BBB,2014B,2266377,P3,F2,1.0,0.4226773161482586
BBB,2014B,2271743,P3,F2,1.0,0.5354006383022132
BBB,2014B,2273828,P3,F2,1.0,0.8718318962752858
BBB,2014B,2277941,P3,F2,1.0,0.934336691081839
BBB,2014B,2291760,P3,F2,0.0,0.4713462603476595
BBB,2014B,2300911,P3,F2,1.0,0.9648574483210268
BBB,2014B,2300913,P3,F2,1.0,0.7951965489850471
BBB,2014B,2303083,P3,F2,1.0,0.9246242928670947
BBB,2014B,2308026,P3,F2,0.0,0.7171635448820989
BBB,2014B,2308564,P3,F2,0.0,0.3843781601997029
BBB,2014B,2315082,P3,F2,1.0,0.30493043972008427
BBB,2014B,2317273,P3,F2,0.0,0.16717400812633756
BBB,2014B,2334930,P3,F2,0.0,0.24247448728101947
BBB,2014B,2340165,P3,F2,0.0,0.2351197866211637
BBB,2014B,2343413,P3,F2,0.0,0.35636159662900746
BBB,2014B,2351235,P3,F2,1.0,0.44713676712931344
BBB,2014B,2392789,P3,F2,0.0,0.24150663759691696
BBB,2014B,2418877,P3,F2,1.0,0.9381946358249529
BBB,2014B,2420725,P3,F2,1.0,0.3231576337397685
BBB,2014B,2436707,P3,F2,1.0,0.47481426555943573
BBB,2014B,2437428,P3,F2,1.0,0.5239173257949238
BBB,2014B,2440756,P3,F2,0.0,0.4123190157167905
BBB,2014B,2444501,P3,F2,1.0,0.9015725228506716
BBB,2014B,2446599,P3,F2,0.0,0.2499806798278326
BBB,2014B,2476144,P3,F2,0.0,0.7673697989078112
BBB,2014B,2482994,P3,F2,1.0,0.36325589077629467
BBB,2014B,2487785,P3,F2,0.0,0.24429746834221594
BBB,2014B,2502127,P3,F2,0.0,0.3748126510013027
BBB,2014B,2512349,P3,F2,1.0,0.945040336657667
BBB,2014B,2513954,P3,F2,0.0,0.2948646998151575
BBB,2014B,2514044,P3,F2,0.0,0.17937846009434472
BBB,2014B,2523350,P3,F2,0.0,0.13626336182754542
BBB,2014B,2523430,P3,F2,1.0,0.3219147682382297
BBB,2014B,2523989,P3,F2,0.0,0.9612559483349117
BBB,2014B,2524295,P3,F2,0.0,0.5574961848787056
BBB,2014B,2526784,P3,F2,0.0,0.5407164019888938
BBB,2014B,2532643,P3,F2,1.0,0.3028431501526876
BBB,2014B,2533391,P3,F2,0.0,0.17914536920094476
BBB,2014B,2534954,P3,F2,0.0,0.2981996671395629
BBB,2014B,2539641,P3,F2,0.0,0.6608513002089985
BBB,2014B,2541388,P3,F2,0.0,0.16116497417212416
BBB,2014B,2554464,P3,F2,1.0,0.9403979717740015
BBB,2014B,2568059,P3,F2,0.0,0.665762148825988
BBB,2014B,2570092,P3,F2,0.0,0.2050001556509361
BBB,2014B,2571054,P3,F2,0.0,0.39615003367619694
BBB,2014B,2574365,P3,F2,0.0,0.4267734229522646
BBB,2014B,2575914,P3,F2,0.0,0.9467499044897731
BBB,2014B,2578704,P3,F2,1.0,0.11555619782099172
BBB,2014B,2590564,P3,F2,0.0,0.10682418341392136
BBB,2014B,2591974,P3,F2,0.0,0.22284123247265888
BBB,2014B,2592923,P3,F2,1.0,0.30861843542749606
BBB,2014B,2597543,P3,F2,0.0,0.4408246834857216
BBB,2014B,2602679,P3,F2,0.0,0.2450261506353014
BBB,2014B,2609574,P3,F2,1.0,0.9010221009954873
BBB,2014B,2611847,P3,F2,1.0,0.46971655460006345
BBB,2014B,2625752,P3,F2,1.0,0.9562060871606876
BBB,2014B,2626410,P3,F2,1.0,0.9310855234991525
BBB,2014B,2634946,P3,F2,1.0,0.3228458822343465
BBB,2014B,2636696,P3,F2,0.0,0.5995878793996209
BBB,2014B,2641657,P3,F2,0.0,0.3314961952653217
BBB,2014B,2641682,P3,F2,1.0,0.67007301498349
BBB,2014B,2643007,P3,F2,0.0,0.13692721980916292
BBB,2014B,2652209,P3,F2,0.0,0.5559041728232932
BBB,2014B,2653570,P3,F2,1.0,0.7165665904427798
BBB,2014B,2659042,P3,F2,0.0,0.2552053984933448
BBB,2014B,2677541,P3,F2,1.0,0.5422632383822563
BBB,2014B,2681783,P3,F2,0.0,0.4773766248294967
BBB,2014B,2683697,P3,F2,1.0,0.8760107366217944
BBB,2014B,2687378,P3,F2,0.0,0.27802174866742935
BBB,2014B,2690136,P3,F2,1.0,0.9775346855262881
CCC,2014B,28418,P3,F2,1.0,0.8719417241633781
CCC,2014B,29764,P3,F2,0.0,0.43029908792809235
CCC,2014B,29820,P3,F2,0.0,0.44546277130428313
CCC,2014B,40604,P3,F2,0.0,0.5429154064659859
CCC,2014B,42638,P3,F2,0.0,0.5230265273800682
CCC,2014B,45664,P3,F2,1.0,0.9524635765408497
CCC,2014B,46605,P3,F2,0.0,0.136081982987361
CCC,2014B,49119,P3,F2,0.0,0.6873278752416548
CCC,2014B,50263,P3,F2,1.0,0.8633478130538313
CCC,2014B,51576,P3,F2,1.0,0.7971667207233618
CCC,2014B,54391,P3,F2,1.0,0.9105569814631107
CCC,2014B,57340,P3,F2,0.0,0.755936892328701
CCC,2014B,62278,P3,F2,1.0,0.71617625842907
CCC,2014B,64296,P3,F2,1.0,0.778439040337192
CCC,2014B,66254,P3,F2,1.0,0.735428912189923
CCC,2014B,69703,P3,F2,0.0,0.6008719798586936
CCC,2014B,70381,P3,F2,0.0,0.7727655914027206
CCC,2014B,70771,P3,F2,1.0,0.79982292573837
CCC,2014B,74290,P3,F2,1.0,0.9546589971748787
CCC,2014B,75454,P3,F2,0.0,0.5971556894257056
CCC,2014B,75728,P3,F2,1.0,0.46079054526280244
CCC,2014B,79461,P3,F2,1.0,0.9057197386113961
CCC,2014B,80329,P3,F2,1.0,0.7661483753454942
CCC,2014B,82575,P3,F2,0.0,0.5285209807378128
CCC,2014B,83219,P3,F2,0.0,0.7356396639836963
CCC,2014B,83453,P3,F2,1.0,0.8739790042766179
CCC,2014B,84299,P3,F2,1.0,0.7445583823949382
CCC,2014B,86047,P3,F2,1.0,0.9707674983731844
CCC,2014B,94484,P3,F2,0.0,0.7981465525591094
CCC,2014B,95906,P3,F2,0.0,0.44979740911494176
CCC,2014B,96538,P3,F2,1.0,0.9445538914417633
CCC,2014B,100621,P3,F2,1.0,0.8524162843877231
CCC,2014B,105523,P3,F2,0.0,0.8168795312289878
CCC,2014B,107028,P3,F2,1.0,0.6597589204435765
CCC,2014B,107339,P3,F2,0.0,0.4584435240011113
CCC,2014B,108834,P3,F2,1.0,0.5738011255430402
CCC,2014B,116518,P3,F2,0.0,0.6765515718870158
CCC,2014B,117232,P3,F2,0.0,0.5756313111022123
CCC,2014B,118098,P3,F2,1.0,0.9555318468225749
CCC,2014B,119729,P3,F2,1.0,0.869149616711626
CCC,2014B,122392,P3,F2,0.0,0.8981476051778226
CCC,2014B,123598,P3,F2,1.0,0.8808814045131932
CCC,2014B,124193,P3,F2,0.0,0.36740731529360005
CCC,2014B,126337,P3,F2,1.0,0.9352503837536501
CCC,2014B,126394,P3,F2,0.0,0.41224167817899526
CCC,2014B,126395,P3,F2,0.0,0.8608419339856748
CCC,2014B,128510,P3,F2,1.0,0.6258366536173292
CCC,2014B,129198,P3,F2,1.0,0.9007661049168181
CCC,2014B,129638,P3,F2,1.0,0.8241224766225277
CCC,2014B,129878,P3,F2,1.0,0.9662217159765586
CCC,2014B,131145,P3,F2,0.0,0.40975063241928045
CCC,2014B,131933,P3,F2,1.0,0.4032979535906196
CCC,2014B,132191,P3,F2,1.0,0.8803096272121201
CCC,2014B,133104,P3,F2,0.0,0.71000508691194
CCC,2014B,134025,P3,F2,1.0,0.2649797631599919
CCC,2014B,135330,P3,F2,1.0,0.747132804141031
CCC,2014B,135792,P3,F2,1.0,0.8283644300482021
CCC,2014B,142935,P3,F2,0.0,0.6462261867275939
CCC,2014B,145282,P3,F2,0.0,0.27590892936853467
CCC,2014B,147675,P3,F2,1.0,0.7710199200956968
CCC,2014B,151549,P3,F2,1.0,0.759125226248234
CCC,2014B,152428,P3,F2,0.0,0.6718852819881611
CCC,2014B,152962,P3,F2,0.0,0.5609729769775945
CCC,2014B,155067,P3,F2,1.0,0.9242117391313639
CCC,2014B,155963,P3,F2,0.0,0.49862691293109185
CCC,2014B,160300,P3,F2,0.0,0.636653815613175
CCC,2014B,162650,P3,F2,1.0,0.9022771832374133
CCC,2014B,165647,P3,F2,1.0,0.5527450956146941
CCC,2014B,165733,P3,F2,1.0,0.8645664119192553
CCC,2014B,166160,P3,F2,0.0,0.5302280594845851
CCC,2014B,167791,P3,F2,0.0,0.7451058082199732
CCC,2014B,168178,P3,F2,0.0,0.6264950837501096
CCC,2014B,169380,P3,F2,0.0,0.44561129713871966
CCC,2014B,170025,P3,F2,1.0,0.8722349351421429
CCC,2014B,170864,P3,F2,0.0,0.16044216503871486
CCC,2014B,172301,P3,F2,1.0,0.8917439583576027
CCC,2014B,172965,P3,F2,0.0,0.14952041350105572
CCC,2014B,175490,P3,F2,0.0,0.3722778445326265
CCC,2014B,177967,P3,F2,0.0,0.5931266347991981
CCC,2014B,178072,P3,F2,1.0,0.33110439349167736
CCC,2014B,178496,P3,F2,0.0,0.589466475701399
CCC,2014B,179904,P3,F2,1.0,0.8997356601906995
CCC,2014B,180976,P3,F2,0.0,0.4788438828159673
CCC,2014B,187435,P3,F2,0.0,0.4852767665073445
CCC,2014B,189428,P3,F2,0.0,0.617702775671177
CCC,2014B,189624,P3,F2,0.0,0.9115439658823553
CCC,2014B,191797,P3,F2,0.0,0.4730330803311294
CCC,2014B,193163,P3,F2,1.0,0.382490438808072
CCC,2014B,198902,P3,F2,1.0,0.9363874118984642
CCC,2014B,200372,P3,F2,1.0,0.2301438063328015
CCC,2014B,201327,P3,F2,1.0,0.9125789487511946
CCC,2014B,204725,P3,F2,0.0,0.36869767734482667
CCC,2014B,205398,P3,F2,1.0,0.808193538624802
CCC,2014B,205425,P3,F2,0.0,0.5946677126667548
CCC,2014B,206245,P3,F2,0.0,0.532757652383125
CCC,2014B,206599,P3,F2,1.0,0.7544990892071918
CCC,2014B,227192,P3,F2,0.0,0.8113148073814859
CCC,2014B,227752,P3,F2,1.0,0.5686275070620811
CCC,2014B,228153,P3,F2,1.0,0.9260629297036518
CCC,2014B,228743,P3,F2,1.0,0.9444101534550406
CCC,2014B,229499,P3,F2,1.0,0.9571428000088623
CCC,2014B,230761,P3,F2,1.0,0.886041955326972
CCC,2014B,231339,P3,F2,0.0,0.13055571031646743
CCC,2014B,232833,P3,F2,1.0,0.8401981696512064
CCC,2014B,233444,P3,F2,1.0,0.8964921165455972
CCC,2014B,234068,P3,F2,1.0,0.9311184625480728
CCC,2014B,234311,P3,F2,1.0,0.9085566166202672
CCC,2014B,234740,P3,F2,1.0,0.786621458978458
CCC,2014B,236205,P3,F2,0.0,0.3010580649663338
CCC,2014B,236620,P3,F2,0.0,0.4282286102445465
CCC,2014B,237934,P3,F2,1.0,0.8808522378711116
CCC,2014B,239707,P3,F2,1.0,0.9113697839527847
CCC,2014B,241955,P3,F2,1.0,0.928780264744247
CCC,2014B,242858,P3,F2,0.0,0.762240532408522
CCC,2014B,244977,P3,F2,0.0,0.31087041885621786
CCC,2014B,245217,P3,F2,1.0,0.772377529914169
CCC,2014B,245494,P3,F2,1.0,0.8008917111304791
CCC,2014B,246248,P3,F2,1.0,0.9152382821149401
CCC,2014B,247819,P3,F2,0.0,0.36268666659868776
CCC,2014B,250092,P3,F2,1.0,0.9159813063507138
CCC,2014B,251385,P3,F2,0.0,0.423086885309789
CCC,2014B,253859,P3,F2,0.0,0.3194361094337851
CCC,2014B,255310,P3,F2,0.0,0.5428976079303095
CCC,2014B,256532,P3,F2,1.0,0.882520748156317
CCC,2014B,260062,P3,F2,1.0,0.8932589147646147
CCC,2014B,260949,P3,F2,0.0,0.7641686623685903
CCC,2014B,261042,P3,F2,1.0,0.9514273871063036
CCC,2014B,261265,P3,F2,1.0,0.7385586029739027
CCC,2014B,261615,P3,F2,0.0,0.4104753467120921
CCC,2014B,262391,P3,F2,1.0,0.9158299696755604
CCC,2014B,264159,P3,F2,0.0,0.7343856691555243
CCC,2014B,266040,P3,F2,1.0,0.4703369765117971
CCC,2014B,266558,P3,F2,1.0,0.975171157922311
CCC,2014B,266915,P3,F2,1.0,0.9686122267776681
CCC,2014B,267118,P3,F2,1.0,0.9060485116509617
CCC,2014B,268018,P3,F2,1.0,0.6917638186702518
CCC,2014B,269676,P3,F2,0.0,0.9115907180468056
CCC,2014B,278861,P3,F2,1.0,0.16332839310889688
CCC,2014B,279868,P3,F2,0.0,0.43469501335600574
CCC,2014B,281261,P3,F2,1.0,0.6893788380001463
CCC,2014B,281801,P3,F2,0.0,0.1883954394454953
CCC,2014B,282193,P3,F2,0.0,0.6047350500678728
CCC,2014B,283798,P3,F2,0.0,0.4725013514570172
CCC,2014B,284812,P3,F2,0.0,0.1357834918231579
CCC,2014B,285170,P3,F2,0.0,0.7306559420736093
CCC,2014B,285475,P3,F2,0.0,0.3505322736464904
CCC,2014B,289009,P3,F2,0.0,0.7904029864083136
CCC,2014B,290382,P3,F2,1.0,0.8199348893411011
CCC,2014B,291805,P3,F2,0.0,0.9209600328609627
CCC,2014B,295893,P3,F2,1.0,0.8046788127587353
CCC,2014B,296411,P3,F2,0.0,0.30891013916973464
CCC,2014B,298040,P3,F2,0.0,0.12598666597896638
CCC,2014B,300059,P3,F2,0.0,0.8589438686510619
CCC,2014B,300594,P3,F2,1.0,0.9289367922041687
CCC,2014B,300611,P3,F2,1.0,0.9309165717119919
CCC,2014B,301232,P3,F2,0.0,0.7331301230213747
CCC,2014B,305876,P3,F2,1.0,0.6561529086989294
CCC,2014B,308391,P3,F2,1.0,0.9039431873872343
CCC,2014B,308918,P3,F2,1.0,0.8997713511915365
CCC,2014B,309118,P3,F2,0.0,0.7838369322191747
CCC,2014B,310088,P3,F2,1.0,0.4616708053431127
CCC,2014B,311616,P3,F2,0.0,0.2158045934574876
CCC,2014B,312886,P3,F2,1.0,0.9293101393673743
CCC,2014B,314555,P3,F2,1.0,0.9312837521002835
CCC,2014B,315322,P3,F2,1.0,0.953692596621774
CCC,2014B,315728,P3,F2,0.0,0.5327765088057484
CCC,2014B,316061,P3,F2,1.0,0.9510288063542125
CCC,2014B,316227,P3,F2,0.0,0.2252883275678068
CCC,2014B,319042,P3,F2,1.0,0.8696443108063477
CCC,2014B,320153,P3,F2,1.0,0.8718886834742446
CCC,2014B,321112,P3,F2,1.0,0.9135182177904143
CCC,2014B,324257,P3,F2,1.0,0.8890535066281381
CCC,2014B,325497,P3,F2,1.0,0.6048551757778935
CCC,2014B,328261,P3,F2,1.0,0.8805517976353882
CCC,2014B,329673,P3,F2,0.0,0.6887534213188261
CCC,2014B,330862,P3,F2,1.0,0.5933944280608294
CCC,2014B,335553,P3,F2,1.0,0.6084022389948476
CCC,2014B,335648,P3,F2,1.0,0.8879626532297071
CCC,2014B,336398,P3,F2,0.0,0.23106268764387655
CCC,2014B,336695,P3,F2,1.0,0.5792935986426815
CCC,2014B,338604,P3,F2,0.0,0.6778942324023233
CCC,2014B,338731,P3,F2,1.0,0.8516979631582051
CCC,2014B,342089,P3,F2,1.0,0.888473032893352
CCC,2014B,342957,P3,F2,1.0,0.9562281385145387
CCC,2014B,342974,P3,F2,0.0,0.6634916439263736
CCC,2014B,344367,P3,F2,1.0,0.983329788967267
CCC,2014B,344396,P3,F2,1.0,0.7750209934774555
CCC,2014B,345256,P3,F2,0.0,0.7570249791383098
CCC,2014B,347764,P3,F2,1.0,0.9441148184752807
CCC,2014B,348050,P3,F2,1.0,0.4749743838667684
CCC,2014B,348159,P3,F2,0.0,0.3581180622708747
CCC,2014B,349069,P3,F2,1.0,0.9359748773365357
CCC,2014B,351328,P3,F2,1.0,0.5673470779029635
CCC,2014B,351577,P3,F2,0.0,0.19637561158884972
CCC,2014B,351775,P3,F2,0.0,0.3422163657518898
CCC,2014B,353660,P3,F2,1.0,0.8814706523396704
CCC,2014B,353804,P3,F2,1.0,0.7682021484809082
CCC,2014B,354607,P3,F2,0.0,0.6956312150889483
CCC,2014B,355143,P3,F2,1.0,0.9371056537478735
CCC,2014B,356274,P3,F2,1.0,0.9461880334112267
CCC,2014B,356523,P3,F2,1.0,0.9037263939164822
CCC,2014B,357176,P3,F2,0.0,0.23874560073127896
CCC,2014B,357851,P3,F2,1.0,0.9233718510349604
CCC,2014B,357942,P3,F2,1.0,0.5999752474705975
CCC,2014B,358075,P3,F2,1.0,0.29987565208250144
CCC,2014B,359114,P3,F2,0.0,0.3447385963071328
CCC,2014B,360547,P3,F2,1.0,0.8733645517695479
CCC,2014B,361410,P3,F2,0.0,0.7733438445471965
CCC,2014B,362223,P3,F2,0.0,0.3771997154981402
CCC,2014B,363374,P3,F2,1.0,0.8644626110500049
CCC,2014B,363773,P3,F2,0.0,0.2756332439990946
CCC,2014B,363906,P3,F2,1.0,0.7094469463420929
CCC,2014B,363939,P3,F2,1.0,0.8048399179885894
CCC,2014B,364920,P3,F2,1.0,0.8423657497477898
CCC,2014B,365993,P3,F2,1.0,0.7951692203324988
CCC,2014B,366310,P3,F2,0.0,0.8647533511922041
CCC,2014B,368483,P3,F2,1.0,0.870845454639642
CCC,2014B,368876,P3,F2,1.0,0.8259007782138508
CCC,2014B,370336,P3,F2,1.0,0.600849220494852
CCC,2014B,371526,P3,F2,0.0,0.6383414429812745
CCC,2014B,371901,P3,F2,0.0,0.7315218841145193
CCC,2014B,372812,P3,F2,1.0,0.8666199500313525
CCC,2014B,374028,P3,F2,0.0,0.5162707461114513
CCC,2014B,374756,P3,F2,0.0,0.26078363778887437
CCC,2014B,376701,P3,F2,1.0,0.962239004969412
CCC,2014B,378920,P3,F2,0.0,0.7511535444362603
CCC,2014B,379406,P3,F2,1.0,0.4261139642529753
CCC,2014B,381240,P3,F2,1.0,0.725959726150905
CCC,2014B,381927,P3,F2,0.0,0.26095702608125476
CCC,2014B,383140,P3,F2,0.0,0.3744288179147918
CCC,2014B,383158,P3,F2,0.0,0.7067818063416711
CCC,2014B,383311,P3,F2,1.0,0.9856912438943336
CCC,2014B,383347,P3,F2,0.0,0.5158267819003721
CCC,2014B,383372,P3,F2,0.0,0.8302009387849179
CCC,2014B,383971,P3,F2,1.0,0.6448151258775132
CCC,2014B,385120,P3,F2,1.0,0.9042828516513606
CCC,2014B,385387,P3,F2,0.0,0.12065695127201628
CCC,2014B,386189,P3,F2,1.0,0.9525503006625979
CCC,2014B,387009,P3,F2,0.0,0.2782853449703165
CCC,2014B,388538,P3,F2,0.0,0.3173347324377065
CCC,2014B,388708,P3,F2,1.0,0.8800437468996596
CCC,2014B,388750,P3,F2,1.0,0.8276200022496034
CCC,2014B,391343,P3,F2,1.0,0.7930926236982095
CCC,2014B,391419,P3,F2,1.0,0.9010569916458822
CCC,2014B,392289,P3,F2,1.0,0.9159944710634836
CCC,2014B,392526,P3,F2,0.0,0.5396757844663458
CCC,2014B,394311,P3,F2,0.0,0.48409963151979823
CCC,2014B,394341,P3,F2,1.0,0.4059728364392446
CCC,2014B,396825,P3,F2,0.0,0.38410617948360437
CCC,2014B,397506,P3,F2,0.0,0.5816298618796252
CCC,2014B,398487,P3,F2,1.0,0.8023771063714626
CCC,2014B,400063,P3,F2,1.0,0.9253478361383891
CCC,2014B,401296,P3,F2,0.0,0.42074982315127724
CCC,2014B,401903,P3,F2,0.0,0.34518855383961783
CCC,2014B,403085,P3,F2,0.0,0.3979255448756411
CCC,2014B,404239,P3,F2,1.0,0.8558944340139415
CCC,2014B,406265,P3,F2,1.0,0.3544849813157268
CCC,2014B,406846,P3,F2,1.0,0.9410708002119281
CCC,2014B,406908,P3,F2,1.0,0.7176020535705739
CCC,2014B,406937,P3,F2,1.0,0.8875549471926057
CCC,2014B,407453,P3,F2,1.0,0.7725576687830417
CCC,2014B,407818,P3,F2,1.0,0.814101117784551
CCC,2014B,408371,P3,F2,1.0,0.8868964344843734
CCC,2014B,408413,P3,F2,1.0,0.6912373461523884
CCC,2014B,409540,P3,F2,1.0,0.5418787143843331
CCC,2014B,410203,P3,F2,0.0,0.44821421558949215
CCC,2014B,410407,P3,F2,0.0,0.179216042982713
CCC,2014B,410699,P3,F2,0.0,0.6166382828565645
CCC,2014B,410886,P3,F2,1.0,0.564397646227954
CCC,2014B,412258,P3,F2,0.0,0.34959192208476075
CCC,2014B,412284,P3,F2,1.0,0.8774971751165936
CCC,2014B,413083,P3,F2,1.0,0.8827212059797176
CCC,2014B,416500,P3,F2,1.0,0.9666709365532792
CCC,2014B,416689,P3,F2,0.0,0.8509579183121236
CCC,2014B,416860,P3,F2,1.0,0.8934883288291657
CCC,2014B,417820,P3,F2,0.0,0.4014370839753725
CCC,2014B,418224,P3,F2,1.0,0.6457350105158736
CCC,2014B,418623,P3,F2,0.0,0.8138687331522346
CCC,2014B,418971,P3,F2,1.0,0.9042283835144099
CCC,2014B,419233,P3,F2,1.0,0.4882366563423319
CCC,2014B,419536,P3,F2,1.0,0.773030967780369
CCC,2014B,420345,P3,F2,0.0,0.5555057267770134
CCC,2014B,420528,P3,F2,0.0,0.45027436192244036
CCC,2014B,420935,P3,F2,0.0,0.10490067904684743
CCC,2014B,421209,P3,F2,0.0,0.8841013189700235
CCC,2014B,421712,P3,F2,1.0,0.5672737212473723
CCC,2014B,423879,P3,F2,0.0,0.2459081678456253
CCC,2014B,424082,P3,F2,0.0,0.8173100481465257
CCC,2014B,424112,P3,F2,0.0,0.5704298069902799
CCC,2014B,424950,P3,F2,0.0,0.8854144026317681
CCC,2014B,425287,P3,F2,1.0,0.8917395823916611
CCC,2014B,426610,P3,F2,0.0,0.40802217790323625
CCC,2014B,426616,P3,F2,1.0,0.7129998903551958
CCC,2014B,429065,P3,F2,1.0,0.7310471271616809
CCC,2014B,429185,P3,F2,0.0,0.20156987150921318
CCC,2014B,430686,P3,F2,0.0,0.5514338990035904
CCC,2014B,431014,P3,F2,1.0,0.9278501842535443
CCC,2014B,431386,P3,F2,0.0,0.5642458208016087
CCC,2014B,432278,P3,F2,1.0,0.5913120796433448
CCC,2014B,434562,P3,F2,0.0,0.45068741955361435
CCC,2014B,434573,P3,F2,1.0,0.9100171305059837
CCC,2014B,436058,P3,F2,0.0,0.8883945303777453
CCC,2014B,438313,P3,F2,1.0,0.9740739285427181
CCC,2014B,438796,P3,F2,0.0,0.48724009381973366
CCC,2014B,440323,P3,F2,1.0,0.7281038063083128
CCC,2014B,440905,P3,F2,1.0,0.8652905078274462
CCC,2014B,441540,P3,F2,1.0,0.7734462630832781
CCC,2014B,441606,P3,F2,1.0,0.9155389820783357
CCC,2014B,442954,P3,F2,1.0,0.9195760098533533
CCC,2014B,445777,P3,F2,0.0,0.5022629517960934
CCC,2014B,445917,P3,F2,0.0,0.2134513553551882
CCC,2014B,445972,P3,F2,0.0,0.10729341851145269
CCC,2014B,446295,P3,F2,1.0,0.9812431372708935
CCC,2014B,446628,P3,F2,1.0,0.9002190691837412
CCC,2014B,447306,P3,F2,1.0,0.9174783950068776
CCC,2014B,464236,P3,F2,1.0,0.7832986579657001
CCC,2014B,465406,P3,F2,0.0,0.6132496841090197
CCC,2014B,465719,P3,F2,1.0,0.9586800886196037
CCC,2014B,465843,P3,F2,1.0,0.7107111564855875
CCC,2014B,466289,P3,F2,0.0,0.4739353589577797
CCC,2014B,466714,P3,F2,1.0,0.8899605631479374
CCC,2014B,467230,P3,F2,0.0,0.5000067238240367
CCC,2014B,467753,P3,F2,1.0,0.8109831560861056
CCC,2014B,467894,P3,F2,1.0,0.974879641926141
CCC,2014B,468753,P3,F2,1.0,0.5790165668120654
CCC,2014B,469761,P3,F2,0.0,0.368741796954482
CCC,2014B,470002,P3,F2,1.0,0.6266510864664229
CCC,2014B,471018,P3,F2,1.0,0.9521139883492509
CCC,2014B,471580,P3,F2,1.0,0.7726956134778833
CCC,2014B,471657,P3,F2,0.0,0.5628976774310139
CCC,2014B,471979,P3,F2,0.0,0.4713167365900109
CCC,2014B,472087,P3,F2,0.0,0.7960198754139018
CCC,2014B,472309,P3,F2,1.0,0.5658487949197804
CCC,2014B,473965,P3,F2,0.0,0.9286829107104392
CCC,2014B,474283,P3,F2,1.0,0.872313371852588
CCC,2014B,474759,P3,F2,1.0,0.9055952347193027
CCC,2014B,475149,P3,F2,1.0,0.3182447509814356
CCC,2014B,475556,P3,F2,1.0,0.7263441499301766
CCC,2014B,475945,P3,F2,0.0,0.44321675744385974
CCC,2014B,476108,P3,F2,0.0,0.4917554754378647
CCC,2014B,476937,P3,F2,1.0,0.6967316690078227
CCC,2014B,477067,P3,F2,0.0,0.2558509059995379
CCC,2014B,478212,P3,F2,1.0,0.917905800917666
CCC,2014B,478550,P3,F2,1.0,0.3643860753289996
CCC,2014B,478977,P3,F2,1.0,0.6237156178037752
CCC,2014B,479607,P3,F2,1.0,0.8096189392176663
CCC,2014B,479725,P3,F2,1.0,0.9434583570972468
CCC,2014B,479753,P3,F2,1.0,0.9667849167278446
CCC,2014B,480604,P3,F2,1.0,0.3478241752780204
CCC,2014B,480929,P3,F2,0.0,0.21069988804641204
CCC,2014B,480943,P3,F2,0.0,0.6666270295102628
CCC,2014B,482280,P3,F2,0.0,0.5171464091461121
CCC,2014B,482745,P3,F2,1.0,0.8706363785604934
CCC,2014B,483108,P3,F2,1.0,0.5380620291074139
CCC,2014B,483267,P3,F2,1.0,0.5940459994372199
CCC,2014B,483275,P3,F2,0.0,0.6441800573061818
CCC,2014B,484174,P3,F2,1.0,0.8039713504116389
CCC,2014B,484464,P3,F2,0.0,0.3697631952371552
CCC,2014B,485312,P3,F2,0.0,0.30108145311947443
CCC,2014B,485374,P3,F2,0.0,0.42056575537261404
CCC,2014B,485594,P3,F2,1.0,0.9605604690011128
CCC,2014B,485604,P3,F2,0.0,0.31333455791812814
CCC,2014B,485944,P3,F2,1.0,0.7040898748710914
CCC,2014B,486378,P3,F2,1.0,0.8688011550081766
CCC,2014B,487494,P3,F2,1.0,0.9548935208414263
CCC,2014B,487629,P3,F2,1.0,0.8058543650314964
CCC,2014B,488431,P3,F2,0.0,0.7534302073866787
CCC,2014B,489929,P3,F2,0.0,0.735049375263787
CCC,2014B,490024,P3,F2,0.0,0.7958566418596679
CCC,2014B,490081,P3,F2,0.0,0.9161652793238971
CCC,2014B,490282,P3,F2,0.0,0.6252405938795056
CCC,2014B,490297,P3,F2,1.0,0.9503780012794762
CCC,2014B,490587,P3,F2,1.0,0.9511877952230704
CCC,2014B,490662,P3,F2,1.0,0.7863741207814614
CCC,2014B,490768,P3,F2,1.0,0.7340185234979829
CCC,2014B,490769,P3,F2,1.0,0.7067859384897787
CCC,2014B,491170,P3,F2,1.0,0.960503511872896
CCC,2014B,491232,P3,F2,1.0,0.8919166250970342
CCC,2014B,491742,P3,F2,1.0,0.9052132292937097
CCC,2014B,491843,P3,F2,1.0,0.8697572980983652
CCC,2014B,492357,P3,F2,1.0,0.6588032031365995
CCC,2014B,492900,P3,F2,0.0,0.843676413286888
CCC,2014B,493822,P3,F2,1.0,0.6775871212879017
CCC,2014B,493988,P3,F2,1.0,0.8485405755651438
CCC,2014B,494389,P3,F2,1.0,0.9232325206891289
CCC,2014B,494919,P3,F2,0.0,0.5763282506174264
CCC,2014B,495320,P3,F2,0.0,0.5833588751113078
CCC,2014B,496108,P3,F2,1.0,0.9825508143382187
CCC,2014B,497080,P3,F2,1.0,0.872775993038085
CCC,2014B,498043,P3,F2,1.0,0.38758168843188257
CCC,2014B,498138,P3,F2,1.0,0.8498780060707766
CCC,2014B,498741,P3,F2,1.0,0.9341737777402317
CCC,2014B,500006,P3,F2,1.0,0.628738564187691
CCC,2014B,500189,P3,F2,1.0,0.865082525159761
CCC,2014B,500597,P3,F2,1.0,0.8501272387099768
CCC,2014B,501339,P3,F2,1.0,0.5200407661260201
CCC,2014B,501443,P3,F2,1.0,0.8321140633071976
CCC,2014B,501652,P3,F2,1.0,0.9229640792838646
CCC,2014B,502465,P3,F2,0.0,0.7968897521851761
CCC,2014B,502554,P3,F2,0.0,0.14368573776655008
CCC,2014B,502833,P3,F2,1.0,0.9023732843297398
CCC,2014B,502868,P3,F2,0.0,0.4724963967858721
CCC,2014B,502929,P3,F2,1.0,0.9809786190536244
CCC,2014B,503469,P3,F2,1.0,0.7670073140212831
CCC,2014B,503872,P3,F2,1.0,0.9121307638994466
CCC,2014B,504057,P3,F2,1.0,0.8973671472728489
CCC,2014B,505235,P3,F2,1.0,0.6579745956584654
CCC,2014B,505520,P3,F2,1.0,0.8285434558301635
CCC,2014B,505767,P3,F2,0.0,0.3867525173830189
CCC,2014B,505815,P3,F2,1.0,0.5297946494918522
CCC,2014B,506206,P3,F2,0.0,0.6761300174065581
CCC,2014B,507034,P3,F2,0.0,0.3694766518863766
CCC,2014B,507388,P3,F2,1.0,0.8900492204120769
CCC,2014B,507523,P3,F2,0.0,0.6744975162705332
CCC,2014B,507671,P3,F2,1.0,0.6960616727827023
CCC,2014B,508025,P3,F2,1.0,0.6077899418614638
CCC,2014B,509029,P3,F2,0.0,0.666514012734113
CCC,2014B,509102,P3,F2,0.0,0.45493286931018584
CCC,2014B,509122,P3,F2,1.0,0.8978511486824259
CCC,2014B,509183,P3,F2,0.0,0.5910209438582976
CCC,2014B,509649,P3,F2,1.0,0.8957002188930518
CCC,2014B,509839,P3,F2,0.0,0.18811914359494555
CCC,2014B,510070,P3,F2,1.0,0.8163804332784889
CCC,2014B,510694,P3,F2,1.0,0.9190701279523715
CCC,2014B,510914,P3,F2,1.0,0.2968260498185804
CCC,2014B,511473,P3,F2,0.0,0.6868698600662347
CCC,2014B,511657,P3,F2,1.0,0.795968675147602
CCC,2014B,512353,P3,F2,1.0,0.8769275523948171
CCC,2014B,512475,P3,F2,0.0,0.23660762674945074
CCC,2014B,512582,P3,F2,1.0,0.5905919468135418
CCC,2014B,513638,P3,F2,0.0,0.48198806821124207
CCC,2014B,513934,P3,F2,1.0,0.6596339125949571
CCC,2014B,514000,P3,F2,1.0,0.5712488949769963
CCC,2014B,514186,P3,F2,1.0,0.9399900447783889
CCC,2014B,515046,P3,F2,0.0,0.3975871612679912
CCC,2014B,515107,P3,F2,0.0,0.60043663648068
CCC,2014B,515278,P3,F2,1.0,0.810777890758455
CCC,2014B,515515,P3,F2,1.0,0.4917942974976801
CCC,2014B,515774,P3,F2,0.0,0.6204257807058213
CCC,2014B,515936,P3,F2,1.0,0.8935758581969256
CCC,2014B,516024,P3,F2,0.0,0.7220345797288173
CCC,2014B,516238,P3,F2,0.0,0.5181237206974264
CCC,2014B,516496,P3,F2,0.0,0.537521039828773
CCC,2014B,516685,P3,F2,1.0,0.9232650287647011
CCC,2014B,516726,P3,F2,0.0,0.8462290607268104
CCC,2014B,517999,P3,F2,0.0,0.2606896247474679
CCC,2014B,518116,P3,F2,1.0,0.9283069459337734
CCC,2014B,518363,P3,F2,0.0,0.6396059492687424
CCC,2014B,518862,P3,F2,0.0,0.5671698734679776
CCC,2014B,519544,P3,F2,0.0,0.8196051944054249
CCC,2014B,519589,P3,F2,1.0,0.9145306706472649
CCC,2014B,520377,P3,F2,0.0,0.7375927935237333
CCC,2014B,520588,P3,F2,1.0,0.7069592000907784
CCC,2014B,521051,P3,F2,0.0,0.6834683598205941
CCC,2014B,521297,P3,F2,0.0,0.7420814691011183
CCC,2014B,521542,P3,F2,1.0,0.9190302440389704
CCC,2014B,521614,P3,F2,0.0,0.10170116489064594
CCC,2014B,522312,P3,F2,0.0,0.31596571041686544
CCC,2014B,522484,P3,F2,1.0,0.9536579802392601
CCC,2014B,522682,P3,F2,1.0,0.9146678621011489
CCC,2014B,523061,P3,F2,0.0,0.7597401193966881
CCC,2014B,523079,P3,F2,0.0,0.34004953445792524
CCC,2014B,523239,P3,F2,1.0,0.857213858901123
CCC,2014B,523335,P3,F2,1.0,0.8518485257784159
CCC,2014B,523710,P3,F2,1.0,0.8965630074816983
CCC,2014B,524128,P3,F2,0.0,0.5116852978478622
CCC,2014B,524295,P3,F2,0.0,0.6131142293481356
CCC,2014B,524378,P3,F2,0.0,0.4207743211207236
CCC,2014B,524386,P3,F2,1.0,0.661816862493526
CCC,2014B,525332,P3,F2,1.0,0.8594055160033669
CCC,2014B,525832,P3,F2,0.0,0.2339873894598918
CCC,2014B,526073,P3,F2,1.0,0.8730312669399805
CCC,2014B,526235,P3,F2,1.0,0.9207591607824774
CCC,2014B,526547,P3,F2,1.0,0.908916608143737
CCC,2014B,526564,P3,F2,1.0,0.1312934794569971
CCC,2014B,526876,P3,F2,1.0,0.2963474082773147
CCC,2014B,526927,P3,F2,0.0,0.3158744630629069
CCC,2014B,527771,P3,F2,1.0,0.7222012783149399
CCC,2014B,527826,P3,F2,0.0,0.17146068258388925
CCC,2014B,527964,P3,F2,0.0,0.4739469706650233
CCC,2014B,528021,P3,F2,1.0,0.9275079399315667
CCC,2014B,528023,P3,F2,1.0,0.9589949510233099
CCC,2014B,528066,P3,F2,0.0,0.5658851271322106
CCC,2014B,528892,P3,F2,0.0,0.803538019910027
CCC,2014B,529025,P3,F2,0.0,0.7656866697573186
CCC,2014B,529073,P3,F2,1.0,0.8970073069613891
CCC,2014B,529078,P3,F2,1.0,0.443128564462843
CCC,2014B,529153,P3,F2,1.0,0.9729546219118955
CCC,2014B,529434,P3,F2,0.0,0.784903566932324
CCC,2014B,530113,P3,F2,1.0,0.7184586375891108
CCC,2014B,530481,P3,F2,1.0,0.9217514045815535
CCC,2014B,530650,P3,F2,0.0,0.3960211884855105
CCC,2014B,530936,P3,F2,1.0,0.9469420485763345
CCC,2014B,531047,P3,F2,1.0,0.9695746481029324
CCC,2014B,531075,P3,F2,1.0,0.9322527031858164
CCC,2014B,532020,P3,F2,0.0,0.5858620415333065
CCC,2014B,532350,P3,F2,0.0,0.49847775878736916
CCC,2014B,532531,P3,F2,1.0,0.9376845718240706
CCC,2014B,532565,P3,F2,1.0,0.854974824268839
CCC,2014B,532718,P3,F2,0.0,0.3201619002834992
CCC,2014B,532859,P3,F2,1.0,0.9489709375276494
CCC,2014B,533004,P3,F2,1.0,0.7879533915331582
CCC,2014B,534074,P3,F2,1.0,0.884564504355692
CCC,2014B,535047,P3,F2,0.0,0.9021719268546237
CCC,2014B,535682,P3,F2,1.0,0.9831424463172084
CCC,2014B,536032,P3,F2,1.0,0.9673851933120154
CCC,2014B,536170,P3,F2,0.0,0.14356508609255764
CCC,2014B,536261,P3,F2,0.0,0.8268693072521764
CCC,2014B,536435,P3,F2,1.0,0.47501169319967185
CCC,2014B,536536,P3,F2,1.0,0.9364181019930662
CCC,2014B,537322,P3,F2,0.0,0.7453465418826825
CCC,2014B,537603,P3,F2,1.0,0.8850323874328594
CCC,2014B,537606,P3,F2,1.0,0.5443442340910555
CCC,2014B,537622,P3,F2,1.0,0.6588856315899979
CCC,2014B,537654,P3,F2,1.0,0.940484461503173
CCC,2014B,537658,P3,F2,1.0,0.9279684199386555
CCC,2014B,538887,P3,F2,1.0,0.7591070806072722
CCC,2014B,539328,P3,F2,1.0,0.6487039461805358
CCC,2014B,539514,P3,F2,1.0,0.2957977313307282
CCC,2014B,539784,P3,F2,0.0,0.3123847944649086
CCC,2014B,539971,P3,F2,0.0,0.8542862844343546
CCC,2014B,540686,P3,F2,0.0,0.40312859571943144
CCC,2014B,541003,P3,F2,1.0,0.7722309176313119
CCC,2014B,541184,P3,F2,1.0,0.9391136827307769
CCC,2014B,542050,P3,F2,1.0,0.6853154709239404
CCC,2014B,542721,P3,F2,1.0,0.9157033372488409
CCC,2014B,543170,P3,F2,0.0,0.6850901072827088
CCC,2014B,543417,P3,F2,1.0,0.9724717819921452
CCC,2014B,543475,P3,F2,1.0,0.8809196622258589
CCC,2014B,543678,P3,F2,0.0,0.6443524423364466
CCC,2014B,543924,P3,F2,1.0,0.9138039111254214
CCC,2014B,543948,P3,F2,0.0,0.4907801414194698
CCC,2014B,544090,P3,F2,1.0,0.43458378026400635
CCC,2014B,544467,P3,F2,1.0,0.9720625006156819
CCC,2014B,544490,P3,F2,0.0,0.7394578873964555
CCC,2014B,544594,P3,F2,0.0,0.33884394434115317
CCC,2014B,544791,P3,F2,1.0,0.9014845191192759
CCC,2014B,544839,P3,F2,0.0,0.28446708811200067
CCC,2014B,545045,P3,F2,1.0,0.9611611925275295
CCC,2014B,545740,P3,F2,0.0,0.4209254994275476
CCC,2014B,545747,P3,F2,0.0,0.19287909797306446
CCC,2014B,546400,P3,F2,1.0,0.9246778118870757
CCC,2014B,546675,P3,F2,1.0,0.937881855296265
CCC,2014B,547287,P3,F2,0.0,0.16854561189104958
CCC,2014B,547332,P3,F2,1.0,0.19718698211601554
CCC,2014B,547413,P3,F2,1.0,0.8882630125077968
CCC,2014B,547571,P3,F2,1.0,0.6073696316487489
CCC,2014B,547986,P3,F2,1.0,0.9421215095803618
CCC,2014B,548261,P3,F2,1.0,0.6323823132671084
CCC,2014B,548383,P3,F2,1.0,0.8347854268207148
CCC,2014B,548386,P3,F2,0.0,0.3064549631780625
CCC,2014B,548509,P3,F2,0.0,0.16249651000028434
CCC,2014B,548602,P3,F2,0.0,0.4035675545248979
CCC,2014B,548677,P3,F2,0.0,0.5465358656775899
CCC,2014B,548764,P3,F2,1.0,0.6291462180348787
CCC,2014B,548854,P3,F2,0.0,0.6490442645633372
CCC,2014B,549636,P3,F2,1.0,0.4072919016520666
CCC,2014B,549928,P3,F2,1.0,0.896142208178283
CCC,2014B,549951,P3,F2,0.0,0.5654830604995444
CCC,2014B,550092,P3,F2,1.0,0.8493962523467913
CCC,2014B,550545,P3,F2,1.0,0.44010777648416183
CCC,2014B,550812,P3,F2,1.0,0.947079869027748
CCC,2014B,550893,P3,F2,1.0,0.9010974330851401
CCC,2014B,551115,P3,F2,0.0,0.27697897755816253
CCC,2014B,551267,P3,F2,0.0,0.751458791085189
CCC,2014B,551304,P3,F2,0.0,0.7212285480817009
CCC,2014B,551478,P3,F2,0.0,0.42314512962362666
CCC,2014B,551528,P3,F2,1.0,0.9523076623314124
CCC,2014B,551604,P3,F2,1.0,0.7101812961329071
CCC,2014B,551856,P3,F2,1.0,0.9557169800932558
CCC,2014B,551902,P3,F2,1.0,0.9723116720552336
CCC,2014B,552166,P3,F2,1.0,0.787135396121452
CCC,2014B,552441,P3,F2,0.0,0.32410909999284127
CCC,2014B,552498,P3,F2,1.0,0.8571761267617009
CCC,2014B,552590,P3,F2,1.0,0.9331404558987486
CCC,2014B,552913,P3,F2,0.0,0.9268347170329447
CCC,2014B,553021,P3,F2,0.0,0.26381555226815406
CCC,2014B,553280,P3,F2,0.0,0.4841573522734542
CCC,2014B,553394,P3,F2,0.0,0.17281726507179487
CCC,2014B,553410,P3,F2,1.0,0.617800004003754
CCC,2014B,553655,P3,F2,0.0,0.6563071346528621
CCC,2014B,553741,P3,F2,1.0,0.8018626648739038
CCC,2014B,554141,P3,F2,0.0,0.769498450643865
CCC,2014B,554205,P3,F2,1.0,0.2996140773423969
CCC,2014B,554583,P3,F2,0.0,0.8749354489590802
CCC,2014B,554870,P3,F2,0.0,0.9093544287476146
CCC,2014B,554951,P3,F2,0.0,0.751945912762225
CCC,2014B,555008,P3,F2,0.0,0.28710311108480535
CCC,2014B,555368,P3,F2,1.0,0.8960941818708147
CCC,2014B,555604,P3,F2,0.0,0.8742876733599979
CCC,2014B,555706,P3,F2,0.0,0.4919172789263417
CCC,2014B,555953,P3,F2,1.0,0.7256631037494223
CCC,2014B,556042,P3,F2,1.0,0.8971809546779573
CCC,2014B,556109,P3,F2,1.0,0.7161227695458564
CCC,2014B,556246,P3,F2,0.0,0.4009348469522872
CCC,2014B,556295,P3,F2,0.0,0.33083863326361196
CCC,2014B,556521,P3,F2,1.0,0.8618248919788913
CCC,2014B,556584,P3,F2,0.0,0.25482990825782814
CCC,2014B,556587,P3,F2,1.0,0.9674094165234336
CCC,2014B,556858,P3,F2,0.0,0.8494234723422744
CCC,2014B,556918,P3,F2,1.0,0.478877121419506
CCC,2014B,557172,P3,F2,1.0,0.9409539275419616
CCC,2014B,557700,P3,F2,1.0,0.7912557958688071
CCC,2014B,557995,P3,F2,1.0,0.7106262970994432
CCC,2014B,558122,P3,F2,1.0,0.8689561125814949
CCC,2014B,558444,P3,F2,1.0,0.9501962980397225
CCC,2014B,558471,P3,F2,1.0,0.48662751407873556
CCC,2014B,558518,P3,F2,0.0,0.6561415730102165
CCC,2014B,558616,P3,F2,0.0,0.8783891764065456
CCC,2014B,558914,P3,F2,1.0,0.7871202955501893
CCC,2014B,559157,P3,F2,1.0,0.9148225014855181
CCC,2014B,559469,P3,F2,1.0,0.8864324244913471
CCC,2014B,559706,P3,F2,0.0,0.9443820049714458
CCC,2014B,559770,P3,F2,0.0,0.4841894855034141
CCC,2014B,559912,P3,F2,1.0,0.8663561589193788
CCC,2014B,559977,P3,F2,1.0,0.9672065163448537
CCC,2014B,560114,P3,F2,0.0,0.6940933503831609
CCC,2014B,560311,P3,F2,0.0,0.5850548285601072
CCC,2014B,560494,P3,F2,0.0,0.34995566925680965
CCC,2014B,560784,P3,F2,1.0,0.813526154914273
CCC,2014B,560951,P3,F2,1.0,0.778192188698438
CCC,2014B,561363,P3,F2,0.0,0.6086615863132088
CCC,2014B,561559,P3,F2,0.0,0.2917597292505368
CCC,2014B,561774,P3,F2,0.0,0.4843622494368051
CCC,2014B,562450,P3,F2,0.0,0.5308923933363999
CCC,2014B,562585,P3,F2,1.0,0.9208913462239091
CCC,2014B,562825,P3,F2,0.0,0.7827924639912762
CCC,2014B,563046,P3,F2,0.0,0.7425835943963358
CCC,2014B,563631,P3,F2,1.0,0.9481628010944617
CCC,2014B,563819,P3,F2,0.0,0.9152077291904029
CCC,2014B,563967,P3,F2,1.0,0.9397679994756761
CCC,2014B,564700,P3,F2,1.0,0.9202009709024039
CCC,2014B,565399,P3,F2,0.0,0.19487137381727943
CCC,2014B,565838,P3,F2,1.0,0.7702083975202968
CCC,2014B,565883,P3,F2,1.0,0.8954403683402342
CCC,2014B,566185,P3,F2,1.0,0.8052331687022672
CCC,2014B,566310,P3,F2,0.0,0.5304024719818651
CCC,2014B,566428,P3,F2,0.0,0.5695812125552877
CCC,2014B,566664,P3,F2,1.0,0.9044626622561227
CCC,2014B,566670,P3,F2,0.0,0.8259570204175163
CCC,2014B,566715,P3,F2,0.0,0.39618622394959474
CCC,2014B,566871,P3,F2,1.0,0.45427767172592226
CCC,2014B,566872,P3,F2,1.0,0.8029385316073431
CCC,2014B,568047,P3,F2,1.0,0.7648917730883548
CCC,2014B,568084,P3,F2,0.0,0.46400682874007343
CCC,2014B,569080,P3,F2,0.0,0.2586481471095662
CCC,2014B,569108,P3,F2,0.0,0.2572036644482522
CCC,2014B,569342,P3,F2,1.0,0.8719210634683436
CCC,2014B,569609,P3,F2,0.0,0.9081077917089417
CCC,2014B,569712,P3,F2,1.0,0.8024799900753505
CCC,2014B,570113,P3,F2,1.0,0.9365043334621296
CCC,2014B,570410,P3,F2,0.0,0.8106848703747599
CCC,2014B,570514,P3,F2,1.0,0.9445378089550152
CCC,2014B,570872,P3,F2,0.0,0.8119823240025037
CCC,2014B,570967,P3,F2,0.0,0.5213396976640396
CCC,2014B,571025,P3,F2,1.0,0.6228231714729922
CCC,2014B,571129,P3,F2,0.0,0.11259013035631836
CCC,2014B,571233,P3,F2,1.0,0.6046274299506201
CCC,2014B,571389,P3,F2,1.0,0.897253868678964
CCC,2014B,571571,P3,F2,0.0,0.25996522083813184
CCC,2014B,571595,P3,F2,1.0,0.9113139740000745
CCC,2014B,571776,P3,F2,0.0,0.21793457269972555
CCC,2014B,571992,P3,F2,1.0,0.9053356047485851
CCC,2014B,572036,P3,F2,0.0,0.6849394533381343
CCC,2014B,572279,P3,F2,1.0,0.931178447553604
CCC,2014B,572303,P3,F2,0.0,0.7417596969244656
CCC,2014B,572382,P3,F2,1.0,0.9396013936118406
CCC,2014B,572401,P3,F2,1.0,0.9539895123964202
CCC,2014B,572438,P3,F2,0.0,0.16839268515160236
CCC,2014B,572570,P3,F2,0.0,0.6042604050955269
CCC,2014B,572854,P3,F2,0.0,0.3503696426954051
CCC,2014B,572891,P3,F2,0.0,0.7773085704822312
CCC,2014B,573153,P3,F2,1.0,0.9233126257585494
CCC,2014B,573166,P3,F2,1.0,0.543605731893634
CCC,2014B,573197,P3,F2,1.0,0.9355172357369046
CCC,2014B,573377,P3,F2,0.0,0.6440976257100804
CCC,2014B,573440,P3,F2,0.0,0.684478832875276
CCC,2014B,573558,P3,F2,0.0,0.8578673569909144
CCC,2014B,573662,P3,F2,1.0,0.8442139660919651
CCC,2014B,573696,P3,F2,1.0,0.6663813422411097
CCC,2014B,573697,P3,F2,1.0,0.8973046633459282
CCC,2014B,573701,P3,F2,1.0,0.9489938096227417
CCC,2014B,574221,P3,F2,0.0,0.2269139239169116
CCC,2014B,574283,P3,F2,1.0,0.6151797999754279
CCC,2014B,574529,P3,F2,1.0,0.9246373293723118
CCC,2014B,574551,P3,F2,1.0,0.6410588404421607
CCC,2014B,574580,P3,F2,1.0,0.9195333615098424
CCC,2014B,574663,P3,F2,1.0,0.9350766821902629
CCC,2014B,574817,P3,F2,0.0,0.48965847334967805
CCC,2014B,575166,P3,F2,1.0,0.5072960806764326
CCC,2014B,575545,P3,F2,1.0,0.30749241110712705
CCC,2014B,575733,P3,F2,0.0,0.6353358869549519
CCC,2014B,575745,P3,F2,0.0,0.5618121517113862
CCC,2014B,575824,P3,F2,0.0,0.5971710150448962
CCC,2014B,575967,P3,F2,0.0,0.4218734188812179
CCC,2014B,576191,P3,F2,1.0,0.749308846267042
CCC,2014B,576383,P3,F2,0.0,0.20648105646914494
CCC,2014B,576413,P3,F2,0.0,0.30122917354253254
CCC,2014B,576475,P3,F2,0.0,0.6196700200583112
CCC,2014B,576516,P3,F2,1.0,0.7242041229088666
CCC,2014B,576780,P3,F2,0.0,0.19904359932705332
CCC,2014B,576782,P3,F2,1.0,0.4706107179437389
CCC,2014B,577035,P3,F2,0.0,0.3316129608817355
CCC,2014B,577236,P3,F2,0.0,0.3796353169587004
CCC,2014B,577245,P3,F2,1.0,0.8326297783394734
CCC,2014B,577273,P3,F2,1.0,0.8631102192223833
CCC,2014B,577352,P3,F2,1.0,0.9510428158862773
CCC,2014B,577414,P3,F2,0.0,0.5163741671808733
CCC,2014B,577427,P3,F2,1.0,0.9126323158786646
CCC,2014B,577502,P3,F2,0.0,0.3768356089430128
CCC,2014B,577686,P3,F2,1.0,0.5021845363238052
CCC,2014B,578034,P3,F2,1.0,0.5161254080959405
CCC,2014B,578189,P3,F2,0.0,0.6275494379308364
CCC,2014B,578450,P3,F2,1.0,0.8034931082768402
CCC,2014B,578541,P3,F2,1.0,0.8973608193788484
CCC,2014B,578655,P3,F2,0.0,0.6924806798366948
CCC,2014B,578823,P3,F2,1.0,0.9066941238231903
CCC,2014B,578850,P3,F2,0.0,0.3867738592588131
CCC,2014B,578958,P3,F2,0.0,0.8304370238584813
CCC,2014B,579027,P3,F2,1.0,0.8855039654163827
CCC,2014B,579321,P3,F2,1.0,0.9504182532828588
CCC,2014B,579340,P3,F2,1.0,0.6959898507623912
CCC,2014B,579343,P3,F2,0.0,0.3912130903899667
CCC,2014B,579372,P3,F2,1.0,0.923803941359238
CCC,2014B,579550,P3,F2,0.0,0.4423610382965501
CCC,2014B,580511,P3,F2,1.0,0.7724186242400278
CCC,2014B,580525,P3,F2,0.0,0.628626934151199
CCC,2014B,580689,P3,F2,1.0,0.9593240629355642
CCC,2014B,580768,P3,F2,1.0,0.8214946880239682
CCC,2014B,580779,P3,F2,0.0,0.470869089983464
CCC,2014B,581123,P3,F2,1.0,0.8673359321695109
CCC,2014B,581328,P3,F2,1.0,0.9071503730555007
CCC,2014B,581611,P3,F2,0.0,0.217237624056305
CCC,2014B,581614,P3,F2,0.0,0.8547906195633311
CCC,2014B,581744,P3,F2,1.0,0.9763674132849798
CCC,2014B,582087,P3,F2,1.0,0.7429897428054703
CCC,2014B,582108,P3,F2,1.0,0.2943832483582887
CCC,2014B,582827,P3,F2,1.0,0.9646536580573094
CCC,2014B,582879,P3,F2,0.0,0.8375220828877026
CCC,2014B,582950,P3,F2,0.0,0.726628437536858
CCC,2014B,583032,P3,F2,0.0,0.2656948159676169
CCC,2014B,583052,P3,F2,0.0,0.37725432200190734
CCC,2014B,583192,P3,F2,0.0,0.3456742596071121
CCC,2014B,583906,P3,F2,0.0,0.19829808278553024
CCC,2014B,584077,P3,F2,1.0,0.8112432612953827
CCC,2014B,584191,P3,F2,0.0,0.7440195722345765
CCC,2014B,584446,P3,F2,0.0,0.912253347386248
CCC,2014B,584756,P3,F2,1.0,0.9393856977481336
CCC,2014B,584771,P3,F2,1.0,0.727088315422802
CCC,2014B,584940,P3,F2,0.0,0.362724755882686
CCC,2014B,585057,P3,F2,0.0,0.4824319008625458
CCC,2014B,585093,P3,F2,0.0,0.14165248635690217
CCC,2014B,585383,P3,F2,0.0,0.4053430076706232
CCC,2014B,585393,P3,F2,0.0,0.24729370698681086
CCC,2014B,585397,P3,F2,0.0,0.7057675028449457
CCC,2014B,585455,P3,F2,0.0,0.33654103505383554
CCC,2014B,585681,P3,F2,1.0,0.6420330413883754
CCC,2014B,585695,P3,F2,0.0,0.24749498273725976
CCC,2014B,585709,P3,F2,0.0,0.22597698857565524
CCC,2014B,585769,P3,F2,1.0,0.23776739640628664
CCC,2014B,585900,P3,F2,1.0,0.5366995652440993
CCC,2014B,586060,P3,F2,1.0,0.9311979442274562
CCC,2014B,586132,P3,F2,1.0,0.8695944187346123
CCC,2014B,586436,P3,F2,1.0,0.9007609149403504
CCC,2014B,586473,P3,F2,1.0,0.9118295152929738
CCC,2014B,586526,P3,F2,1.0,0.8465889828435109
CCC,2014B,586716,P3,F2,1.0,0.8191943349318969
CCC,2014B,586921,P3,F2,1.0,0.84352324543416
CCC,2014B,587585,P3,F2,1.0,0.9214373088563259
CCC,2014B,587621,P3,F2,1.0,0.9499435036588313
CCC,2014B,587783,P3,F2,0.0,0.4678719570924213
CCC,2014B,587906,P3,F2,0.0,0.4165070599598214
CCC,2014B,587911,P3,F2,0.0,0.3723708610269699
CCC,2014B,588219,P3,F2,1.0,0.7555462807168906
CCC,2014B,588274,P3,F2,0.0,0.09237502279190604
CCC,2014B,588402,P3,F2,1.0,0.6502911463934171
CCC,2014B,588430,P3,F2,0.0,0.8035992619273917
CCC,2014B,588460,P3,F2,1.0,0.7098092117252943
CCC,2014B,588464,P3,F2,1.0,0.8680698808154885
CCC,2014B,588473,P3,F2,0.0,0.39100980461140034
CCC,2014B,588524,P3,F2,0.0,0.7567792649045589
CCC,2014B,588590,P3,F2,1.0,0.7772929340949023
CCC,2014B,588676,P3,F2,0.0,0.7461731508014503
CCC,2014B,588707,P3,F2,0.0,0.5494748729948253
CCC,2014B,588710,P3,F2,1.0,0.9424424845950061
CCC,2014B,588846,P3,F2,1.0,0.5372447797882207
CCC,2014B,588956,P3,F2,0.0,0.7725000940334266
CCC,2014B,589327,P3,F2,1.0,0.8365848458394887
CCC,2014B,589390,P3,F2,0.0,0.3254516136028766
CCC,2014B,589525,P3,F2,0.0,0.22535870698240923
CCC,2014B,589722,P3,F2,1.0,0.9794711477468184
CCC,2014B,589894,P3,F2,1.0,0.6467244893896741
CCC,2014B,590072,P3,F2,1.0,0.9182887036494937
CCC,2014B,590762,P3,F2,1.0,0.9161964882343362
CCC,2014B,590877,P3,F2,1.0,0.9396745159814075
CCC,2014B,590914,P3,F2,1.0,0.7875371264257641
CCC,2014B,590961,P3,F2,1.0,0.7016411056535333
CCC,2014B,590974,P3,F2,1.0,0.7917056317671979
CCC,2014B,591375,P3,F2,0.0,0.22199293307444395
CCC,2014B,591388,P3,F2,0.0,0.16313978294007445
CCC,2014B,591566,P3,F2,1.0,0.9676351347902611
CCC,2014B,591619,P3,F2,1.0,0.5587687844867887
CCC,2014B,591655,P3,F2,1.0,0.9730097069367757
CCC,2014B,591719,P3,F2,1.0,0.8807503587251436
CCC,2014B,591738,P3,F2,1.0,0.5401190893411341
CCC,2014B,591958,P3,F2,0.0,0.4459267454124191
CCC,2014B,592007,P3,F2,1.0,0.8486448072205564
CCC,2014B,592051,P3,F2,1.0,0.618541299782766
CCC,2014B,592093,P3,F2,1.0,0.7908036696317773
CCC,2014B,592151,P3,F2,0.0,0.5395452986775775
CCC,2014B,592158,P3,F2,1.0,0.960290712909147
CCC,2014B,592259,P3,F2,1.0,0.5327725379111089
CCC,2014B,592429,P3,F2,1.0,0.8707288511829556
CCC,2014B,592609,P3,F2,1.0,0.8647368887802807
CCC,2014B,592775,P3,F2,0.0,0.35354250824849376
CCC,2014B,592776,P3,F2,0.0,0.461787851101052
CCC,2014B,592842,P3,F2,1.0,0.9317649003071687
CCC,2014B,592876,P3,F2,1.0,0.8403207722638675
CCC,2014B,592939,P3,F2,1.0,0.8957331469687285
CCC,2014B,592961,P3,F2,0.0,0.16727069775669137
CCC,2014B,592976,P3,F2,0.0,0.25960746480160174
CCC,2014B,593071,P3,F2,1.0,0.8711515411247154
CCC,2014B,593103,P3,F2,0.0,0.4853319631230433
CCC,2014B,593123,P3,F2,1.0,0.7386188125644543
CCC,2014B,593305,P3,F2,0.0,0.8449888327872526
CCC,2014B,593787,P3,F2,1.0,0.9351830441107852
CCC,2014B,593823,P3,F2,0.0,0.16818280720945697
CCC,2014B,593972,P3,F2,0.0,0.3305019809582209
CCC,2014B,593995,P3,F2,0.0,0.23516190609301174
CCC,2014B,594044,P3,F2,0.0,0.3441186418419018
CCC,2014B,594111,P3,F2,1.0,0.8411361329913212
CCC,2014B,594157,P3,F2,0.0,0.7918127455340664
CCC,2014B,594193,P3,F2,1.0,0.770351769755334
CCC,2014B,594246,P3,F2,1.0,0.2937740599209337
CCC,2014B,594371,P3,F2,0.0,0.37372685615020734
CCC,2014B,594851,P3,F2,1.0,0.9423061609085671
CCC,2014B,595164,P3,F2,0.0,0.5618287721346387
CCC,2014B,595182,P3,F2,0.0,0.3283306995757977
CCC,2014B,595189,P3,F2,0.0,0.2323367100761941
CCC,2014B,595324,P3,F2,1.0,0.9226077903375302
CCC,2014B,595356,P3,F2,1.0,0.8834831828003392
CCC,2014B,595492,P3,F2,1.0,0.9141152523621442
CCC,2014B,595514,P3,F2,1.0,0.692700477590699
CCC,2014B,595659,P3,F2,0.0,0.7640609207524673
CCC,2014B,595685,P3,F2,1.0,0.9336429595444934
CCC,2014B,595781,P3,F2,1.0,0.8297945610433461
CCC,2014B,595797,P3,F2,0.0,0.5849606681046836
CCC,2014B,595847,P3,F2,0.0,0.6886952338711205
CCC,2014B,595986,P3,F2,0.0,0.7844068156057628
CCC,2014B,596035,P3,F2,1.0,0.23403743900531157
CCC,2014B,596157,P3,F2,0.0,0.6588483109652786
CCC,2014B,596321,P3,F2,1.0,0.9594811148346619
CCC,2014B,596432,P3,F2,1.0,0.9391574295615078
CCC,2014B,596731,P3,F2,0.0,0.8167069309725064
CCC,2014B,596903,P3,F2,0.0,0.7015530114805207
CCC,2014B,596947,P3,F2,1.0,0.9562944969285219
CCC,2014B,597181,P3,F2,1.0,0.9088220016488711
CCC,2014B,597403,P3,F2,0.0,0.646313430343303
CCC,2014B,597817,P3,F2,1.0,0.9618178698613216
CCC,2014B,597926,P3,F2,0.0,0.5259663649698542
CCC,2014B,598074,P3,F2,1.0,0.547918075154897
CCC,2014B,598113,P3,F2,0.0,0.5874716981277619
CCC,2014B,598321,P3,F2,0.0,0.6751912330592907
CCC,2014B,598662,P3,F2,0.0,0.5494662877133405
CCC,2014B,598666,P3,F2,1.0,0.9601252111667714
CCC,2014B,598860,P3,F2,0.0,0.18643140626732396
CCC,2014B,598924,P3,F2,1.0,0.9117833610664398
CCC,2014B,599263,P3,F2,1.0,0.7616256416785354
CCC,2014B,599275,P3,F2,1.0,0.9127381070047265
CCC,2014B,599542,P3,F2,1.0,0.8158851508601582
CCC,2014B,599615,P3,F2,1.0,0.9567106693311385
CCC,2014B,599857,P3,F2,0.0,0.6357759698560922
CCC,2014B,599893,P3,F2,1.0,0.9291383429875204
CCC,2014B,599902,P3,F2,1.0,0.9140688129551788
CCC,2014B,599937,P3,F2,1.0,0.9747673201196265
CCC,2014B,599942,P3,F2,1.0,0.891423826404784
CCC,2014B,599958,P3,F2,0.0,0.7347726038087213
CCC,2014B,600073,P3,F2,0.0,0.22315094425296286
CCC,2014B,600094,P3,F2,1.0,0.8086421682318428
CCC,2014B,600142,P3,F2,1.0,0.9113957797386038
CCC,2014B,600181,P3,F2,1.0,0.9439705578163984
CCC,2014B,600335,P3,F2,0.0,0.7224133671351136
CCC,2014B,600509,P3,F2,1.0,0.9203216796813045
CCC,2014B,600547,P3,F2,1.0,0.5511792512704454
CCC,2014B,600632,P3,F2,0.0,0.5134885581940795
CCC,2014B,600859,P3,F2,1.0,0.8828508902729497
CCC,2014B,600945,P3,F2,0.0,0.27164746523725547
CCC,2014B,600975,P3,F2,1.0,0.9601236337752058
CCC,2014B,600987,P3,F2,0.0,0.5764505020782632
CCC,2014B,601021,P3,F2,1.0,0.8243658644267876
CCC,2014B,601175,P3,F2,1.0,0.9494098998490311
CCC,2014B,601224,P3,F2,0.0,0.6563980508416228
CCC,2014B,601550,P3,F2,0.0,0.6779324043279668
CCC,2014B,601731,P3,F2,1.0,0.9490176671461847
CCC,2014B,601757,P3,F2,1.0,0.7060702678976795
CCC,2014B,601872,P3,F2,0.0,0.2786254242046686
CCC,2014B,601949,P3,F2,0.0,0.7789000594403467
CCC,2014B,602030,P3,F2,1.0,0.7134618763734639
CCC,2014B,602042,P3,F2,0.0,0.1559695561327701
CCC,2014B,602107,P3,F2,1.0,0.44135896865593666
CCC,2014B,602133,P3,F2,0.0,0.6224645803157585
CCC,2014B,602269,P3,F2,1.0,0.6905929076797961
CCC,2014B,602398,P3,F2,1.0,0.6922984824808623
CCC,2014B,602585,P3,F2,1.0,0.8820531155507096
CCC,2014B,602703,P3,F2,1.0,0.9047703504736727
CCC,2014B,602718,P3,F2,1.0,0.6843585620839294
CCC,2014B,602902,P3,F2,0.0,0.6871625923720432
CCC,2014B,602913,P3,F2,0.0,0.8439035965295829
CCC,2014B,603053,P3,F2,1.0,0.9182557242835686
CCC,2014B,603222,P3,F2,1.0,0.9609156348940529
CCC,2014B,603239,P3,F2,1.0,0.9366931219518643
CCC,2014B,603477,P3,F2,0.0,0.7569278526286477
CCC,2014B,603498,P3,F2,1.0,0.915030991448077
CCC,2014B,603639,P3,F2,1.0,0.8518469863027317
CCC,2014B,603791,P3,F2,1.0,0.9528152483764943
CCC,2014B,603832,P3,F2,1.0,0.8820396981591531
CCC,2014B,603859,P3,F2,0.0,0.4301668390761357
CCC,2014B,604164,P3,F2,1.0,0.47466192569329446
CCC,2014B,604517,P3,F2,0.0,0.6640808169199015
CCC,2014B,604571,P3,F2,0.0,0.6566121683625908
CCC,2014B,604655,P3,F2,1.0,0.9236079189529742
CCC,2014B,604723,P3,F2,0.0,0.923328365621356
CCC,2014B,604997,P3,F2,0.0,0.41929134069416796
CCC,2014B,605144,P3,F2,0.0,0.3215898764525662
CCC,2014B,605180,P3,F2,1.0,0.9343996391249015
CCC,2014B,605266,P3,F2,0.0,0.2139265379792614
CCC,2014B,605571,P3,F2,0.0,0.2679039021257536
CCC,2014B,605688,P3,F2,0.0,0.34380768530610084
CCC,2014B,605703,P3,F2,0.0,0.5708448001690137
CCC,2014B,606206,P3,F2,1.0,0.805497347068356
CCC,2014B,606282,P3,F2,0.0,0.7137499376743981
CCC,2014B,606350,P3,F2,1.0,0.9225330609353547
CCC,2014B,606444,P3,F2,0.0,0.5956906402309504
CCC,2014B,606665,P3,F2,1.0,0.7866576661385262
CCC,2014B,606724,P3,F2,0.0,0.7563498939360859
CCC,2014B,606828,P3,F2,1.0,0.9105083801966186
CCC,2014B,606930,P3,F2,1.0,0.9177574415375174
CCC,2014B,607052,P3,F2,0.0,0.7647046967440225
CCC,2014B,607061,P3,F2,0.0,0.42282180088299814
CCC,2014B,607411,P3,F2,1.0,0.5552206385894979
CCC,2014B,607636,P3,F2,0.0,0.8859162471196687
CCC,2014B,607835,P3,F2,0.0,0.26905843210457503
CCC,2014B,607927,P3,F2,1.0,0.8007326171763443
CCC,2014B,607966,P3,F2,1.0,0.7452492677552776
CCC,2014B,608130,P3,F2,1.0,0.8856288011381636
CCC,2014B,608152,P3,F2,1.0,0.860086754825189
CCC,2014B,608243,P3,F2,0.0,0.623287705000106
CCC,2014B,608464,P3,F2,0.0,0.40479944122201245
CCC,2014B,608472,P3,F2,1.0,0.808119777001681
CCC,2014B,608504,P3,F2,1.0,0.6456104574486827
CCC,2014B,608577,P3,F2,1.0,0.5706623638550369
CCC,2014B,608735,P3,F2,0.0,0.6483039283620152
CCC,2014B,608753,P3,F2,1.0,0.8875465695333491
CCC,2014B,608904,P3,F2,0.0,0.2655089523418141
CCC,2014B,609025,P3,F2,1.0,0.8998102212049061
CCC,2014B,609045,P3,F2,0.0,0.3176842765938642
CCC,2014B,609192,P3,F2,1.0,0.8176649350685203
CCC,2014B,609229,P3,F2,0.0,0.10496151344719276
CCC,2014B,609489,P3,F2,1.0,0.9449289819429438
CCC,2014B,609515,P3,F2,0.0,0.44643584561926997
CCC,2014B,609602,P3,F2,0.0,0.26720145214131924
CCC,2014B,609645,P3,F2,1.0,0.9010989262446568
CCC,2014B,610099,P3,F2,0.0,0.4201800809972564
CCC,2014B,610158,P3,F2,1.0,0.9304056867705661
CCC,2014B,610287,P3,F2,1.0,0.5691016080273114
CCC,2014B,610391,P3,F2,1.0,0.5524666813419775
CCC,2014B,610575,P3,F2,0.0,0.6184998134087617
CCC,2014B,610577,P3,F2,1.0,0.9374268129541908
CCC,2014B,610718,P3,F2,1.0,0.9571637245132973
CCC,2014B,610831,P3,F2,1.0,0.9449169295289915
CCC,2014B,611062,P3,F2,1.0,0.9437910791425688
CCC,2014B,611176,P3,F2,0.0,0.32179004344333734
CCC,2014B,611260,P3,F2,0.0,0.6084652536324054
CCC,2014B,611402,P3,F2,0.0,0.7877844438118984
CCC,2014B,611865,P3,F2,1.0,0.9239951691737749
CCC,2014B,612023,P3,F2,1.0,0.955160978554924
CCC,2014B,612119,P3,F2,0.0,0.5368128007167241
CCC,2014B,612287,P3,F2,1.0,0.9716138550011698
CCC,2014B,612381,P3,F2,1.0,0.879124299387324
CCC,2014B,612644,P3,F2,0.0,0.6010143123150559
CCC,2014B,612673,P3,F2,1.0,0.7618242734928423
CCC,2014B,612814,P3,F2,0.0,0.239980146969921
CCC,2014B,612882,P3,F2,1.0,0.7143077151775661
CCC,2014B,613116,P3,F2,1.0,0.9492540680024215
CCC,2014B,613133,P3,F2,0.0,0.17705798076508109
CCC,2014B,613310,P3,F2,1.0,0.22541636398315515
CCC,2014B,613387,P3,F2,1.0,0.8167613920023762
CCC,2014B,613417,P3,F2,1.0,0.9421961525512467
CCC,2014B,613461,P3,F2,1.0,0.5544874351242238
CCC,2014B,613501,P3,F2,0.0,0.46136429992757605
CCC,2014B,614059,P3,F2,0.0,0.8593612749763475
CCC,2014B,614263,P3,F2,1.0,0.7366513443487115
CCC,2014B,614477,P3,F2,1.0,0.5978157363593541
CCC,2014B,614733,P3,F2,1.0,0.9659652848276656
CCC,2014B,614804,P3,F2,1.0,0.5638970178586247
CCC,2014B,614844,P3,F2,0.0,0.3657242817285363
CCC,2014B,614952,P3,F2,1.0,0.9778650633048706
CCC,2014B,615031,P3,F2,0.0,0.5454975581027773
CCC,2014B,615229,P3,F2,0.0,0.4290723612544737
CCC,2014B,615246,P3,F2,1.0,0.9327482042386226
CCC,2014B,615249,P3,F2,0.0,0.3512302563408535
CCC,2014B,615321,P3,F2,1.0,0.9626979060171661
CCC,2014B,615407,P3,F2,1.0,0.7722260165114478
CCC,2014B,615437,P3,F2,0.0,0.521628147600691
CCC,2014B,616333,P3,F2,1.0,0.9196178562827063
CCC,2014B,616334,P3,F2,1.0,0.86453821216687
CCC,2014B,616407,P3,F2,1.0,0.5147338386463636
CCC,2014B,616831,P3,F2,0.0,0.836747499258412
CCC,2014B,617186,P3,F2,1.0,0.9539643604756827
CCC,2014B,617331,P3,F2,1.0,0.7555115352703429
CCC,2014B,617348,P3,F2,0.0,0.4054547861499969
CCC,2014B,617355,P3,F2,0.0,0.5689746235474273
CCC,2014B,617365,P3,F2,0.0,0.9593434918249832
CCC,2014B,617416,P3,F2,0.0,0.9002055984844386
CCC,2014B,617781,P3,F2,0.0,0.7542455665824114
CCC,2014B,617898,P3,F2,1.0,0.9438311769802485
CCC,2014B,617942,P3,F2,1.0,0.43772795661549024
CCC,2014B,618002,P3,F2,1.0,0.7884339358829721
CCC,2014B,618096,P3,F2,0.0,0.2891568029491985
CCC,2014B,618129,P3,F2,0.0,0.9352503440941446
CCC,2014B,618279,P3,F2,1.0,0.954070348073507
CCC,2014B,618571,P3,F2,0.0,0.35028043636579237
CCC,2014B,618619,P3,F2,1.0,0.9371109413154041
CCC,2014B,618665,P3,F2,1.0,0.8655182091564183
CCC,2014B,618679,P3,F2,1.0,0.6592280019574717
CCC,2014B,618824,P3,F2,0.0,0.45858286850794533
CCC,2014B,619006,P3,F2,1.0,0.9646157300337426
CCC,2014B,619014,P3,F2,0.0,0.5280279340688272
CCC,2014B,619303,P3,F2,0.0,0.12705759691891536
CCC,2014B,619447,P3,F2,0.0,0.3586106780614232
CCC,2014B,619870,P3,F2,0.0,0.22754778942558831
CCC,2014B,620148,P3,F2,1.0,0.7351761784740451
CCC,2014B,620266,P3,F2,1.0,0.9619355629873871
CCC,2014B,620368,P3,F2,0.0,0.10932129845499236
CCC,2014B,620369,P3,F2,1.0,0.4652356007755461
CCC,2014B,620440,P3,F2,1.0,0.9444447819766396
CCC,2014B,620485,P3,F2,1.0,0.7104139349280858
CCC,2014B,620646,P3,F2,1.0,0.569846610413087
CCC,2014B,620713,P3,F2,1.0,0.9477068354226397
CCC,2014B,620876,P3,F2,1.0,0.7908120038364685
CCC,2014B,620897,P3,F2,1.0,0.5404860836611576
CCC,2014B,620918,P3,F2,1.0,0.9574403173422844
CCC,2014B,620974,P3,F2,1.0,0.7236042322282893
CCC,2014B,620977,P3,F2,1.0,0.8687512567601372
CCC,2014B,621401,P3,F2,1.0,0.9259336390185207
CCC,2014B,621655,P3,F2,1.0,0.8569831971776382
CCC,2014B,621656,P3,F2,0.0,0.5923151595097896
CCC,2014B,622215,P3,F2,1.0,0.963812016712159
CCC,2014B,622302,P3,F2,0.0,0.40184124990472153
CCC,2014B,622368,P3,F2,0.0,0.8375510077455672
CCC,2014B,622386,P3,F2,1.0,0.4066278396406161
CCC,2014B,622652,P3,F2,0.0,0.10594413612180639
CCC,2014B,622753,P3,F2,1.0,0.8329030221270903
CCC,2014B,622773,P3,F2,0.0,0.20285735490975765
CCC,2014B,622787,P3,F2,1.0,0.1372998651730228
CCC,2014B,622804,P3,F2,1.0,0.8789426233968932
CCC,2014B,622948,P3,F2,1.0,0.5665855651122557
CCC,2014B,623052,P3,F2,0.0,0.06772443140336502
CCC,2014B,623250,P3,F2,0.0,0.8228099932408968
CCC,2014B,623290,P3,F2,0.0,0.8633444144021077
CCC,2014B,623347,P3,F2,0.0,0.28828640639174774
CCC,2014B,623421,P3,F2,0.0,0.2598428340436928
CCC,2014B,623456,P3,F2,1.0,0.8709405167941587
CCC,2014B,623562,P3,F2,0.0,0.37249335019901036
CCC,2014B,623605,P3,F2,1.0,0.804965000664285
CCC,2014B,623609,P3,F2,1.0,0.9708238493571103
CCC,2014B,623667,P3,F2,0.0,0.5177641407492951
CCC,2014B,623707,P3,F2,1.0,0.8264445116537705
CCC,2014B,623732,P3,F2,0.0,0.2310231545523411
CCC,2014B,623780,P3,F2,1.0,0.6359102120388991
CCC,2014B,623797,P3,F2,0.0,0.6720257298623512
CCC,2014B,624039,P3,F2,1.0,0.9664832167054175
CCC,2014B,624060,P3,F2,1.0,0.049117360113712705
CCC,2014B,624126,P3,F2,1.0,0.7901428531258377
CCC,2014B,624127,P3,F2,0.0,0.41816564517679666
CCC,2014B,624134,P3,F2,1.0,0.5760801636566053
CCC,2014B,624164,P3,F2,0.0,0.35311782368362277
CCC,2014B,624441,P3,F2,0.0,0.3631703009129255
CCC,2014B,624445,P3,F2,0.0,0.4028815271594408
CCC,2014B,624483,P3,F2,0.0,0.1510903661102523
CCC,2014B,624591,P3,F2,1.0,0.648198076222017
CCC,2014B,624765,P3,F2,1.0,0.8831516450142509
CCC,2014B,624782,P3,F2,1.0,0.810365708361426
CCC,2014B,624810,P3,F2,0.0,0.9197543852606286
CCC,2014B,624875,P3,F2,0.0,0.39711843967503785
CCC,2014B,624970,P3,F2,0.0,0.6921087821275245
CCC,2014B,625014,P3,F2,0.0,0.5620733075902887
CCC,2014B,625028,P3,F2,0.0,0.2775513455480098
CCC,2014B,625077,P3,F2,0.0,0.2691587041508752
CCC,2014B,625078,P3,F2,1.0,0.4042747238756213
CCC,2014B,625108,P3,F2,0.0,0.5013216133200176
CCC,2014B,625128,P3,F2,1.0,0.9527800254233733
CCC,2014B,625330,P3,F2,0.0,0.32755908023662056
CCC,2014B,625423,P3,F2,1.0,0.6869176982453821
CCC,2014B,625453,P3,F2,0.0,0.3176545682758391
CCC,2014B,625476,P3,F2,1.0,0.636392861030911
CCC,2014B,625517,P3,F2,1.0,0.8893049047410443
CCC,2014B,625527,P3,F2,1.0,0.6501486247173782
CCC,2014B,625552,P3,F2,0.0,0.8417429487473361
CCC,2014B,625574,P3,F2,0.0,0.21685672390462238
CCC,2014B,625614,P3,F2,1.0,0.8908149995479707
CCC,2014B,625684,P3,F2,1.0,0.3070570287573516
CCC,2014B,625714,P3,F2,1.0,0.3234496516638425
CCC,2014B,625740,P3,F2,1.0,0.3624485094185911
CCC,2014B,625745,P3,F2,0.0,0.5008336163517052
CCC,2014B,625782,P3,F2,0.0,0.6524750456014948
CCC,2014B,625790,P3,F2,1.0,0.9623220761361919
CCC,2014B,625822,P3,F2,0.0,0.20387140704680387
CCC,2014B,625838,P3,F2,0.0,0.3212061125434125
CCC,2014B,625841,P3,F2,1.0,0.8728173623190144
CCC,2014B,625953,P3,F2,1.0,0.7433081609229648
CCC,2014B,625975,P3,F2,1.0,0.8392908638197807
CCC,2014B,626055,P3,F2,1.0,0.8238653356216719
CCC,2014B,626183,P3,F2,1.0,0.9037152264005878
CCC,2014B,626252,P3,F2,0.0,0.2606737857004374
CCC,2014B,626417,P3,F2,1.0,0.7196484719590324
CCC,2014B,626444,P3,F2,1.0,0.888467659062995
CCC,2014B,626501,P3,F2,0.0,0.634034951256825
CCC,2014B,626516,P3,F2,1.0,0.9839274950093021
CCC,2014B,626614,P3,F2,1.0,0.4288146360743545
CCC,2014B,626712,P3,F2,1.0,0.8236136617911151
CCC,2014B,626714,P3,F2,1.0,0.5735586559531284
CCC,2014B,626763,P3,F2,0.0,0.38006495808941165
CCC,2014B,626857,P3,F2,1.0,0.49518555341628057
CCC,2014B,626862,P3,F2,0.0,0.23596689717365865
CCC,2014B,626877,P3,F2,1.0,0.8010420175712873
CCC,2014B,626906,P3,F2,1.0,0.7767772068379197
CCC,2014B,626930,P3,F2,1.0,0.9074563458039067
CCC,2014B,626998,P3,F2,0.0,0.5880533514933398
CCC,2014B,627066,P3,F2,1.0,0.8143164154571529
CCC,2014B,627136,P3,F2,0.0,0.30106169110120207
CCC,2014B,627168,P3,F2,1.0,0.8030700633118741
CCC,2014B,627253,P3,F2,0.0,0.5338651932690734
CCC,2014B,627343,P3,F2,0.0,0.3999330605607494
CCC,2014B,627348,P3,F2,0.0,0.6190703013360938
CCC,2014B,627374,P3,F2,0.0,0.8911685310313835
CCC,2014B,627386,P3,F2,1.0,0.8945155639512499
CCC,2014B,627387,P3,F2,0.0,0.7609211059187175
CCC,2014B,627399,P3,F2,0.0,0.6291486468927925
CCC,2014B,627435,P3,F2,1.0,0.9482569556703859
CCC,2014B,627500,P3,F2,1.0,0.8752812787332089
CCC,2014B,627520,P3,F2,1.0,0.9463793447351122
CCC,2014B,627635,P3,F2,1.0,0.9593777054576286
CCC,2014B,627691,P3,F2,0.0,0.3222746471183489
CCC,2014B,627711,P3,F2,1.0,0.2698965024634465
CCC,2014B,627747,P3,F2,0.0,0.49129561453184867
CCC,2014B,627750,P3,F2,0.0,0.5653576605255348
CCC,2014B,627784,P3,F2,1.0,0.587931084236528
CCC,2014B,627933,P3,F2,1.0,0.5304643905444514
CCC,2014B,627947,P3,F2,1.0,0.6568838325675592
CCC,2014B,628029,P3,F2,1.0,0.3051800559131823
CCC,2014B,628053,P3,F2,1.0,0.8899088865549027
CCC,2014B,628086,P3,F2,0.0,0.4612035587278354
CCC,2014B,628090,P3,F2,1.0,0.7852574323738422
CCC,2014B,628122,P3,F2,1.0,0.4601258094692612
CCC,2014B,628157,P3,F2,0.0,0.36284692308793615
CCC,2014B,628214,P3,F2,1.0,0.9446278027522703
CCC,2014B,628293,P3,F2,0.0,0.6052958756893706
CCC,2014B,628366,P3,F2,1.0,0.868865244662222
CCC,2014B,628383,P3,F2,0.0,0.2883187306725581
CCC,2014B,628506,P3,F2,0.0,0.45260926739240664
CCC,2014B,628527,P3,F2,1.0,0.5889184085599628
CCC,2014B,628565,P3,F2,1.0,0.6291475237707636
CCC,2014B,628575,P3,F2,0.0,0.8195169451662532
CCC,2014B,628663,P3,F2,0.0,0.4397543319072202
CCC,2014B,628771,P3,F2,1.0,0.595730740760059
CCC,2014B,629081,P3,F2,1.0,0.9218362540855795
CCC,2014B,629164,P3,F2,0.0,0.3369070039125172
CCC,2014B,629270,P3,F2,1.0,0.8615489318466143
CCC,2014B,629342,P3,F2,1.0,0.6060036566106695
CCC,2014B,629500,P3,F2,1.0,0.9033797552850473
CCC,2014B,629613,P3,F2,1.0,0.9137816892808411
CCC,2014B,629628,P3,F2,1.0,0.9853244656141823
CCC,2014B,629654,P3,F2,1.0,0.6967046709086353
CCC,2014B,629694,P3,F2,1.0,0.8777010747853432
CCC,2014B,629696,P3,F2,1.0,0.2548938487166274
CCC,2014B,629710,P3,F2,0.0,0.3393163869175011
CCC,2014B,629766,P3,F2,0.0,0.5451157116056684
CCC,2014B,629773,P3,F2,1.0,0.5150128797692932
CCC,2014B,629798,P3,F2,1.0,0.5993988122924463
CCC,2014B,629862,P3,F2,0.0,0.5854257445014831
CCC,2014B,629890,P3,F2,1.0,0.5987294903783549
CCC,2014B,629936,P3,F2,1.0,0.49197980404937325
CCC,2014B,630005,P3,F2,1.0,0.8990058840132941
CCC,2014B,630012,P3,F2,0.0,0.5107734780218909
CCC,2014B,630047,P3,F2,0.0,0.838972284241946
CCC,2014B,630086,P3,F2,0.0,0.4698202104593563
CCC,2014B,630152,P3,F2,1.0,0.9036878057656293
CCC,2014B,630157,P3,F2,0.0,0.24500651599009757
CCC,2014B,630178,P3,F2,0.0,0.8062977526028681
CCC,2014B,630200,P3,F2,1.0,0.797566074780129
CCC,2014B,630211,P3,F2,0.0,0.7598301149142987
CCC,2014B,630449,P3,F2,1.0,0.4706716805460896
CCC,2014B,630471,P3,F2,1.0,0.7043848377025772
CCC,2014B,630540,P3,F2,1.0,0.9173826135792239
CCC,2014B,630573,P3,F2,1.0,0.7700649440768684
CCC,2014B,630585,P3,F2,1.0,0.9130626228399504
CCC,2014B,630606,P3,F2,0.0,0.7779833515517242
CCC,2014B,630613,P3,F2,0.0,0.40526968879426123
CCC,2014B,630635,P3,F2,1.0,0.5346263688497047
CCC,2014B,630730,P3,F2,1.0,0.8417166736332274
CCC,2014B,630825,P3,F2,1.0,0.9838443708853306
CCC,2014B,630888,P3,F2,1.0,0.8347712772207464
CCC,2014B,630896,P3,F2,0.0,0.38643572191415443
CCC,2014B,630912,P3,F2,1.0,0.8367045012614365
CCC,2014B,631044,P3,F2,0.0,0.11601704818639288
CCC,2014B,631051,P3,F2,1.0,0.9436072221821397
CCC,2014B,631075,P3,F2,1.0,0.47685729662018594
CCC,2014B,631122,P3,F2,1.0,0.25052807005868827
CCC,2014B,631216,P3,F2,1.0,0.8484978254441895
CCC,2014B,631300,P3,F2,1.0,0.9846281748430193
CCC,2014B,631334,P3,F2,0.0,0.2451450331993412
CCC,2014B,631453,P3,F2,1.0,0.8987751156870502
CCC,2014B,631455,P3,F2,0.0,0.20282335553369057
CCC,2014B,631473,P3,F2,0.0,0.669488994998194
CCC,2014B,631583,P3,F2,0.0,0.5126955815545899
CCC,2014B,631655,P3,F2,1.0,0.369122711441123
CCC,2014B,631699,P3,F2,0.0,0.21042369303171599
CCC,2014B,631715,P3,F2,0.0,0.15891774792833535
CCC,2014B,631770,P3,F2,1.0,0.9227658741884731
CCC,2014B,631772,P3,F2,0.0,0.1510157080959871
CCC,2014B,631850,P3,F2,0.0,0.17624043800965866
CCC,2014B,631925,P3,F2,1.0,0.8197148129581211
CCC,2014B,631929,P3,F2,1.0,0.8901255711133457
CCC,2014B,631981,P3,F2,0.0,0.5656764790537966
CCC,2014B,632017,P3,F2,0.0,0.40909975841699703
CCC,2014B,632037,P3,F2,1.0,0.9451211353878728
CCC,2014B,632074,P3,F2,0.0,0.35480702822046734
CCC,2014B,632107,P3,F2,1.0,0.28725158574810905
CCC,2014B,632111,P3,F2,0.0,0.7390078909030632
CCC,2014B,632133,P3,F2,1.0,0.5563088486851511
CCC,2014B,632134,P3,F2,1.0,0.67829207792639
CCC,2014B,632135,P3,F2,1.0,0.4945637679206051
CCC,2014B,632190,P3,F2,1.0,0.7906160294992512
CCC,2014B,632242,P3,F2,1.0,0.9222585722349022
CCC,2014B,632312,P3,F2,1.0,0.7718724561148569
CCC,2014B,632313,P3,F2,0.0,0.15780289894359906
CCC,2014B,632459,P3,F2,0.0,0.6519468515349567
CCC,2014B,632506,P3,F2,1.0,0.6760978519143648
CCC,2014B,632546,P3,F2,1.0,0.273551577773512
CCC,2014B,632554,P3,F2,0.0,0.6296260179328256
CCC,2014B,632571,P3,F2,0.0,0.8680696687913725
CCC,2014B,632597,P3,F2,0.0,0.49652389061222746
CCC,2014B,632691,P3,F2,1.0,0.7151280321679697
CCC,2014B,632836,P3,F2,0.0,0.34230315219678614
CCC,2014B,632856,P3,F2,1.0,0.90058444642197
CCC,2014B,632889,P3,F2,1.0,0.9224384917095892
CCC,2014B,632900,P3,F2,0.0,0.5100494100002924
CCC,2014B,633071,P3,F2,1.0,0.6389053683411762
CCC,2014B,633112,P3,F2,0.0,0.3662078713740772
CCC,2014B,633178,P3,F2,0.0,0.5450838351592163
CCC,2014B,633240,P3,F2,1.0,0.8750883495269631
CCC,2014B,633243,P3,F2,1.0,0.9412210694500521
CCC,2014B,633250,P3,F2,0.0,0.21977650282970718
CCC,2014B,633256,P3,F2,1.0,0.4927634434779314
CCC,2014B,633270,P3,F2,0.0,0.4058627710939621
CCC,2014B,633281,P3,F2,0.0,0.5566596712074466
CCC,2014B,633310,P3,F2,1.0,0.9256954226167001
CCC,2014B,633330,P3,F2,1.0,0.8293026889672772
CCC,2014B,633341,P3,F2,1.0,0.8255886916365043
CCC,2014B,633384,P3,F2,1.0,0.9708430233960124
CCC,2014B,633395,P3,F2,1.0,0.8892889924053047
CCC,2014B,633432,P3,F2,1.0,0.9710551744717177
CCC,2014B,633447,P3,F2,1.0,0.21972850312377756
CCC,2014B,633460,P3,F2,1.0,0.9738883267227715
CCC,2014B,633493,P3,F2,0.0,0.18766385029350793
CCC,2014B,633637,P3,F2,1.0,0.6993128388198115
CCC,2014B,633679,P3,F2,1.0,0.7563082803376986
CCC,2014B,633695,P3,F2,0.0,0.2738912784480703
CCC,2014B,633722,P3,F2,0.0,0.09883770707678566
CCC,2014B,633857,P3,F2,0.0,0.4312177138356412
CCC,2014B,633942,P3,F2,0.0,0.4979544390068128
CCC,2014B,633998,P3,F2,0.0,0.7110688187445031
CCC,2014B,634040,P3,F2,1.0,0.7254326439846634
CCC,2014B,634128,P3,F2,0.0,0.42715794257230333
CCC,2014B,634157,P3,F2,0.0,0.5071493386164234
CCC,2014B,634167,P3,F2,0.0,0.6015354683137019
CCC,2014B,634216,P3,F2,0.0,0.18516183980302867
CCC,2014B,634217,P3,F2,0.0,0.3788823293021029
CCC,2014B,634241,P3,F2,0.0,0.6144585404040404
CCC,2014B,634279,P3,F2,1.0,0.881624898117611
CCC,2014B,634349,P3,F2,1.0,0.7338735458931394
CCC,2014B,634414,P3,F2,1.0,0.661856144989354
CCC,2014B,634433,P3,F2,1.0,0.751396904300861
CCC,2014B,634500,P3,F2,0.0,0.7503039840132566
CCC,2014B,634507,P3,F2,0.0,0.25229671680567645
CCC,2014B,634512,P3,F2,0.0,0.44591400896638417
CCC,2014B,634570,P3,F2,0.0,0.26654805821441363
CCC,2014B,634578,P3,F2,1.0,0.4487460553308398
CCC,2014B,634589,P3,F2,0.0,0.6169007965395691
CCC,2014B,634618,P3,F2,0.0,0.19463132479971307
CCC,2014B,634649,P3,F2,1.0,0.5209143716741451
CCC,2014B,634671,P3,F2,0.0,0.8489721770241936
CCC,2014B,634744,P3,F2,1.0,0.5742374818710798
CCC,2014B,634816,P3,F2,0.0,0.8014303560877998
CCC,2014B,634853,P3,F2,1.0,0.7619428001682601
CCC,2014B,634862,P3,F2,0.0,0.3625316504190243
CCC,2014B,634878,P3,F2,0.0,0.30710390943563026
CCC,2014B,635034,P3,F2,1.0,0.6854094670929392
CCC,2014B,635041,P3,F2,1.0,0.5329873583460947
CCC,2014B,635043,P3,F2,0.0,0.3586704005353237
CCC,2014B,635109,P3,F2,0.0,0.8884014424801964
CCC,2014B,635416,P3,F2,0.0,0.75614072852692
CCC,2014B,635515,P3,F2,1.0,0.5497099107390234
CCC,2014B,856294,P3,F2,1.0,0.8886144126890275
CCC,2014B,917586,P3,F2,0.0,0.3171739852044005
CCC,2014B,925553,P3,F2,0.0,0.5861857282383598
CCC,2014B,949548,P3,F2,0.0,0.5472454074054189
CCC,2014B,984619,P3,F2,0.0,0.2839504734441744
CCC,2014B,992544,P3,F2,0.0,0.19108834870914568
CCC,2014B,1038161,P3,F2,0.0,0.5971548980612864
CCC,2014B,1057883,P3,F2,0.0,0.8508390621885753
CCC,2014B,1073766,P3,F2,0.0,0.48460035184428646
CCC,2014B,1087710,P3,F2,1.0,0.41700397605330836
CCC,2014B,1095916,P3,F2,0.0,0.18999282377822083
CCC,2014B,1100639,P3,F2,1.0,0.43342539078721576
CCC,2014B,1115623,P3,F2,0.0,0.8235333669602991
CCC,2014B,1187586,P3,F2,0.0,0.3336399615517251
CCC,2014B,1268772,P3,F2,1.0,0.5419133456662728
CCC,2014B,1270832,P3,F2,0.0,0.39598785780221096
CCC,2014B,1307784,P3,F2,1.0,0.765787914085446
CCC,2014B,1311171,P3,F2,0.0,0.5453097900674276
CCC,2014B,1416784,P3,F2,0.0,0.4099328740443476
CCC,2014B,1440467,P3,F2,0.0,0.20900440035644754
CCC,2014B,1442991,P3,F2,0.0,0.7469619413981536
CCC,2014B,1462676,P3,F2,1.0,0.8454180540298708
CCC,2014B,1468838,P3,F2,1.0,0.9591130329308711
CCC,2014B,1470291,P3,F2,0.0,0.8061391150688068
CCC,2014B,1474869,P3,F2,0.0,0.22665377490381566
CCC,2014B,1493739,P3,F2,0.0,0.43607361710131015
CCC,2014B,1534494,P3,F2,0.0,0.41099083993985175
CCC,2014B,1541906,P3,F2,1.0,0.9313239144537698
CCC,2014B,1560205,P3,F2,1.0,0.8552983670115547
CCC,2014B,1561431,P3,F2,1.0,0.9114722475005823
CCC,2014B,1568828,P3,F2,0.0,0.22308319275647445
CCC,2014B,1591013,P3,F2,1.0,0.8863633651639705
CCC,2014B,1632487,P3,F2,0.0,0.6462189119820433
CCC,2014B,1644328,P3,F2,1.0,0.8249678025337422
CCC,2014B,1668504,P3,F2,1.0,0.5372767333715155
CCC,2014B,1671811,P3,F2,0.0,0.5403945964460805
CCC,2014B,1672690,P3,F2,1.0,0.8576607959819682
CCC,2014B,1673876,P3,F2,1.0,0.5481389598858154
CCC,2014B,1678014,P3,F2,1.0,0.8349884470684942
CCC,2014B,1678800,P3,F2,0.0,0.31757522770969093
CCC,2014B,1691815,P3,F2,1.0,0.3514771294739069
CCC,2014B,1694780,P3,F2,1.0,0.38040082724230617
CCC,2014B,1715237,P3,F2,0.0,0.3736123782670234
CCC,2014B,1739026,P3,F2,1.0,0.7936705861267244
CCC,2014B,1750405,P3,F2,1.0,0.9482043070099198
CCC,2014B,1753458,P3,F2,0.0,0.23508753610777788
CCC,2014B,1763378,P3,F2,1.0,0.8768827471610361
CCC,2014B,1769985,P3,F2,1.0,0.4349375057467043
CCC,2014B,1774071,P3,F2,1.0,0.8963747888678524
CCC,2014B,1780737,P3,F2,1.0,0.858065129706336
CCC,2014B,1781834,P3,F2,0.0,0.6124512888255325
CCC,2014B,1828112,P3,F2,1.0,0.9418123744611294
CCC,2014B,1841267,P3,F2,1.0,0.6807367615359272
CCC,2014B,1848820,P3,F2,1.0,0.8196974041062388
CCC,2014B,1855583,P3,F2,0.0,0.5918401077164794
CCC,2014B,1876636,P3,F2,0.0,0.5715668452355385
CCC,2014B,1877015,P3,F2,1.0,0.3786567228304013
CCC,2014B,1888343,P3,F2,0.0,0.45026032346344497
CCC,2014B,1891323,P3,F2,0.0,0.5189580084263846
CCC,2014B,1894419,P3,F2,1.0,0.9650576181638949
CCC,2014B,1896088,P3,F2,1.0,0.8355359695975504
CCC,2014B,1906919,P3,F2,0.0,0.8196330036965236
CCC,2014B,1908526,P3,F2,1.0,0.8900103748743007
CCC,2014B,1911513,P3,F2,0.0,0.40066854582866035
CCC,2014B,1922200,P3,F2,1.0,0.6546605894727514
CCC,2014B,1924641,P3,F2,1.0,0.8722882055093921
CCC,2014B,1930146,P3,F2,0.0,0.8554095458061496
CCC,2014B,1930644,P3,F2,1.0,0.9224057272377536
CCC,2014B,1942999,P3,F2,1.0,0.520396944805787
CCC,2014B,1945240,P3,F2,1.0,0.903097254221864
CCC,2014B,1947911,P3,F2,1.0,0.2759928514209777
CCC,2014B,1951080,P3,F2,1.0,0.4742567985603408
CCC,2014B,1951139,P3,F2,0.0,0.521523706295911
CCC,2014B,1969407,P3,F2,1.0,0.46392563655406743
CCC,2014B,1997164,P3,F2,0.0,0.311312037137485
CCC,2014B,2008262,P3,F2,1.0,0.9055474271630124
CCC,2014B,2016517,P3,F2,0.0,0.6055752373018514
CCC,2014B,2030117,P3,F2,1.0,0.8572633021911532
CCC,2014B,2032058,P3,F2,1.0,0.6478267605074192
CCC,2014B,2044299,P3,F2,1.0,0.5987751778100519
CCC,2014B,2047421,P3,F2,0.0,0.43849769349464435
CCC,2014B,2049668,P3,F2,0.0,0.7633273703196122
CCC,2014B,2056643,P3,F2,0.0,0.38634536382977447
CCC,2014B,2063578,P3,F2,0.0,0.11032767902423835
CCC,2014B,2064873,P3,F2,0.0,0.5036732244055465
CCC,2014B,2066504,P3,F2,1.0,0.8700989846120035
CCC,2014B,2087182,P3,F2,1.0,0.6876365283657402
CCC,2014B,2088765,P3,F2,0.0,0.4248204723100395
CCC,2014B,2109119,P3,F2,0.0,0.3966456508893108
CCC,2014B,2110039,P3,F2,1.0,0.9341068438927428
CCC,2014B,2113778,P3,F2,1.0,0.9326407065152638
CCC,2014B,2131908,P3,F2,0.0,0.34362765744064994
CCC,2014B,2134237,P3,F2,1.0,0.8548413169612905
CCC,2014B,2134304,P3,F2,1.0,0.8859602562873768
CCC,2014B,2139037,P3,F2,0.0,0.4162519180199327
CCC,2014B,2146277,P3,F2,0.0,0.5338169390957435
CCC,2014B,2147620,P3,F2,0.0,0.630796101239979
CCC,2014B,2147713,P3,F2,0.0,0.5757537432989092
CCC,2014B,2156058,P3,F2,0.0,0.5427196032056206
CCC,2014B,2171264,P3,F2,1.0,0.6914727012058335
CCC,2014B,2171834,P3,F2,0.0,0.7990697267021982
CCC,2014B,2178929,P3,F2,0.0,0.5605173633674176
CCC,2014B,2187422,P3,F2,0.0,0.608790720605466
CCC,2014B,2211797,P3,F2,0.0,0.3026805680762894
CCC,2014B,2213982,P3,F2,1.0,0.9136252791448461
CCC,2014B,2236538,P3,F2,1.0,0.9414434133195353
CCC,2014B,2238904,P3,F2,1.0,0.6468055057790425
CCC,2014B,2239848,P3,F2,0.0,0.2966617058920656
CCC,2014B,2241036,P3,F2,1.0,0.8932756186247928
CCC,2014B,2247222,P3,F2,0.0,0.6567244684328518
CCC,2014B,2252437,P3,F2,1.0,0.8689591906602695
CCC,2014B,2258228,P3,F2,1.0,0.8964254580898819
CCC,2014B,2289032,P3,F2,1.0,0.8129182895623569
CCC,2014B,2298895,P3,F2,0.0,0.2509021140206063
CCC,2014B,2327710,P3,F2,1.0,0.9416682790758727
CCC,2014B,2329539,P3,F2,1.0,0.9324574630928936
CCC,2014B,2341839,P3,F2,1.0,0.3984030739284373
CCC,2014B,2347802,P3,F2,0.0,0.4165065194765634
CCC,2014B,2358707,P3,F2,1.0,0.9067044851615198
CCC,2014B,2367058,P3,F2,1.0,0.4189591158460973
CCC,2014B,2375259,P3,F2,1.0,0.8579272768005964
CCC,2014B,2384687,P3,F2,1.0,0.694454346738466
CCC,2014B,2389754,P3,F2,1.0,0.6386969186408241
CCC,2014B,2391004,P3,F2,0.0,0.7340781367388455
CCC,2014B,2410459,P3,F2,1.0,0.8884180390415881
CCC,2014B,2410519,P3,F2,0.0,0.16624150610058155
CCC,2014B,2418732,P3,F2,0.0,0.41433635806343977
CCC,2014B,2419115,P3,F2,0.0,0.6284899826506315
CCC,2014B,2421961,P3,F2,1.0,0.9416904422598724
CCC,2014B,2433069,P3,F2,0.0,0.41166602110019057
CCC,2014B,2433221,P3,F2,0.0,0.5846968361592894
CCC,2014B,2447528,P3,F2,1.0,0.2292115866677537
CCC,2014B,2451726,P3,F2,1.0,0.9076532220388354
CCC,2014B,2454878,P3,F2,1.0,0.9092887410982667
CCC,2014B,2471283,P3,F2,0.0,0.7228080158390872
CCC,2014B,2473058,P3,F2,1.0,0.9423456687923859
CCC,2014B,2478799,P3,F2,1.0,0.8545919209086074
CCC,2014B,2486769,P3,F2,1.0,0.8903389306539238
CCC,2014B,2488382,P3,F2,0.0,0.44896416683262586
CCC,2014B,2488713,P3,F2,1.0,0.5821480716469739
CCC,2014B,2494507,P3,F2,0.0,0.48820808555135364
CCC,2014B,2498388,P3,F2,0.0,0.5250943567872265
CCC,2014B,2503063,P3,F2,0.0,0.5799017301055388
CCC,2014B,2513997,P3,F2,1.0,0.5939319417880611
CCC,2014B,2517778,P3,F2,1.0,0.9903072646579262
CCC,2014B,2522932,P3,F2,1.0,0.8819048646725899
CCC,2014B,2526493,P3,F2,0.0,0.3751218919382573
CCC,2014B,2529663,P3,F2,0.0,0.3265392204490211
CCC,2014B,2545113,P3,F2,0.0,0.6103232736917201
CCC,2014B,2548877,P3,F2,0.0,0.32286653755413264
CCC,2014B,2555596,P3,F2,1.0,0.8597118685212926
CCC,2014B,2556060,P3,F2,0.0,0.3087587668502841
CCC,2014B,2558365,P3,F2,1.0,0.56209854778075
CCC,2014B,2564333,P3,F2,1.0,0.6136429356497892
CCC,2014B,2564711,P3,F2,0.0,0.2039541004909515
CCC,2014B,2567038,P3,F2,0.0,0.5050811510400683
CCC,2014B,2569090,P3,F2,1.0,0.5344084510048939
CCC,2014B,2569834,P3,F2,1.0,0.8771763179031109
CCC,2014B,2569912,P3,F2,1.0,0.9189257016755593
CCC,2014B,2577091,P3,F2,1.0,0.42094060903107744
CCC,2014B,2581603,P3,F2,0.0,0.45046695884685684
CCC,2014B,2588201,P3,F2,0.0,0.33749572373120984
CCC,2014B,2598913,P3,F2,1.0,0.6163561525477725
CCC,2014B,2602235,P3,F2,1.0,0.9684896358775442
CCC,2014B,2602264,P3,F2,0.0,0.4071622846328623
CCC,2014B,2603195,P3,F2,0.0,0.8575175708145321
CCC,2014B,2607849,P3,F2,0.0,0.35904819326256693
CCC,2014B,2609908,P3,F2,0.0,0.6283592327096474
CCC,2014B,2613331,P3,F2,0.0,0.6264809361010707
CCC,2014B,2615849,P3,F2,1.0,0.8620347812509525
CCC,2014B,2616950,P3,F2,0.0,0.5601888702609159
CCC,2014B,2617635,P3,F2,1.0,0.719920058216603
CCC,2014B,2620636,P3,F2,1.0,0.8232906288675083
CCC,2014B,2621734,P3,F2,1.0,0.9152178957615582
CCC,2014B,2623263,P3,F2,0.0,0.1691117103442304
CCC,2014B,2629436,P3,F2,1.0,0.3047019582010485
CCC,2014B,2631703,P3,F2,0.0,0.4854924406943606
CCC,2014B,2634238,P3,F2,1.0,0.9329691313507382
CCC,2014B,2639310,P3,F2,0.0,0.4643606203411446
CCC,2014B,2641486,P3,F2,0.0,0.8251095508971298
CCC,2014B,2644404,P3,F2,0.0,0.8787279493753116
CCC,2014B,2652523,P3,F2,1.0,0.9385766315712685
CCC,2014B,2658268,P3,F2,1.0,0.8917166051324779
CCC,2014B,2659556,P3,F2,1.0,0.9768707701796316
CCC,2014B,2661696,P3,F2,1.0,0.5149856994025804
CCC,2014B,2665399,P3,F2,0.0,0.6778769764560792
CCC,2014B,2668550,P3,F2,1.0,0.3983762550122478
CCC,2014B,2677969,P3,F2,1.0,0.3596648539040486
CCC,2014B,2680742,P3,F2,0.0,0.65029099111633
CCC,2014B,2681198,P3,F2,1.0,0.8609859878273949
CCC,2014B,2686578,P3,F2,0.0,0.5647870722469102
CCC,2014B,2692327,P3,F2,0.0,0.42081716126676344
CCC,2014B,2697181,P3,F2,0.0,0.4199396677895815
CCC,2014B,2698535,P3,F2,1.0,0.9445651580397115
DDD,2014B,24213,P3,F2,0.0,0.301255989926836
DDD,2014B,31269,P3,F2,1.0,0.8005925462853084
DDD,2014B,35502,P3,F2,1.0,0.2487317970760725
DDD,2014B,39660,P3,F2,1.0,0.314913172388323
DDD,2014B,46753,P3,F2,0.0,0.3059834440111856
DDD,2014B,49119,P3,F2,1.0,0.4386451988478534
DDD,2014B,50476,P3,F2,0.0,0.11958151211728806
DDD,2014B,51030,P3,F2,0.0,0.4108113459535776
DDD,2014B,53632,P3,F2,1.0,0.4798008530756393
DDD,2014B,54810,P3,F2,1.0,0.2056420192929739
DDD,2014B,58617,P3,F2,1.0,0.5994601767947438
DDD,2014B,61911,P3,F2,1.0,0.5188149218252466
DDD,2014B,64450,P3,F2,0.0,0.877422776777755
DDD,2014B,64767,P3,F2,1.0,0.41450275828523225
DDD,2014B,67781,P3,F2,0.0,0.5698552520653675
DDD,2014B,69489,P3,F2,1.0,0.9254867682206394
DDD,2014B,71723,P3,F2,1.0,0.4149596318020038
DDD,2014B,76081,P3,F2,1.0,0.6385764536696535
DDD,2014B,84576,P3,F2,0.0,0.08000876976838213
DDD,2014B,85216,P3,F2,1.0,0.9185756769563469
DDD,2014B,88490,P3,F2,0.0,0.1207098418938077
DDD,2014B,88910,P3,F2,0.0,0.5276534856444438
DDD,2014B,89904,P3,F2,0.0,0.2772055301019368
DDD,2014B,90537,P3,F2,0.0,0.3966105656487423
DDD,2014B,95356,P3,F2,1.0,0.8671846849247318
DDD,2014B,97939,P3,F2,1.0,0.48157084279001017
DDD,2014B,99151,P3,F2,1.0,0.8141002246004022
DDD,2014B,111959,P3,F2,1.0,0.5173207871050366
DDD,2014B,116763,P3,F2,1.0,0.6693454574147841
DDD,2014B,117281,P3,F2,0.0,0.3000564536820751
DDD,2014B,117435,P3,F2,1.0,0.9500859444975268
DDD,2014B,118479,P3,F2,0.0,0.3245408571443878
DDD,2014B,124134,P3,F2,1.0,0.10589870222777356
DDD,2014B,127580,P3,F2,0.0,0.37442227291532765
DDD,2014B,128348,P3,F2,1.0,0.8393209816460442
DDD,2014B,131695,P3,F2,1.0,0.806835187935016
DDD,2014B,137150,P3,F2,1.0,0.8262985533510611
DDD,2014B,138204,P3,F2,1.0,0.3712324738572574
DDD,2014B,138416,P3,F2,0.0,0.4382365088278293
DDD,2014B,138704,P3,F2,0.0,0.43945610600797275
DDD,2014B,139455,P3,F2,1.0,0.9487408180554983
DDD,2014B,141497,P3,F2,1.0,0.464179020072984
DDD,2014B,144908,P3,F2,1.0,0.324100369070718
DDD,2014B,145114,P3,F2,0.0,0.4281650331272195
DDD,2014B,145640,P3,F2,0.0,0.20209415533294134
DDD,2014B,145770,P3,F2,1.0,0.8868643809873825
DDD,2014B,152320,P3,F2,1.0,0.27163240665022526
DDD,2014B,154697,P3,F2,1.0,0.9382999511515323
DDD,2014B,161878,P3,F2,1.0,0.9251063121699318
DDD,2014B,165178,P3,F2,1.0,0.9304193217906419
DDD,2014B,172965,P3,F2,1.0,0.8386996345803184
DDD,2014B,178258,P3,F2,1.0,0.5032413119011159
DDD,2014B,183331,P3,F2,1.0,0.3348313025472346
DDD,2014B,187663,P3,F2,0.0,0.49959821110003555
DDD,2014B,189178,P3,F2,1.0,0.20697044416558846
DDD,2014B,189442,P3,F2,1.0,0.4360341456000285
DDD,2014B,192186,P3,F2,0.0,0.6453681140200798
DDD,2014B,201151,P3,F2,0.0,0.2931660362739118
DDD,2014B,226895,P3,F2,1.0,0.6747930140831343
DDD,2014B,227826,P3,F2,1.0,0.4466821381100431
DDD,2014B,228272,P3,F2,0.0,0.2229197630890057
DDD,2014B,228373,P3,F2,1.0,0.4346079792575407
DDD,2014B,228775,P3,F2,1.0,0.5233948991387563
DDD,2014B,229499,P3,F2,1.0,0.9572128286994683
DDD,2014B,231973,P3,F2,1.0,0.645531195700162
DDD,2014B,232827,P3,F2,0.0,0.1926175111524156
DDD,2014B,233868,P3,F2,1.0,0.8259633272961803
DDD,2014B,236015,P3,F2,1.0,0.16949860292739025
DDD,2014B,239459,P3,F2,0.0,0.15714019392279982
DDD,2014B,240389,P3,F2,1.0,0.8252220808100209
DDD,2014B,240486,P3,F2,0.0,0.18831501423085586
DDD,2014B,240755,P3,F2,0.0,0.9348786152546776
DDD,2014B,242633,P3,F2,0.0,0.44114963256289763
DDD,2014B,260565,P3,F2,0.0,0.31659747364125124
DDD,2014B,264723,P3,F2,0.0,0.2612176257673675
DDD,2014B,266922,P3,F2,0.0,0.4495440254197875
DDD,2014B,267118,P3,F2,1.0,0.627638589663946
DDD,2014B,268883,P3,F2,1.0,0.9137223983435855
DDD,2014B,268915,P3,F2,1.0,0.7118054032689882
DDD,2014B,271974,P3,F2,0.0,0.3362990344030831
DDD,2014B,277166,P3,F2,0.0,0.3793827905401093
DDD,2014B,284540,P3,F2,1.0,0.5341725099966861
DDD,2014B,285412,P3,F2,0.0,0.6698438370679171
DDD,2014B,286449,P3,F2,1.0,0.9566409442356701
DDD,2014B,291005,P3,F2,1.0,0.41632234077256236
DDD,2014B,299949,P3,F2,1.0,0.3118861716551843
DDD,2014B,300592,P3,F2,0.0,0.49089984345415205
DDD,2014B,306944,P3,F2,1.0,0.5908484849457227
DDD,2014B,309756,P3,F2,1.0,0.9680181816159771
DDD,2014B,312761,P3,F2,0.0,0.13917300113423023
DDD,2014B,315517,P3,F2,1.0,0.6299555279062664
DDD,2014B,317801,P3,F2,0.0,0.47505635309014344
DDD,2014B,320593,P3,F2,1.0,0.9415072223024005
DDD,2014B,321810,P3,F2,0.0,0.5629946201586489
DDD,2014B,323659,P3,F2,1.0,0.8307426271881257
DDD,2014B,325044,P3,F2,0.0,0.1983505783502585
DDD,2014B,325566,P3,F2,1.0,0.7955759246095562
DDD,2014B,327449,P3,F2,1.0,0.4664432487447293
DDD,2014B,328123,P3,F2,1.0,0.548725923448417
DDD,2014B,333308,P3,F2,0.0,0.281099906818906
DDD,2014B,335471,P3,F2,1.0,0.8356083545702488
DDD,2014B,336936,P3,F2,1.0,0.49332607617028407
DDD,2014B,339513,P3,F2,0.0,0.23572269335802268
DDD,2014B,347365,P3,F2,1.0,0.7644221873666845
DDD,2014B,348439,P3,F2,1.0,0.4625138356840059
DDD,2014B,352308,P3,F2,1.0,0.9222585722349022
DDD,2014B,352679,P3,F2,1.0,0.8957253472843533
DDD,2014B,354050,P3,F2,1.0,0.5534536256772741
DDD,2014B,354953,P3,F2,1.0,0.9271825227682188
DDD,2014B,355309,P3,F2,0.0,0.585709386226935
DDD,2014B,355780,P3,F2,1.0,0.21168260218946525
DDD,2014B,355935,P3,F2,0.0,0.23394059333328696
DDD,2014B,356166,P3,F2,0.0,0.2027785585033912
DDD,2014B,356297,P3,F2,0.0,0.4044332492440265
DDD,2014B,356705,P3,F2,1.0,0.8217660181504822
DDD,2014B,360759,P3,F2,1.0,0.1303847433928116
DDD,2014B,362115,P3,F2,1.0,0.8196412994013201
DDD,2014B,363122,P3,F2,0.0,0.9141999394959707
DDD,2014B,365397,P3,F2,1.0,0.5090461467169601
DDD,2014B,365764,P3,F2,1.0,0.6476244822203032
DDD,2014B,367127,P3,F2,0.0,0.3678578115001043
DDD,2014B,367646,P3,F2,0.0,0.2622264921816202
DDD,2014B,370089,P3,F2,1.0,0.194912609698793
DDD,2014B,370865,P3,F2,0.0,0.5109764337217316
DDD,2014B,373790,P3,F2,1.0,0.9089399075384632
DDD,2014B,374645,P3,F2,0.0,0.6547345112909848
DDD,2014B,375856,P3,F2,0.0,0.36514448744796874
DDD,2014B,376280,P3,F2,1.0,0.9463395164767185
DDD,2014B,378728,P3,F2,0.0,0.2995979159828364
DDD,2014B,379330,P3,F2,1.0,0.7502967144793687
DDD,2014B,380681,P3,F2,1.0,0.4489316342684961
DDD,2014B,382051,P3,F2,0.0,0.8756478497338405
DDD,2014B,384372,P3,F2,1.0,0.8525679962106745
DDD,2014B,385927,P3,F2,0.0,0.4539358534385835
DDD,2014B,385947,P3,F2,1.0,0.25362665268125834
DDD,2014B,386140,P3,F2,1.0,0.9195690809933682
DDD,2014B,386671,P3,F2,0.0,0.37198830693570994
DDD,2014B,386849,P3,F2,1.0,0.8730084409631443
DDD,2014B,387289,P3,F2,1.0,0.9326449381228089
DDD,2014B,387656,P3,F2,1.0,0.5716301375740825
DDD,2014B,387963,P3,F2,0.0,0.39421181692029084
DDD,2014B,390026,P3,F2,0.0,0.5660277852672325
DDD,2014B,391611,P3,F2,1.0,0.916448866010245
DDD,2014B,391924,P3,F2,0.0,0.7541399539775108
DDD,2014B,392802,P3,F2,1.0,0.9512384675594887
DDD,2014B,393094,P3,F2,1.0,0.5876228676631388
DDD,2014B,394020,P3,F2,1.0,0.9691225934266559
DDD,2014B,395288,P3,F2,1.0,0.9387146549465797
DDD,2014B,397429,P3,F2,1.0,0.7072794200962573
DDD,2014B,398529,P3,F2,1.0,0.9572057588700525
DDD,2014B,399203,P3,F2,1.0,0.7212355685856996
DDD,2014B,400599,P3,F2,1.0,0.32685474967521194
DDD,2014B,402314,P3,F2,0.0,0.4341441320125829
DDD,2014B,402575,P3,F2,1.0,0.5312061211122099
DDD,2014B,407115,P3,F2,1.0,0.7130413064747546
DDD,2014B,407303,P3,F2,0.0,0.5933743420352102
DDD,2014B,409284,P3,F2,1.0,0.972109149289031
DDD,2014B,410816,P3,F2,1.0,0.5014122304811417
DDD,2014B,411060,P3,F2,0.0,0.49565716421598316
DDD,2014B,412600,P3,F2,1.0,0.725784524156378
DDD,2014B,412663,P3,F2,0.0,0.36292276049954164
DDD,2014B,413629,P3,F2,1.0,0.7779901086778713
DDD,2014B,415151,P3,F2,1.0,0.6305305889466079
DDD,2014B,415695,P3,F2,1.0,0.6159984201944447
DDD,2014B,416008,P3,F2,0.0,0.41551706006476263
DDD,2014B,418453,P3,F2,0.0,0.22881390184137076
DDD,2014B,418781,P3,F2,0.0,0.5021219969642955
DDD,2014B,421754,P3,F2,1.0,0.9116389051349126
DDD,2014B,424880,P3,F2,0.0,0.32523515285812776
DDD,2014B,426137,P3,F2,1.0,0.9622473721461017
DDD,2014B,426297,P3,F2,0.0,0.4342919796872081
DDD,2014B,428769,P3,F2,1.0,0.4479881509942849
DDD,2014B,430678,P3,F2,0.0,0.42804645192118174
DDD,2014B,431136,P3,F2,1.0,0.9100227809768033
DDD,2014B,431406,P3,F2,0.0,0.24442974337915568
DDD,2014B,434002,P3,F2,1.0,0.27695079865448424
DDD,2014B,434841,P3,F2,1.0,0.45424092155221885
DDD,2014B,440103,P3,F2,0.0,0.34057712292023307
DDD,2014B,440331,P3,F2,0.0,0.31725268867476347
DDD,2014B,440798,P3,F2,1.0,0.9469332709908449
DDD,2014B,441213,P3,F2,0.0,0.5041205673152865
DDD,2014B,441393,P3,F2,1.0,0.827083860389625
DDD,2014B,442393,P3,F2,1.0,0.8184012303087718
DDD,2014B,442873,P3,F2,0.0,0.6014943062914925
DDD,2014B,443861,P3,F2,0.0,0.2605387425705914
DDD,2014B,444474,P3,F2,1.0,0.8273506058350801
DDD,2014B,445145,P3,F2,1.0,0.38824851859131276
DDD,2014B,445857,P3,F2,0.0,0.20087516349320145
DDD,2014B,447162,P3,F2,0.0,0.18575161455056627
DDD,2014B,464592,P3,F2,1.0,0.951794723460028
DDD,2014B,464685,P3,F2,0.0,0.47170605509304553
DDD,2014B,464748,P3,F2,1.0,0.30345669174471696
DDD,2014B,464887,P3,F2,1.0,0.5823447511512704
DDD,2014B,465413,P3,F2,0.0,0.6404557808588357
DDD,2014B,466714,P3,F2,1.0,0.6571432189585458
DDD,2014B,467230,P3,F2,0.0,0.4397886240750489
DDD,2014B,468386,P3,F2,1.0,0.5648136961978837
DDD,2014B,469425,P3,F2,1.0,0.7407234816506029
DDD,2014B,469614,P3,F2,0.0,0.5478851683195266
DDD,2014B,470555,P3,F2,1.0,0.904773473612051
DDD,2014B,470733,P3,F2,1.0,0.3630566217879868
DDD,2014B,471189,P3,F2,1.0,0.7356756333516709
DDD,2014B,471476,P3,F2,1.0,0.2705560304513431
DDD,2014B,471669,P3,F2,1.0,0.8100287373675182
DDD,2014B,472257,P3,F2,0.0,0.8523533109224574
DDD,2014B,472284,P3,F2,0.0,0.26869466465374553
DDD,2014B,472651,P3,F2,0.0,0.13343541628070954
DDD,2014B,473265,P3,F2,1.0,0.7280293168905553
DDD,2014B,473406,P3,F2,1.0,0.9210629249144437
DDD,2014B,474153,P3,F2,1.0,0.5898487173369913
DDD,2014B,474451,P3,F2,1.0,0.8723283835123768
DDD,2014B,477063,P3,F2,1.0,0.9321895977215273
DDD,2014B,477180,P3,F2,1.0,0.9613547880361353
DDD,2014B,479649,P3,F2,0.0,0.5265595731455694
DDD,2014B,480956,P3,F2,0.0,0.16809387257799577
DDD,2014B,481863,P3,F2,0.0,0.894993196341664
DDD,2014B,484130,P3,F2,1.0,0.859033487893556
DDD,2014B,484213,P3,F2,0.0,0.5198763917650121
DDD,2014B,484762,P3,F2,0.0,0.324825400069191
DDD,2014B,485219,P3,F2,1.0,0.6754040662638655
DDD,2014B,485306,P3,F2,1.0,0.9306954245664365
DDD,2014B,486022,P3,F2,0.0,0.3782047514417182
DDD,2014B,488550,P3,F2,1.0,0.8847660379763034
DDD,2014B,489507,P3,F2,0.0,0.48666594425087606
DDD,2014B,490164,P3,F2,1.0,0.9091195976144844
DDD,2014B,491036,P3,F2,0.0,0.6030171452215294
DDD,2014B,492095,P3,F2,0.0,0.5878237870155569
DDD,2014B,492537,P3,F2,0.0,0.5028722440076944
DDD,2014B,493296,P3,F2,1.0,0.960393815795172
DDD,2014B,493434,P3,F2,1.0,0.42570429812699156
DDD,2014B,493879,P3,F2,1.0,0.7832323355628209
DDD,2014B,494329,P3,F2,1.0,0.5476032018808297
DDD,2014B,496085,P3,F2,1.0,0.8950523845941156
DDD,2014B,498363,P3,F2,0.0,0.4933598392773321
DDD,2014B,498582,P3,F2,1.0,0.47730081696481963
DDD,2014B,498793,P3,F2,1.0,0.45617662751547877
DDD,2014B,498905,P3,F2,1.0,0.6970811545833674
DDD,2014B,498980,P3,F2,1.0,0.7701076512009031
DDD,2014B,501123,P3,F2,1.0,0.5257941098236929
DDD,2014B,501487,P3,F2,0.0,0.21946022902546714
DDD,2014B,501723,P3,F2,1.0,0.9439959686845912
DDD,2014B,502004,P3,F2,0.0,0.20594530761742072
DDD,2014B,502057,P3,F2,0.0,0.45340433415739445
DDD,2014B,502161,P3,F2,1.0,0.7499822515338936
DDD,2014B,502207,P3,F2,1.0,0.9027323107028072
DDD,2014B,504089,P3,F2,1.0,0.9224070457093047
DDD,2014B,505561,P3,F2,1.0,0.9151915770760609
DDD,2014B,505815,P3,F2,0.0,0.32761743796929976
DDD,2014B,505854,P3,F2,1.0,0.6608862742862461
DDD,2014B,507812,P3,F2,1.0,0.8760924093782186
DDD,2014B,508446,P3,F2,1.0,0.8959276373924817
DDD,2014B,508594,P3,F2,1.0,0.558267393312985
DDD,2014B,508872,P3,F2,1.0,0.9249836559202516
DDD,2014B,511890,P3,F2,1.0,0.8551287596546094
DDD,2014B,513415,P3,F2,1.0,0.8963033315730755
DDD,2014B,513687,P3,F2,0.0,0.324108993095928
DDD,2014B,513957,P3,F2,0.0,0.5830725966608516
DDD,2014B,515161,P3,F2,1.0,0.8588943083247416
DDD,2014B,515331,P3,F2,1.0,0.6559726425242268
DDD,2014B,516318,P3,F2,1.0,0.49747239234353985
DDD,2014B,517864,P3,F2,0.0,0.4883481967386453
DDD,2014B,520349,P3,F2,1.0,0.8380093010098425
DDD,2014B,520962,P3,F2,0.0,0.3190402203617615
DDD,2014B,522129,P3,F2,1.0,0.9044695473498556
DDD,2014B,522205,P3,F2,1.0,0.7360297001234469
DDD,2014B,522363,P3,F2,1.0,0.8409940306008852
DDD,2014B,522840,P3,F2,0.0,0.8847872361492022
DDD,2014B,523583,P3,F2,1.0,0.9417053697529979
DDD,2014B,523857,P3,F2,0.0,0.4585698704909306
DDD,2014B,523978,P3,F2,0.0,0.8974176573696325
DDD,2014B,524109,P3,F2,1.0,0.5339137591028552
DDD,2014B,524137,P3,F2,0.0,0.9292233050927305
DDD,2014B,525412,P3,F2,1.0,0.5993895387478307
DDD,2014B,525635,P3,F2,1.0,0.743096403705514
DDD,2014B,526175,P3,F2,1.0,0.9056993913197895
DDD,2014B,527242,P3,F2,1.0,0.6857606019070782
DDD,2014B,527323,P3,F2,1.0,0.46703103784296013
DDD,2014B,528699,P3,F2,1.0,0.24057121436433954
DDD,2014B,529190,P3,F2,0.0,0.23918241218190364
DDD,2014B,531069,P3,F2,1.0,0.9675680227883805
DDD,2014B,531234,P3,F2,0.0,0.8999655514547915
DDD,2014B,531243,P3,F2,1.0,0.5549867078209185
DDD,2014B,531340,P3,F2,1.0,0.8815850648493916
DDD,2014B,532194,P3,F2,1.0,0.2860740176130202
DDD,2014B,532988,P3,F2,1.0,0.9273769957852704
DDD,2014B,533012,P3,F2,1.0,0.6479277324383083
DDD,2014B,534201,P3,F2,0.0,0.6412489115466292
DDD,2014B,536941,P3,F2,0.0,0.3055175760612279
DDD,2014B,536999,P3,F2,1.0,0.9502390639373058
DDD,2014B,537756,P3,F2,0.0,0.9112063398425355
DDD,2014B,539060,P3,F2,1.0,0.5228526855337919
DDD,2014B,539186,P3,F2,1.0,0.9061098397003117
DDD,2014B,539451,P3,F2,0.0,0.5528294937062181
DDD,2014B,539588,P3,F2,1.0,0.49546344131503245
DDD,2014B,539872,P3,F2,1.0,0.9261147024989218
DDD,2014B,540758,P3,F2,0.0,0.6154365433642572
DDD,2014B,541000,P3,F2,0.0,0.3609122866191959
DDD,2014B,541765,P3,F2,0.0,0.4325378514862737
DDD,2014B,543361,P3,F2,1.0,0.8588969308103088
DDD,2014B,543789,P3,F2,0.0,0.14014793841935808
DDD,2014B,543976,P3,F2,1.0,0.41215117918692107
DDD,2014B,544499,P3,F2,1.0,0.5228482696844541
DDD,2014B,544587,P3,F2,1.0,0.4067343356026856
DDD,2014B,545387,P3,F2,1.0,0.7199053970968726
DDD,2014B,546025,P3,F2,1.0,0.752692331907735
DDD,2014B,546040,P3,F2,1.0,0.6119357898726684
DDD,2014B,546299,P3,F2,1.0,0.8073915682369275
DDD,2014B,546403,P3,F2,1.0,0.9311923108052906
DDD,2014B,546584,P3,F2,0.0,0.3279927485627646
DDD,2014B,546654,P3,F2,0.0,0.15188775480384908
DDD,2014B,547629,P3,F2,1.0,0.6227978778349584
DDD,2014B,547786,P3,F2,1.0,0.6636025372477188
DDD,2014B,548292,P3,F2,0.0,0.2249891092073186
DDD,2014B,548371,P3,F2,1.0,0.5091773677728827
DDD,2014B,548500,P3,F2,1.0,0.4913443820980478
DDD,2014B,549160,P3,F2,1.0,0.43165767107815145
DDD,2014B,550046,P3,F2,0.0,0.3279080823232143
DDD,2014B,550638,P3,F2,1.0,0.39646626402429896
DDD,2014B,550893,P3,F2,1.0,0.882048663469953
DDD,2014B,551171,P3,F2,0.0,0.62141243853836
DDD,2014B,551427,P3,F2,1.0,0.8440622256676549
DDD,2014B,551814,P3,F2,0.0,0.4386827271627329
DDD,2014B,552003,P3,F2,0.0,0.16393886545919875
DDD,2014B,552255,P3,F2,0.0,0.7481336379801956
DDD,2014B,552908,P3,F2,1.0,0.9425102933465305
DDD,2014B,554065,P3,F2,0.0,0.30570231289333155
DDD,2014B,554444,P3,F2,1.0,0.8254656339872034
DDD,2014B,554585,P3,F2,1.0,0.9062981937363238
DDD,2014B,554588,P3,F2,1.0,0.8830338206159476
DDD,2014B,554712,P3,F2,1.0,0.8861076886282129
DDD,2014B,555132,P3,F2,1.0,0.5467085767517254
DDD,2014B,555137,P3,F2,1.0,0.9694455683001114
DDD,2014B,555408,P3,F2,1.0,0.6220362069094523
DDD,2014B,555446,P3,F2,1.0,0.5991442278340838
DDD,2014B,556007,P3,F2,1.0,0.9258923675998408
DDD,2014B,556057,P3,F2,0.0,0.46509973061995896
DDD,2014B,556170,P3,F2,1.0,0.9363841938181071
DDD,2014B,556171,P3,F2,1.0,0.642232454913678
DDD,2014B,556370,P3,F2,1.0,0.8923326271970887
DDD,2014B,556374,P3,F2,1.0,0.8017881902352643
DDD,2014B,556416,P3,F2,0.0,0.32742754822580605
DDD,2014B,557404,P3,F2,0.0,0.20451256939898543
DDD,2014B,558029,P3,F2,0.0,0.1459755325923659
DDD,2014B,558292,P3,F2,0.0,0.7291105087892589
DDD,2014B,558629,P3,F2,1.0,0.37799097560420286
DDD,2014B,558705,P3,F2,0.0,0.6184564801121252
DDD,2014B,559328,P3,F2,0.0,0.6677999339188626
DDD,2014B,559872,P3,F2,0.0,0.6494216391216815
DDD,2014B,560944,P3,F2,0.0,0.30694677904803613
DDD,2014B,561503,P3,F2,1.0,0.8665974863271491
DDD,2014B,561906,P3,F2,1.0,0.905607228126479
DDD,2014B,561913,P3,F2,0.0,0.11091006704282079
DDD,2014B,562112,P3,F2,0.0,0.39948171685441375
DDD,2014B,562248,P3,F2,1.0,0.7772993107147602
DDD,2014B,562632,P3,F2,0.0,0.8780641087332577
DDD,2014B,562708,P3,F2,1.0,0.4145266149306255
DDD,2014B,562929,P3,F2,1.0,0.8895336670865212
DDD,2014B,563081,P3,F2,0.0,0.5666458760643164
DDD,2014B,563631,P3,F2,1.0,0.9050187093954648
DDD,2014B,563763,P3,F2,0.0,0.3637649730948213
DDD,2014B,564081,P3,F2,1.0,0.7756795405130533
DDD,2014B,564712,P3,F2,1.0,0.529337298778197
DDD,2014B,565158,P3,F2,0.0,0.36651347550486485
DDD,2014B,565840,P3,F2,1.0,0.5391860159933571
DDD,2014B,565851,P3,F2,1.0,0.3564843849170925
DDD,2014B,566240,P3,F2,0.0,0.2829364755265206
DDD,2014B,566652,P3,F2,1.0,0.6452017785645465
DDD,2014B,566694,P3,F2,0.0,0.3119123931683298
DDD,2014B,566788,P3,F2,0.0,0.4445309476348324
DDD,2014B,567595,P3,F2,0.0,0.8120411287973331
DDD,2014B,567808,P3,F2,1.0,0.3814772612200611
DDD,2014B,567896,P3,F2,1.0,0.8365155985911433
DDD,2014B,568631,P3,F2,1.0,0.7746356172073292
DDD,2014B,568686,P3,F2,1.0,0.31906668760594775
DDD,2014B,569084,P3,F2,0.0,0.464295931776049
DDD,2014B,569706,P3,F2,1.0,0.8808442932723349
DDD,2014B,569944,P3,F2,0.0,0.1812890537389891
DDD,2014B,570049,P3,F2,0.0,0.626279554862603
DDD,2014B,570215,P3,F2,0.0,0.2907371940614348
DDD,2014B,571000,P3,F2,0.0,0.9404229526263199
DDD,2014B,571008,P3,F2,1.0,0.8974900353964682
DDD,2014B,571292,P3,F2,1.0,0.3268600507683748
DDD,2014B,571397,P3,F2,0.0,0.29653003466342903
DDD,2014B,572235,P3,F2,1.0,0.9428142249228477
DDD,2014B,572414,P3,F2,1.0,0.9453883884235219
DDD,2014B,572924,P3,F2,0.0,0.4224037358754975
DDD,2014B,573126,P3,F2,0.0,0.3359897782267024
DDD,2014B,573235,P3,F2,1.0,0.8827376379855963
DDD,2014B,574190,P3,F2,1.0,0.894574375450566
DDD,2014B,574590,P3,F2,0.0,0.31597651332163723
DDD,2014B,574909,P3,F2,0.0,0.08578235643438911
DDD,2014B,575603,P3,F2,0.0,0.4210779799800707
DDD,2014B,575773,P3,F2,1.0,0.9560012451600538
DDD,2014B,575792,P3,F2,0.0,0.32888452483416275
DDD,2014B,576041,P3,F2,0.0,0.22657986929914462
DDD,2014B,576350,P3,F2,1.0,0.9648957929278152
DDD,2014B,576584,P3,F2,0.0,0.34109346648303757
DDD,2014B,576827,P3,F2,1.0,0.9258673530288377
DDD,2014B,577954,P3,F2,1.0,0.729196232661173
DDD,2014B,578031,P3,F2,0.0,0.3235687815984731
DDD,2014B,578595,P3,F2,1.0,0.4985325481989164
DDD,2014B,578815,P3,F2,0.0,0.2953394697288365
DDD,2014B,579134,P3,F2,0.0,0.7065656392240823
DDD,2014B,579711,P3,F2,0.0,0.3775911457496102
DDD,2014B,580912,P3,F2,0.0,0.3504729346458266
DDD,2014B,581648,P3,F2,0.0,0.46433162250694426
DDD,2014B,581909,P3,F2,1.0,0.9824453386485573
DDD,2014B,582366,P3,F2,1.0,0.9593478734185584
DDD,2014B,582479,P3,F2,0.0,0.423432157847846
DDD,2014B,582920,P3,F2,1.0,0.9113594408098301
DDD,2014B,583053,P3,F2,0.0,0.5983039551447544
DDD,2014B,583713,P3,F2,0.0,0.19204683426767286
DDD,2014B,583775,P3,F2,0.0,0.93353722627417
DDD,2014B,584077,P3,F2,1.0,0.933984908102391
DDD,2014B,584082,P3,F2,1.0,0.9431536659174964
DDD,2014B,584089,P3,F2,1.0,0.8891324355521893
DDD,2014B,584660,P3,F2,0.0,0.38967983654207144
DDD,2014B,585372,P3,F2,1.0,0.8756789367094903
DDD,2014B,585830,P3,F2,0.0,0.0982964138034136
DDD,2014B,586347,P3,F2,0.0,0.4243116896908835
DDD,2014B,586369,P3,F2,1.0,0.4152238866959021
DDD,2014B,586876,P3,F2,0.0,0.23965909671812477
DDD,2014B,586946,P3,F2,1.0,0.6431790835402313
DDD,2014B,587403,P3,F2,1.0,0.8927924472673698
DDD,2014B,587576,P3,F2,1.0,0.8877899172721618
DDD,2014B,587633,P3,F2,1.0,0.7946564475801344
DDD,2014B,588182,P3,F2,1.0,0.4763309870821076
DDD,2014B,588198,P3,F2,0.0,0.35989411571896046
DDD,2014B,588397,P3,F2,1.0,0.6945882320088312
DDD,2014B,588749,P3,F2,1.0,0.885772432022106
DDD,2014B,588752,P3,F2,1.0,0.4518451350355988
DDD,2014B,589569,P3,F2,1.0,0.5408573725554149
DDD,2014B,589963,P3,F2,0.0,0.4743725482008944
DDD,2014B,590410,P3,F2,1.0,0.29206925918858095
DDD,2014B,590504,P3,F2,1.0,0.9225257125355613
DDD,2014B,590541,P3,F2,0.0,0.19603984299372643
DDD,2014B,590680,P3,F2,0.0,0.5008612046482998
DDD,2014B,591448,P3,F2,0.0,0.28750554846282655
DDD,2014B,591654,P3,F2,1.0,0.9360695441539233
DDD,2014B,592220,P3,F2,1.0,0.4663745916109782
DDD,2014B,592465,P3,F2,0.0,0.8808703254505316
DDD,2014B,593607,P3,F2,0.0,0.31086346625633726
DDD,2014B,593657,P3,F2,0.0,0.32615078433172345
DDD,2014B,594078,P3,F2,0.0,0.3992925630830942
DDD,2014B,594407,P3,F2,1.0,0.9403159138989028
DDD,2014B,595193,P3,F2,0.0,0.3009137945470024
DDD,2014B,595342,P3,F2,1.0,0.22206002538818093
DDD,2014B,595373,P3,F2,1.0,0.40624148442840086
DDD,2014B,596439,P3,F2,0.0,0.45651053031183564
DDD,2014B,596465,P3,F2,0.0,0.30745861230148663
DDD,2014B,596906,P3,F2,1.0,0.7622628715965077
DDD,2014B,597356,P3,F2,1.0,0.5714197180113615
DDD,2014B,597839,P3,F2,1.0,0.8546996419595577
DDD,2014B,598102,P3,F2,0.0,0.5203961726057362
DDD,2014B,598179,P3,F2,0.0,0.2904718367780714
DDD,2014B,598750,P3,F2,0.0,0.2627611607754426
DDD,2014B,599134,P3,F2,1.0,0.6429610368705116
DDD,2014B,599649,P3,F2,1.0,0.605322400045513
DDD,2014B,599789,P3,F2,0.0,0.32251168003174563
DDD,2014B,600130,P3,F2,1.0,0.9244759777421002
DDD,2014B,600670,P3,F2,0.0,0.32418016097990826
DDD,2014B,600767,P3,F2,0.0,0.33382829360206767
DDD,2014B,600891,P3,F2,0.0,0.23738306999255399
DDD,2014B,601082,P3,F2,0.0,0.3935028154362773
DDD,2014B,601093,P3,F2,0.0,0.42297119222055013
DDD,2014B,601270,P3,F2,1.0,0.9463846992125005
DDD,2014B,601329,P3,F2,1.0,0.7568484116525862
DDD,2014B,601652,P3,F2,1.0,0.27981439113783896
DDD,2014B,601731,P3,F2,1.0,0.9485701964171095
DDD,2014B,601956,P3,F2,0.0,0.6431278831153628
DDD,2014B,602228,P3,F2,1.0,0.4772507000931437
DDD,2014B,602365,P3,F2,0.0,0.5255894152408738
DDD,2014B,602454,P3,F2,0.0,0.7747025177917164
DDD,2014B,602533,P3,F2,0.0,0.8596091119406933
DDD,2014B,603302,P3,F2,0.0,0.8731272157558893
DDD,2014B,603559,P3,F2,1.0,0.932447988714232
DDD,2014B,603690,P3,F2,0.0,0.4261086720468949
DDD,2014B,604704,P3,F2,1.0,0.6854766156102937
DDD,2014B,604905,P3,F2,0.0,0.4884622593687259
DDD,2014B,605596,P3,F2,0.0,0.5415665164781355
DDD,2014B,605652,P3,F2,0.0,0.9066555009268557
DDD,2014B,605695,P3,F2,0.0,0.2650204501895926
DDD,2014B,605759,P3,F2,1.0,0.8007543420536322
DDD,2014B,605781,P3,F2,0.0,0.34116710386171056
DDD,2014B,605890,P3,F2,1.0,0.453879655158327
DDD,2014B,606802,P3,F2,1.0,0.6516160138143661
DDD,2014B,606884,P3,F2,1.0,0.875554563008191
DDD,2014B,607130,P3,F2,0.0,0.42660708806779335
DDD,2014B,607462,P3,F2,1.0,0.7615249954550178
DDD,2014B,607572,P3,F2,1.0,0.431421047339432
DDD,2014B,607939,P3,F2,1.0,0.6157638469284733
DDD,2014B,608322,P3,F2,0.0,0.42268173187188224
DDD,2014B,608487,P3,F2,0.0,0.4137270685923886
DDD,2014B,608724,P3,F2,0.0,0.6160914361462183
DDD,2014B,608772,P3,F2,1.0,0.8844987588124424
DDD,2014B,609019,P3,F2,1.0,0.6804207930842939
DDD,2014B,609089,P3,F2,1.0,0.8761267114487921
DDD,2014B,609194,P3,F2,0.0,0.6415375721818609
DDD,2014B,609265,P3,F2,0.0,0.2502420350084355
DDD,2014B,609354,P3,F2,1.0,0.36892241129072273
DDD,2014B,609570,P3,F2,1.0,0.48399652818935046
DDD,2014B,609573,P3,F2,0.0,0.3771605079883218
DDD,2014B,609681,P3,F2,1.0,0.9423264626968512
DDD,2014B,609708,P3,F2,1.0,0.8745425773050595
DDD,2014B,609852,P3,F2,0.0,0.1628656213461786
DDD,2014B,609946,P3,F2,1.0,0.8902226258169479
DDD,2014B,610228,P3,F2,1.0,0.8349685173799575
DDD,2014B,610261,P3,F2,1.0,0.9485900510032381
DDD,2014B,610285,P3,F2,0.0,0.2657217619431152
DDD,2014B,610326,P3,F2,0.0,0.5635852572063784
DDD,2014B,610515,P3,F2,0.0,0.7630613218890449
DDD,2014B,610931,P3,F2,0.0,0.09342484497405715
DDD,2014B,611377,P3,F2,0.0,0.20919807362169623
DDD,2014B,611493,P3,F2,1.0,0.891399026919975
DDD,2014B,611520,P3,F2,1.0,0.7057401048033273
DDD,2014B,611735,P3,F2,1.0,0.6257944923236303
DDD,2014B,611845,P3,F2,1.0,0.6680056158166533
DDD,2014B,611865,P3,F2,1.0,0.6214853356123922
DDD,2014B,611879,P3,F2,0.0,0.46206444440739114
DDD,2014B,611910,P3,F2,1.0,0.30409169408738224
DDD,2014B,611983,P3,F2,1.0,0.5490942142259789
DDD,2014B,612000,P3,F2,0.0,0.2536527909889523
DDD,2014B,612026,P3,F2,1.0,0.5681170392538989
DDD,2014B,612136,P3,F2,0.0,0.24119950959839795
DDD,2014B,612283,P3,F2,1.0,0.830540738631598
DDD,2014B,612326,P3,F2,0.0,0.3255022785303331
DDD,2014B,612439,P3,F2,0.0,0.2408963285164989
DDD,2014B,612443,P3,F2,1.0,0.3606916413357763
DDD,2014B,612563,P3,F2,1.0,0.836635402833853
DDD,2014B,612625,P3,F2,1.0,0.5551595771063196
DDD,2014B,612669,P3,F2,1.0,0.6148797895720678
DDD,2014B,612822,P3,F2,1.0,0.6084950012704455
DDD,2014B,612935,P3,F2,1.0,0.6441546094247848
DDD,2014B,613063,P3,F2,1.0,0.8801954588859654
DDD,2014B,613105,P3,F2,1.0,0.9670526466568854
DDD,2014B,613107,P3,F2,0.0,0.1624585171559571
DDD,2014B,613313,P3,F2,0.0,0.22615322309512637
DDD,2014B,613370,P3,F2,0.0,0.4052844143833493
DDD,2014B,613466,P3,F2,0.0,0.2401319135423213
DDD,2014B,613667,P3,F2,0.0,0.1511858234345418
DDD,2014B,613834,P3,F2,0.0,0.32796270335483924
DDD,2014B,613876,P3,F2,1.0,0.8584568379484564
DDD,2014B,614025,P3,F2,1.0,0.8585110302706604
DDD,2014B,614074,P3,F2,0.0,0.25981503874322764
DDD,2014B,614176,P3,F2,0.0,0.3270889701936782
DDD,2014B,614217,P3,F2,1.0,0.2221157862047226
DDD,2014B,614241,P3,F2,1.0,0.8931016159466135
DDD,2014B,614265,P3,F2,0.0,0.28761732908046655
DDD,2014B,614406,P3,F2,1.0,0.2958685395614136
DDD,2014B,614471,P3,F2,1.0,0.39208792463762765
DDD,2014B,614633,P3,F2,1.0,0.532056245192615
DDD,2014B,614649,P3,F2,1.0,0.8049162760186443
DDD,2014B,614650,P3,F2,1.0,0.5920923962991592
DDD,2014B,614804,P3,F2,0.0,0.28335008572470655
DDD,2014B,614808,P3,F2,0.0,0.884221685462683
DDD,2014B,614930,P3,F2,1.0,0.6895189540781723
DDD,2014B,614949,P3,F2,0.0,0.19851691920953832
DDD,2014B,615075,P3,F2,0.0,0.32229382941326834
DDD,2014B,615184,P3,F2,1.0,0.5363832828414358
DDD,2014B,615438,P3,F2,1.0,0.4648689927822837
DDD,2014B,616334,P3,F2,1.0,0.6712372487875468
DDD,2014B,616542,P3,F2,0.0,0.3897348441419346
DDD,2014B,616658,P3,F2,0.0,0.2873235374962179
DDD,2014B,616862,P3,F2,1.0,0.8203023753090228
DDD,2014B,616870,P3,F2,0.0,0.5367115499898367
DDD,2014B,616952,P3,F2,0.0,0.6743395589034207
DDD,2014B,617265,P3,F2,1.0,0.7219074564088371
DDD,2014B,617327,P3,F2,0.0,0.5588953654626411
DDD,2014B,617401,P3,F2,1.0,0.9507668461584433
DDD,2014B,617442,P3,F2,0.0,0.20309850984276606
DDD,2014B,617619,P3,F2,1.0,0.26102346005919197
DDD,2014B,617699,P3,F2,0.0,0.2519936697359851
DDD,2014B,617771,P3,F2,1.0,0.8588638558821711
DDD,2014B,617781,P3,F2,0.0,0.4516538392037551
DDD,2014B,617801,P3,F2,0.0,0.3636444112665753
DDD,2014B,617880,P3,F2,0.0,0.37081971607332737
DDD,2014B,617897,P3,F2,1.0,0.6970115671463173
DDD,2014B,618131,P3,F2,1.0,0.5842615050253678
DDD,2014B,618171,P3,F2,1.0,0.6291338750857834
DDD,2014B,618295,P3,F2,0.0,0.2867583554145007
DDD,2014B,618377,P3,F2,0.0,0.429844374771508
DDD,2014B,618649,P3,F2,0.0,0.1919709156376386
DDD,2014B,618675,P3,F2,1.0,0.4495325261857167
DDD,2014B,618682,P3,F2,1.0,0.9060912160567433
DDD,2014B,618683,P3,F2,0.0,0.15335750495868222
DDD,2014B,618696,P3,F2,1.0,0.30891694749407334
DDD,2014B,618845,P3,F2,0.0,0.1839782122248804
DDD,2014B,618937,P3,F2,0.0,0.16517901316013708
DDD,2014B,618940,P3,F2,0.0,0.3080871489929295
DDD,2014B,618963,P3,F2,1.0,0.8923552043511174
DDD,2014B,618968,P3,F2,1.0,0.8327775643144516
DDD,2014B,618998,P3,F2,1.0,0.9278689213427528
DDD,2014B,619297,P3,F2,0.0,0.27299177280521314
DDD,2014B,619359,P3,F2,0.0,0.3913310874279805
DDD,2014B,619382,P3,F2,1.0,0.7847357669265308
DDD,2014B,619403,P3,F2,0.0,0.1946059663628813
DDD,2014B,619851,P3,F2,1.0,0.8276864228224138
DDD,2014B,619939,P3,F2,1.0,0.9457356972202403
DDD,2014B,619964,P3,F2,1.0,0.8846720584064663
DDD,2014B,620060,P3,F2,1.0,0.48864126755233667
DDD,2014B,620102,P3,F2,1.0,0.5124298913747489
DDD,2014B,620159,P3,F2,0.0,0.2793924319300108
DDD,2014B,620231,P3,F2,0.0,0.3244202359141266
DDD,2014B,620243,P3,F2,0.0,0.5241381218034814
DDD,2014B,620337,P3,F2,1.0,0.36328120162873184
DDD,2014B,620437,P3,F2,1.0,0.47077400985425205
DDD,2014B,620608,P3,F2,1.0,0.35193496932505386
DDD,2014B,620630,P3,F2,0.0,0.13489978144130776
DDD,2014B,620658,P3,F2,0.0,0.29311401605125903
DDD,2014B,620734,P3,F2,0.0,0.1971247735509534
DDD,2014B,620793,P3,F2,1.0,0.9215275745960175
DDD,2014B,620820,P3,F2,0.0,0.49914236917493543
DDD,2014B,620892,P3,F2,1.0,0.6593785060223024
DDD,2014B,620925,P3,F2,1.0,0.7149701900329131
DDD,2014B,620951,P3,F2,1.0,0.6949720108578233
DDD,2014B,620974,P3,F2,1.0,0.7390834233845134
DDD,2014B,621004,P3,F2,0.0,0.46432428890327415
DDD,2014B,621010,P3,F2,0.0,0.34498665197702666
DDD,2014B,621300,P3,F2,0.0,0.5203920819773598
DDD,2014B,621352,P3,F2,1.0,0.3293055206177305
DDD,2014B,621384,P3,F2,1.0,0.9070019679215219
DDD,2014B,621442,P3,F2,0.0,0.9444452434413372
DDD,2014B,621457,P3,F2,0.0,0.28071026346204203
DDD,2014B,621615,P3,F2,0.0,0.12102988596878356
DDD,2014B,621659,P3,F2,1.0,0.5518291827112243
DDD,2014B,621699,P3,F2,0.0,0.5546501848703485
DDD,2014B,621883,P3,F2,0.0,0.39145522421826046
DDD,2014B,621908,P3,F2,1.0,0.5766984087347425
DDD,2014B,622086,P3,F2,0.0,0.2706897085676608
DDD,2014B,622175,P3,F2,1.0,0.23437536759293412
DDD,2014B,622192,P3,F2,0.0,0.36125110435400665
DDD,2014B,622207,P3,F2,1.0,0.9411169863756083
DDD,2014B,622215,P3,F2,0.0,0.7556763016565797
DDD,2014B,622225,P3,F2,1.0,0.8145101577417304
DDD,2014B,622281,P3,F2,1.0,0.9012834257742056
DDD,2014B,622413,P3,F2,0.0,0.5973478591879484
DDD,2014B,622435,P3,F2,1.0,0.3500613653022054
DDD,2014B,622499,P3,F2,1.0,0.8726620475681173
DDD,2014B,622541,P3,F2,0.0,0.2581561306301492
DDD,2014B,622571,P3,F2,1.0,0.3801096195092164
DDD,2014B,622614,P3,F2,1.0,0.8458692008119497
DDD,2014B,622630,P3,F2,1.0,0.9350886114511558
DDD,2014B,622657,P3,F2,1.0,0.8735271666345844
DDD,2014B,622672,P3,F2,1.0,0.9424779588793324
DDD,2014B,622724,P3,F2,0.0,0.2515058422931049
DDD,2014B,622764,P3,F2,0.0,0.1718561929775805
DDD,2014B,622790,P3,F2,1.0,0.3682044162077878
DDD,2014B,622792,P3,F2,1.0,0.9354825959124698
DDD,2014B,622844,P3,F2,1.0,0.8020318610774279
DDD,2014B,622851,P3,F2,1.0,0.5183920304130132
DDD,2014B,622900,P3,F2,1.0,0.3496446346973587
DDD,2014B,623008,P3,F2,0.0,0.883944721790335
DDD,2014B,623015,P3,F2,1.0,0.8844840714037282
DDD,2014B,623052,P3,F2,1.0,0.10886738485807541
DDD,2014B,623073,P3,F2,0.0,0.1637750155511439
DDD,2014B,623099,P3,F2,1.0,0.8874539173410397
DDD,2014B,623164,P3,F2,0.0,0.19827632224463881
DDD,2014B,623210,P3,F2,1.0,0.5359013790427232
DDD,2014B,623257,P3,F2,1.0,0.2803731590212521
DDD,2014B,623347,P3,F2,0.0,0.19745234045784382
DDD,2014B,623514,P3,F2,0.0,0.5613981204773824
DDD,2014B,623541,P3,F2,0.0,0.1200133627950517
DDD,2014B,623585,P3,F2,0.0,0.5219687427390877
DDD,2014B,623740,P3,F2,1.0,0.4767666351926401
DDD,2014B,623815,P3,F2,0.0,0.20865034520402978
DDD,2014B,623826,P3,F2,0.0,0.2906545274446246
DDD,2014B,623829,P3,F2,1.0,0.8567336535757082
DDD,2014B,623917,P3,F2,1.0,0.5971256288036267
DDD,2014B,623931,P3,F2,0.0,0.2867648769455133
DDD,2014B,623932,P3,F2,1.0,0.21668036212474956
DDD,2014B,624007,P3,F2,0.0,0.17057213051231923
DDD,2014B,624052,P3,F2,0.0,0.17457186042524142
DDD,2014B,624077,P3,F2,0.0,0.2073518181589086
DDD,2014B,624078,P3,F2,1.0,0.24965323395609373
DDD,2014B,624093,P3,F2,1.0,0.9029581662454207
DDD,2014B,624105,P3,F2,1.0,0.9373681842161664
DDD,2014B,624156,P3,F2,0.0,0.31754046417162257
DDD,2014B,624358,P3,F2,0.0,0.3363968056743129
DDD,2014B,624407,P3,F2,1.0,0.5017779096969383
DDD,2014B,624476,P3,F2,1.0,0.519985313522327
DDD,2014B,624493,P3,F2,0.0,0.26295959319683176
DDD,2014B,624570,P3,F2,1.0,0.8240943769133328
DDD,2014B,624585,P3,F2,0.0,0.5205246575497032
DDD,2014B,624610,P3,F2,1.0,0.2870080209531788
DDD,2014B,624730,P3,F2,1.0,0.7576484996192461
DDD,2014B,624789,P3,F2,0.0,0.10778237705737476
DDD,2014B,624804,P3,F2,0.0,0.23934427932738817
DDD,2014B,624829,P3,F2,1.0,0.4567221255495716
DDD,2014B,624839,P3,F2,0.0,0.23295318099520163
DDD,2014B,624881,P3,F2,0.0,0.1294169182323258
DDD,2014B,624921,P3,F2,1.0,0.9387515935960297
DDD,2014B,624927,P3,F2,0.0,0.25837412370973906
DDD,2014B,624944,P3,F2,1.0,0.8711343955691903
DDD,2014B,625035,P3,F2,0.0,0.18932721170299727
DDD,2014B,625080,P3,F2,1.0,0.2176146807391921
DDD,2014B,625098,P3,F2,1.0,0.40700289479618124
DDD,2014B,625218,P3,F2,0.0,0.19132326316158882
DDD,2014B,625263,P3,F2,0.0,0.3838062535742668
DDD,2014B,625427,P3,F2,0.0,0.28134313209020834
DDD,2014B,625615,P3,F2,1.0,0.48943627020054803
DDD,2014B,625714,P3,F2,0.0,0.3875271348126058
DDD,2014B,625748,P3,F2,0.0,0.14462079426451824
DDD,2014B,625864,P3,F2,0.0,0.32131625115648127
DDD,2014B,625874,P3,F2,1.0,0.42067649174824917
DDD,2014B,625902,P3,F2,1.0,0.3319308324940325
DDD,2014B,625983,P3,F2,1.0,0.5534904716647464
DDD,2014B,626018,P3,F2,1.0,0.4785703858237587
DDD,2014B,626040,P3,F2,1.0,0.49304697152821986
DDD,2014B,626049,P3,F2,1.0,0.21412572563888688
DDD,2014B,626061,P3,F2,0.0,0.6639455261398292
DDD,2014B,626114,P3,F2,0.0,0.18570067620584635
DDD,2014B,626146,P3,F2,0.0,0.298675913993555
DDD,2014B,626172,P3,F2,0.0,0.3732037454966001
DDD,2014B,626192,P3,F2,0.0,0.21160775083311223
DDD,2014B,626217,P3,F2,1.0,0.638890829773474
DDD,2014B,626238,P3,F2,0.0,0.15469015512665946
DDD,2014B,626321,P3,F2,1.0,0.8692058299680746
DDD,2014B,626348,P3,F2,1.0,0.3967469395376762
DDD,2014B,626405,P3,F2,1.0,0.25254159953916305
DDD,2014B,626417,P3,F2,0.0,0.5561674428456524
DDD,2014B,626450,P3,F2,0.0,0.21095270267645025
DDD,2014B,626551,P3,F2,0.0,0.25880585424659464
DDD,2014B,626556,P3,F2,0.0,0.21654675846009566
DDD,2014B,626607,P3,F2,1.0,0.8198329522679556
DDD,2014B,626679,P3,F2,1.0,0.2496999516223054
DDD,2014B,626723,P3,F2,1.0,0.5892153405330963
DDD,2014B,626798,P3,F2,1.0,0.939514076831104
DDD,2014B,626852,P3,F2,0.0,0.4793712528110771
DDD,2014B,626885,P3,F2,0.0,0.24537326963018827
DDD,2014B,626889,P3,F2,0.0,0.5147384434221836
DDD,2014B,626930,P3,F2,1.0,0.871124239952329
DDD,2014B,626979,P3,F2,1.0,0.5532509908880126
DDD,2014B,627021,P3,F2,0.0,0.46474504142674566
DDD,2014B,627071,P3,F2,1.0,0.4630374530432943
DDD,2014B,627100,P3,F2,0.0,0.3699182705963159
DDD,2014B,627173,P3,F2,1.0,0.715796267929952
DDD,2014B,627184,P3,F2,0.0,0.4011838967274878
DDD,2014B,627276,P3,F2,0.0,0.42123887661883486
DDD,2014B,627322,P3,F2,0.0,0.20680605661151533
DDD,2014B,627333,P3,F2,0.0,0.9522905489485267
DDD,2014B,627367,P3,F2,1.0,0.37432049949771823
DDD,2014B,627397,P3,F2,0.0,0.2689670781987786
DDD,2014B,627416,P3,F2,1.0,0.3455923397070952
DDD,2014B,627536,P3,F2,0.0,0.4057873833172391
DDD,2014B,627581,P3,F2,1.0,0.5794004298687346
DDD,2014B,627638,P3,F2,1.0,0.4047288634072093
DDD,2014B,627655,P3,F2,1.0,0.6227225657833773
DDD,2014B,627772,P3,F2,0.0,0.36303919554491487
DDD,2014B,627879,P3,F2,0.0,0.4181880450493387
DDD,2014B,627882,P3,F2,0.0,0.16161136996616002
DDD,2014B,627891,P3,F2,0.0,0.6011965557034803
DDD,2014B,627924,P3,F2,1.0,0.26954493645852473
DDD,2014B,628008,P3,F2,0.0,0.3623698249984294
DDD,2014B,628099,P3,F2,0.0,0.2953312210654769
DDD,2014B,628216,P3,F2,0.0,0.3232303846248129
DDD,2014B,628246,P3,F2,0.0,0.4002930137923594
DDD,2014B,628333,P3,F2,0.0,0.39680999905386927
DDD,2014B,628347,P3,F2,0.0,0.3244124514990997
DDD,2014B,628376,P3,F2,0.0,0.3240370431698211
DDD,2014B,628386,P3,F2,0.0,0.43050155925262196
DDD,2014B,628502,P3,F2,0.0,0.3091970660832752
DDD,2014B,628575,P3,F2,0.0,0.5314604251791415
DDD,2014B,628642,P3,F2,0.0,0.4472415796424941
DDD,2014B,628806,P3,F2,0.0,0.16367885350056674
DDD,2014B,628835,P3,F2,0.0,0.4958111872888908
DDD,2014B,628841,P3,F2,1.0,0.9494257325770992
DDD,2014B,628875,P3,F2,0.0,0.29052565034816047
DDD,2014B,628915,P3,F2,0.0,0.10622234503073605
DDD,2014B,628956,P3,F2,0.0,0.34827599180039703
DDD,2014B,629000,P3,F2,1.0,0.3122575153330569
DDD,2014B,629039,P3,F2,1.0,0.36012534352385
DDD,2014B,629055,P3,F2,0.0,0.2711940669094451
DDD,2014B,629316,P3,F2,1.0,0.7032537024797489
DDD,2014B,629405,P3,F2,0.0,0.4262351393862218
DDD,2014B,629452,P3,F2,0.0,0.11980351784475034
DDD,2014B,629454,P3,F2,1.0,0.43459741518961453
DDD,2014B,629632,P3,F2,1.0,0.6129660081442698
DDD,2014B,629673,P3,F2,1.0,0.9218862497608928
DDD,2014B,629696,P3,F2,0.0,0.7731249966046017
DDD,2014B,629699,P3,F2,1.0,0.5498868457573387
DDD,2014B,629702,P3,F2,1.0,0.319582117047728
DDD,2014B,629706,P3,F2,1.0,0.9474276117116722
DDD,2014B,629710,P3,F2,0.0,0.12832889306240822
DDD,2014B,629725,P3,F2,0.0,0.32498644950744426
DDD,2014B,629773,P3,F2,1.0,0.22816967551307737
DDD,2014B,629822,P3,F2,0.0,0.317153923280102
DDD,2014B,629876,P3,F2,1.0,0.30816413606319254
DDD,2014B,629877,P3,F2,0.0,0.17941591050507946
DDD,2014B,629898,P3,F2,0.0,0.232552952015342
DDD,2014B,629921,P3,F2,0.0,0.2640444322327945
DDD,2014B,629955,P3,F2,1.0,0.9071593383288712
DDD,2014B,630073,P3,F2,0.0,0.30599716355438833
DDD,2014B,630137,P3,F2,0.0,0.34989243414343246
DDD,2014B,630152,P3,F2,1.0,0.47018255244368934
DDD,2014B,630178,P3,F2,0.0,0.32279200403004193
DDD,2014B,630195,P3,F2,1.0,0.32040438714699365
DDD,2014B,630200,P3,F2,0.0,0.5570327116271006
DDD,2014B,630301,P3,F2,1.0,0.3258691313028162
DDD,2014B,630359,P3,F2,1.0,0.9276596421377463
DDD,2014B,630401,P3,F2,1.0,0.33482949404360685
DDD,2014B,630432,P3,F2,0.0,0.2769092390424723
DDD,2014B,630596,P3,F2,0.0,0.16010409151864288
DDD,2014B,630613,P3,F2,0.0,0.3420891366190216
DDD,2014B,630774,P3,F2,0.0,0.44362417522258585
DDD,2014B,630818,P3,F2,0.0,0.23856855150703504
DDD,2014B,630935,P3,F2,0.0,0.2630820775372305
DDD,2014B,630948,P3,F2,0.0,0.18466446827051772
DDD,2014B,631029,P3,F2,1.0,0.401288732537599
DDD,2014B,631131,P3,F2,0.0,0.4047955332050287
DDD,2014B,631207,P3,F2,1.0,0.7768393253520548
DDD,2014B,631240,P3,F2,1.0,0.8419542568306768
DDD,2014B,631257,P3,F2,0.0,0.6085999824040974
DDD,2014B,631299,P3,F2,1.0,0.7971661273833516
DDD,2014B,631322,P3,F2,0.0,0.5950402573927556
DDD,2014B,631355,P3,F2,1.0,0.2186818635047339
DDD,2014B,631388,P3,F2,0.0,0.39366348142407687
DDD,2014B,631439,P3,F2,0.0,0.11144186449766219
DDD,2014B,631513,P3,F2,1.0,0.3123095066392607
DDD,2014B,631514,P3,F2,0.0,0.5277415546935523
DDD,2014B,631527,P3,F2,1.0,0.8085162598930614
DDD,2014B,631569,P3,F2,0.0,0.2919689874138237
DDD,2014B,631600,P3,F2,1.0,0.9450382709021914
DDD,2014B,631623,P3,F2,1.0,0.6265153464908614
DDD,2014B,631639,P3,F2,0.0,0.2788067407061906
DDD,2014B,631670,P3,F2,0.0,0.19384948749797276
DDD,2014B,631749,P3,F2,1.0,0.8242453628436347
DDD,2014B,631771,P3,F2,0.0,0.2899319603872501
DDD,2014B,631813,P3,F2,1.0,0.6207536704176313
DDD,2014B,631846,P3,F2,1.0,0.36773968960291004
DDD,2014B,631851,P3,F2,0.0,0.10132475064611805
DDD,2014B,631945,P3,F2,1.0,0.2552387751398198
DDD,2014B,632115,P3,F2,1.0,0.8988292778947065
DDD,2014B,632125,P3,F2,1.0,0.4029067808805815
DDD,2014B,632195,P3,F2,1.0,0.2756767100329373
DDD,2014B,632205,P3,F2,0.0,0.2757208636462429
DDD,2014B,632215,P3,F2,0.0,0.355157769762702
DDD,2014B,632305,P3,F2,0.0,0.36946622351015085
DDD,2014B,632314,P3,F2,1.0,0.6915824210569008
DDD,2014B,632463,P3,F2,1.0,0.8214898773199824
DDD,2014B,632469,P3,F2,1.0,0.7598527619830138
DDD,2014B,632473,P3,F2,1.0,0.931691905362863
DDD,2014B,632482,P3,F2,1.0,0.9232354805849273
DDD,2014B,632486,P3,F2,1.0,0.4104677380223754
DDD,2014B,632504,P3,F2,1.0,0.7795394028939309
DDD,2014B,632551,P3,F2,1.0,0.3283084574695574
DDD,2014B,632680,P3,F2,0.0,0.2562098657617245
DDD,2014B,632725,P3,F2,1.0,0.8836161579342003
DDD,2014B,632741,P3,F2,0.0,0.2636880452145699
DDD,2014B,632790,P3,F2,0.0,0.28372335722829206
DDD,2014B,632793,P3,F2,1.0,0.6965496521656455
DDD,2014B,632814,P3,F2,1.0,0.8834425412539543
DDD,2014B,632845,P3,F2,0.0,0.13872855358366648
DDD,2014B,632856,P3,F2,1.0,0.6316773617766008
DDD,2014B,632898,P3,F2,1.0,0.5278302879226502
DDD,2014B,633008,P3,F2,0.0,0.11340531469825367
DDD,2014B,633214,P3,F2,1.0,0.3116295090143881
DDD,2014B,633273,P3,F2,1.0,0.47334158083633543
DDD,2014B,633325,P3,F2,0.0,0.9281825067239194
DDD,2014B,633331,P3,F2,1.0,0.5279196577782581
DDD,2014B,633341,P3,F2,1.0,0.8671644169616991
DDD,2014B,633355,P3,F2,0.0,0.3045509796088144
DDD,2014B,633368,P3,F2,0.0,0.5641370512402456
DDD,2014B,633384,P3,F2,1.0,0.5497557827191921
DDD,2014B,633467,P3,F2,0.0,0.6548571257628629
DDD,2014B,633510,P3,F2,1.0,0.5705808312931999
DDD,2014B,633591,P3,F2,0.0,0.22746510495204722
DDD,2014B,633763,P3,F2,0.0,0.32800446788038967
DDD,2014B,633764,P3,F2,0.0,0.34343045423266516
DDD,2014B,633771,P3,F2,1.0,0.9394415982077315
DDD,2014B,633864,P3,F2,0.0,0.19880852973439508
DDD,2014B,633921,P3,F2,0.0,0.393192227748849
DDD,2014B,633960,P3,F2,0.0,0.11314808138629014
DDD,2014B,634094,P3,F2,0.0,0.8419338995419208
DDD,2014B,634106,P3,F2,0.0,0.3487593417730037
DDD,2014B,634178,P3,F2,0.0,0.33634099374146303
DDD,2014B,634246,P3,F2,0.0,0.637244750386297
DDD,2014B,634278,P3,F2,1.0,0.7345738716736363
DDD,2014B,634351,P3,F2,0.0,0.2883291289958648
DDD,2014B,634360,P3,F2,1.0,0.23811807839038165
DDD,2014B,634383,P3,F2,0.0,0.19266862674518873
DDD,2014B,634397,P3,F2,1.0,0.8522210643911833
DDD,2014B,634420,P3,F2,0.0,0.6055534084733745
DDD,2014B,634508,P3,F2,1.0,0.23416204619968792
DDD,2014B,634596,P3,F2,0.0,0.13638524604955668
DDD,2014B,634648,P3,F2,0.0,0.36120886539945823
DDD,2014B,634681,P3,F2,0.0,0.20986250881065552
DDD,2014B,634824,P3,F2,0.0,0.33757849107872023
DDD,2014B,634905,P3,F2,0.0,0.16576785149067727
DDD,2014B,634909,P3,F2,1.0,0.3933213862989711
DDD,2014B,635058,P3,F2,0.0,0.19569435534951268
DDD,2014B,635100,P3,F2,0.0,0.5153191706116015
DDD,2014B,635141,P3,F2,0.0,0.1282020975347758
DDD,2014B,669530,P3,F2,1.0,0.5815086171036444
DDD,2014B,879295,P3,F2,0.0,0.896925281632257
DDD,2014B,909056,P3,F2,0.0,0.130103816912895
DDD,2014B,963176,P3,F2,1.0,0.5252002346711143
DDD,2014B,1031884,P3,F2,0.0,0.2641416733801472
DDD,2014B,1033968,P3,F2,1.0,0.9647043315538946
DDD,2014B,1049036,P3,F2,0.0,0.28523065867979114
DDD,2014B,1332356,P3,F2,0.0,0.31717717914013077
DDD,2014B,1531649,P3,F2,1.0,0.2939716980880574
DDD,2014B,1549107,P3,F2,0.0,0.309272712243948
DDD,2014B,1552044,P3,F2,0.0,0.30094409449943704
DDD,2014B,1554143,P3,F2,1.0,0.89126553215175
DDD,2014B,1591864,P3,F2,1.0,0.1810682753217275
DDD,2014B,1592048,P3,F2,0.0,0.18575644054854232
DDD,2014B,1612600,P3,F2,0.0,0.2906801227144473
DDD,2014B,1624025,P3,F2,1.0,0.2600515024663794
DDD,2014B,1668372,P3,F2,1.0,0.733050805776024
DDD,2014B,1671208,P3,F2,1.0,0.27927186318566566
DDD,2014B,1671761,P3,F2,1.0,0.5334775690135971
DDD,2014B,1671811,P3,F2,0.0,0.23476203786388428
DDD,2014B,1735651,P3,F2,0.0,0.8685385141758645
DDD,2014B,1735653,P3,F2,0.0,0.5025422745281273
DDD,2014B,1763186,P3,F2,0.0,0.3474277300586704
DDD,2014B,1767786,P3,F2,1.0,0.37534893751595416
DDD,2014B,1777223,P3,F2,1.0,0.3179034807784997
DDD,2014B,1804143,P3,F2,1.0,0.39046180680331294
DDD,2014B,1826729,P3,F2,0.0,0.8271441518482169
DDD,2014B,1843355,P3,F2,1.0,0.8718065717742972
DDD,2014B,1874160,P3,F2,0.0,0.25810263871975836
DDD,2014B,1903131,P3,F2,1.0,0.9589270458600271
DDD,2014B,1916140,P3,F2,0.0,0.16209114977713762
DDD,2014B,1939179,P3,F2,1.0,0.8711150216720575
DDD,2014B,1945434,P3,F2,0.0,0.3003208892999577
DDD,2014B,1951727,P3,F2,0.0,0.11494822799859272
DDD,2014B,1962854,P3,F2,0.0,0.8659721331709256
DDD,2014B,1981053,P3,F2,1.0,0.8220041655606306
DDD,2014B,1986370,P3,F2,1.0,0.21200351008239382
DDD,2014B,2001102,P3,F2,1.0,0.8586588381294167
DDD,2014B,2002727,P3,F2,1.0,0.9137521358807241
DDD,2014B,2046628,P3,F2,1.0,0.5896630971787162
DDD,2014B,2077023,P3,F2,0.0,0.673934602850477
DDD,2014B,2080340,P3,F2,1.0,0.4587249614325121
DDD,2014B,2087698,P3,F2,0.0,0.23728929756404116
DDD,2014B,2091387,P3,F2,0.0,0.15166995944952358
DDD,2014B,2109013,P3,F2,1.0,0.8550123555621032
DDD,2014B,2110039,P3,F2,1.0,0.9084563563616053
DDD,2014B,2151748,P3,F2,1.0,0.8357514635244361
DDD,2014B,2162388,P3,F2,1.0,0.5869608372217912
DDD,2014B,2172136,P3,F2,0.0,0.17862027086045
DDD,2014B,2173688,P3,F2,1.0,0.6993799766817821
DDD,2014B,2188469,P3,F2,1.0,0.46343304470271385
DDD,2014B,2210989,P3,F2,0.0,0.42534047188793
DDD,2014B,2228206,P3,F2,1.0,0.4303710501339451
DDD,2014B,2231018,P3,F2,0.0,0.2769091248936278
DDD,2014B,2261142,P3,F2,1.0,0.8302979118088675
DDD,2014B,2265935,P3,F2,1.0,0.3138608619771149
DDD,2014B,2266889,P3,F2,0.0,0.29992322596354415
DDD,2014B,2301511,P3,F2,1.0,0.6366599513714689
DDD,2014B,2305957,P3,F2,1.0,0.9052947088296126
DDD,2014B,2306519,P3,F2,0.0,0.30197460276367405
DDD,2014B,2312809,P3,F2,0.0,0.6448542354624001
DDD,2014B,2333244,P3,F2,1.0,0.14791914001835946
DDD,2014B,2336922,P3,F2,0.0,0.8730424720021055
DDD,2014B,2343809,P3,F2,0.0,0.45241182469714775
DDD,2014B,2348961,P3,F2,0.0,0.5133168443973897
DDD,2014B,2356318,P3,F2,1.0,0.8815623112648449
DDD,2014B,2366701,P3,F2,1.0,0.930676674298564
DDD,2014B,2371311,P3,F2,1.0,0.933507092564468
DDD,2014B,2394090,P3,F2,0.0,0.25503169404685755
DDD,2014B,2399951,P3,F2,1.0,0.8094772649750659
DDD,2014B,2411981,P3,F2,1.0,0.8631962144014779
DDD,2014B,2414973,P3,F2,0.0,0.9073260869140392
DDD,2014B,2415480,P3,F2,0.0,0.15171373716899747
DDD,2014B,2416424,P3,F2,0.0,0.4072892817896973
DDD,2014B,2416501,P3,F2,0.0,0.3624674740117581
DDD,2014B,2436400,P3,F2,0.0,0.32256346299674094
DDD,2014B,2444109,P3,F2,1.0,0.8612095926703891
DDD,2014B,2450600,P3,F2,0.0,0.16272887184262974
DDD,2014B,2450650,P3,F2,0.0,0.2437652642296247
DDD,2014B,2451003,P3,F2,0.0,0.7859693842394354
DDD,2014B,2452902,P3,F2,0.0,0.9466332902026072
DDD,2014B,2460775,P3,F2,0.0,0.3222761575126646
DDD,2014B,2465186,P3,F2,1.0,0.7889646230737849
DDD,2014B,2473025,P3,F2,0.0,0.11980576894161743
DDD,2014B,2485856,P3,F2,1.0,0.9603206951415147
DDD,2014B,2495139,P3,F2,1.0,0.9579090970506025
DDD,2014B,2499850,P3,F2,1.0,0.9119988642309469
DDD,2014B,2502516,P3,F2,0.0,0.12305121796347318
DDD,2014B,2502707,P3,F2,1.0,0.8571242293074519
DDD,2014B,2503273,P3,F2,0.0,0.2632901000483077
DDD,2014B,2516497,P3,F2,1.0,0.9287333541137838
DDD,2014B,2519622,P3,F2,1.0,0.2617941634665312
DDD,2014B,2523146,P3,F2,1.0,0.9404085415494258
DDD,2014B,2527077,P3,F2,1.0,0.1801840561341088
DDD,2014B,2533297,P3,F2,1.0,0.4065101240359411
DDD,2014B,2533590,P3,F2,1.0,0.9177382188998816
DDD,2014B,2545413,P3,F2,1.0,0.7665439672715768
DDD,2014B,2550946,P3,F2,0.0,0.40711000946432885
DDD,2014B,2558463,P3,F2,0.0,0.32020048471703805
DDD,2014B,2577480,P3,F2,1.0,0.9590870398529165
DDD,2014B,2588215,P3,F2,1.0,0.3858363361142021
DDD,2014B,2588543,P3,F2,1.0,0.5603330107554296
DDD,2014B,2595457,P3,F2,1.0,0.40906475009628457
DDD,2014B,2595730,P3,F2,1.0,0.3198190241803888
DDD,2014B,2608626,P3,F2,0.0,0.32572376958101096
DDD,2014B,2609908,P3,F2,0.0,0.5637346100183602
DDD,2014B,2611371,P3,F2,0.0,0.5297841616334411
DDD,2014B,2619496,P3,F2,0.0,0.18944193410038868
DDD,2014B,2623532,P3,F2,1.0,0.5547073525430397
DDD,2014B,2635116,P3,F2,1.0,0.621031241876406
DDD,2014B,2636552,P3,F2,1.0,0.3565769587833159
DDD,2014B,2637219,P3,F2,0.0,0.14528486534122745
DDD,2014B,2639021,P3,F2,1.0,0.6540615591273956
DDD,2014B,2640853,P3,F2,1.0,0.9451478884320225
DDD,2014B,2643028,P3,F2,0.0,0.2733501046833757
DDD,2014B,2646737,P3,F2,1.0,0.5830490245297362
DDD,2014B,2648035,P3,F2,0.0,0.3372478580821756
DDD,2014B,2659530,P3,F2,0.0,0.3774361619915972
DDD,2014B,2660408,P3,F2,0.0,0.3840756451958866
DDD,2014B,2661162,P3,F2,0.0,0.23487269769184083
DDD,2014B,2668106,P3,F2,1.0,0.8317380194532417
DDD,2014B,2669736,P3,F2,0.0,0.5758288809150415
DDD,2014B,2669995,P3,F2,0.0,0.1420248567311441
DDD,2014B,2675343,P3,F2,0.0,0.8109590162588117
DDD,2014B,2684847,P3,F2,0.0,0.3790261222311654
DDD,2014B,2685827,P3,F2,0.0,0.3414530868732794
DDD,2014B,2686365,P3,F2,1.0,0.7408318823049208
DDD,2014B,2686865,P3,F2,0.0,0.6188678463240911
DDD,2014B,2688692,P3,F2,0.0,0.46182689305574204
DDD,2014B,2689501,P3,F2,1.0,0.9305637855542389
DDD,2014B,2692101,P3,F2,1.0,0.6878843854386071
DDD,2014B,2692577,P3,F2,0.0,0.41932638900446556
DDD,2014B,2692948,P3,F2,0.0,0.9140361277085309
DDD,2014B,2694886,P3,F2,0.0,0.48087448465706834
DDD,2014B,2696376,P3,F2,1.0,0.9701688769815323
DDD,2014B,2698251,P3,F2,1.0,0.39712698263286195
EEE,2014B,25150,P3,F2,0.0,0.7027320554095571
EEE,2014B,27780,P3,F2,0.0,0.895350133155895
EEE,2014B,29639,P3,F2,0.0,0.3466173312307078
EEE,2014B,29820,P3,F2,0.0,0.6726709957843351
EEE,2014B,35340,P3,F2,0.0,0.7532608997067082
EEE,2014B,35508,P3,F2,0.0,0.7011525497011646
EEE,2014B,64296,P3,F2,1.0,0.781795718155887
EEE,2014B,70537,P3,F2,0.0,0.8285565960473902
EEE,2014B,83219,P3,F2,0.0,0.7748902299032404
EEE,2014B,121574,P3,F2,1.0,0.8495848836344558
EEE,2014B,128971,P3,F2,0.0,0.7814580448101922
EEE,2014B,135330,P3,F2,1.0,0.7327199794830664
EEE,2014B,144745,P3,F2,0.0,0.6487541811805713
EEE,2014B,148282,P3,F2,1.0,0.7694982342905577
EEE,2014B,156594,P3,F2,0.0,0.6645089936013534
EEE,2014B,158831,P3,F2,0.0,0.8021005818627781
EEE,2014B,165376,P3,F2,0.0,0.8621314870105165
EEE,2014B,167791,P3,F2,0.0,0.7150465926099627
EEE,2014B,170936,P3,F2,0.0,0.8041050872068967
EEE,2014B,171334,P3,F2,1.0,0.79859913819508
EEE,2014B,182400,P3,F2,1.0,0.6706685938900663
EEE,2014B,185057,P3,F2,0.0,0.6162496573097848
EEE,2014B,186476,P3,F2,0.0,0.7860972441765516
EEE,2014B,188260,P3,F2,0.0,0.26714943903852856
EEE,2014B,188662,P3,F2,0.0,0.718109263917142
EEE,2014B,193163,P3,F2,1.0,0.7049554950570215
EEE,2014B,197730,P3,F2,0.0,0.7745388434508493
EEE,2014B,198902,P3,F2,1.0,0.8723467829998189
EEE,2014B,231019,P3,F2,1.0,0.8549772630290459
EEE,2014B,231339,P3,F2,0.0,0.5276009146161325
EEE,2014B,234559,P3,F2,0.0,0.7138310473596026
EEE,2014B,237934,P3,F2,1.0,0.7959662327569774
EEE,2014B,244166,P3,F2,1.0,0.8208430403373518
EEE,2014B,244977,P3,F2,0.0,0.76035249293876
EEE,2014B,247819,P3,F2,0.0,0.7623428812376272
EEE,2014B,248818,P3,F2,0.0,0.8115693145575984
EEE,2014B,250092,P3,F2,1.0,0.8201949408078801
EEE,2014B,256867,P3,F2,0.0,0.7948670292034951
EEE,2014B,261042,P3,F2,1.0,0.9233823700955655
EEE,2014B,266040,P3,F2,1.0,0.43283469461906043
EEE,2014B,267961,P3,F2,1.0,0.9124389300223043
EEE,2014B,272103,P3,F2,1.0,0.8610833108447729
EEE,2014B,274218,P3,F2,0.0,0.8451197288369393
EEE,2014B,278786,P3,F2,1.0,0.9145324578739616
EEE,2014B,285170,P3,F2,0.0,0.8276794158384904
EEE,2014B,289397,P3,F2,0.0,0.8187041073778364
EEE,2014B,291674,P3,F2,0.0,0.7571037327607311
EEE,2014B,293670,P3,F2,1.0,0.8203051660378536
EEE,2014B,293686,P3,F2,0.0,0.6887463256301991
EEE,2014B,303774,P3,F2,1.0,0.896171564568204
EEE,2014B,308391,P3,F2,1.0,0.9002523665696995
EEE,2014B,321112,P3,F2,1.0,0.8536902644475216
EEE,2014B,324257,P3,F2,0.0,0.6452211370430844
EEE,2014B,329455,P3,F2,0.0,0.5110390463594652
EEE,2014B,335355,P3,F2,0.0,0.794935506573486
EEE,2014B,338854,P3,F2,0.0,0.7060268353121473
EEE,2014B,342957,P3,F2,0.0,0.38223200188222173
EEE,2014B,349069,P3,F2,1.0,0.9337840900280188
EEE,2014B,350690,P3,F2,1.0,0.8048347214402103
EEE,2014B,353368,P3,F2,1.0,0.8790948835175001
EEE,2014B,353953,P3,F2,0.0,0.8654613279759432
EEE,2014B,359460,P3,F2,1.0,0.6885267653635312
EEE,2014B,366424,P3,F2,0.0,0.20687901637435385
EEE,2014B,368306,P3,F2,0.0,0.7946618861289657
EEE,2014B,372812,P3,F2,1.0,0.4832277354414477
EEE,2014B,380921,P3,F2,0.0,0.6964264574844892
EEE,2014B,382432,P3,F2,1.0,0.8544110705243926
EEE,2014B,382910,P3,F2,0.0,0.8307922115685331
EEE,2014B,383239,P3,F2,0.0,0.8665968116690964
EEE,2014B,389267,P3,F2,0.0,0.718259065253497
EEE,2014B,393488,P3,F2,0.0,0.8749944876484869
EEE,2014B,404239,P3,F2,1.0,0.8080557223153487
EEE,2014B,407428,P3,F2,1.0,0.8702506713960256
EEE,2014B,410810,P3,F2,0.0,0.8207818641152164
EEE,2014B,411381,P3,F2,1.0,0.8397615726969557
EEE,2014B,413891,P3,F2,1.0,0.7683451567902743
EEE,2014B,417547,P3,F2,0.0,0.8196694709898256
EEE,2014B,420333,P3,F2,0.0,0.8505008072617041
EEE,2014B,421111,P3,F2,0.0,0.8572261568624097
EEE,2014B,424978,P3,F2,0.0,0.7916258717469378
EEE,2014B,426316,P3,F2,0.0,0.17026359014750864
EEE,2014B,426616,P3,F2,0.0,0.673432498302879
EEE,2014B,431386,P3,F2,1.0,0.842272283154076
EEE,2014B,437971,P3,F2,1.0,0.747780246218498
EEE,2014B,441852,P3,F2,0.0,0.8389940352317277
EEE,2014B,443948,P3,F2,0.0,0.7848384174424958
EEE,2014B,444197,P3,F2,0.0,0.7223041063498009
EEE,2014B,444349,P3,F2,1.0,0.7610214438966425
EEE,2014B,446077,P3,F2,1.0,0.829457850228859
EEE,2014B,446295,P3,F2,1.0,0.934787301973888
EEE,2014B,447235,P3,F2,0.0,0.8006389716659399
EEE,2014B,464724,P3,F2,0.0,0.7672952295609377
EEE,2014B,467144,P3,F2,0.0,0.8585751737352856
EEE,2014B,469761,P3,F2,0.0,0.7303504750923192
EEE,2014B,469861,P3,F2,0.0,0.8412364179279589
EEE,2014B,471018,P3,F2,1.0,0.8934033809034366
EEE,2014B,474628,P3,F2,0.0,0.6992265017716687
EEE,2014B,474674,P3,F2,1.0,0.8135031795216996
EEE,2014B,475497,P3,F2,1.0,0.35627674288848366
EEE,2014B,478550,P3,F2,0.0,0.6504618728521521
EEE,2014B,478791,P3,F2,0.0,0.5759680383061019
EEE,2014B,479607,P3,F2,1.0,0.8674683712764374
EEE,2014B,480928,P3,F2,1.0,0.8654815618872153
EEE,2014B,481618,P3,F2,0.0,0.6580121274244302
EEE,2014B,485920,P3,F2,0.0,0.401550176189148
EEE,2014B,486836,P3,F2,0.0,0.7586870001276478
EEE,2014B,487239,P3,F2,0.0,0.7475417491490225
EEE,2014B,487494,P3,F2,1.0,0.9399717823760108
EEE,2014B,488828,P3,F2,1.0,0.8452977609712632
EEE,2014B,490587,P3,F2,1.0,0.8332793267767017
EEE,2014B,490662,P3,F2,1.0,0.7252599393058464
EEE,2014B,492403,P3,F2,0.0,0.8044017613138895
EEE,2014B,494427,P3,F2,0.0,0.6871009628540203
EEE,2014B,494872,P3,F2,1.0,0.8483925003257757
EEE,2014B,496108,P3,F2,0.0,0.8753147326438581
EEE,2014B,497361,P3,F2,1.0,0.5852001588489734
EEE,2014B,497580,P3,F2,0.0,0.7235595677671273
EEE,2014B,502640,P3,F2,1.0,0.7893343945545058
EEE,2014B,502929,P3,F2,0.0,0.8744813880166125
EEE,2014B,503872,P3,F2,1.0,0.7884410287256873
EEE,2014B,504062,P3,F2,0.0,0.8493048268341754
EEE,2014B,504652,P3,F2,0.0,0.9136796954955886
EEE,2014B,504728,P3,F2,0.0,0.851778678070042
EEE,2014B,505333,P3,F2,1.0,0.9047454749078533
EEE,2014B,505767,P3,F2,0.0,0.16573928273380711
EEE,2014B,505855,P3,F2,0.0,0.7513544082993109
EEE,2014B,510266,P3,F2,0.0,0.18531311139955225
EEE,2014B,511199,P3,F2,1.0,0.8614046345593119
EEE,2014B,511657,P3,F2,1.0,0.8373641308417477
EEE,2014B,513211,P3,F2,1.0,0.9148106607311002
EEE,2014B,513672,P3,F2,0.0,0.30501094759556857
EEE,2014B,515125,P3,F2,1.0,0.8266528958621272
EEE,2014B,516238,P3,F2,0.0,0.8348454976082557
EEE,2014B,516728,P3,F2,1.0,0.9186201029228329
EEE,2014B,518116,P3,F2,1.0,0.8793549097942759
EEE,2014B,519258,P3,F2,1.0,0.7937177813196615
EEE,2014B,519589,P3,F2,1.0,0.7514063653520916
EEE,2014B,520824,P3,F2,1.0,0.8893107583818985
EEE,2014B,522525,P3,F2,0.0,0.7176640752887778
EEE,2014B,523061,P3,F2,0.0,0.8018999737878164
EEE,2014B,524276,P3,F2,1.0,0.8181015703528527
EEE,2014B,524386,P3,F2,1.0,0.8710756150363702
EEE,2014B,525332,P3,F2,1.0,0.8401382573585918
EEE,2014B,526051,P3,F2,0.0,0.8231731788026881
EEE,2014B,527771,P3,F2,1.0,0.7838303120591666
EEE,2014B,529304,P3,F2,0.0,0.8450777909776973
EEE,2014B,531845,P3,F2,1.0,0.8651990136927942
EEE,2014B,532531,P3,F2,0.0,0.8881264349242839
EEE,2014B,538102,P3,F2,1.0,0.7897896415760248
EEE,2014B,540509,P3,F2,0.0,0.7670034264600063
EEE,2014B,541003,P3,F2,0.0,0.8160148234445547
EEE,2014B,541999,P3,F2,1.0,0.8616137585600229
EEE,2014B,542050,P3,F2,0.0,0.7429118710903106
EEE,2014B,542524,P3,F2,0.0,0.7463326241799337
EEE,2014B,543475,P3,F2,0.0,0.7381670407972263
EEE,2014B,543924,P3,F2,1.0,0.9329909280496199
EEE,2014B,543948,P3,F2,0.0,0.7051982107868071
EEE,2014B,544052,P3,F2,0.0,0.4061490533331381
EEE,2014B,544295,P3,F2,1.0,0.7508194244980113
EEE,2014B,546400,P3,F2,1.0,0.8709321276150431
EEE,2014B,547100,P3,F2,1.0,0.8980843412379192
EEE,2014B,547685,P3,F2,1.0,0.8943288077945705
EEE,2014B,548261,P3,F2,1.0,0.8579920589793271
EEE,2014B,548992,P3,F2,1.0,0.8101203915739699
EEE,2014B,549401,P3,F2,1.0,0.8669648216285943
EEE,2014B,550197,P3,F2,1.0,0.9346042998951148
EEE,2014B,550357,P3,F2,0.0,0.6969926759071748
EEE,2014B,550812,P3,F2,0.0,0.829464958110299
EEE,2014B,551528,P3,F2,1.0,0.8270406616742626
EEE,2014B,551856,P3,F2,1.0,0.8600150279789162
EEE,2014B,552067,P3,F2,0.0,0.631107968655466
EEE,2014B,554988,P3,F2,1.0,0.7646410218727295
EEE,2014B,555022,P3,F2,0.0,0.5332528322272819
EEE,2014B,555756,P3,F2,0.0,0.8113664916452018
EEE,2014B,557700,P3,F2,0.0,0.6389077797722729
EEE,2014B,558122,P3,F2,1.0,0.7501073807124208
EEE,2014B,558492,P3,F2,1.0,0.8242423535717404
EEE,2014B,559518,P3,F2,0.0,0.9125981841140709
EEE,2014B,559977,P3,F2,1.0,0.9095033085406392
EEE,2014B,560951,P3,F2,1.0,0.7163299210498654
EEE,2014B,561271,P3,F2,1.0,0.5573648273365747
EEE,2014B,561363,P3,F2,0.0,0.7021675652155973
EEE,2014B,561559,P3,F2,0.0,0.6814682973517281
EEE,2014B,561774,P3,F2,0.0,0.30076234737732827
EEE,2014B,562825,P3,F2,0.0,0.7373497686169642
EEE,2014B,563230,P3,F2,0.0,0.6075907978848757
EEE,2014B,565838,P3,F2,1.0,0.25642502428623765
EEE,2014B,566337,P3,F2,1.0,0.7646587505150823
EEE,2014B,566422,P3,F2,0.0,0.6951150758656983
EEE,2014B,566871,P3,F2,1.0,0.8122284782518177
EEE,2014B,569620,P3,F2,1.0,0.8841732645858784
EEE,2014B,571025,P3,F2,1.0,0.35538972239358396
EEE,2014B,571128,P3,F2,0.0,0.7278367725768045
EEE,2014B,571233,P3,F2,1.0,0.7980943644114528
EEE,2014B,571389,P3,F2,1.0,0.8425220473342023
EEE,2014B,571789,P3,F2,1.0,0.8591693141539686
EEE,2014B,571963,P3,F2,0.0,0.8261691119509456
EEE,2014B,572249,P3,F2,1.0,0.9193571204111226
EEE,2014B,573558,P3,F2,0.0,0.7428533933116953
EEE,2014B,574508,P3,F2,0.0,0.6683644141683048
EEE,2014B,574523,P3,F2,0.0,0.8650372542826328
EEE,2014B,574580,P3,F2,1.0,0.8958145854006847
EEE,2014B,574637,P3,F2,0.0,0.6979217241460712
EEE,2014B,575162,P3,F2,0.0,0.8490300093397772
EEE,2014B,575473,P3,F2,0.0,0.7456032430622134
EEE,2014B,575777,P3,F2,0.0,0.5073971113518075
EEE,2014B,576876,P3,F2,0.0,0.3396687989680572
EEE,2014B,577245,P3,F2,0.0,0.2546571063451939
EEE,2014B,577352,P3,F2,1.0,0.9227937723251473
EEE,2014B,577460,P3,F2,0.0,0.14697907133515647
EEE,2014B,577562,P3,F2,0.0,0.8867906330512245
EEE,2014B,578541,P3,F2,1.0,0.8116494157906103
EEE,2014B,578634,P3,F2,0.0,0.8575641295467789
EEE,2014B,578958,P3,F2,0.0,0.8357585246582376
EEE,2014B,581257,P3,F2,0.0,0.7629896442523084
EEE,2014B,581269,P3,F2,0.0,0.8424521024074886
EEE,2014B,581676,P3,F2,0.0,0.32976524034875804
EEE,2014B,582094,P3,F2,1.0,0.7355613323805542
EEE,2014B,583968,P3,F2,0.0,0.7600206308281424
EEE,2014B,584698,P3,F2,1.0,0.917628510612078
EEE,2014B,585393,P3,F2,0.0,0.7125983037256497
EEE,2014B,585397,P3,F2,0.0,0.7720739777586022
EEE,2014B,585662,P3,F2,0.0,0.7631522305683965
EEE,2014B,587323,P3,F2,0.0,0.7864643694289785
EEE,2014B,588274,P3,F2,0.0,0.11142176585968669
EEE,2014B,588765,P3,F2,0.0,0.6845232096817959
EEE,2014B,589033,P3,F2,0.0,0.801003798469935
EEE,2014B,589223,P3,F2,0.0,0.7604438794051198
EEE,2014B,589260,P3,F2,0.0,0.7911449845196996
EEE,2014B,589722,P3,F2,1.0,0.8729955873168666
EEE,2014B,589828,P3,F2,0.0,0.8690186679473452
EEE,2014B,591398,P3,F2,0.0,0.2873216604696422
EEE,2014B,592372,P3,F2,0.0,0.8032349965478496
EEE,2014B,592593,P3,F2,0.0,0.8537620577497105
EEE,2014B,592666,P3,F2,0.0,0.8626535839359855
EEE,2014B,593123,P3,F2,1.0,0.8078584793165681
EEE,2014B,593733,P3,F2,0.0,0.6753451525053034
EEE,2014B,594131,P3,F2,0.0,0.8070514320809307
EEE,2014B,594193,P3,F2,1.0,0.9220177021247923
EEE,2014B,594684,P3,F2,0.0,0.16784131112400483
EEE,2014B,595100,P3,F2,0.0,0.7742498676183128
EEE,2014B,595356,P3,F2,1.0,0.8623487734849157
EEE,2014B,595808,P3,F2,1.0,0.9247276676081673
EEE,2014B,595992,P3,F2,0.0,0.7856323475254465
EEE,2014B,596347,P3,F2,0.0,0.8114580657713982
EEE,2014B,596947,P3,F2,0.0,0.8745511471373407
EEE,2014B,597909,P3,F2,0.0,0.8860612250811315
EEE,2014B,599056,P3,F2,0.0,0.7599209838283115
EEE,2014B,599263,P3,F2,1.0,0.7625870585191187
EEE,2014B,599341,P3,F2,0.0,0.29242404915878073
EEE,2014B,599554,P3,F2,0.0,0.68327961622173
EEE,2014B,599937,P3,F2,0.0,0.8581485618090314
EEE,2014B,600181,P3,F2,1.0,0.8431150980796049
EEE,2014B,600623,P3,F2,0.0,0.8022678283824489
EEE,2014B,600801,P3,F2,0.0,0.8154796812670598
EEE,2014B,600814,P3,F2,0.0,0.8249110696524384
EEE,2014B,600987,P3,F2,0.0,0.6945140175987086
EEE,2014B,601043,P3,F2,0.0,0.6790551154279467
EEE,2014B,601054,P3,F2,0.0,0.8179202822887198
EEE,2014B,601211,P3,F2,0.0,0.7705719332708332
EEE,2014B,601248,P3,F2,1.0,0.9146471368550221
EEE,2014B,601386,P3,F2,0.0,0.6913107365139507
EEE,2014B,602107,P3,F2,1.0,0.2565453232283606
EEE,2014B,602150,P3,F2,1.0,0.8867180669280083
EEE,2014B,602721,P3,F2,0.0,0.08724665826020551
EEE,2014B,603531,P3,F2,0.0,0.8316394798149125
EEE,2014B,603791,P3,F2,1.0,0.9309750905482029
EEE,2014B,603832,P3,F2,0.0,0.6919176745461397
EEE,2014B,604172,P3,F2,0.0,0.6523923974808765
EEE,2014B,604270,P3,F2,0.0,0.7921148825228124
EEE,2014B,604337,P3,F2,1.0,0.8053281989349786
EEE,2014B,604490,P3,F2,1.0,0.8350659989957564
EEE,2014B,604502,P3,F2,0.0,0.8330469380531923
EEE,2014B,604571,P3,F2,0.0,0.8582643462304231
EEE,2014B,604789,P3,F2,0.0,0.838767219646098
EEE,2014B,605367,P3,F2,0.0,0.6627306585837323
EEE,2014B,605688,P3,F2,0.0,0.7739485353921376
EEE,2014B,606127,P3,F2,1.0,0.7855101694294977
EEE,2014B,606182,P3,F2,0.0,0.7053263916704451
EEE,2014B,606350,P3,F2,1.0,0.888122400274578
EEE,2014B,607413,P3,F2,1.0,0.6317585372872683
EEE,2014B,607570,P3,F2,1.0,0.8978551428069732
EEE,2014B,608152,P3,F2,0.0,0.7974610806499367
EEE,2014B,609383,P3,F2,1.0,0.8767218979800933
EEE,2014B,609450,P3,F2,1.0,0.7594438074320031
EEE,2014B,609645,P3,F2,0.0,0.8012570943402035
EEE,2014B,610234,P3,F2,0.0,0.11756172611411714
EEE,2014B,610287,P3,F2,1.0,0.691170684229745
EEE,2014B,610684,P3,F2,0.0,0.7286225198200479
EEE,2014B,610718,P3,F2,1.0,0.9220895577903364
EEE,2014B,610927,P3,F2,1.0,0.7350852661346167
EEE,2014B,611024,P3,F2,0.0,0.611081334216205
EEE,2014B,611407,P3,F2,0.0,0.7843228276631851
EEE,2014B,611502,P3,F2,0.0,0.7385969942304891
EEE,2014B,611999,P3,F2,1.0,0.7857383913451921
EEE,2014B,612023,P3,F2,1.0,0.8575798843092521
EEE,2014B,612127,P3,F2,0.0,0.8562154277987419
EEE,2014B,612287,P3,F2,1.0,0.9204786381497837
EEE,2014B,612327,P3,F2,0.0,0.1377216941197825
EEE,2014B,612397,P3,F2,1.0,0.8494032848340994
EEE,2014B,612449,P3,F2,0.0,0.6781543886932763
EEE,2014B,612644,P3,F2,0.0,0.8672080898936008
EEE,2014B,612673,P3,F2,1.0,0.8903209644843405
EEE,2014B,612882,P3,F2,1.0,0.8527760203470737
EEE,2014B,613091,P3,F2,1.0,0.8450265290338248
EEE,2014B,613116,P3,F2,1.0,0.9400660700954767
EEE,2014B,613122,P3,F2,0.0,0.6339851787351922
EEE,2014B,613133,P3,F2,0.0,0.6089781914217751
EEE,2014B,613213,P3,F2,0.0,0.19703631839798952
EEE,2014B,613387,P3,F2,1.0,0.8325308765908216
EEE,2014B,613501,P3,F2,0.0,0.7915211342747026
EEE,2014B,613790,P3,F2,1.0,0.7274502827030708
EEE,2014B,614234,P3,F2,0.0,0.7417941395942516
EEE,2014B,614245,P3,F2,0.0,0.6160385565241672
EEE,2014B,614754,P3,F2,0.0,0.08809780122840179
EEE,2014B,614952,P3,F2,1.0,0.866297416989805
EEE,2014B,615112,P3,F2,1.0,0.899986114558111
EEE,2014B,615229,P3,F2,0.0,0.7028202685061354
EEE,2014B,615242,P3,F2,1.0,0.8041071265583716
EEE,2014B,616386,P3,F2,0.0,0.7499206425023136
EEE,2014B,616407,P3,F2,1.0,0.8280778862702043
EEE,2014B,616439,P3,F2,0.0,0.8318626090441252
EEE,2014B,616700,P3,F2,1.0,0.8760037409996897
EEE,2014B,616708,P3,F2,1.0,0.8649898465918779
EEE,2014B,616831,P3,F2,0.0,0.8485968576660076
EEE,2014B,616927,P3,F2,1.0,0.6388584554068547
EEE,2014B,617186,P3,F2,1.0,0.8752359028261688
EEE,2014B,617355,P3,F2,0.0,0.7459132969848538
EEE,2014B,617365,P3,F2,0.0,0.8946781322440859
EEE,2014B,617418,P3,F2,1.0,0.8459964385610812
EEE,2014B,617455,P3,F2,0.0,0.8106285313380479
EEE,2014B,617531,P3,F2,0.0,0.7097608577031471
EEE,2014B,617898,P3,F2,1.0,0.8845958301797573
EEE,2014B,618078,P3,F2,1.0,0.8676008335879262
EEE,2014B,618571,P3,F2,0.0,0.26119552732405804
EEE,2014B,618583,P3,F2,0.0,0.7323502931566486
EEE,2014B,618606,P3,F2,0.0,0.6857598579978245
EEE,2014B,618619,P3,F2,1.0,0.9226744742881229
EEE,2014B,618777,P3,F2,0.0,0.16175504979017852
EEE,2014B,618824,P3,F2,0.0,0.8179460343108834
EEE,2014B,618982,P3,F2,0.0,0.9314471611524756
EEE,2014B,619006,P3,F2,1.0,0.7563918671016808
EEE,2014B,619014,P3,F2,0.0,0.773877502999675
EEE,2014B,619292,P3,F2,0.0,0.7197693082051999
EEE,2014B,619369,P3,F2,1.0,0.8619461935289622
EEE,2014B,619380,P3,F2,0.0,0.20485093585490602
EEE,2014B,619503,P3,F2,0.0,0.7135298414075799
EEE,2014B,619927,P3,F2,0.0,0.16409731721287119
EEE,2014B,619928,P3,F2,0.0,0.6862982381700283
EEE,2014B,620215,P3,F2,0.0,0.775404566540575
EEE,2014B,620260,P3,F2,1.0,0.8743344449184359
EEE,2014B,620369,P3,F2,0.0,0.7140145426211687
EEE,2014B,620414,P3,F2,1.0,0.6066976179691348
EEE,2014B,620646,P3,F2,0.0,0.8092040929871758
EEE,2014B,620713,P3,F2,1.0,0.9091790938811825
EEE,2014B,620716,P3,F2,0.0,0.795775893349446
EEE,2014B,620876,P3,F2,1.0,0.8581592533990511
EEE,2014B,620916,P3,F2,1.0,0.8504197488720028
EEE,2014B,620918,P3,F2,1.0,0.8353629905414661
EEE,2014B,620977,P3,F2,1.0,0.7790482300577508
EEE,2014B,621401,P3,F2,1.0,0.8271954590051572
EEE,2014B,621414,P3,F2,0.0,0.7860486060960642
EEE,2014B,621655,P3,F2,0.0,0.8595860420652007
EEE,2014B,621906,P3,F2,1.0,0.8339820450999058
EEE,2014B,622015,P3,F2,1.0,0.8141070597678877
EEE,2014B,622037,P3,F2,1.0,0.799035227531062
EEE,2014B,622280,P3,F2,1.0,0.8375494893753943
EEE,2014B,622315,P3,F2,1.0,0.8922728712893054
EEE,2014B,622368,P3,F2,0.0,0.8379131519221905
EEE,2014B,622425,P3,F2,0.0,0.722692655547822
EEE,2014B,622609,P3,F2,0.0,0.7556393823285754
EEE,2014B,622812,P3,F2,0.0,0.6705679388913603
EEE,2014B,622948,P3,F2,0.0,0.25880375499864267
EEE,2014B,623079,P3,F2,0.0,0.7547267262592113
EEE,2014B,623100,P3,F2,0.0,0.7461697858126648
EEE,2014B,623105,P3,F2,1.0,0.8147765686061821
EEE,2014B,623115,P3,F2,1.0,0.7777289956457633
EEE,2014B,623184,P3,F2,1.0,0.7787817222649291
EEE,2014B,623250,P3,F2,0.0,0.8058118588813236
EEE,2014B,623421,P3,F2,0.0,0.7672068345020984
EEE,2014B,623562,P3,F2,0.0,0.24405713562746173
EEE,2014B,623609,P3,F2,1.0,0.867750065211627
EEE,2014B,623667,P3,F2,0.0,0.8111076922628949
EEE,2014B,623738,P3,F2,1.0,0.8267339925692362
EEE,2014B,623780,P3,F2,0.0,0.3926185273443057
EEE,2014B,623797,P3,F2,0.0,0.801316250265092
EEE,2014B,623864,P3,F2,0.0,0.6833154211302983
EEE,2014B,623940,P3,F2,1.0,0.7347853335497799
EEE,2014B,624092,P3,F2,1.0,0.9552612475149109
EEE,2014B,624126,P3,F2,1.0,0.387582209880683
EEE,2014B,624153,P3,F2,1.0,0.8181423322289583
EEE,2014B,624266,P3,F2,1.0,0.8224242680913163
EEE,2014B,624384,P3,F2,1.0,0.8885820519940262
EEE,2014B,624441,P3,F2,0.0,0.7994353992148644
EEE,2014B,624469,P3,F2,0.0,0.8501006555424696
EEE,2014B,624782,P3,F2,0.0,0.8853078197374521
EEE,2014B,625067,P3,F2,0.0,0.7141279637917755
EEE,2014B,625126,P3,F2,0.0,0.8924503169095417
EEE,2014B,625174,P3,F2,0.0,0.7920009254140433
EEE,2014B,625213,P3,F2,1.0,0.7671060294885657
EEE,2014B,625476,P3,F2,0.0,0.7192813952111191
EEE,2014B,625527,P3,F2,0.0,0.7850059938386026
EEE,2014B,625541,P3,F2,0.0,0.7952866449516722
EEE,2014B,625740,P3,F2,0.0,0.7253803210703671
EEE,2014B,625785,P3,F2,1.0,0.8271680031084268
EEE,2014B,625790,P3,F2,1.0,0.7275761650902172
EEE,2014B,625841,P3,F2,1.0,0.7370524769603355
EEE,2014B,625861,P3,F2,0.0,0.7470589578497183
EEE,2014B,625901,P3,F2,1.0,0.890424577065076
EEE,2014B,625953,P3,F2,0.0,0.6928936361335476
EEE,2014B,625975,P3,F2,1.0,0.829468389165228
EEE,2014B,626022,P3,F2,1.0,0.7177564309724708
EEE,2014B,626055,P3,F2,1.0,0.6898750408520853
EEE,2014B,626183,P3,F2,0.0,0.8303153598642448
EEE,2014B,626296,P3,F2,0.0,0.7900586905778177
EEE,2014B,626407,P3,F2,0.0,0.8292366664724153
EEE,2014B,626444,P3,F2,1.0,0.7528481263923587
EEE,2014B,626494,P3,F2,1.0,0.8079235566977031
EEE,2014B,626516,P3,F2,1.0,0.8519841666461143
EEE,2014B,626519,P3,F2,0.0,0.7132750570468797
EEE,2014B,626625,P3,F2,0.0,0.8302901091048576
EEE,2014B,626714,P3,F2,0.0,0.8166846600096481
EEE,2014B,626749,P3,F2,0.0,0.8872623344801004
EEE,2014B,626753,P3,F2,0.0,0.7481621196922884
EEE,2014B,626768,P3,F2,0.0,0.7879834919684628
EEE,2014B,626772,P3,F2,1.0,0.8388990144004352
EEE,2014B,626877,P3,F2,0.0,0.7887188018219066
EEE,2014B,626906,P3,F2,1.0,0.9134813201089231
EEE,2014B,626998,P3,F2,1.0,0.7471922805888483
EEE,2014B,627168,P3,F2,1.0,0.8418981552315696
EEE,2014B,627290,P3,F2,1.0,0.9283418481672846
EEE,2014B,627387,P3,F2,0.0,0.7069298270944596
EEE,2014B,627390,P3,F2,1.0,0.27203480191554463
EEE,2014B,627399,P3,F2,0.0,0.2617044616942606
EEE,2014B,627401,P3,F2,0.0,0.8704776368870755
EEE,2014B,627450,P3,F2,0.0,0.7604630356587504
EEE,2014B,627461,P3,F2,1.0,0.6663561946694707
EEE,2014B,627471,P3,F2,0.0,0.8903318400192567
EEE,2014B,627500,P3,F2,1.0,0.8434111790387264
EEE,2014B,627516,P3,F2,0.0,0.804331803495177
EEE,2014B,627636,P3,F2,0.0,0.8366717444858571
EEE,2014B,627711,P3,F2,0.0,0.7209615638689293
EEE,2014B,627750,P3,F2,0.0,0.7080167700733784
EEE,2014B,627907,P3,F2,0.0,0.817256264495856
EEE,2014B,627961,P3,F2,1.0,0.8645092425386687
EEE,2014B,628054,P3,F2,1.0,0.9198901482373296
EEE,2014B,628214,P3,F2,1.0,0.8225170346182668
EEE,2014B,628300,P3,F2,0.0,0.7971475508153151
EEE,2014B,628366,P3,F2,1.0,0.8812770919724339
EEE,2014B,628527,P3,F2,1.0,0.7655860952002557
EEE,2014B,628677,P3,F2,1.0,0.8458746121686832
EEE,2014B,628718,P3,F2,0.0,0.7436535634158312
EEE,2014B,628777,P3,F2,0.0,0.8898082110760045
EEE,2014B,628910,P3,F2,0.0,0.700873776216663
EEE,2014B,628914,P3,F2,1.0,0.7294620705399691
EEE,2014B,628938,P3,F2,1.0,0.7969487500798427
EEE,2014B,628959,P3,F2,0.0,0.7565363989764499
EEE,2014B,629081,P3,F2,1.0,0.7793272724247586
EEE,2014B,629089,P3,F2,1.0,0.8191239827916132
EEE,2014B,629202,P3,F2,0.0,0.6844259645477452
EEE,2014B,629283,P3,F2,1.0,0.8514493383278235
EEE,2014B,629342,P3,F2,1.0,0.6671847865357563
EEE,2014B,629500,P3,F2,1.0,0.8350667928783976
EEE,2014B,629506,P3,F2,0.0,0.8342867099845772
EEE,2014B,629601,P3,F2,0.0,0.6253151280493047
EEE,2014B,629627,P3,F2,1.0,0.6928938100415639
EEE,2014B,629628,P3,F2,1.0,0.9072855524881603
EEE,2014B,629654,P3,F2,0.0,0.7829819617026149
EEE,2014B,629753,P3,F2,0.0,0.7139544142358745
EEE,2014B,629906,P3,F2,1.0,0.9062777208669324
EEE,2014B,630047,P3,F2,0.0,0.20450774630829932
EEE,2014B,630086,P3,F2,0.0,0.7328115282749628
EEE,2014B,630165,P3,F2,0.0,0.7638072911875136
EEE,2014B,630416,P3,F2,1.0,0.8276534211286052
EEE,2014B,630449,P3,F2,0.0,0.7533926080079291
EEE,2014B,630540,P3,F2,1.0,0.830133700295742
EEE,2014B,630573,P3,F2,1.0,0.8019950631062914
EEE,2014B,630585,P3,F2,1.0,0.8514860682152178
EEE,2014B,630606,P3,F2,0.0,0.7562519827718125
EEE,2014B,630635,P3,F2,0.0,0.7436318900374408
EEE,2014B,630657,P3,F2,1.0,0.8248217384887182
EEE,2014B,630696,P3,F2,1.0,0.7772996898513814
EEE,2014B,630722,P3,F2,0.0,0.7808251731725029
EEE,2014B,630825,P3,F2,1.0,0.858966804939516
EEE,2014B,630888,P3,F2,0.0,0.8877101659063535
EEE,2014B,630900,P3,F2,0.0,0.7082229765931263
EEE,2014B,630980,P3,F2,1.0,0.8564698362662998
EEE,2014B,631016,P3,F2,0.0,0.8103473532141175
EEE,2014B,631051,P3,F2,1.0,0.8455204302721921
EEE,2014B,631073,P3,F2,0.0,0.6792220341130606
EEE,2014B,631117,P3,F2,0.0,0.6094647676580867
EEE,2014B,631334,P3,F2,0.0,0.8016720259589117
EEE,2014B,631356,P3,F2,0.0,0.10738580941814463
EEE,2014B,631453,P3,F2,0.0,0.7447481163522176
EEE,2014B,631509,P3,F2,0.0,0.22350956549863532
EEE,2014B,631655,P3,F2,0.0,0.6930959233004127
EEE,2014B,631807,P3,F2,1.0,0.6730392406330595
EEE,2014B,632004,P3,F2,0.0,0.6748618204319777
EEE,2014B,632074,P3,F2,0.0,0.7255680160342247
EEE,2014B,632083,P3,F2,0.0,0.691615178835223
EEE,2014B,632111,P3,F2,0.0,0.8367684462347973
EEE,2014B,632133,P3,F2,1.0,0.8886194903919307
EEE,2014B,632135,P3,F2,1.0,0.8501068338561019
EEE,2014B,632312,P3,F2,1.0,0.7947206689709803
EEE,2014B,632329,P3,F2,1.0,0.8553156779608034
EEE,2014B,632376,P3,F2,1.0,0.8849990975365799
EEE,2014B,632389,P3,F2,0.0,0.725487854091671
EEE,2014B,632459,P3,F2,0.0,0.7758974338297441
EEE,2014B,632641,P3,F2,0.0,0.8992238853580519
EEE,2014B,632700,P3,F2,0.0,0.7003700206170833
EEE,2014B,632800,P3,F2,1.0,0.8273951915910231
EEE,2014B,632883,P3,F2,0.0,0.8288788559501167
EEE,2014B,632889,P3,F2,1.0,0.8683419373748053
EEE,2014B,632904,P3,F2,0.0,0.7081845476534249
EEE,2014B,632977,P3,F2,0.0,0.7611949582620344
EEE,2014B,633107,P3,F2,0.0,0.7665783476120259
EEE,2014B,633259,P3,F2,1.0,0.841324830465124
EEE,2014B,633270,P3,F2,0.0,0.871543316722341
EEE,2014B,633304,P3,F2,0.0,0.8353481157012984
EEE,2014B,633310,P3,F2,0.0,0.8014853312832246
EEE,2014B,633330,P3,F2,1.0,0.7299795390230019
EEE,2014B,633334,P3,F2,1.0,0.8601912672766673
EEE,2014B,633395,P3,F2,1.0,0.83486907010614
EEE,2014B,633432,P3,F2,1.0,0.8654001283060322
EEE,2014B,633455,P3,F2,0.0,0.8415543277126439
EEE,2014B,633511,P3,F2,0.0,0.8041145587712284
EEE,2014B,633530,P3,F2,1.0,0.8421872031466733
EEE,2014B,633544,P3,F2,0.0,0.9148847443142847
EEE,2014B,633605,P3,F2,0.0,0.8118819212784693
EEE,2014B,633634,P3,F2,0.0,0.7520362006288352
EEE,2014B,633637,P3,F2,1.0,0.7776545845162038
EEE,2014B,633695,P3,F2,0.0,0.6683305312151205
EEE,2014B,633716,P3,F2,0.0,0.7174125607666656
EEE,2014B,633746,P3,F2,0.0,0.7135344449698561
EEE,2014B,633998,P3,F2,0.0,0.7413086242662262
EEE,2014B,634040,P3,F2,1.0,0.5249750401102136
EEE,2014B,634193,P3,F2,0.0,0.7785841409745741
EEE,2014B,634216,P3,F2,0.0,0.6474981450654611
EEE,2014B,634241,P3,F2,0.0,0.7199326157496788
EEE,2014B,634309,P3,F2,0.0,0.7835839069199755
EEE,2014B,634318,P3,F2,0.0,0.7813310499563968
EEE,2014B,634433,P3,F2,1.0,0.27157825630931914
EEE,2014B,634570,P3,F2,0.0,0.6671315399880737
EEE,2014B,634578,P3,F2,1.0,0.6819028765624242
EEE,2014B,634600,P3,F2,0.0,0.8707157535980217
EEE,2014B,634737,P3,F2,1.0,0.8442305470892129
EEE,2014B,634744,P3,F2,1.0,0.7268331902280274
EEE,2014B,634817,P3,F2,0.0,0.8222202131225173
EEE,2014B,634862,P3,F2,1.0,0.7457428732987839
EEE,2014B,634869,P3,F2,0.0,0.8027885077444807
EEE,2014B,635041,P3,F2,0.0,0.811220320647573
EEE,2014B,635043,P3,F2,0.0,0.6706038413956616
EEE,2014B,635109,P3,F2,0.0,0.40647505576728304
EEE,2014B,635515,P3,F2,1.0,0.8190431390326702
EEE,2014B,996047,P3,F2,0.0,0.882573544303471
EEE,2014B,1268772,P3,F2,0.0,0.8027939400473691
EEE,2014B,1410398,P3,F2,0.0,0.18700744066865768
EEE,2014B,1457691,P3,F2,0.0,0.801034562371301
EEE,2014B,1500950,P3,F2,0.0,0.8030780413479209
EEE,2014B,1573624,P3,F2,0.0,0.28749967597711173
EEE,2014B,1618172,P3,F2,0.0,0.8284676168875569
EEE,2014B,1644328,P3,F2,1.0,0.7417320771088246
EEE,2014B,1661805,P3,F2,0.0,0.7714606580986956
EEE,2014B,1663815,P3,F2,1.0,0.7546137643976627
EEE,2014B,1664171,P3,F2,1.0,0.8804775688603327
EEE,2014B,1700371,P3,F2,0.0,0.7147150849877628
EEE,2014B,1763786,P3,F2,0.0,0.6824080094359545
EEE,2014B,1780737,P3,F2,1.0,0.7961572827610184
EEE,2014B,1789319,P3,F2,0.0,0.6554486372028946
EEE,2014B,1810414,P3,F2,0.0,0.8026460482530047
EEE,2014B,1828112,P3,F2,1.0,0.8965077249935653
EEE,2014B,1839181,P3,F2,0.0,0.6898464111442723
EEE,2014B,1861830,P3,F2,0.0,0.8180729836481295
EEE,2014B,1894419,P3,F2,1.0,0.8304009672172962
EEE,2014B,1908526,P3,F2,1.0,0.8171744425159637
EEE,2014B,2002664,P3,F2,0.0,0.6063115668210022
EEE,2014B,2026585,P3,F2,0.0,0.17101473160239833
EEE,2014B,2064873,P3,F2,0.0,0.727943189704742
EEE,2014B,2139273,P3,F2,0.0,0.8109383465658868
EEE,2014B,2187588,P3,F2,0.0,0.7738190498437651
EEE,2014B,2198914,P3,F2,0.0,0.7969675222703541
EEE,2014B,2249143,P3,F2,0.0,0.8587768018002412
EEE,2014B,2329539,P3,F2,1.0,0.9209051367758285
EEE,2014B,2359504,P3,F2,1.0,0.8010070491648879
EEE,2014B,2364637,P3,F2,0.0,0.8880446359306354
EEE,2014B,2376512,P3,F2,0.0,0.8257536577113934
EEE,2014B,2391004,P3,F2,0.0,0.8270957540183189
EEE,2014B,2434339,P3,F2,0.0,0.8719176700472815
EEE,2014B,2455893,P3,F2,0.0,0.2530790630326295
EEE,2014B,2472178,P3,F2,1.0,0.726705230464344
EEE,2014B,2478799,P3,F2,1.0,0.8501983633522655
EEE,2014B,2492827,P3,F2,0.0,0.7665444837890673
EEE,2014B,2520067,P3,F2,1.0,0.8038972437957773
EEE,2014B,2567038,P3,F2,0.0,0.8360849383305541
EEE,2014B,2569912,P3,F2,1.0,0.8622746466696063
EEE,2014B,2577893,P3,F2,0.0,0.7551545618264371
EEE,2014B,2595665,P3,F2,0.0,0.69978636172424
EEE,2014B,2600862,P3,F2,0.0,0.8662117573114111
EEE,2014B,2603195,P3,F2,0.0,0.8451710336552606
EEE,2014B,2613219,P3,F2,1.0,0.7226474771389345
EEE,2014B,2620661,P3,F2,0.0,0.83679340023767
EEE,2014B,2632165,P3,F2,0.0,0.6933923618567054
EEE,2014B,2642697,P3,F2,0.0,0.8603332545600094
EEE,2014B,2647314,P3,F2,0.0,0.2328913210211905
EEE,2014B,2662742,P3,F2,1.0,0.9299880933425879
FFF,2014B,26211,P3,F2,0.0,0.18746216931496992
FFF,2014B,27189,P3,F2,1.0,0.8346761505972384
FFF,2014B,27683,P3,F2,0.0,0.4399399590873702
FFF,2014B,28808,P3,F2,1.0,0.4286284039891146
FFF,2014B,28897,P3,F2,0.0,0.380102476624366
FFF,2014B,30531,P3,F2,1.0,0.352455396098487
FFF,2014B,34293,P3,F2,1.0,0.48052065749619305
FFF,2014B,36347,P3,F2,0.0,0.4367103889180495
FFF,2014B,39882,P3,F2,0.0,0.481031940796075
FFF,2014B,41489,P3,F2,1.0,0.9002466065601086
FFF,2014B,42746,P3,F2,0.0,0.11772758008358494
FFF,2014B,46148,P3,F2,0.0,0.3100175608702583
FFF,2014B,48635,P3,F2,0.0,0.13379971618688682
FFF,2014B,53136,P3,F2,0.0,0.5416002574868447
FFF,2014B,53709,P3,F2,0.0,0.9379974827942438
FFF,2014B,54867,P3,F2,1.0,0.5467568462785308
FFF,2014B,63958,P3,F2,1.0,0.9153379748774599
FFF,2014B,67986,P3,F2,1.0,0.35269276791375914
FFF,2014B,72114,P3,F2,0.0,0.4848499813943937
FFF,2014B,74521,P3,F2,0.0,0.6407824590815264
FFF,2014B,74524,P3,F2,1.0,0.9507932877666245
FFF,2014B,77845,P3,F2,1.0,0.6006101713347216
FFF,2014B,77998,P3,F2,0.0,0.9555355393788688
FFF,2014B,79683,P3,F2,1.0,0.5653263386867415
FFF,2014B,82201,P3,F2,1.0,0.9542426396737291
FFF,2014B,83603,P3,F2,0.0,0.34770085655034116
FFF,2014B,84299,P3,F2,0.0,0.1942898053595048
FFF,2014B,85874,P3,F2,1.0,0.3172622630587685
FFF,2014B,99670,P3,F2,1.0,0.2174226600535361
FFF,2014B,101634,P3,F2,1.0,0.5131017643219172
FFF,2014B,104316,P3,F2,1.0,0.2144974146588599
FFF,2014B,108207,P3,F2,0.0,0.2673137060390442
FFF,2014B,108822,P3,F2,0.0,0.20584000267505473
FFF,2014B,108949,P3,F2,1.0,0.5118688537452897
FFF,2014B,110529,P3,F2,1.0,0.4068177528313613
FFF,2014B,116621,P3,F2,0.0,0.1769836765330658
FFF,2014B,117510,P3,F2,0.0,0.1611155043507539
FFF,2014B,117550,P3,F2,1.0,0.8996947022662547
FFF,2014B,124018,P3,F2,1.0,0.9429674788530877
FFF,2014B,128132,P3,F2,0.0,0.32077911091719447
FFF,2014B,128968,P3,F2,0.0,0.41776278529370414
FFF,2014B,130992,P3,F2,0.0,0.25858423891762145
FFF,2014B,131538,P3,F2,0.0,0.23678428377568891
FFF,2014B,132157,P3,F2,0.0,0.2893922043579775
FFF,2014B,132477,P3,F2,0.0,0.4720909118845397
FFF,2014B,133104,P3,F2,0.0,0.5083384694618893
FFF,2014B,133322,P3,F2,1.0,0.296975962886954
FFF,2014B,134847,P3,F2,0.0,0.8626404822352263
FFF,2014B,134851,P3,F2,0.0,0.4672486430122098
FFF,2014B,136054,P3,F2,0.0,0.21928047985495927
FFF,2014B,136944,P3,F2,1.0,0.5266890864744893
FFF,2014B,140108,P3,F2,1.0,0.9625902270946252
FFF,2014B,141430,P3,F2,0.0,0.22683008919630504
FFF,2014B,150121,P3,F2,1.0,0.8760241608304822
FFF,2014B,152626,P3,F2,0.0,0.409236649203765
FFF,2014B,153611,P3,F2,1.0,0.4717745088778725
FFF,2014B,155158,P3,F2,0.0,0.48026651766168227
FFF,2014B,156788,P3,F2,1.0,0.9435914842783772
FFF,2014B,160262,P3,F2,1.0,0.9450248827376323
FFF,2014B,160472,P3,F2,1.0,0.3720154346786421
FFF,2014B,163332,P3,F2,1.0,0.8341218214044266
FFF,2014B,163962,P3,F2,1.0,0.9629539980355183
FFF,2014B,167106,P3,F2,0.0,0.9097275113248675
FFF,2014B,178179,P3,F2,0.0,0.417827633729704
FFF,2014B,179081,P3,F2,1.0,0.2920666527870743
FFF,2014B,181719,P3,F2,1.0,0.14046233879457756
FFF,2014B,183429,P3,F2,1.0,0.5514224241215374
FFF,2014B,190418,P3,F2,0.0,0.20411980368392546
FFF,2014B,190930,P3,F2,0.0,0.35970115639996797
FFF,2014B,191590,P3,F2,0.0,0.5647183106995946
FFF,2014B,195515,P3,F2,0.0,0.3517738160621343
FFF,2014B,197538,P3,F2,1.0,0.3574890912543759
FFF,2014B,203568,P3,F2,1.0,0.6225860585258608
FFF,2014B,227297,P3,F2,0.0,0.3011225044362216
FFF,2014B,228138,P3,F2,0.0,0.33157742731652834
FFF,2014B,228258,P3,F2,1.0,0.5015634987401284
FFF,2014B,228729,P3,F2,0.0,0.42183969148186634
FFF,2014B,232286,P3,F2,0.0,0.41720329204532625
FFF,2014B,234796,P3,F2,0.0,0.5420514096771358
FFF,2014B,237182,P3,F2,1.0,0.48885320705121266
FFF,2014B,237370,P3,F2,1.0,0.9253656929141282
FFF,2014B,239345,P3,F2,0.0,0.18053695154671676
FFF,2014B,242254,P3,F2,1.0,0.9522874906331391
FFF,2014B,242998,P3,F2,0.0,0.18462571599440397
FFF,2014B,244961,P3,F2,0.0,0.20644623142158927
FFF,2014B,247940,P3,F2,1.0,0.9832496000195037
FFF,2014B,251375,P3,F2,0.0,0.3692264045747385
FFF,2014B,255878,P3,F2,0.0,0.3510652616799672
FFF,2014B,256740,P3,F2,0.0,0.20672931164013567
FFF,2014B,257104,P3,F2,1.0,0.4157840103984712
FFF,2014B,258737,P3,F2,0.0,0.3720290180843466
FFF,2014B,260062,P3,F2,0.0,0.5165391209001524
FFF,2014B,261265,P3,F2,0.0,0.33374243512766893
FFF,2014B,264298,P3,F2,1.0,0.29462985989664203
FFF,2014B,266536,P3,F2,0.0,0.223641261545384
FFF,2014B,268649,P3,F2,1.0,0.39096436032399373
FFF,2014B,268845,P3,F2,1.0,0.3809482101114467
FFF,2014B,269730,P3,F2,0.0,0.20491203948239842
FFF,2014B,272701,P3,F2,1.0,0.8940951119292991
FFF,2014B,276265,P3,F2,1.0,0.3505692666186678
FFF,2014B,277577,P3,F2,0.0,0.26255186049955864
FFF,2014B,278155,P3,F2,0.0,0.36516361429332594
FFF,2014B,279755,P3,F2,0.0,0.28204906310703814
FFF,2014B,282806,P3,F2,1.0,0.43249810501855024
FFF,2014B,286484,P3,F2,1.0,0.7062913285832041
FFF,2014B,293454,P3,F2,1.0,0.2714919750480533
FFF,2014B,295741,P3,F2,0.0,0.4166836933185078
FFF,2014B,296904,P3,F2,0.0,0.6265725328701349
FFF,2014B,297014,P3,F2,0.0,0.38786949158029577
FFF,2014B,304500,P3,F2,1.0,0.8382437506563118
FFF,2014B,305876,P3,F2,0.0,0.5981122221380037
FFF,2014B,305918,P3,F2,1.0,0.25251900741424854
FFF,2014B,313243,P3,F2,0.0,0.37559588743525046
FFF,2014B,313756,P3,F2,0.0,0.3960994014421214
FFF,2014B,315025,P3,F2,0.0,0.17419143262626655
FFF,2014B,315850,P3,F2,0.0,0.2861520336557092
FFF,2014B,316327,P3,F2,1.0,0.6386988229349595
FFF,2014B,316772,P3,F2,1.0,0.5966107276835367
FFF,2014B,317394,P3,F2,0.0,0.3673832633700279
FFF,2014B,318068,P3,F2,0.0,0.32359798030299025
FFF,2014B,319042,P3,F2,0.0,0.528768333260946
FFF,2014B,321096,P3,F2,0.0,0.3045923819142727
FFF,2014B,324948,P3,F2,0.0,0.4459957908473224
FFF,2014B,325089,P3,F2,0.0,0.5403676241885454
FFF,2014B,327616,P3,F2,0.0,0.4057708154590032
FFF,2014B,329895,P3,F2,1.0,0.9148899955986292
FFF,2014B,331107,P3,F2,1.0,0.4649430720121499
FFF,2014B,332237,P3,F2,1.0,0.41989945125089473
FFF,2014B,334224,P3,F2,1.0,0.6334665382703173
FFF,2014B,336163,P3,F2,1.0,0.7315697321442967
FFF,2014B,337615,P3,F2,1.0,0.3978024622815489
FFF,2014B,337940,P3,F2,1.0,0.7185228949560667
FFF,2014B,338958,P3,F2,1.0,0.2851847522215787
FFF,2014B,339728,P3,F2,0.0,0.29467281312999394
FFF,2014B,339824,P3,F2,0.0,0.3136240516918353
FFF,2014B,339855,P3,F2,1.0,0.29378818834187126
FFF,2014B,341044,P3,F2,1.0,0.8843950025549
FFF,2014B,342089,P3,F2,1.0,0.8692380767506649
FFF,2014B,342125,P3,F2,0.0,0.7871089547244784
FFF,2014B,342234,P3,F2,0.0,0.171730395955741
FFF,2014B,342303,P3,F2,1.0,0.657384936667097
FFF,2014B,344409,P3,F2,0.0,0.260656265852273
FFF,2014B,344451,P3,F2,0.0,0.14810088241179173
FFF,2014B,345442,P3,F2,1.0,0.45287892633586435
FFF,2014B,345455,P3,F2,1.0,0.9446623394100602
FFF,2014B,348378,P3,F2,1.0,0.8745824479002476
FFF,2014B,348855,P3,F2,0.0,0.28931565085945954
FFF,2014B,351181,P3,F2,0.0,0.19067850119103757
FFF,2014B,353979,P3,F2,1.0,0.6941528919094135
FFF,2014B,354988,P3,F2,1.0,0.5358857476343052
FFF,2014B,356371,P3,F2,0.0,0.2866907631399074
FFF,2014B,362661,P3,F2,0.0,0.39318884114876096
FFF,2014B,365860,P3,F2,0.0,0.38571285534083194
FFF,2014B,367510,P3,F2,1.0,0.4481159248811781
FFF,2014B,367898,P3,F2,0.0,0.2021899265148757
FFF,2014B,368675,P3,F2,0.0,0.43197324229632617
FFF,2014B,371168,P3,F2,0.0,0.14531941638038984
FFF,2014B,378809,P3,F2,0.0,0.5119781951564607
FFF,2014B,379042,P3,F2,0.0,0.2363372937805017
FFF,2014B,379107,P3,F2,1.0,0.8932003697864144
FFF,2014B,379769,P3,F2,1.0,0.6480746732418105
FFF,2014B,381365,P3,F2,1.0,0.7453170356300024
FFF,2014B,382857,P3,F2,1.0,0.5623512999131544
FFF,2014B,383778,P3,F2,1.0,0.4658355571130406
FFF,2014B,383921,P3,F2,1.0,0.8774498331441045
FFF,2014B,388697,P3,F2,0.0,0.21750581324892257
FFF,2014B,389759,P3,F2,1.0,0.7771850886692878
FFF,2014B,389773,P3,F2,1.0,0.5027864964099675
FFF,2014B,391114,P3,F2,0.0,0.2633344270136534
FFF,2014B,392207,P3,F2,1.0,0.1412842824183144
FFF,2014B,395188,P3,F2,1.0,0.47535203696538947
FFF,2014B,395758,P3,F2,1.0,0.24878898145465175
FFF,2014B,395814,P3,F2,1.0,0.9342553873208977
FFF,2014B,398439,P3,F2,0.0,0.39692514139873225
FFF,2014B,399863,P3,F2,1.0,0.9233851603706359
FFF,2014B,400252,P3,F2,0.0,0.5272198807929058
FFF,2014B,402200,P3,F2,1.0,0.4159038638508406
FFF,2014B,402449,P3,F2,1.0,0.25010901856887624
FFF,2014B,402502,P3,F2,0.0,0.21271464299420145
FFF,2014B,402806,P3,F2,0.0,0.5019178389026129
FFF,2014B,404170,P3,F2,0.0,0.9339888707187264
FFF,2014B,405192,P3,F2,0.0,0.3475412655636131
FFF,2014B,405775,P3,F2,0.0,0.4217022244003276
FFF,2014B,405963,P3,F2,1.0,0.9171017370163456
FFF,2014B,407500,P3,F2,0.0,0.2172117778406959
FFF,2014B,408105,P3,F2,1.0,0.8772307727796826
FFF,2014B,408353,P3,F2,0.0,0.41232158943713326
FFF,2014B,409651,P3,F2,0.0,0.39208849747501223
FFF,2014B,409949,P3,F2,1.0,0.5918852432587481
FFF,2014B,410199,P3,F2,0.0,0.34427791490911824
FFF,2014B,410666,P3,F2,1.0,0.305449765472351
FFF,2014B,411939,P3,F2,1.0,0.9589845438680423
FFF,2014B,412387,P3,F2,1.0,0.9135729953663403
FFF,2014B,412695,P3,F2,0.0,0.3003990724478465
FFF,2014B,413200,P3,F2,0.0,0.1434884574591109
FFF,2014B,414258,P3,F2,0.0,0.502959417667631
FFF,2014B,416302,P3,F2,0.0,0.31830047067569656
FFF,2014B,417184,P3,F2,0.0,0.3857549633090153
FFF,2014B,417805,P3,F2,1.0,0.9050248506036214
FFF,2014B,418218,P3,F2,0.0,0.60126652628946
FFF,2014B,419284,P3,F2,0.0,0.24191920485137258
FFF,2014B,420042,P3,F2,0.0,0.21736189496655425
FFF,2014B,421179,P3,F2,1.0,0.503879814521454
FFF,2014B,422250,P3,F2,1.0,0.526742857211944
FFF,2014B,422530,P3,F2,0.0,0.5569384985744901
FFF,2014B,422626,P3,F2,0.0,0.6154063078243717
FFF,2014B,422697,P3,F2,0.0,0.11844781550592391
FFF,2014B,423648,P3,F2,1.0,0.49781937777981694
FFF,2014B,425332,P3,F2,1.0,0.3497897638366734
FFF,2014B,428068,P3,F2,1.0,0.9330514151628668
FFF,2014B,429015,P3,F2,0.0,0.32977540473334954
FFF,2014B,430516,P3,F2,1.0,0.3144337041796469
FFF,2014B,430625,P3,F2,1.0,0.5229450034950259
FFF,2014B,431987,P3,F2,0.0,0.12621820711478018
FFF,2014B,435446,P3,F2,0.0,0.2862313799780391
FFF,2014B,436481,P3,F2,0.0,0.30230834882935703
FFF,2014B,436590,P3,F2,0.0,0.400327763320805
FFF,2014B,437529,P3,F2,1.0,0.9439038761290847
FFF,2014B,438796,P3,F2,0.0,0.13375574227066622
FFF,2014B,439433,P3,F2,0.0,0.6225524364454034
FFF,2014B,439633,P3,F2,0.0,0.2550004170067065
FFF,2014B,439896,P3,F2,1.0,0.35373142244516936
FFF,2014B,440559,P3,F2,0.0,0.3200905563677346
FFF,2014B,441073,P3,F2,1.0,0.9210837866666401
FFF,2014B,442753,P3,F2,1.0,0.4955836349480353
FFF,2014B,443007,P3,F2,0.0,0.2511597059765739
FFF,2014B,444574,P3,F2,1.0,0.2830491667266359
FFF,2014B,444718,P3,F2,1.0,0.6660638705757903
FFF,2014B,445605,P3,F2,1.0,0.9261035724549012
FFF,2014B,445818,P3,F2,1.0,0.30188190930147496
FFF,2014B,445947,P3,F2,1.0,0.6856787631430102
FFF,2014B,465175,P3,F2,0.0,0.9377162910313053
FFF,2014B,465421,P3,F2,0.0,0.41414568052774964
FFF,2014B,466347,P3,F2,1.0,0.5328566690056741
FFF,2014B,466576,P3,F2,1.0,0.44202899033061
FFF,2014B,467582,P3,F2,0.0,0.4177010397363711
FFF,2014B,468730,P3,F2,1.0,0.5433814087774632
FFF,2014B,469977,P3,F2,0.0,0.2772060312664564
FFF,2014B,470619,P3,F2,0.0,0.18403256223653633
FFF,2014B,472120,P3,F2,0.0,0.4062433090807452
FFF,2014B,472341,P3,F2,1.0,0.13362187859036975
FFF,2014B,472810,P3,F2,1.0,0.5825384255580527
FFF,2014B,474677,P3,F2,1.0,0.6108666005636111
FFF,2014B,475811,P3,F2,0.0,0.29370338776461424
FFF,2014B,476912,P3,F2,1.0,0.929646834137542
FFF,2014B,477069,P3,F2,1.0,0.9555482122422808
FFF,2014B,477588,P3,F2,0.0,0.41576411135451513
FFF,2014B,477812,P3,F2,0.0,0.9472806697533844
FFF,2014B,477833,P3,F2,1.0,0.4459256024765887
FFF,2014B,478073,P3,F2,0.0,0.42122464783184677
FFF,2014B,479061,P3,F2,0.0,0.3815971115933027
FFF,2014B,481210,P3,F2,1.0,0.9153564781356317
FFF,2014B,482445,P3,F2,1.0,0.9058110391616429
FFF,2014B,482843,P3,F2,0.0,0.4448353910044854
FFF,2014B,483389,P3,F2,0.0,0.3444309306408624
FFF,2014B,483975,P3,F2,0.0,0.4123657382579884
FFF,2014B,484075,P3,F2,0.0,0.2429826260761479
FFF,2014B,484223,P3,F2,0.0,0.23055249547311793
FFF,2014B,484675,P3,F2,1.0,0.9364149489085689
FFF,2014B,485312,P3,F2,0.0,0.22479661149780142
FFF,2014B,485780,P3,F2,0.0,0.29114509658006354
FFF,2014B,487168,P3,F2,1.0,0.3167637674367228
FFF,2014B,487314,P3,F2,0.0,0.08951677322624192
FFF,2014B,488386,P3,F2,1.0,0.7350080226605874
FFF,2014B,488524,P3,F2,0.0,0.15716276205703975
FFF,2014B,488758,P3,F2,1.0,0.922783405797627
FFF,2014B,489137,P3,F2,0.0,0.11054500161678932
FFF,2014B,490154,P3,F2,1.0,0.7338418219438243
FFF,2014B,491011,P3,F2,0.0,0.20324639254712623
FFF,2014B,491486,P3,F2,1.0,0.2799647637680357
FFF,2014B,491548,P3,F2,1.0,0.5089315229755568
FFF,2014B,492088,P3,F2,0.0,0.4966383099605094
FFF,2014B,493760,P3,F2,0.0,0.28416717785375756
FFF,2014B,494433,P3,F2,0.0,0.5417433681065081
FFF,2014B,494818,P3,F2,0.0,0.6279622104349005
FFF,2014B,495580,P3,F2,1.0,0.9346504975197355
FFF,2014B,495618,P3,F2,1.0,0.3637461865860809
FFF,2014B,496590,P3,F2,1.0,0.5683619378700077
FFF,2014B,498006,P3,F2,0.0,0.22746734980145392
FFF,2014B,498266,P3,F2,0.0,0.15223292806380923
FFF,2014B,498636,P3,F2,1.0,0.9509029661776054
FFF,2014B,498828,P3,F2,1.0,0.20602674425607742
FFF,2014B,499813,P3,F2,0.0,0.2205023422105592
FFF,2014B,501302,P3,F2,1.0,0.34152480883871306
FFF,2014B,501421,P3,F2,1.0,0.4398298765873839
FFF,2014B,502150,P3,F2,1.0,0.7478296166241424
FFF,2014B,502501,P3,F2,1.0,0.8242604130641104
FFF,2014B,502993,P3,F2,0.0,0.48248810736764886
FFF,2014B,503154,P3,F2,0.0,0.48752800397479057
FFF,2014B,503183,P3,F2,0.0,0.30965470441612597
FFF,2014B,505017,P3,F2,0.0,0.24840189851510083
FFF,2014B,505131,P3,F2,1.0,0.28813186766333526
FFF,2014B,505826,P3,F2,1.0,0.8754552620409626
FFF,2014B,506038,P3,F2,0.0,0.17886317034536778
FFF,2014B,506674,P3,F2,1.0,0.5802760617980435
FFF,2014B,507577,P3,F2,1.0,0.858167916129303
FFF,2014B,509292,P3,F2,1.0,0.5530222405031299
FFF,2014B,509407,P3,F2,1.0,0.5917967662644741
FFF,2014B,509866,P3,F2,1.0,0.9335214802451732
FFF,2014B,510142,P3,F2,1.0,0.5794703125705211
FFF,2014B,510420,P3,F2,0.0,0.36963444559523495
FFF,2014B,510693,P3,F2,1.0,0.5570261490812506
FFF,2014B,511350,P3,F2,1.0,0.5585011211283786
FFF,2014B,511912,P3,F2,0.0,0.31634659526530423
FFF,2014B,512236,P3,F2,1.0,0.5200845444066775
FFF,2014B,513701,P3,F2,0.0,0.18562090783606225
FFF,2014B,515965,P3,F2,1.0,0.5735868409850662
FFF,2014B,516634,P3,F2,0.0,0.11833968118216104
FFF,2014B,516770,P3,F2,0.0,0.9264080682999495
FFF,2014B,516894,P3,F2,1.0,0.9481504766887626
FFF,2014B,517274,P3,F2,0.0,0.5021269152246172
FFF,2014B,517277,P3,F2,0.0,0.8190718908033491
FFF,2014B,518210,P3,F2,0.0,0.18102700079914724
FFF,2014B,518359,P3,F2,0.0,0.17895369797330588
FFF,2014B,521377,P3,F2,1.0,0.9152153285946153
FFF,2014B,524296,P3,F2,1.0,0.47605692950895984
FFF,2014B,525874,P3,F2,1.0,0.41280579852549765
FFF,2014B,526303,P3,F2,0.0,0.9219258702552919
FFF,2014B,526821,P3,F2,0.0,0.4977247394020448
FFF,2014B,527744,P3,F2,1.0,0.9622677237372732
FFF,2014B,528538,P3,F2,1.0,0.5492145786582102
FFF,2014B,528713,P3,F2,1.0,0.8948244031924085
FFF,2014B,529458,P3,F2,1.0,0.7119738437138439
FFF,2014B,530196,P3,F2,1.0,0.2923325461495443
FFF,2014B,532062,P3,F2,1.0,0.9460229079477611
FFF,2014B,532413,P3,F2,0.0,0.5565343436343656
FFF,2014B,532575,P3,F2,1.0,0.6501802890677483
FFF,2014B,533140,P3,F2,1.0,0.9168860631055269
FFF,2014B,533141,P3,F2,1.0,0.46672754005338096
FFF,2014B,533198,P3,F2,1.0,0.9014780992599158
FFF,2014B,533217,P3,F2,0.0,0.43110151116091744
FFF,2014B,534318,P3,F2,1.0,0.41255547300766476
FFF,2014B,536636,P3,F2,1.0,0.5378091785574284
FFF,2014B,537322,P3,F2,1.0,0.5083832080137003
FFF,2014B,537703,P3,F2,0.0,0.16507634198989607
FFF,2014B,537938,P3,F2,0.0,0.3222293529323536
FFF,2014B,539401,P3,F2,1.0,0.9019609605735934
FFF,2014B,539444,P3,F2,0.0,0.17027314073863756
FFF,2014B,539922,P3,F2,0.0,0.8554765865404387
FFF,2014B,540909,P3,F2,1.0,0.6054379657597527
FFF,2014B,541281,P3,F2,1.0,0.47977123920921044
FFF,2014B,541327,P3,F2,1.0,0.9284028847020572
FFF,2014B,542287,P3,F2,0.0,0.5257884858284152
FFF,2014B,542557,P3,F2,0.0,0.11744420790252606
FFF,2014B,543686,P3,F2,0.0,0.18871049141609553
FFF,2014B,544108,P3,F2,0.0,0.6110196759063843
FFF,2014B,544140,P3,F2,1.0,0.4771399072334403
FFF,2014B,544271,P3,F2,0.0,0.6836440558243666
FFF,2014B,544593,P3,F2,1.0,0.6217387961855432
FFF,2014B,545119,P3,F2,0.0,0.7587616573598154
FFF,2014B,545637,P3,F2,0.0,0.4517249138722646
FFF,2014B,545741,P3,F2,0.0,0.3289827340902274
FFF,2014B,546071,P3,F2,0.0,0.29559720289667135
FFF,2014B,546394,P3,F2,1.0,0.3938769818581836
FFF,2014B,546627,P3,F2,0.0,0.37527718263920073
FFF,2014B,546961,P3,F2,0.0,0.30402368350283615
FFF,2014B,547128,P3,F2,0.0,0.9251355541416129
FFF,2014B,547413,P3,F2,1.0,0.33336318421004807
FFF,2014B,547506,P3,F2,0.0,0.27422071529380143
FFF,2014B,547569,P3,F2,1.0,0.27315726390463346
FFF,2014B,547680,P3,F2,0.0,0.4092137026216371
FFF,2014B,547884,P3,F2,1.0,0.9499165343829457
FFF,2014B,548424,P3,F2,0.0,0.3993298828544124
FFF,2014B,548573,P3,F2,1.0,0.9176912716390654
FFF,2014B,548926,P3,F2,1.0,0.5711228373844527
FFF,2014B,549792,P3,F2,1.0,0.8751695242692258
FFF,2014B,550003,P3,F2,1.0,0.7200435098178721
FFF,2014B,550038,P3,F2,0.0,0.6196706044640449
FFF,2014B,550097,P3,F2,0.0,0.42697694535344555
FFF,2014B,550246,P3,F2,1.0,0.951814814165927
FFF,2014B,550498,P3,F2,1.0,0.48890199840201254
FFF,2014B,550903,P3,F2,0.0,0.10043691272387757
FFF,2014B,550925,P3,F2,0.0,0.4128121985600664
FFF,2014B,551636,P3,F2,1.0,0.9418136798130838
FFF,2014B,552284,P3,F2,0.0,0.9436045886128505
FFF,2014B,552395,P3,F2,1.0,0.9274738130017651
FFF,2014B,552648,P3,F2,0.0,0.5400627425392632
FFF,2014B,553032,P3,F2,1.0,0.34775766393556296
FFF,2014B,553160,P3,F2,1.0,0.3785121957711269
FFF,2014B,554881,P3,F2,0.0,0.5304865584338244
FFF,2014B,555691,P3,F2,1.0,0.6265811050928956
FFF,2014B,555929,P3,F2,0.0,0.574259428231681
FFF,2014B,556126,P3,F2,1.0,0.2956811737202827
FFF,2014B,556140,P3,F2,0.0,0.4101757502693759
FFF,2014B,556492,P3,F2,1.0,0.6536031443882528
FFF,2014B,557469,P3,F2,0.0,0.9297795149125533
FFF,2014B,557650,P3,F2,0.0,0.5698168936194726
FFF,2014B,557708,P3,F2,1.0,0.509594041614193
FFF,2014B,557894,P3,F2,1.0,0.8975743908931301
FFF,2014B,558105,P3,F2,0.0,0.7356548391796885
FFF,2014B,558121,P3,F2,0.0,0.6218735127041425
FFF,2014B,558244,P3,F2,1.0,0.9058882019126616
FFF,2014B,558284,P3,F2,1.0,0.9056702829479122
FFF,2014B,558404,P3,F2,1.0,0.3769759528821678
FFF,2014B,559449,P3,F2,1.0,0.8172654224068444
FFF,2014B,559876,P3,F2,0.0,0.4026301757591492
FFF,2014B,560168,P3,F2,1.0,0.3942009795106408
FFF,2014B,560399,P3,F2,0.0,0.1974614228436165
FFF,2014B,560496,P3,F2,0.0,0.9122012748002907
FFF,2014B,560595,P3,F2,1.0,0.3001038184297914
FFF,2014B,560685,P3,F2,1.0,0.539126499412042
FFF,2014B,561009,P3,F2,0.0,0.3594269025890994
FFF,2014B,561215,P3,F2,1.0,0.30394376000086404
FFF,2014B,561799,P3,F2,1.0,0.9438707505226507
FFF,2014B,562064,P3,F2,1.0,0.8726651631125008
FFF,2014B,562917,P3,F2,1.0,0.6725747981676761
FFF,2014B,563823,P3,F2,0.0,0.15986357308275453
FFF,2014B,564632,P3,F2,1.0,0.42337879293762326
FFF,2014B,565109,P3,F2,0.0,0.28432689643764314
FFF,2014B,565348,P3,F2,1.0,0.30349923267744805
FFF,2014B,565373,P3,F2,0.0,0.48154506194603586
FFF,2014B,565469,P3,F2,1.0,0.5757121523640713
FFF,2014B,565526,P3,F2,1.0,0.9137473348920407
FFF,2014B,566460,P3,F2,1.0,0.4191734136354584
FFF,2014B,567629,P3,F2,0.0,0.3210443638347732
FFF,2014B,567681,P3,F2,1.0,0.935213638514962
FFF,2014B,567859,P3,F2,1.0,0.5466935547518188
FFF,2014B,567873,P3,F2,0.0,0.20140190620396614
FFF,2014B,568954,P3,F2,0.0,0.4327793541832988
FFF,2014B,569065,P3,F2,0.0,0.4317809723548542
FFF,2014B,569729,P3,F2,1.0,0.9218862497608928
FFF,2014B,569783,P3,F2,1.0,0.3109012967089872
FFF,2014B,570264,P3,F2,1.0,0.2644644988384661
FFF,2014B,571050,P3,F2,0.0,0.3030873436419045
FFF,2014B,571190,P3,F2,0.0,0.3465346751962255
FFF,2014B,571316,P3,F2,0.0,0.2899091789513589
FFF,2014B,571815,P3,F2,1.0,0.43182709537390523
FFF,2014B,571844,P3,F2,0.0,0.9473600057858123
FFF,2014B,571962,P3,F2,0.0,0.7146211100270689
FFF,2014B,572154,P3,F2,0.0,0.18007832503301835
FFF,2014B,572367,P3,F2,1.0,0.6472930988118709
FFF,2014B,572395,P3,F2,1.0,0.6424878597268316
FFF,2014B,572716,P3,F2,0.0,0.30261487635985196
FFF,2014B,572804,P3,F2,1.0,0.8765407088333376
FFF,2014B,572832,P3,F2,0.0,0.5867821817711856
FFF,2014B,572870,P3,F2,0.0,0.11603306215894645
FFF,2014B,573549,P3,F2,0.0,0.5421679140578303
FFF,2014B,574028,P3,F2,0.0,0.39866536950673154
FFF,2014B,574605,P3,F2,1.0,0.37705028199621193
FFF,2014B,574663,P3,F2,1.0,0.9338481983993041
FFF,2014B,574671,P3,F2,0.0,0.19302742544489723
FFF,2014B,574815,P3,F2,1.0,0.9628420653664397
FFF,2014B,576159,P3,F2,0.0,0.291594665970803
FFF,2014B,577142,P3,F2,1.0,0.30065218853152903
FFF,2014B,577600,P3,F2,1.0,0.936714924838831
FFF,2014B,578022,P3,F2,1.0,0.43706062585999583
FFF,2014B,578258,P3,F2,1.0,0.9587372861141783
FFF,2014B,578754,P3,F2,0.0,0.3731011355709143
FFF,2014B,578764,P3,F2,0.0,0.3677637343484543
FFF,2014B,579081,P3,F2,0.0,0.227729653879311
FFF,2014B,579376,P3,F2,0.0,0.2946235514706431
FFF,2014B,580425,P3,F2,1.0,0.3288904592472981
FFF,2014B,581065,P3,F2,1.0,0.47995031209396216
FFF,2014B,581520,P3,F2,1.0,0.360472906433214
FFF,2014B,581598,P3,F2,0.0,0.2735686308713091
FFF,2014B,581772,P3,F2,1.0,0.9528934853877874
FFF,2014B,582553,P3,F2,1.0,0.39297513583906524
FFF,2014B,582629,P3,F2,1.0,0.9184067433682427
FFF,2014B,583056,P3,F2,1.0,0.4902072261158264
FFF,2014B,583138,P3,F2,1.0,0.4142144853401165
FFF,2014B,584184,P3,F2,0.0,0.214975217434315
FFF,2014B,584571,P3,F2,1.0,0.8540523223497576
FFF,2014B,584842,P3,F2,0.0,0.2611925857409447
FFF,2014B,584884,P3,F2,1.0,0.378981088672389
FFF,2014B,584990,P3,F2,1.0,0.627746280189337
FFF,2014B,585454,P3,F2,0.0,0.4338447309515499
FFF,2014B,585921,P3,F2,0.0,0.2733651138976125
FFF,2014B,586351,P3,F2,1.0,0.9558235378506205
FFF,2014B,586506,P3,F2,1.0,0.9830632147129189
FFF,2014B,586543,P3,F2,1.0,0.8513759288626456
FFF,2014B,586592,P3,F2,0.0,0.36514564399021443
FFF,2014B,586917,P3,F2,0.0,0.49509073322094227
FFF,2014B,587195,P3,F2,1.0,0.597589771540935
FFF,2014B,587600,P3,F2,0.0,0.8164640458685982
FFF,2014B,587696,P3,F2,1.0,0.9176780258818898
FFF,2014B,588107,P3,F2,1.0,0.7060179180996106
FFF,2014B,588145,P3,F2,0.0,0.3938864767178555
FFF,2014B,588436,P3,F2,1.0,0.7324431806672332
FFF,2014B,588913,P3,F2,1.0,0.18424459533807244
FFF,2014B,589016,P3,F2,0.0,0.42033433307010737
FFF,2014B,589029,P3,F2,0.0,0.36945656414763656
FFF,2014B,589449,P3,F2,0.0,0.27832288335417493
FFF,2014B,589454,P3,F2,0.0,0.355832145465445
FFF,2014B,589469,P3,F2,1.0,0.3943252995172673
FFF,2014B,589548,P3,F2,0.0,0.4445814252379639
FFF,2014B,589565,P3,F2,0.0,0.29067988126467315
FFF,2014B,589798,P3,F2,1.0,0.6478773267699115
FFF,2014B,590018,P3,F2,0.0,0.5869163558082569
FFF,2014B,590508,P3,F2,0.0,0.15295420697240827
FFF,2014B,590543,P3,F2,1.0,0.4380936564440463
FFF,2014B,590548,P3,F2,1.0,0.9530989142514129
FFF,2014B,590604,P3,F2,1.0,0.9207154614212454
FFF,2014B,590970,P3,F2,0.0,0.4841055088405119
FFF,2014B,591111,P3,F2,1.0,0.42213700257229847
FFF,2014B,591132,P3,F2,1.0,0.9477693307078834
FFF,2014B,591318,P3,F2,1.0,0.5889006000538523
FFF,2014B,591550,P3,F2,1.0,0.8824905108333353
FFF,2014B,591946,P3,F2,1.0,0.3520576154300671
FFF,2014B,592422,P3,F2,1.0,0.38829207196200327
FFF,2014B,592632,P3,F2,1.0,0.1855472728750274
FFF,2014B,592766,P3,F2,0.0,0.28541160870822146
FFF,2014B,592939,P3,F2,1.0,0.24481809309610705
FFF,2014B,593206,P3,F2,1.0,0.3805776920681743
FFF,2014B,593220,P3,F2,1.0,0.41826058172458236
FFF,2014B,593617,P3,F2,1.0,0.320806059791959
FFF,2014B,594136,P3,F2,0.0,0.46970096119952603
FFF,2014B,594258,P3,F2,1.0,0.7982135439244147
FFF,2014B,594374,P3,F2,1.0,0.6651699430992793
FFF,2014B,594636,P3,F2,1.0,0.7137171062622668
FFF,2014B,594909,P3,F2,0.0,0.4817645527733506
FFF,2014B,595186,P3,F2,1.0,0.46514734030076077
FFF,2014B,595428,P3,F2,1.0,0.8206339217129089
FFF,2014B,595895,P3,F2,1.0,0.9320079575499335
FFF,2014B,595935,P3,F2,0.0,0.8857951843729437
FFF,2014B,595978,P3,F2,1.0,0.9437755082553302
FFF,2014B,596243,P3,F2,1.0,0.9091221101041642
FFF,2014B,596482,P3,F2,0.0,0.22168576230099676
FFF,2014B,596601,P3,F2,0.0,0.4906788638582126
FFF,2014B,596663,P3,F2,1.0,0.4300842767481782
FFF,2014B,596699,P3,F2,1.0,0.4321237572804711
FFF,2014B,596953,P3,F2,1.0,0.5085988052093635
FFF,2014B,597234,P3,F2,0.0,0.18661733680266163
FFF,2014B,597359,P3,F2,1.0,0.18777549960295506
FFF,2014B,597378,P3,F2,1.0,0.4150151078582618
FFF,2014B,597386,P3,F2,1.0,0.9034460181965223
FFF,2014B,597426,P3,F2,1.0,0.5612107468604586
FFF,2014B,597495,P3,F2,1.0,0.3186100623577226
FFF,2014B,597662,P3,F2,0.0,0.3341947633341644
FFF,2014B,597761,P3,F2,1.0,0.7442383163272999
FFF,2014B,598113,P3,F2,0.0,0.37231819767608915
FFF,2014B,598300,P3,F2,1.0,0.9327901191308972
FFF,2014B,598353,P3,F2,1.0,0.5975432348292695
FFF,2014B,598571,P3,F2,0.0,0.16581875669979285
FFF,2014B,598642,P3,F2,0.0,0.5262051499974173
FFF,2014B,598713,P3,F2,0.0,0.18683758584181423
FFF,2014B,599048,P3,F2,0.0,0.30188767321834714
FFF,2014B,599105,P3,F2,1.0,0.9391282156427837
FFF,2014B,599117,P3,F2,1.0,0.869552593880687
FFF,2014B,599398,P3,F2,0.0,0.2951383889042776
FFF,2014B,599740,P3,F2,0.0,0.4212249005772834
FFF,2014B,599812,P3,F2,1.0,0.448792521691913
FFF,2014B,600292,P3,F2,0.0,0.35148159801605205
FFF,2014B,600388,P3,F2,0.0,0.18544695699403185
FFF,2014B,600397,P3,F2,1.0,0.9512835099954354
FFF,2014B,600702,P3,F2,0.0,0.8637377433570795
FFF,2014B,600893,P3,F2,1.0,0.5131206399858994
FFF,2014B,601155,P3,F2,1.0,0.8910593041329976
FFF,2014B,601266,P3,F2,1.0,0.9207931834464466
FFF,2014B,601345,P3,F2,1.0,0.9200762924921195
FFF,2014B,601375,P3,F2,0.0,0.5308901925418206
FFF,2014B,601560,P3,F2,1.0,0.6073530608504564
FFF,2014B,601735,P3,F2,0.0,0.5721349535385734
FFF,2014B,602571,P3,F2,1.0,0.3239819269713392
FFF,2014B,602672,P3,F2,1.0,0.35121798773161667
FFF,2014B,602681,P3,F2,0.0,0.13775920713397521
FFF,2014B,602818,P3,F2,1.0,0.4069403679564541
FFF,2014B,602854,P3,F2,0.0,0.292280216175947
FFF,2014B,602862,P3,F2,0.0,0.2299091285764083
FFF,2014B,603111,P3,F2,0.0,0.8756083516607703
FFF,2014B,603163,P3,F2,0.0,0.29509834367809407
FFF,2014B,603319,P3,F2,1.0,0.2548977169624201
FFF,2014B,603483,P3,F2,1.0,0.9366134414468982
FFF,2014B,603539,P3,F2,0.0,0.2406129877550738
FFF,2014B,603694,P3,F2,1.0,0.3567232643754434
FFF,2014B,603848,P3,F2,1.0,0.9244536545120354
FFF,2014B,603972,P3,F2,1.0,0.3324282026311429
FFF,2014B,604174,P3,F2,0.0,0.38878479764622303
FFF,2014B,604234,P3,F2,1.0,0.3836328852738842
FFF,2014B,604293,P3,F2,1.0,0.2898527237507091
FFF,2014B,604326,P3,F2,1.0,0.9556707568176503
FFF,2014B,604338,P3,F2,0.0,0.13155415379107063
FFF,2014B,604698,P3,F2,0.0,0.3404033696233633
FFF,2014B,604969,P3,F2,1.0,0.9038632103268456
FFF,2014B,605312,P3,F2,0.0,0.335814078777441
FFF,2014B,605370,P3,F2,1.0,0.6128623442108363
FFF,2014B,605475,P3,F2,0.0,0.4673778987813899
FFF,2014B,605493,P3,F2,0.0,0.3005742668170597
FFF,2014B,605522,P3,F2,1.0,0.6161302089090118
FFF,2014B,606713,P3,F2,0.0,0.3006445664477656
FFF,2014B,606870,P3,F2,0.0,0.31231567985784464
FFF,2014B,606911,P3,F2,1.0,0.9762362975825849
FFF,2014B,606935,P3,F2,1.0,0.9202411588210874
FFF,2014B,606967,P3,F2,1.0,0.7236706775023628
FFF,2014B,606976,P3,F2,0.0,0.3204351175710381
FFF,2014B,606977,P3,F2,0.0,0.48162783367804074
FFF,2014B,607453,P3,F2,0.0,0.25810146977767645
FFF,2014B,607702,P3,F2,1.0,0.6447936468502204
FFF,2014B,607896,P3,F2,0.0,0.5342231407063983
FFF,2014B,607899,P3,F2,1.0,0.572335906253747
FFF,2014B,608111,P3,F2,1.0,0.84471367534572
FFF,2014B,608727,P3,F2,1.0,0.4305046222013578
FFF,2014B,608864,P3,F2,1.0,0.7974948210054085
FFF,2014B,608891,P3,F2,0.0,0.2036281100147438
FFF,2014B,609171,P3,F2,1.0,0.39493362283961553
FFF,2014B,609347,P3,F2,1.0,0.5257430276820892
FFF,2014B,609868,P3,F2,1.0,0.5173926933158102
FFF,2014B,609891,P3,F2,0.0,0.5690965330625832
FFF,2014B,610094,P3,F2,0.0,0.7639609936453814
FFF,2014B,610267,P3,F2,1.0,0.9375858481780506
FFF,2014B,610272,P3,F2,0.0,0.284721817011911
FFF,2014B,610273,P3,F2,0.0,0.5473917784057717
FFF,2014B,610771,P3,F2,0.0,0.8553855146032133
FFF,2014B,610775,P3,F2,0.0,0.31637340558629246
FFF,2014B,610778,P3,F2,1.0,0.23791254051823196
FFF,2014B,610992,P3,F2,0.0,0.33352343021802
FFF,2014B,611185,P3,F2,0.0,0.38174795398467853
FFF,2014B,611245,P3,F2,1.0,0.6142398538626839
FFF,2014B,611350,P3,F2,0.0,0.3884099114816227
FFF,2014B,611427,P3,F2,1.0,0.39451047557451185
FFF,2014B,611517,P3,F2,1.0,0.27883848633909514
FFF,2014B,611542,P3,F2,0.0,0.2831611877357473
FFF,2014B,611595,P3,F2,0.0,0.28710519621134767
FFF,2014B,611635,P3,F2,0.0,0.37125905719745783
FFF,2014B,611714,P3,F2,1.0,0.8375323220844393
FFF,2014B,611763,P3,F2,0.0,0.3094759839226197
FFF,2014B,611798,P3,F2,1.0,0.1819543227208765
FFF,2014B,611813,P3,F2,0.0,0.2776722561456195
FFF,2014B,611855,P3,F2,1.0,0.8894243241615913
FFF,2014B,611905,P3,F2,1.0,0.9785102431686394
FFF,2014B,612248,P3,F2,0.0,0.14782246157496354
FFF,2014B,612506,P3,F2,1.0,0.942070354582282
FFF,2014B,612528,P3,F2,0.0,0.3207998043452051
FFF,2014B,612530,P3,F2,0.0,0.2681040896467032
FFF,2014B,612535,P3,F2,0.0,0.3832504988591718
FFF,2014B,612538,P3,F2,0.0,0.35137275806789464
FFF,2014B,612539,P3,F2,0.0,0.28383986184777216
FFF,2014B,612540,P3,F2,0.0,0.27836391422278095
FFF,2014B,612542,P3,F2,0.0,0.326214169828836
FFF,2014B,612543,P3,F2,0.0,0.3838083502118616
FFF,2014B,612545,P3,F2,0.0,0.4760184953919507
FFF,2014B,612547,P3,F2,0.0,0.3926879538549996
FFF,2014B,612549,P3,F2,0.0,0.39440237322701815
FFF,2014B,612598,P3,F2,1.0,0.23328645985873914
FFF,2014B,612607,P3,F2,1.0,0.32553129679619053
FFF,2014B,612638,P3,F2,1.0,0.36262980548145657
FFF,2014B,612740,P3,F2,1.0,0.35286110529577636
FFF,2014B,612743,P3,F2,1.0,0.9208025208536706
FFF,2014B,612880,P3,F2,1.0,0.7594975856421552
FFF,2014B,612982,P3,F2,1.0,0.41039570229204053
FFF,2014B,613013,P3,F2,1.0,0.3077491251382657
FFF,2014B,613152,P3,F2,1.0,0.3381088637589491
FFF,2014B,613226,P3,F2,1.0,0.5257274589311837
FFF,2014B,613255,P3,F2,0.0,0.4821449627352372
FFF,2014B,613281,P3,F2,1.0,0.8984285575598806
FFF,2014B,613417,P3,F2,1.0,0.9285319052375183
FFF,2014B,613447,P3,F2,1.0,0.6258953506437058
FFF,2014B,613459,P3,F2,1.0,0.19666008631096055
FFF,2014B,613461,P3,F2,0.0,0.4391303415654477
FFF,2014B,613464,P3,F2,0.0,0.3544089654472735
FFF,2014B,613574,P3,F2,1.0,0.6346501717686932
FFF,2014B,613593,P3,F2,1.0,0.36443298197471274
FFF,2014B,613630,P3,F2,0.0,0.5420368318518848
FFF,2014B,613676,P3,F2,1.0,0.3933492153448156
FFF,2014B,613677,P3,F2,1.0,0.5278546480190436
FFF,2014B,613717,P3,F2,1.0,0.41022226673319595
FFF,2014B,613865,P3,F2,0.0,0.15395256426364037
FFF,2014B,613900,P3,F2,0.0,0.3565963094500177
FFF,2014B,613928,P3,F2,1.0,0.4704414920251501
FFF,2014B,613952,P3,F2,0.0,0.28985778492165304
FFF,2014B,614059,P3,F2,1.0,0.7992148861680429
FFF,2014B,614083,P3,F2,1.0,0.34851661508826176
FFF,2014B,614163,P3,F2,0.0,0.24704749921116684
FFF,2014B,614172,P3,F2,1.0,0.5084078791781721
FFF,2014B,614181,P3,F2,0.0,0.3005494470707047
FFF,2014B,614381,P3,F2,1.0,0.3309308461645957
FFF,2014B,614599,P3,F2,1.0,0.4618521075078318
FFF,2014B,614730,P3,F2,1.0,0.48783569501848095
FFF,2014B,614733,P3,F2,1.0,0.9517823841374243
FFF,2014B,614764,P3,F2,0.0,0.3103677429860329
FFF,2014B,614801,P3,F2,1.0,0.22823416108579928
FFF,2014B,614812,P3,F2,1.0,0.45974445763279564
FFF,2014B,614887,P3,F2,0.0,0.4336063974359926
FFF,2014B,614973,P3,F2,1.0,0.8669188232760859
FFF,2014B,614994,P3,F2,1.0,0.8728230512144762
FFF,2014B,615225,P3,F2,0.0,0.22848224338085113
FFF,2014B,615241,P3,F2,0.0,0.5573407227870685
FFF,2014B,615426,P3,F2,1.0,0.16892555369445986
FFF,2014B,615429,P3,F2,1.0,0.5442980048086647
FFF,2014B,615439,P3,F2,0.0,0.35747472249965184
FFF,2014B,616383,P3,F2,0.0,0.16669190187705693
FFF,2014B,616453,P3,F2,1.0,0.4999681972394295
FFF,2014B,616613,P3,F2,1.0,0.5371454512387653
FFF,2014B,616646,P3,F2,0.0,0.2206099761426549
FFF,2014B,616688,P3,F2,0.0,0.16669291008253884
FFF,2014B,616789,P3,F2,0.0,0.29985026278386445
FFF,2014B,616794,P3,F2,1.0,0.5728624479202731
FFF,2014B,616909,P3,F2,1.0,0.5591489529604671
FFF,2014B,616913,P3,F2,0.0,0.3757260388147428
FFF,2014B,617010,P3,F2,1.0,0.4474978854133096
FFF,2014B,617014,P3,F2,0.0,0.5101796232976239
FFF,2014B,617018,P3,F2,1.0,0.620636424995827
FFF,2014B,617053,P3,F2,1.0,0.4858700343694505
FFF,2014B,617130,P3,F2,1.0,0.3487150669542862
FFF,2014B,617201,P3,F2,0.0,0.3864870461008464
FFF,2014B,617318,P3,F2,0.0,0.2668155039397252
FFF,2014B,617343,P3,F2,1.0,0.3135012291766673
FFF,2014B,617358,P3,F2,1.0,0.15968471813509533
FFF,2014B,617382,P3,F2,0.0,0.45230649776890053
FFF,2014B,617437,P3,F2,1.0,0.28286105475872336
FFF,2014B,617534,P3,F2,0.0,0.9285106438218145
FFF,2014B,617535,P3,F2,1.0,0.9211361923977228
FFF,2014B,617540,P3,F2,1.0,0.9056821289442853
FFF,2014B,617543,P3,F2,1.0,0.7143121982747428
FFF,2014B,617564,P3,F2,1.0,0.9311938035595014
FFF,2014B,617638,P3,F2,1.0,0.9202798682709336
FFF,2014B,617678,P3,F2,0.0,0.35974784065039445
FFF,2014B,617734,P3,F2,0.0,0.40868992638405494
FFF,2014B,617740,P3,F2,0.0,0.2781277639079932
FFF,2014B,617751,P3,F2,0.0,0.2922302923108655
FFF,2014B,617805,P3,F2,0.0,0.46848533323925245
FFF,2014B,617829,P3,F2,0.0,0.28646637898579547
FFF,2014B,617868,P3,F2,0.0,0.3345699111760148
FFF,2014B,617945,P3,F2,1.0,0.9167812676383076
FFF,2014B,617965,P3,F2,0.0,0.30915047262662304
FFF,2014B,617976,P3,F2,0.0,0.16383048802622707
FFF,2014B,617998,P3,F2,0.0,0.3141853470725025
FFF,2014B,618004,P3,F2,0.0,0.3323731594724363
FFF,2014B,618005,P3,F2,0.0,0.27549039294738487
FFF,2014B,618015,P3,F2,0.0,0.1939569442406244
FFF,2014B,618124,P3,F2,1.0,0.42671353450451255
FFF,2014B,618216,P3,F2,0.0,0.18364597397590465
FFF,2014B,618279,P3,F2,1.0,0.4264453825103351
FFF,2014B,618280,P3,F2,0.0,0.14114942495397004
FFF,2014B,618293,P3,F2,0.0,0.20092047159793847
FFF,2014B,618390,P3,F2,1.0,0.5864360521943676
FFF,2014B,618397,P3,F2,0.0,0.3766443119648641
FFF,2014B,618412,P3,F2,0.0,0.23339088773539945
FFF,2014B,618513,P3,F2,0.0,0.6826604891837852
FFF,2014B,618519,P3,F2,0.0,0.1650348402937166
FFF,2014B,618590,P3,F2,0.0,0.4802952055079815
FFF,2014B,618662,P3,F2,1.0,0.33778812952365966
FFF,2014B,618665,P3,F2,1.0,0.6844688877477024
FFF,2014B,618667,P3,F2,1.0,0.38790700105602716
FFF,2014B,618744,P3,F2,1.0,0.327702792654077
FFF,2014B,618843,P3,F2,1.0,0.9397947882105351
FFF,2014B,618875,P3,F2,0.0,0.2961286535356913
FFF,2014B,618903,P3,F2,1.0,0.8897586447972154
FFF,2014B,618914,P3,F2,0.0,0.08339625946556625
FFF,2014B,618925,P3,F2,1.0,0.9219849880464444
FFF,2014B,618942,P3,F2,1.0,0.4494825346323793
FFF,2014B,619001,P3,F2,1.0,0.5821820756985933
FFF,2014B,619112,P3,F2,1.0,0.2891697515815976
FFF,2014B,619118,P3,F2,1.0,0.43763176113612706
FFF,2014B,619341,P3,F2,0.0,0.4564440548502595
FFF,2014B,619410,P3,F2,0.0,0.3689740711467298
FFF,2014B,619461,P3,F2,0.0,0.16536846740892042
FFF,2014B,619921,P3,F2,1.0,0.5145572222448394
FFF,2014B,619974,P3,F2,1.0,0.40211011163251414
FFF,2014B,620004,P3,F2,1.0,0.36098343481422657
FFF,2014B,620081,P3,F2,0.0,0.2793968387759458
FFF,2014B,620112,P3,F2,1.0,0.9178664877200999
FFF,2014B,620200,P3,F2,0.0,0.1288996741076065
FFF,2014B,620277,P3,F2,1.0,0.21020007978895133
FFF,2014B,620320,P3,F2,1.0,0.5620236942559554
FFF,2014B,620399,P3,F2,1.0,0.4438560313530759
FFF,2014B,620423,P3,F2,1.0,0.6911109355258237
FFF,2014B,620473,P3,F2,0.0,0.20049689676265714
FFF,2014B,620498,P3,F2,1.0,0.9132689077560431
FFF,2014B,620801,P3,F2,0.0,0.256552470471577
FFF,2014B,620819,P3,F2,0.0,0.3052232297762303
FFF,2014B,620933,P3,F2,1.0,0.8617775094225384
FFF,2014B,621345,P3,F2,0.0,0.3153321484300217
FFF,2014B,621370,P3,F2,1.0,0.4345164895365547
FFF,2014B,621433,P3,F2,1.0,0.8996690780570201
FFF,2014B,621436,P3,F2,0.0,0.4551975565487623
FFF,2014B,621441,P3,F2,0.0,0.3923352860277306
FFF,2014B,621464,P3,F2,1.0,0.7652996726878983
FFF,2014B,621475,P3,F2,0.0,0.5151607140148381
FFF,2014B,621531,P3,F2,0.0,0.8498553008623231
FFF,2014B,621580,P3,F2,0.0,0.28376598550924376
FFF,2014B,621682,P3,F2,1.0,0.9351945994821385
FFF,2014B,621690,P3,F2,1.0,0.32851556271723437
FFF,2014B,621696,P3,F2,0.0,0.6088364287152118
FFF,2014B,621698,P3,F2,1.0,0.941549129564785
FFF,2014B,621722,P3,F2,0.0,0.22315906134694877
FFF,2014B,621741,P3,F2,1.0,0.9353744268831531
FFF,2014B,621881,P3,F2,0.0,0.3309786885182001
FFF,2014B,621909,P3,F2,1.0,0.9169930202170611
FFF,2014B,621952,P3,F2,0.0,0.42099646183408557
FFF,2014B,621971,P3,F2,0.0,0.296202989018412
FFF,2014B,621998,P3,F2,0.0,0.363851308654228
FFF,2014B,622096,P3,F2,0.0,0.5310755360590371
FFF,2014B,622130,P3,F2,1.0,0.8496916781743868
FFF,2014B,622218,P3,F2,1.0,0.5294245171660843
FFF,2014B,622278,P3,F2,0.0,0.4863033922665231
FFF,2014B,622374,P3,F2,0.0,0.07338176401354787
FFF,2014B,622392,P3,F2,1.0,0.47492288829226453
FFF,2014B,622430,P3,F2,1.0,0.6247398328173601
FFF,2014B,622442,P3,F2,0.0,0.33834682771617086
FFF,2014B,622639,P3,F2,1.0,0.5146668144937007
FFF,2014B,622686,P3,F2,0.0,0.42459227996209176
FFF,2014B,622701,P3,F2,0.0,0.44717725506883377
FFF,2014B,622859,P3,F2,0.0,0.45194111353163297
FFF,2014B,622918,P3,F2,1.0,0.5999571059731891
FFF,2014B,622935,P3,F2,0.0,0.5137113161165905
FFF,2014B,622976,P3,F2,0.0,0.19581133519795546
FFF,2014B,623138,P3,F2,1.0,0.9482794839741047
FFF,2014B,623180,P3,F2,0.0,0.5665581561324695
FFF,2014B,623263,P3,F2,1.0,0.764317940260833
FFF,2014B,623314,P3,F2,0.0,0.1853718393547953
FFF,2014B,623352,P3,F2,1.0,0.8814917591392635
FFF,2014B,623366,P3,F2,1.0,0.5526602383490179
FFF,2014B,623419,P3,F2,1.0,0.7091376346279304
FFF,2014B,623433,P3,F2,0.0,0.3657293846135
FFF,2014B,623438,P3,F2,0.0,0.3836366512334606
FFF,2014B,623456,P3,F2,1.0,0.46608316362515273
FFF,2014B,623474,P3,F2,1.0,0.37628644689346774
FFF,2014B,623496,P3,F2,1.0,0.38686840990595506
FFF,2014B,623537,P3,F2,0.0,0.11127323438576556
FFF,2014B,623542,P3,F2,1.0,0.2679255512500213
FFF,2014B,623554,P3,F2,1.0,0.4076038669025118
FFF,2014B,623568,P3,F2,1.0,0.9160113930516939
FFF,2014B,623579,P3,F2,0.0,0.8843389714147665
FFF,2014B,623687,P3,F2,0.0,0.1415280811674611
FFF,2014B,623786,P3,F2,1.0,0.7136752530559137
FFF,2014B,623924,P3,F2,0.0,0.26415024137000614
FFF,2014B,623948,P3,F2,0.0,0.39190746649601615
FFF,2014B,624014,P3,F2,1.0,0.331153310652646
FFF,2014B,624152,P3,F2,1.0,0.31308544926657056
FFF,2014B,624178,P3,F2,0.0,0.35516379211110144
FFF,2014B,624187,P3,F2,1.0,0.6866683474801001
FFF,2014B,624197,P3,F2,0.0,0.37860945557108505
FFF,2014B,624259,P3,F2,1.0,0.9413586016470487
FFF,2014B,624344,P3,F2,0.0,0.35293623900628324
FFF,2014B,624376,P3,F2,1.0,0.3623617854576102
FFF,2014B,624499,P3,F2,1.0,0.4375900685210959
FFF,2014B,624556,P3,F2,1.0,0.32222491198278747
FFF,2014B,624586,P3,F2,0.0,0.37195620290238496
FFF,2014B,624591,P3,F2,0.0,0.27255350820176416
FFF,2014B,624718,P3,F2,1.0,0.8986180229560619
FFF,2014B,624751,P3,F2,0.0,0.2197300857100645
FFF,2014B,624763,P3,F2,0.0,0.3693610889806568
FFF,2014B,624772,P3,F2,1.0,0.4770076907613969
FFF,2014B,624773,P3,F2,0.0,0.5917049746551629
FFF,2014B,624946,P3,F2,0.0,0.4636164410608325
FFF,2014B,624967,P3,F2,1.0,0.22383776472383016
FFF,2014B,624975,P3,F2,1.0,0.5931237873537862
FFF,2014B,624981,P3,F2,0.0,0.4714970079105294
FFF,2014B,625004,P3,F2,1.0,0.2806316188380349
FFF,2014B,625034,P3,F2,1.0,0.3968426179776709
FFF,2014B,625073,P3,F2,1.0,0.9361785573479909
FFF,2014B,625075,P3,F2,1.0,0.5234535631843814
FFF,2014B,625182,P3,F2,1.0,0.3612138248126235
FFF,2014B,625191,P3,F2,0.0,0.22304211526357776
FFF,2014B,625291,P3,F2,0.0,0.313306448421299
FFF,2014B,625303,P3,F2,0.0,0.3595425451959609
FFF,2014B,625306,P3,F2,0.0,0.22628653744621094
FFF,2014B,625349,P3,F2,0.0,0.5215419290214631
FFF,2014B,625361,P3,F2,1.0,0.5273639611667958
FFF,2014B,625394,P3,F2,1.0,0.31400913174402356
FFF,2014B,625406,P3,F2,0.0,0.3670014362281662
FFF,2014B,625500,P3,F2,1.0,0.8058250617265017
FFF,2014B,625536,P3,F2,0.0,0.4084164867923889
FFF,2014B,625548,P3,F2,0.0,0.37468852594380625
FFF,2014B,625566,P3,F2,0.0,0.28256712939934847
FFF,2014B,625588,P3,F2,0.0,0.543221741124484
FFF,2014B,625609,P3,F2,1.0,0.29078661300199604
FFF,2014B,625642,P3,F2,1.0,0.27927955451768577
FFF,2014B,625753,P3,F2,0.0,0.2341795371163405
FFF,2014B,625793,P3,F2,1.0,0.5149112585652547
FFF,2014B,625794,P3,F2,0.0,0.21448253096538353
FFF,2014B,625800,P3,F2,1.0,0.3551775596626979
FFF,2014B,625812,P3,F2,1.0,0.9472445356968333
FFF,2014B,625828,P3,F2,1.0,0.8243512941834563
FFF,2014B,625977,P3,F2,1.0,0.42450699532323966
FFF,2014B,625995,P3,F2,1.0,0.3646545222802345
FFF,2014B,626103,P3,F2,0.0,0.1837526990367203
FFF,2014B,626128,P3,F2,0.0,0.17125402027855868
FFF,2014B,626198,P3,F2,0.0,0.39608870651115524
FFF,2014B,626231,P3,F2,0.0,0.37481965448075305
FFF,2014B,626259,P3,F2,0.0,0.5344771432914285
FFF,2014B,626320,P3,F2,1.0,0.9463304358431647
FFF,2014B,626326,P3,F2,0.0,0.2422260731314638
FFF,2014B,626349,P3,F2,1.0,0.4683533544023011
FFF,2014B,626403,P3,F2,1.0,0.4806313702605292
FFF,2014B,626419,P3,F2,0.0,0.2180842203832916
FFF,2014B,626448,P3,F2,0.0,0.200332227491312
FFF,2014B,626469,P3,F2,1.0,0.3682657626904367
FFF,2014B,626473,P3,F2,1.0,0.24910328286486935
FFF,2014B,626530,P3,F2,1.0,0.365789070700182
FFF,2014B,626537,P3,F2,0.0,0.21010888779055542
FFF,2014B,626539,P3,F2,1.0,0.48394051653622777
FFF,2014B,626644,P3,F2,0.0,0.3073256590223008
FFF,2014B,626692,P3,F2,1.0,0.38494495656939204
FFF,2014B,626700,P3,F2,1.0,0.28631268748260846
FFF,2014B,626765,P3,F2,0.0,0.2815866019137507
FFF,2014B,626777,P3,F2,1.0,0.9096158966042512
FFF,2014B,626778,P3,F2,0.0,0.3777152828160175
FFF,2014B,626801,P3,F2,1.0,0.2686917086199515
FFF,2014B,626828,P3,F2,0.0,0.5843223408451272
FFF,2014B,626878,P3,F2,0.0,0.228372678822942
FFF,2014B,626881,P3,F2,0.0,0.3444979572004346
FFF,2014B,626890,P3,F2,0.0,0.622221936254561
FFF,2014B,626987,P3,F2,0.0,0.32327565273307246
FFF,2014B,627022,P3,F2,0.0,0.2087055001639139
FFF,2014B,627026,P3,F2,1.0,0.2539016658649357
FFF,2014B,627061,P3,F2,0.0,0.24872522898623722
FFF,2014B,627067,P3,F2,0.0,0.30666861461849526
FFF,2014B,627126,P3,F2,1.0,0.6877506697246419
FFF,2014B,627145,P3,F2,0.0,0.5017285978915528
FFF,2014B,627176,P3,F2,1.0,0.5017040988346709
FFF,2014B,627238,P3,F2,1.0,0.35872220698522533
FFF,2014B,627247,P3,F2,0.0,0.23340275206318134
FFF,2014B,627280,P3,F2,1.0,0.4866137106282414
FFF,2014B,627307,P3,F2,0.0,0.1194591990525168
FFF,2014B,627366,P3,F2,1.0,0.9376105827420557
FFF,2014B,627417,P3,F2,0.0,0.1457378388844507
FFF,2014B,627442,P3,F2,0.0,0.5297393219678873
FFF,2014B,627468,P3,F2,0.0,0.5684921776013206
FFF,2014B,627521,P3,F2,0.0,0.2349538261492543
FFF,2014B,627524,P3,F2,1.0,0.5177989553194392
FFF,2014B,627569,P3,F2,1.0,0.7493022425250129
FFF,2014B,627595,P3,F2,0.0,0.06687639193992417
FFF,2014B,627620,P3,F2,0.0,0.20934660948358577
FFF,2014B,627622,P3,F2,0.0,0.621321762494427
FFF,2014B,627679,P3,F2,0.0,0.28448595832496
FFF,2014B,627692,P3,F2,0.0,0.31646856566268444
FFF,2014B,627717,P3,F2,0.0,0.1808743049211217
FFF,2014B,627727,P3,F2,1.0,0.4739101157385477
FFF,2014B,627751,P3,F2,1.0,0.5050746817874081
FFF,2014B,627808,P3,F2,1.0,0.31328898261005117
FFF,2014B,627840,P3,F2,1.0,0.3722155941883917
FFF,2014B,627847,P3,F2,1.0,0.20101454965971108
FFF,2014B,627860,P3,F2,0.0,0.2789957771923735
FFF,2014B,627886,P3,F2,0.0,0.34045686316033225
FFF,2014B,628004,P3,F2,0.0,0.2334748760402482
FFF,2014B,628034,P3,F2,0.0,0.1654467428830997
FFF,2014B,628038,P3,F2,1.0,0.6780101204136267
FFF,2014B,628058,P3,F2,0.0,0.382049906466914
FFF,2014B,628098,P3,F2,0.0,0.4414847538409679
FFF,2014B,628110,P3,F2,1.0,0.8777503662344197
FFF,2014B,628114,P3,F2,0.0,0.26160046432115486
FFF,2014B,628117,P3,F2,0.0,0.44257644894408493
FFF,2014B,628140,P3,F2,0.0,0.19275750164188413
FFF,2014B,628141,P3,F2,1.0,0.5830681334389858
FFF,2014B,628143,P3,F2,1.0,0.22600317774941248
FFF,2014B,628152,P3,F2,0.0,0.4779765125495752
FFF,2014B,628174,P3,F2,0.0,0.4248314467797834
FFF,2014B,628307,P3,F2,1.0,0.5504544953513613
FFF,2014B,628361,P3,F2,0.0,0.0844604640302108
FFF,2014B,628370,P3,F2,1.0,0.23970380542598804
FFF,2014B,628443,P3,F2,0.0,0.38289216800196973
FFF,2014B,628476,P3,F2,1.0,0.49648259325387356
FFF,2014B,628561,P3,F2,0.0,0.37667298794757836
FFF,2014B,628720,P3,F2,0.0,0.38893482943237606
FFF,2014B,628725,P3,F2,1.0,0.6511770661004305
FFF,2014B,628803,P3,F2,1.0,0.5379348776166413
FFF,2014B,628837,P3,F2,1.0,0.2716262401761616
FFF,2014B,628841,P3,F2,0.0,0.5564971889393495
FFF,2014B,628846,P3,F2,1.0,0.3507697517824551
FFF,2014B,628925,P3,F2,1.0,0.21236722592491433
FFF,2014B,628972,P3,F2,0.0,0.3904284905338677
FFF,2014B,628978,P3,F2,1.0,0.5802208873519069
FFF,2014B,628995,P3,F2,0.0,0.7301401163115023
FFF,2014B,629022,P3,F2,0.0,0.9297113225523723
FFF,2014B,629096,P3,F2,0.0,0.2995727981621342
FFF,2014B,629119,P3,F2,1.0,0.9325617857904438
FFF,2014B,629120,P3,F2,1.0,0.5548970029724772
FFF,2014B,629163,P3,F2,1.0,0.543619306920132
FFF,2014B,629182,P3,F2,1.0,0.22120277971827243
FFF,2014B,629231,P3,F2,1.0,0.9135197185041201
FFF,2014B,629244,P3,F2,0.0,0.37710145554921076
FFF,2014B,629267,P3,F2,1.0,0.28335805458498603
FFF,2014B,629291,P3,F2,0.0,0.09362421376341545
FFF,2014B,629303,P3,F2,0.0,0.27591713566097265
FFF,2014B,629386,P3,F2,1.0,0.26277468706313284
FFF,2014B,629414,P3,F2,0.0,0.24756466300159868
FFF,2014B,629459,P3,F2,1.0,0.7145111431299573
FFF,2014B,629522,P3,F2,1.0,0.32782118314027764
FFF,2014B,629540,P3,F2,0.0,0.15788895540314576
FFF,2014B,629541,P3,F2,0.0,0.46491611132418076
FFF,2014B,629603,P3,F2,0.0,0.3430343506213017
FFF,2014B,629613,P3,F2,1.0,0.7353329848638763
FFF,2014B,629655,P3,F2,1.0,0.37026923589826666
FFF,2014B,629692,P3,F2,0.0,0.46314522490117926
FFF,2014B,629693,P3,F2,0.0,0.3395260385049422
FFF,2014B,629739,P3,F2,0.0,0.3864114229800362
FFF,2014B,629762,P3,F2,1.0,0.7847763085646051
FFF,2014B,629767,P3,F2,1.0,0.16518624318136593
FFF,2014B,629867,P3,F2,1.0,0.3334186665595903
FFF,2014B,629873,P3,F2,0.0,0.16746441157323808
FFF,2014B,629879,P3,F2,1.0,0.9464547626363039
FFF,2014B,629881,P3,F2,0.0,0.3591691039751518
FFF,2014B,629918,P3,F2,1.0,0.9528830078567132
FFF,2014B,629928,P3,F2,1.0,0.5804822328745124
FFF,2014B,629938,P3,F2,0.0,0.5005117499223025
FFF,2014B,629993,P3,F2,1.0,0.4390306193020431
FFF,2014B,630013,P3,F2,0.0,0.28320592327055205
FFF,2014B,630015,P3,F2,0.0,0.17549075185908852
FFF,2014B,630038,P3,F2,1.0,0.8570468494209735
FFF,2014B,630045,P3,F2,0.0,0.4408014906877075
FFF,2014B,630083,P3,F2,0.0,0.300876063993117
FFF,2014B,630129,P3,F2,1.0,0.5864245923837177
FFF,2014B,630168,P3,F2,1.0,0.3342781143331233
FFF,2014B,630177,P3,F2,0.0,0.13684652404545056
FFF,2014B,630264,P3,F2,0.0,0.7003667809748872
FFF,2014B,630269,P3,F2,1.0,0.7274678768802056
FFF,2014B,630326,P3,F2,0.0,0.8314498800584069
FFF,2014B,630426,P3,F2,1.0,0.9380734310228978
FFF,2014B,630435,P3,F2,1.0,0.9651148635435018
FFF,2014B,630452,P3,F2,0.0,0.36816578242876524
FFF,2014B,630479,P3,F2,0.0,0.24554915027625412
FFF,2014B,630488,P3,F2,0.0,0.3122787223499397
FFF,2014B,630491,P3,F2,1.0,0.35203774197779875
FFF,2014B,630574,P3,F2,1.0,0.6336686632659863
FFF,2014B,630634,P3,F2,0.0,0.18280875726330603
FFF,2014B,630653,P3,F2,0.0,0.7414341035472198
FFF,2014B,630654,P3,F2,1.0,0.6475332176902009
FFF,2014B,630655,P3,F2,0.0,0.5682474816666286
FFF,2014B,630671,P3,F2,0.0,0.14641137108638755
FFF,2014B,630734,P3,F2,0.0,0.37575228786379483
FFF,2014B,630748,P3,F2,1.0,0.2556467944664934
FFF,2014B,630759,P3,F2,1.0,0.6543433000414075
FFF,2014B,630804,P3,F2,1.0,0.48069735753692533
FFF,2014B,630812,P3,F2,1.0,0.4947562838409049
FFF,2014B,630830,P3,F2,0.0,0.3402353253080208
FFF,2014B,630854,P3,F2,0.0,0.6852968199430862
FFF,2014B,630859,P3,F2,0.0,0.44712496675105606
FFF,2014B,630867,P3,F2,1.0,0.9432647685006157
FFF,2014B,630868,P3,F2,1.0,0.20184339385563801
FFF,2014B,630891,P3,F2,1.0,0.8588403898387195
FFF,2014B,630912,P3,F2,0.0,0.4350008292029443
FFF,2014B,630924,P3,F2,0.0,0.4291115528130153
FFF,2014B,630937,P3,F2,0.0,0.2897195334541881
FFF,2014B,630966,P3,F2,0.0,0.5327283816118605
FFF,2014B,631023,P3,F2,0.0,0.38650503655110785
FFF,2014B,631075,P3,F2,1.0,0.23397753047375316
FFF,2014B,631083,P3,F2,1.0,0.209270151457523
FFF,2014B,631099,P3,F2,1.0,0.46785817015155173
FFF,2014B,631104,P3,F2,0.0,0.34376615545684575
FFF,2014B,631111,P3,F2,1.0,0.43687530930204094
FFF,2014B,631135,P3,F2,1.0,0.9342626028727462
FFF,2014B,631235,P3,F2,0.0,0.27724594309168116
FFF,2014B,631247,P3,F2,0.0,0.08866782615183762
FFF,2014B,631300,P3,F2,1.0,0.47659200897151466
FFF,2014B,631311,P3,F2,0.0,0.17706056377160492
FFF,2014B,631327,P3,F2,0.0,0.2938461875847051
FFF,2014B,631467,P3,F2,0.0,0.39526593639243035
FFF,2014B,631473,P3,F2,0.0,0.43896113905846673
FFF,2014B,631524,P3,F2,1.0,0.8627776417533471
FFF,2014B,631654,P3,F2,1.0,0.9737139645484619
FFF,2014B,631673,P3,F2,0.0,0.2964891009531757
FFF,2014B,631680,P3,F2,0.0,0.5406325313870533
FFF,2014B,631701,P3,F2,1.0,0.8545241834803948
FFF,2014B,631719,P3,F2,0.0,0.12583633227177626
FFF,2014B,631765,P3,F2,0.0,0.29883428810427765
FFF,2014B,631853,P3,F2,0.0,0.16060224994182007
FFF,2014B,631860,P3,F2,0.0,0.15752076145768004
FFF,2014B,631880,P3,F2,0.0,0.22245432820764308
FFF,2014B,631884,P3,F2,0.0,0.5023495227641331
FFF,2014B,631913,P3,F2,1.0,0.22661500078576888
FFF,2014B,631925,P3,F2,1.0,0.44659491816506997
FFF,2014B,632019,P3,F2,1.0,0.4060889688074894
FFF,2014B,632044,P3,F2,0.0,0.14296328436417235
FFF,2014B,632078,P3,F2,1.0,0.19919972698889726
FFF,2014B,632114,P3,F2,1.0,0.35566465475847536
FFF,2014B,632124,P3,F2,1.0,0.3725914738360819
FFF,2014B,632143,P3,F2,1.0,0.18622838636380953
FFF,2014B,632258,P3,F2,0.0,0.43733959262055294
FFF,2014B,632306,P3,F2,0.0,0.13116480493485771
FFF,2014B,632316,P3,F2,0.0,0.26673350420950964
FFF,2014B,632339,P3,F2,0.0,0.29050229999484894
FFF,2014B,632363,P3,F2,1.0,0.3853538042242868
FFF,2014B,632379,P3,F2,0.0,0.6444142807318134
FFF,2014B,632380,P3,F2,0.0,0.2652759023041463
FFF,2014B,632402,P3,F2,0.0,0.2818344421464616
FFF,2014B,632513,P3,F2,0.0,0.20157522905588598
FFF,2014B,632544,P3,F2,0.0,0.5624633115117535
FFF,2014B,632588,P3,F2,0.0,0.23659121482245213
FFF,2014B,632620,P3,F2,0.0,0.2754603671298375
FFF,2014B,632623,P3,F2,0.0,0.22397248508118445
FFF,2014B,632691,P3,F2,0.0,0.1820290246600392
FFF,2014B,632698,P3,F2,0.0,0.3478530447142851
FFF,2014B,632705,P3,F2,0.0,0.4627453688796202
FFF,2014B,632759,P3,F2,1.0,0.24175110643943995
FFF,2014B,632801,P3,F2,1.0,0.3266196471948617
FFF,2014B,632840,P3,F2,1.0,0.498826728739738
FFF,2014B,632848,P3,F2,0.0,0.2095019759130497
FFF,2014B,632895,P3,F2,0.0,0.3435545395585333
FFF,2014B,632923,P3,F2,1.0,0.3284088561801437
FFF,2014B,632927,P3,F2,1.0,0.8808193377682567
FFF,2014B,632929,P3,F2,0.0,0.33471228808263714
FFF,2014B,632947,P3,F2,0.0,0.6000898333190057
FFF,2014B,632958,P3,F2,1.0,0.2787383302539605
FFF,2014B,632991,P3,F2,0.0,0.36677426837975124
FFF,2014B,633047,P3,F2,0.0,0.6360507641463752
FFF,2014B,633077,P3,F2,0.0,0.2258439402997806
FFF,2014B,633100,P3,F2,1.0,0.618136747487391
FFF,2014B,633157,P3,F2,1.0,0.3535546027851487
FFF,2014B,633179,P3,F2,0.0,0.08282952700443538
FFF,2014B,633205,P3,F2,1.0,0.21411635865345302
FFF,2014B,633207,P3,F2,1.0,0.7703604566125746
FFF,2014B,633219,P3,F2,0.0,0.41961508297058936
FFF,2014B,633221,P3,F2,1.0,0.4478735465498526
FFF,2014B,633238,P3,F2,0.0,0.2381143655994704
FFF,2014B,633292,P3,F2,1.0,0.38584668094011115
FFF,2014B,633297,P3,F2,1.0,0.5198519100407228
FFF,2014B,633303,P3,F2,0.0,0.05775568835397561
FFF,2014B,633305,P3,F2,1.0,0.938347672081645
FFF,2014B,633319,P3,F2,0.0,0.29367523100098886
FFF,2014B,633328,P3,F2,0.0,0.27306850717715353
FFF,2014B,633388,P3,F2,0.0,0.1900287755376399
FFF,2014B,633397,P3,F2,1.0,0.486468774536155
FFF,2014B,633403,P3,F2,1.0,0.3686164848161068
FFF,2014B,633411,P3,F2,1.0,0.30970172184972833
FFF,2014B,633504,P3,F2,0.0,0.1407766297627002
FFF,2014B,633505,P3,F2,1.0,0.4625412930956975
FFF,2014B,633558,P3,F2,1.0,0.8433004553579116
FFF,2014B,633625,P3,F2,1.0,0.900953751567805
FFF,2014B,633676,P3,F2,1.0,0.8904043254356305
FFF,2014B,633691,P3,F2,0.0,0.22684013300231948
FFF,2014B,633717,P3,F2,0.0,0.16556439718534438
FFF,2014B,633732,P3,F2,1.0,0.634608813156383
FFF,2014B,633745,P3,F2,0.0,0.15840209641530728
FFF,2014B,633756,P3,F2,0.0,0.5173879563515443
FFF,2014B,633773,P3,F2,0.0,0.9186612802306123
FFF,2014B,633840,P3,F2,1.0,0.5941680948322928
FFF,2014B,633881,P3,F2,1.0,0.3471984897394271
FFF,2014B,633884,P3,F2,1.0,0.6346060293832047
FFF,2014B,633924,P3,F2,1.0,0.2105897555258436
FFF,2014B,633983,P3,F2,0.0,0.33930329663302683
FFF,2014B,634057,P3,F2,1.0,0.5559856352255517
FFF,2014B,634070,P3,F2,0.0,0.32846105610233334
FFF,2014B,634099,P3,F2,1.0,0.6712620004964766
FFF,2014B,634111,P3,F2,0.0,0.07422930466379153
FFF,2014B,634114,P3,F2,1.0,0.769660245750621
FFF,2014B,634139,P3,F2,0.0,0.3130893573039002
FFF,2014B,634155,P3,F2,0.0,0.27435383968643506
FFF,2014B,634165,P3,F2,0.0,0.36413991142920626
FFF,2014B,634187,P3,F2,1.0,0.2292834583430336
FFF,2014B,634200,P3,F2,1.0,0.1319650173273896
FFF,2014B,634209,P3,F2,0.0,0.33672860973043384
FFF,2014B,634245,P3,F2,1.0,0.8666372551795243
FFF,2014B,634252,P3,F2,1.0,0.5641348643093511
FFF,2014B,634254,P3,F2,1.0,0.340332438462747
FFF,2014B,634260,P3,F2,0.0,0.47706950929966396
FFF,2014B,634279,P3,F2,1.0,0.4063125425527359
FFF,2014B,634292,P3,F2,1.0,0.9218862497608928
FFF,2014B,634343,P3,F2,0.0,0.40138891829067563
FFF,2014B,634349,P3,F2,1.0,0.4007749026260176
FFF,2014B,634426,P3,F2,0.0,0.4915631971001026
FFF,2014B,634427,P3,F2,0.0,0.3239492069329991
FFF,2014B,634429,P3,F2,0.0,0.4484546333308029
FFF,2014B,634430,P3,F2,0.0,0.23044338906973078
FFF,2014B,634431,P3,F2,0.0,0.48730687376046694
FFF,2014B,634435,P3,F2,0.0,0.3360927103792203
FFF,2014B,634479,P3,F2,1.0,0.10781230881643583
FFF,2014B,634500,P3,F2,0.0,0.7477915875076899
FFF,2014B,634536,P3,F2,0.0,0.1828043099554653
FFF,2014B,634539,P3,F2,1.0,0.37365260887075186
FFF,2014B,634616,P3,F2,0.0,0.8491496158509682
FFF,2014B,634635,P3,F2,1.0,0.33653609830977943
FFF,2014B,634636,P3,F2,0.0,0.13556377790524748
FFF,2014B,634638,P3,F2,1.0,0.9447705876658452
FFF,2014B,634682,P3,F2,1.0,0.9370268423735258
FFF,2014B,634701,P3,F2,1.0,0.8966225978602099
FFF,2014B,634774,P3,F2,1.0,0.5719072913146577
FFF,2014B,634784,P3,F2,1.0,0.4617433984325157
FFF,2014B,634820,P3,F2,1.0,0.8831119756609416
FFF,2014B,634859,P3,F2,1.0,0.21877330125044378
FFF,2014B,634918,P3,F2,1.0,0.5824759449060071
FFF,2014B,634919,P3,F2,0.0,0.45571507574544046
FFF,2014B,634924,P3,F2,0.0,0.08921800534480853
FFF,2014B,634946,P3,F2,1.0,0.7010411466461547
FFF,2014B,634999,P3,F2,0.0,0.9172192989091176
FFF,2014B,635034,P3,F2,0.0,0.26117053293843445
FFF,2014B,635046,P3,F2,1.0,0.8566693197499244
FFF,2014B,635079,P3,F2,1.0,0.28863298577896557
FFF,2014B,635124,P3,F2,1.0,0.46173060156361384
FFF,2014B,1006742,P3,F2,1.0,0.299292376289018
FFF,2014B,1017773,P3,F2,1.0,0.9311727868763353
FFF,2014B,1045091,P3,F2,1.0,0.4795395713112176
FFF,2014B,1072259,P3,F2,0.0,0.3264545309738987
FFF,2014B,1340760,P3,F2,0.0,0.17896124479620684
FFF,2014B,1398489,P3,F2,0.0,0.27885671985237087
FFF,2014B,1425806,P3,F2,0.0,0.2680448959868441
FFF,2014B,1465407,P3,F2,0.0,0.42237909569411003
FFF,2014B,1498823,P3,F2,1.0,0.9745134595913337
FFF,2014B,1514245,P3,F2,1.0,0.8319513684267744
FFF,2014B,1526059,P3,F2,0.0,0.29166717358097216
FFF,2014B,1528232,P3,F2,1.0,0.7839051711167402
FFF,2014B,1548052,P3,F2,1.0,0.44292268067126594
FFF,2014B,1578222,P3,F2,0.0,0.20653457976485534
FFF,2014B,1588621,P3,F2,1.0,0.22284702488039457
FFF,2014B,1615392,P3,F2,0.0,0.34536303293222065
FFF,2014B,1627052,P3,F2,0.0,0.12429157659559861
FFF,2014B,1641117,P3,F2,0.0,0.4258662900137725
FFF,2014B,1683803,P3,F2,0.0,0.4542804356275273
FFF,2014B,1738364,P3,F2,0.0,0.21563108464836211
FFF,2014B,1744817,P3,F2,0.0,0.13427895482467153
FFF,2014B,1757662,P3,F2,0.0,0.2530353110978785
FFF,2014B,1768223,P3,F2,0.0,0.46543484647013605
FFF,2014B,1799963,P3,F2,1.0,0.9018844509157783
FFF,2014B,1821249,P3,F2,1.0,0.924227909766479
FFF,2014B,1875728,P3,F2,0.0,0.2635272206331517
FFF,2014B,1884024,P3,F2,1.0,0.6287886616079827
FFF,2014B,1892879,P3,F2,1.0,0.94298137371035
FFF,2014B,1919240,P3,F2,0.0,0.38192378670246113
FFF,2014B,1928947,P3,F2,1.0,0.822273585686574
FFF,2014B,1933534,P3,F2,1.0,0.16936881779212004
FFF,2014B,1939193,P3,F2,1.0,0.5008299365355315
FFF,2014B,1961652,P3,F2,1.0,0.7893345870506568
FFF,2014B,1962128,P3,F2,1.0,0.9184674928343287
FFF,2014B,1984169,P3,F2,1.0,0.5424649041787492
FFF,2014B,1999952,P3,F2,0.0,0.41672010597583364
FFF,2014B,2010245,P3,F2,1.0,0.21395431502586484
FFF,2014B,2022750,P3,F2,1.0,0.9399900731146088
FFF,2014B,2025233,P3,F2,0.0,0.5545182122662443
FFF,2014B,2055321,P3,F2,1.0,0.4838123764038373
FFF,2014B,2058815,P3,F2,1.0,0.4982298352561969
FFF,2014B,2074627,P3,F2,0.0,0.5974898186827127
FFF,2014B,2095576,P3,F2,0.0,0.45793387484909176
FFF,2014B,2097046,P3,F2,1.0,0.42116799511010455
FFF,2014B,2114529,P3,F2,1.0,0.3642612790439094
FFF,2014B,2131008,P3,F2,0.0,0.27133611909819116
FFF,2014B,2156172,P3,F2,1.0,0.569709703588482
FFF,2014B,2161710,P3,F2,1.0,0.8845603052996581
FFF,2014B,2164266,P3,F2,1.0,0.5376523266063696
FFF,2014B,2176759,P3,F2,0.0,0.485348399028831
FFF,2014B,2186992,P3,F2,0.0,0.21879527230427093
FFF,2014B,2222615,P3,F2,0.0,0.27919422125506216
FFF,2014B,2238019,P3,F2,1.0,0.6116856995868843
FFF,2014B,2242595,P3,F2,1.0,0.4344640479772809
FFF,2014B,2242732,P3,F2,0.0,0.306848748904599
FFF,2014B,2244285,P3,F2,0.0,0.3214819199960389
FFF,2014B,2256318,P3,F2,0.0,0.2201298755600856
FFF,2014B,2257112,P3,F2,0.0,0.3403374656767357
FFF,2014B,2264054,P3,F2,0.0,0.3519809051120667
FFF,2014B,2265419,P3,F2,1.0,0.3436958693595014
FFF,2014B,2270880,P3,F2,0.0,0.3814309641089931
FFF,2014B,2299808,P3,F2,0.0,0.2033056193605154
FFF,2014B,2303413,P3,F2,0.0,0.3227599939085449
FFF,2014B,2306016,P3,F2,0.0,0.18508960001341535
FFF,2014B,2322813,P3,F2,1.0,0.9024925148802809
FFF,2014B,2327494,P3,F2,0.0,0.5061230147765429
FFF,2014B,2336654,P3,F2,1.0,0.8965847592546657
FFF,2014B,2337362,P3,F2,0.0,0.39660804173359493
FFF,2014B,2345438,P3,F2,0.0,0.5953252714024537
FFF,2014B,2355214,P3,F2,1.0,0.3754129150920853
FFF,2014B,2360071,P3,F2,1.0,0.8874786100287299
FFF,2014B,2383307,P3,F2,0.0,0.32388842130872697
FFF,2014B,2410519,P3,F2,0.0,0.23379119100127937
FFF,2014B,2413895,P3,F2,1.0,0.9524293670609644
FFF,2014B,2426332,P3,F2,0.0,0.2963371616194857
FFF,2014B,2437930,P3,F2,0.0,0.17463885037815405
FFF,2014B,2448082,P3,F2,1.0,0.8840367924806091
FFF,2014B,2463282,P3,F2,1.0,0.9373908423898433
FFF,2014B,2480886,P3,F2,1.0,0.49749747448141635
FFF,2014B,2481482,P3,F2,0.0,0.271240835177997
FFF,2014B,2492219,P3,F2,0.0,0.17105489434600504
FFF,2014B,2492787,P3,F2,0.0,0.5704962478595532
FFF,2014B,2494338,P3,F2,1.0,0.5477030493751366
FFF,2014B,2503799,P3,F2,1.0,0.7309190231293863
FFF,2014B,2516163,P3,F2,0.0,0.36344289120015666
FFF,2014B,2523915,P3,F2,0.0,0.9099429697389951
FFF,2014B,2525633,P3,F2,1.0,0.9421426271264911
FFF,2014B,2532785,P3,F2,0.0,0.2645284992794362
FFF,2014B,2540424,P3,F2,1.0,0.913521930449962
FFF,2014B,2543637,P3,F2,1.0,0.37088395698265597
FFF,2014B,2545629,P3,F2,0.0,0.3157917615507519
FFF,2014B,2554552,P3,F2,0.0,0.47378635387546864
FFF,2014B,2558365,P3,F2,1.0,0.2679124057947433
FFF,2014B,2561313,P3,F2,0.0,0.5778489919694394
FFF,2014B,2561862,P3,F2,0.0,0.10477998471790877
FFF,2014B,2564619,P3,F2,0.0,0.2507407742338532
FFF,2014B,2569942,P3,F2,0.0,0.29970526820586013
FFF,2014B,2570929,P3,F2,0.0,0.2125920839920195
FFF,2014B,2575119,P3,F2,1.0,0.9250544084038393
FFF,2014B,2581536,P3,F2,0.0,0.4346176613881734
FFF,2014B,2581654,P3,F2,0.0,0.9370902533083219
FFF,2014B,2583997,P3,F2,1.0,0.8166848819920913
FFF,2014B,2585330,P3,F2,0.0,0.19432308331621923
FFF,2014B,2589352,P3,F2,0.0,0.27610141974237934
FFF,2014B,2590531,P3,F2,1.0,0.46620940636841796
FFF,2014B,2595058,P3,F2,1.0,0.4851858581201588
FFF,2014B,2604975,P3,F2,0.0,0.20938909510621895
FFF,2014B,2606636,P3,F2,0.0,0.2358436093143533
FFF,2014B,2606890,P3,F2,0.0,0.34247605925721236
FFF,2014B,2609955,P3,F2,1.0,0.36246767788617307
FFF,2014B,2616978,P3,F2,0.0,0.28463581829716633
FFF,2014B,2619719,P3,F2,1.0,0.6587695691166394
FFF,2014B,2620930,P3,F2,0.0,0.23804050380935685
FFF,2014B,2625021,P3,F2,1.0,0.9484629693375101
FFF,2014B,2630284,P3,F2,1.0,0.9301870161404238
FFF,2014B,2634654,P3,F2,1.0,0.5606543360083096
FFF,2014B,2652268,P3,F2,1.0,0.9585041272816922
FFF,2014B,2653007,P3,F2,1.0,0.9479960040133706
FFF,2014B,2659650,P3,F2,0.0,0.19254962282311833
FFF,2014B,2661827,P3,F2,0.0,0.4486441677594758
FFF,2014B,2666213,P3,F2,0.0,0.30937365947130785
FFF,2014B,2666831,P3,F2,0.0,0.33265989039287197
FFF,2014B,2667478,P3,F2,1.0,0.25744730051317904
FFF,2014B,2674773,P3,F2,0.0,0.6026851134626474
FFF,2014B,2675061,P3,F2,1.0,0.9534322410011407
FFF,2014B,2681270,P3,F2,0.0,0.2886972993750063
FFF,2014B,2684417,P3,F2,1.0,0.6158370151500915
FFF,2014B,2689210,P3,F2,0.0,0.3960396971712763
FFF,2014B,2697630,P3,F2,0.0,0.5223280705224079
FFF,2014B,2697885,P3,F2,0.0,0.5755145709514878
GGG,2014B,24186,P3,F2,0.0,0.8802205289246073
GGG,2014B,29985,P3,F2,0.0,0.7688896572277013
GGG,2014B,31107,P3,F2,0.0,0.6561699315230634
GGG,2014B,41414,P3,F2,0.0,0.8200649595493399
GGG,2014B,49123,P3,F2,0.0,0.8516946853300119
GGG,2014B,64901,P3,F2,0.0,0.7668867959783885
GGG,2014B,81754,P3,F2,1.0,0.7220251157800857
GGG,2014B,96423,P3,F2,0.0,0.8477331444472543
GGG,2014B,109772,P3,F2,0.0,0.8587477155634122
GGG,2014B,112441,P3,F2,0.0,0.7712992762446311
GGG,2014B,116319,P3,F2,0.0,0.900790611848603
GGG,2014B,118474,P3,F2,0.0,0.756962504997458
GGG,2014B,119444,P3,F2,0.0,0.8001092280074866
GGG,2014B,120611,P3,F2,1.0,0.8451621935121507
GGG,2014B,122337,P3,F2,1.0,0.8061019254742641
GGG,2014B,124944,P3,F2,0.0,0.6986561543746997
GGG,2014B,131820,P3,F2,1.0,0.8837065396125902
GGG,2014B,133068,P3,F2,0.0,0.7763537971802406
GGG,2014B,134123,P3,F2,0.0,0.8741185996087809
GGG,2014B,139329,P3,F2,0.0,0.7838632476888424
GGG,2014B,145388,P3,F2,1.0,0.8240380232298338
GGG,2014B,146192,P3,F2,1.0,0.9254426808699063
GGG,2014B,152671,P3,F2,0.0,0.8591244120848063
GGG,2014B,159571,P3,F2,1.0,0.694626109620753
GGG,2014B,160479,P3,F2,0.0,0.7621679569921715
GGG,2014B,160945,P3,F2,0.0,0.7002391876091023
GGG,2014B,164211,P3,F2,0.0,0.7450416980071899
GGG,2014B,164451,P3,F2,1.0,0.9109303322085485
GGG,2014B,165898,P3,F2,1.0,0.8988406660183216
GGG,2014B,184137,P3,F2,0.0,0.8875966046426117
GGG,2014B,198315,P3,F2,1.0,0.8565101762485418
GGG,2014B,203963,P3,F2,0.0,0.8979894489440207
GGG,2014B,204550,P3,F2,1.0,0.89597855101481
GGG,2014B,204738,P3,F2,0.0,0.8733512859191387
GGG,2014B,233461,P3,F2,1.0,0.8553194738837955
GGG,2014B,245802,P3,F2,0.0,0.833846205020193
GGG,2014B,254417,P3,F2,1.0,0.868052556724983
GGG,2014B,261342,P3,F2,0.0,0.8097982037766925
GGG,2014B,278962,P3,F2,0.0,0.8871160536053592
GGG,2014B,279839,P3,F2,1.0,0.8927979979331808
GGG,2014B,282388,P3,F2,1.0,0.878740480127423
GGG,2014B,282962,P3,F2,1.0,0.8995777840228404
GGG,2014B,283035,P3,F2,1.0,0.9249488590006266
GGG,2014B,285193,P3,F2,0.0,0.8323717093195259
GGG,2014B,285223,P3,F2,1.0,0.7928642431223174
GGG,2014B,285861,P3,F2,1.0,0.9050668194305537
GGG,2014B,299536,P3,F2,1.0,0.7513022663151828
GGG,2014B,301498,P3,F2,0.0,0.8119497767378991
GGG,2014B,304106,P3,F2,1.0,0.7636423444474466
GGG,2014B,305792,P3,F2,0.0,0.8010869445724272
GGG,2014B,324773,P3,F2,0.0,0.7823135517095565
GGG,2014B,344098,P3,F2,0.0,0.8186877832591171
GGG,2014B,345737,P3,F2,1.0,0.8710220753448148
GGG,2014B,345881,P3,F2,0.0,0.8822986694709416
GGG,2014B,350473,P3,F2,1.0,0.8608712356809506
GGG,2014B,359645,P3,F2,1.0,0.9052003879032244
GGG,2014B,365084,P3,F2,0.0,0.852885379566559
GGG,2014B,366371,P3,F2,1.0,0.7438698084261522
GGG,2014B,366771,P3,F2,0.0,0.7602940871095931
GGG,2014B,372837,P3,F2,1.0,0.8609646648920957
GGG,2014B,374266,P3,F2,0.0,0.885394051436344
GGG,2014B,380238,P3,F2,0.0,0.8994983599484018
GGG,2014B,380894,P3,F2,0.0,0.700540743188393
GGG,2014B,383420,P3,F2,0.0,0.7194448277689733
GGG,2014B,384035,P3,F2,0.0,0.7326695814867324
GGG,2014B,385228,P3,F2,0.0,0.8223815410521986
GGG,2014B,387294,P3,F2,0.0,0.7209757468308601
GGG,2014B,391937,P3,F2,0.0,0.6172195794117521
GGG,2014B,393682,P3,F2,1.0,0.8591244120848063
GGG,2014B,394024,P3,F2,0.0,0.7204069917787401
GGG,2014B,398029,P3,F2,1.0,0.8905724817821379
GGG,2014B,406751,P3,F2,0.0,0.8665631235044373
GGG,2014B,411546,P3,F2,1.0,0.9079177042630421
GGG,2014B,414668,P3,F2,0.0,0.8542905081677866
GGG,2014B,414696,P3,F2,0.0,0.8993108359482568
GGG,2014B,415399,P3,F2,1.0,0.8813209545615953
GGG,2014B,415818,P3,F2,0.0,0.8550047299880904
GGG,2014B,417096,P3,F2,0.0,0.7507598740238235
GGG,2014B,425257,P3,F2,1.0,0.7262296737981064
GGG,2014B,426547,P3,F2,0.0,0.7877113493732778
GGG,2014B,441791,P3,F2,0.0,0.8182901102141137
GGG,2014B,442561,P3,F2,0.0,0.8260647133625925
GGG,2014B,442877,P3,F2,0.0,0.7447747478323404
GGG,2014B,442949,P3,F2,1.0,0.7819308916649018
GGG,2014B,443387,P3,F2,0.0,0.8302732711687212
GGG,2014B,447475,P3,F2,0.0,0.6523730909026864
GGG,2014B,469284,P3,F2,1.0,0.859856314875088
GGG,2014B,472511,P3,F2,0.0,0.8304450811974134
GGG,2014B,480086,P3,F2,0.0,0.8685154967681326
GGG,2014B,480590,P3,F2,0.0,0.8463291113643077
GGG,2014B,481762,P3,F2,0.0,0.8781807658706348
GGG,2014B,482677,P3,F2,0.0,0.9126560208232958
GGG,2014B,483582,P3,F2,1.0,0.7955155501151977
GGG,2014B,485448,P3,F2,0.0,0.9016680132799516
GGG,2014B,486279,P3,F2,0.0,0.8549220910949659
GGG,2014B,487278,P3,F2,0.0,0.9149222674355575
GGG,2014B,488445,P3,F2,0.0,0.873436095603603
GGG,2014B,491474,P3,F2,1.0,0.7508091033225653
GGG,2014B,492909,P3,F2,0.0,0.8856690052648081
GGG,2014B,495976,P3,F2,0.0,0.7489717227244345
GGG,2014B,496978,P3,F2,0.0,0.8330348129528281
GGG,2014B,497619,P3,F2,1.0,0.8393237311356221
GGG,2014B,501755,P3,F2,0.0,0.8949230133277281
GGG,2014B,502182,P3,F2,0.0,0.891524814313158
GGG,2014B,502709,P3,F2,0.0,0.831312121351912
GGG,2014B,502763,P3,F2,1.0,0.8925119195691982
GGG,2014B,503201,P3,F2,1.0,0.9160171706157201
GGG,2014B,506533,P3,F2,0.0,0.886494634737452
GGG,2014B,507334,P3,F2,0.0,0.9040224469545497
GGG,2014B,508573,P3,F2,0.0,0.7911996299255544
GGG,2014B,508924,P3,F2,0.0,0.6518791377243386
GGG,2014B,510874,P3,F2,0.0,0.8526055008397957
GGG,2014B,511228,P3,F2,0.0,0.8396986184388884
GGG,2014B,511492,P3,F2,1.0,0.9147872892655476
GGG,2014B,515051,P3,F2,1.0,0.8863864583383354
GGG,2014B,518145,P3,F2,0.0,0.8356814123293111
GGG,2014B,518661,P3,F2,0.0,0.9044421295876303
GGG,2014B,519910,P3,F2,1.0,0.8559406799360272
GGG,2014B,521644,P3,F2,0.0,0.8420110204178267
GGG,2014B,523427,P3,F2,1.0,0.8337674094138241
GGG,2014B,532441,P3,F2,1.0,0.7252687710637309
GGG,2014B,532473,P3,F2,1.0,0.7872451818339785
GGG,2014B,533054,P3,F2,0.0,0.7914775858361682
GGG,2014B,538918,P3,F2,1.0,0.8805979069671138
GGG,2014B,541044,P3,F2,1.0,0.9099715350882607
GGG,2014B,541890,P3,F2,0.0,0.8634878071464983
GGG,2014B,542562,P3,F2,0.0,0.7035796669686171
GGG,2014B,543910,P3,F2,0.0,0.8339897868718732
GGG,2014B,545665,P3,F2,0.0,0.7273461593263616
GGG,2014B,547155,P3,F2,0.0,0.9093839673333634
GGG,2014B,548578,P3,F2,1.0,0.8752057776304384
GGG,2014B,549603,P3,F2,1.0,0.8870956755295955
GGG,2014B,550515,P3,F2,0.0,0.7339255565496876
GGG,2014B,550662,P3,F2,1.0,0.8990289673511529
GGG,2014B,550758,P3,F2,0.0,0.754863611346609
GGG,2014B,551562,P3,F2,1.0,0.9043429287016383
GGG,2014B,552486,P3,F2,0.0,0.738772104513122
GGG,2014B,552509,P3,F2,1.0,0.801289720219499
GGG,2014B,556406,P3,F2,0.0,0.7427875309401858
GGG,2014B,556463,P3,F2,1.0,0.849955443301797
GGG,2014B,561441,P3,F2,1.0,0.8894674030043636
GGG,2014B,562628,P3,F2,0.0,0.8932133805528967
GGG,2014B,563301,P3,F2,1.0,0.8424026438040424
GGG,2014B,566818,P3,F2,1.0,0.9182996401860005
GGG,2014B,568863,P3,F2,1.0,0.8582441447977829
GGG,2014B,569093,P3,F2,0.0,0.8597503729422099
GGG,2014B,571089,P3,F2,0.0,0.8829925686560264
GGG,2014B,573834,P3,F2,1.0,0.7769391759967074
GGG,2014B,575199,P3,F2,0.0,0.7701447623764849
GGG,2014B,575217,P3,F2,0.0,0.8189843380711135
GGG,2014B,575324,P3,F2,1.0,0.8661497431764023
GGG,2014B,575693,P3,F2,1.0,0.7907424021751787
GGG,2014B,575709,P3,F2,0.0,0.7729520089326785
GGG,2014B,576416,P3,F2,1.0,0.8947162177448127
GGG,2014B,577000,P3,F2,0.0,0.8420820568288432
GGG,2014B,577136,P3,F2,0.0,0.8648395228655936
GGG,2014B,577275,P3,F2,0.0,0.6442099681755278
GGG,2014B,577792,P3,F2,0.0,0.8483854391395992
GGG,2014B,578389,P3,F2,0.0,0.7629021719192531
GGG,2014B,578452,P3,F2,0.0,0.8190424695550459
GGG,2014B,578845,P3,F2,1.0,0.7628419166753482
GGG,2014B,579692,P3,F2,0.0,0.9145759204156352
GGG,2014B,582033,P3,F2,1.0,0.8993108359482568
GGG,2014B,582283,P3,F2,0.0,0.7905258116961705
GGG,2014B,583101,P3,F2,1.0,0.8900753567901297
GGG,2014B,583148,P3,F2,0.0,0.8972274876542563
GGG,2014B,583686,P3,F2,1.0,0.7988687492882286
GGG,2014B,583687,P3,F2,1.0,0.9172619698646836
GGG,2014B,586054,P3,F2,1.0,0.861058613599352
GGG,2014B,586494,P3,F2,0.0,0.8224205448958106
GGG,2014B,587287,P3,F2,1.0,0.8584516845379445
GGG,2014B,587613,P3,F2,1.0,0.8726147820415742
GGG,2014B,588031,P3,F2,0.0,0.8545392100811428
GGG,2014B,588489,P3,F2,1.0,0.8102212416048215
GGG,2014B,588940,P3,F2,1.0,0.8758333789655605
GGG,2014B,589009,P3,F2,0.0,0.8831952169988514
GGG,2014B,589053,P3,F2,0.0,0.8828036875811366
GGG,2014B,589973,P3,F2,1.0,0.5997414993760699
GGG,2014B,590445,P3,F2,0.0,0.8219777899742656
GGG,2014B,590739,P3,F2,1.0,0.9108020537123228
GGG,2014B,590758,P3,F2,1.0,0.9287328047349445
GGG,2014B,591563,P3,F2,0.0,0.8610261940358321
GGG,2014B,592001,P3,F2,1.0,0.8799919923375924
GGG,2014B,592190,P3,F2,0.0,0.8790141105032646
GGG,2014B,593121,P3,F2,0.0,0.9152021288002918
GGG,2014B,593785,P3,F2,0.0,0.8504163666227346
GGG,2014B,593965,P3,F2,0.0,0.6998127865874892
GGG,2014B,594167,P3,F2,0.0,0.8099658478077383
GGG,2014B,594723,P3,F2,0.0,0.8827407792340446
GGG,2014B,594908,P3,F2,1.0,0.9180231498208122
GGG,2014B,595102,P3,F2,0.0,0.9112788356477095
GGG,2014B,595343,P3,F2,0.0,0.8640119770740319
GGG,2014B,595572,P3,F2,0.0,0.8803220691169598
GGG,2014B,596307,P3,F2,1.0,0.9165893316350225
GGG,2014B,596382,P3,F2,1.0,0.8474035828535721
GGG,2014B,596513,P3,F2,0.0,0.7159329535779909
GGG,2014B,596588,P3,F2,0.0,0.8809053766975792
GGG,2014B,596751,P3,F2,0.0,0.6983157637669836
GGG,2014B,597010,P3,F2,0.0,0.88070843367216
GGG,2014B,597037,P3,F2,1.0,0.8295331141579394
GGG,2014B,598017,P3,F2,0.0,0.6859837433270483
GGG,2014B,598127,P3,F2,1.0,0.6989712775927303
GGG,2014B,598496,P3,F2,1.0,0.9102749540825555
GGG,2014B,598564,P3,F2,1.0,0.891551226687252
GGG,2014B,599144,P3,F2,0.0,0.7894890825034759
GGG,2014B,599276,P3,F2,0.0,0.6817785670618207
GGG,2014B,599277,P3,F2,1.0,0.8516915316058616
GGG,2014B,599467,P3,F2,0.0,0.8907615912281056
GGG,2014B,599620,P3,F2,0.0,0.654571826557018
GGG,2014B,600035,P3,F2,0.0,0.8285678226268505
GGG,2014B,600390,P3,F2,1.0,0.8890774149946228
GGG,2014B,600714,P3,F2,0.0,0.7832250400533955
GGG,2014B,601064,P3,F2,0.0,0.7310807635727511
GGG,2014B,602045,P3,F2,0.0,0.8080211643081179
GGG,2014B,602061,P3,F2,1.0,0.9246740329353093
GGG,2014B,602616,P3,F2,1.0,0.9201482441104154
GGG,2014B,602655,P3,F2,0.0,0.7959605628595492
GGG,2014B,602858,P3,F2,1.0,0.927843760368546
GGG,2014B,603064,P3,F2,1.0,0.813855886376509
GGG,2014B,603612,P3,F2,1.0,0.7339586741589219
GGG,2014B,603921,P3,F2,0.0,0.877117767821759
GGG,2014B,604482,P3,F2,1.0,0.9073094298688313
GGG,2014B,604504,P3,F2,0.0,0.8879608236639643
GGG,2014B,604901,P3,F2,0.0,0.8529769969631071
GGG,2014B,605176,P3,F2,1.0,0.8697008882583276
GGG,2014B,605375,P3,F2,0.0,0.8395254866796988
GGG,2014B,605445,P3,F2,0.0,0.88668914333464
GGG,2014B,605556,P3,F2,0.0,0.8405962195193118
GGG,2014B,605702,P3,F2,1.0,0.8318754535524125
GGG,2014B,605828,P3,F2,0.0,0.8979671278207373
GGG,2014B,606101,P3,F2,0.0,0.8592215836131183
GGG,2014B,606175,P3,F2,0.0,0.7646238357317557
GGG,2014B,606274,P3,F2,1.0,0.8924260782429368
GGG,2014B,606296,P3,F2,0.0,0.8442483370354704
GGG,2014B,606389,P3,F2,0.0,0.7569677313501973
GGG,2014B,606602,P3,F2,1.0,0.9390423732135336
GGG,2014B,606705,P3,F2,1.0,0.8946185574173117
GGG,2014B,606707,P3,F2,0.0,0.782282967574377
GGG,2014B,606858,P3,F2,0.0,0.7113481431365964
GGG,2014B,607235,P3,F2,0.0,0.8021466808989238
GGG,2014B,607530,P3,F2,0.0,0.8861749908277806
GGG,2014B,607536,P3,F2,0.0,0.7610630426693424
GGG,2014B,607547,P3,F2,0.0,0.795860554468764
GGG,2014B,607762,P3,F2,0.0,0.7647498133510943
GGG,2014B,608109,P3,F2,0.0,0.8066045315060157
GGG,2014B,608221,P3,F2,1.0,0.8652993603164457
GGG,2014B,608263,P3,F2,0.0,0.9157900249879876
GGG,2014B,608292,P3,F2,0.0,0.6564999806244881
GGG,2014B,608596,P3,F2,0.0,0.904962526690338
GGG,2014B,608628,P3,F2,1.0,0.8993108359482568
GGG,2014B,608649,P3,F2,1.0,0.8963616367510707
GGG,2014B,608907,P3,F2,0.0,0.9243682966051802
GGG,2014B,609297,P3,F2,0.0,0.8507192236852607
GGG,2014B,609326,P3,F2,0.0,0.8750288830911653
GGG,2014B,609365,P3,F2,1.0,0.8794567033587332
GGG,2014B,609754,P3,F2,0.0,0.6749468507878988
GGG,2014B,610127,P3,F2,0.0,0.8941290562299549
GGG,2014B,610336,P3,F2,1.0,0.8795048985575458
GGG,2014B,610398,P3,F2,0.0,0.7985053639538473
GGG,2014B,610461,P3,F2,1.0,0.8965534945779864
GGG,2014B,610917,P3,F2,1.0,0.8521850171317992
GGG,2014B,610967,P3,F2,1.0,0.8343712707665379
GGG,2014B,611195,P3,F2,0.0,0.7792361031482847
GGG,2014B,611489,P3,F2,0.0,0.772946504978942
GGG,2014B,611496,P3,F2,0.0,0.6798495390078602
GGG,2014B,611534,P3,F2,1.0,0.8806244197776513
GGG,2014B,611612,P3,F2,0.0,0.8447263365017619
GGG,2014B,611629,P3,F2,1.0,0.8663555228616612
GGG,2014B,611962,P3,F2,0.0,0.8590135326847689
GGG,2014B,612002,P3,F2,0.0,0.7613046905637383
GGG,2014B,612039,P3,F2,0.0,0.8470963620439725
GGG,2014B,612089,P3,F2,1.0,0.8530884767018496
GGG,2014B,612149,P3,F2,1.0,0.7959537691408733
GGG,2014B,612207,P3,F2,1.0,0.8982738910858242
GGG,2014B,612319,P3,F2,0.0,0.8197847383760827
GGG,2014B,612363,P3,F2,1.0,0.8512498353931623
GGG,2014B,612385,P3,F2,1.0,0.8440741585294042
GGG,2014B,612459,P3,F2,1.0,0.8932429016439116
GGG,2014B,612565,P3,F2,0.0,0.8251511779947891
GGG,2014B,612620,P3,F2,1.0,0.9037376277643204
GGG,2014B,612621,P3,F2,0.0,0.8595890399283262
GGG,2014B,612690,P3,F2,0.0,0.8309983718736628
GGG,2014B,612711,P3,F2,1.0,0.8982738910858242
GGG,2014B,612797,P3,F2,0.0,0.7908561783481652
GGG,2014B,612870,P3,F2,0.0,0.7334326775891602
GGG,2014B,612903,P3,F2,0.0,0.8295359627547171
GGG,2014B,612929,P3,F2,1.0,0.7208591805907458
GGG,2014B,613015,P3,F2,0.0,0.7620727410488186
GGG,2014B,613039,P3,F2,1.0,0.7604398249418234
GGG,2014B,613131,P3,F2,0.0,0.8024688169237749
GGG,2014B,613227,P3,F2,1.0,0.9051548802917097
GGG,2014B,613235,P3,F2,0.0,0.8515605831758206
GGG,2014B,613300,P3,F2,0.0,0.8287743719904188
GGG,2014B,613407,P3,F2,1.0,0.8705804570347672
GGG,2014B,613611,P3,F2,1.0,0.8277930524146487
GGG,2014B,613616,P3,F2,1.0,0.8337125199867779
GGG,2014B,613639,P3,F2,1.0,0.8696691513451418
GGG,2014B,613646,P3,F2,0.0,0.8345460143262754
GGG,2014B,613675,P3,F2,1.0,0.8865204143361033
GGG,2014B,613683,P3,F2,0.0,0.8361397089704028
GGG,2014B,613691,P3,F2,0.0,0.6732599785271559
GGG,2014B,613720,P3,F2,0.0,0.9074586111344106
GGG,2014B,613972,P3,F2,1.0,0.8895141418316668
GGG,2014B,613981,P3,F2,1.0,0.8467659671313236
GGG,2014B,613988,P3,F2,0.0,0.8202050549685163
GGG,2014B,613993,P3,F2,1.0,0.8928469629310073
GGG,2014B,614073,P3,F2,1.0,0.8926485093900707
GGG,2014B,614129,P3,F2,1.0,0.8109576946761491
GGG,2014B,614142,P3,F2,1.0,0.8168563760043772
GGG,2014B,614162,P3,F2,0.0,0.8423174996416535
GGG,2014B,614204,P3,F2,1.0,0.8487394233195857
GGG,2014B,614224,P3,F2,1.0,0.8926451890470849
GGG,2014B,614233,P3,F2,1.0,0.8300113252514872
GGG,2014B,614249,P3,F2,1.0,0.8904441047426903
GGG,2014B,614398,P3,F2,0.0,0.7900355637917567
GGG,2014B,614419,P3,F2,1.0,0.8499878899096575
GGG,2014B,614424,P3,F2,0.0,0.7294171222758906
GGG,2014B,614571,P3,F2,0.0,0.8633457583794988
GGG,2014B,614582,P3,F2,0.0,0.7981004283737393
GGG,2014B,614892,P3,F2,0.0,0.8007913518836753
GGG,2014B,614893,P3,F2,0.0,0.1832922749974956
GGG,2014B,615001,P3,F2,0.0,0.9091484050584975
GGG,2014B,615078,P3,F2,0.0,0.7741691902166956
GGG,2014B,615085,P3,F2,1.0,0.9028077546249698
GGG,2014B,615103,P3,F2,1.0,0.8815038338750889
GGG,2014B,615283,P3,F2,1.0,0.8055768122861905
GGG,2014B,615300,P3,F2,0.0,0.8918524810132222
GGG,2014B,615327,P3,F2,0.0,0.8208859040662954
GGG,2014B,615377,P3,F2,0.0,0.8404281563855582
GGG,2014B,615401,P3,F2,1.0,0.852865777791283
GGG,2014B,615404,P3,F2,1.0,0.879502390219055
GGG,2014B,615425,P3,F2,0.0,0.8151657859879512
GGG,2014B,616338,P3,F2,0.0,0.909257690669936
GGG,2014B,616457,P3,F2,0.0,0.7730317302340924
GGG,2014B,616512,P3,F2,0.0,0.72560007481329
GGG,2014B,616595,P3,F2,0.0,0.651583267070948
GGG,2014B,616629,P3,F2,0.0,0.6575747947503471
GGG,2014B,616672,P3,F2,0.0,0.7233359550171583
GGG,2014B,616706,P3,F2,0.0,0.6327284188356515
GGG,2014B,616727,P3,F2,0.0,0.7099733724511355
GGG,2014B,616728,P3,F2,1.0,0.8710923845999199
GGG,2014B,616742,P3,F2,0.0,0.8044143363478694
GGG,2014B,616851,P3,F2,0.0,0.6537553252405011
GGG,2014B,616866,P3,F2,0.0,0.8724714992796132
GGG,2014B,617107,P3,F2,1.0,0.9003891472561588
GGG,2014B,617114,P3,F2,1.0,0.8599886715551276
GGG,2014B,617133,P3,F2,1.0,0.9138380385017041
GGG,2014B,617238,P3,F2,1.0,0.9069704946485442
GGG,2014B,617346,P3,F2,1.0,0.8652776085477416
GGG,2014B,617347,P3,F2,1.0,0.8946185574173117
GGG,2014B,617391,P3,F2,0.0,0.8586718859435011
GGG,2014B,617470,P3,F2,0.0,0.8038960051463448
GGG,2014B,617578,P3,F2,0.0,0.8272853360860086
GGG,2014B,617611,P3,F2,1.0,0.8234681040779653
GGG,2014B,617700,P3,F2,0.0,0.8807858088311749
GGG,2014B,617745,P3,F2,0.0,0.9067176780153214
GGG,2014B,617883,P3,F2,1.0,0.7455569506047408
GGG,2014B,617886,P3,F2,0.0,0.7737943133866285
GGG,2014B,617889,P3,F2,1.0,0.8469320079707976
GGG,2014B,617909,P3,F2,0.0,0.8493300351560875
GGG,2014B,618024,P3,F2,1.0,0.8996855736598302
GGG,2014B,618088,P3,F2,0.0,0.827926918617983
GGG,2014B,618119,P3,F2,1.0,0.8646063635730403
GGG,2014B,618176,P3,F2,0.0,0.8788012039493561
GGG,2014B,618244,P3,F2,0.0,0.7504102537968236
GGG,2014B,618338,P3,F2,0.0,0.8834177383145081
GGG,2014B,618444,P3,F2,1.0,0.809088770831279
GGG,2014B,618579,P3,F2,0.0,0.8846202139916186
GGG,2014B,618621,P3,F2,0.0,0.8055611335613148
GGG,2014B,618767,P3,F2,0.0,0.850877570477528
GGG,2014B,618846,P3,F2,1.0,0.8507116152076692
GGG,2014B,618887,P3,F2,0.0,0.6543187092548817
GGG,2014B,618893,P3,F2,0.0,0.8845739854938436
GGG,2014B,619013,P3,F2,1.0,0.8481382389979201
GGG,2014B,619107,P3,F2,1.0,0.8954946291039074
GGG,2014B,619212,P3,F2,0.0,0.8065578882729089
GGG,2014B,619284,P3,F2,1.0,0.9160228515194822
GGG,2014B,619363,P3,F2,0.0,0.6603590424802331
GGG,2014B,619478,P3,F2,1.0,0.8567244360803106
GGG,2014B,619481,P3,F2,0.0,0.6142583331253519
GGG,2014B,619483,P3,F2,0.0,0.8205357661065914
GGG,2014B,619520,P3,F2,1.0,0.9196330192147745
GGG,2014B,619926,P3,F2,1.0,0.8949048708239927
GGG,2014B,619945,P3,F2,1.0,0.677430860964602
GGG,2014B,619952,P3,F2,0.0,0.8304869471535371
GGG,2014B,620179,P3,F2,0.0,0.8934403875419975
GGG,2014B,620190,P3,F2,0.0,0.9140384016845884
GGG,2014B,620197,P3,F2,0.0,0.7055478912725812
GGG,2014B,620218,P3,F2,1.0,0.8666744847546961
GGG,2014B,620317,P3,F2,0.0,0.7445248355328714
GGG,2014B,620460,P3,F2,0.0,0.7426696036954606
GGG,2014B,620490,P3,F2,0.0,0.8954946291039074
GGG,2014B,620522,P3,F2,0.0,0.864888865746644
GGG,2014B,620552,P3,F2,1.0,0.8730135011158298
GGG,2014B,620561,P3,F2,0.0,0.7789191003619251
GGG,2014B,620564,P3,F2,0.0,0.9024925755342574
GGG,2014B,620590,P3,F2,0.0,0.7819064957310906
GGG,2014B,620629,P3,F2,1.0,0.832800893873928
GGG,2014B,620726,P3,F2,0.0,0.7634091807235213
GGG,2014B,620728,P3,F2,1.0,0.8418350402655899
GGG,2014B,620808,P3,F2,0.0,0.6624732630129445
GGG,2014B,620915,P3,F2,1.0,0.744733324483888
GGG,2014B,620946,P3,F2,0.0,0.6914553355314297
GGG,2014B,620982,P3,F2,0.0,0.8330098434400885
GGG,2014B,621017,P3,F2,1.0,0.8999720228755349
GGG,2014B,621025,P3,F2,1.0,0.9230188474175756
GGG,2014B,621319,P3,F2,1.0,0.800899666069174
GGG,2014B,621331,P3,F2,1.0,0.8357619143600347
GGG,2014B,621342,P3,F2,1.0,0.8017814260033962
GGG,2014B,621459,P3,F2,1.0,0.7487711119087663
GGG,2014B,621473,P3,F2,0.0,0.9027408245433463
GGG,2014B,621478,P3,F2,1.0,0.8761291493496189
GGG,2014B,621676,P3,F2,1.0,0.8781826611068925
GGG,2014B,621693,P3,F2,1.0,0.7888276305624286
GGG,2014B,621716,P3,F2,0.0,0.853070515284306
GGG,2014B,621755,P3,F2,0.0,0.7511412740494358
GGG,2014B,621888,P3,F2,1.0,0.8168255906628141
GGG,2014B,621923,P3,F2,0.0,0.8344640446828118
GGG,2014B,622074,P3,F2,0.0,0.8130508844680029
GGG,2014B,622166,P3,F2,0.0,0.8122854262166546
GGG,2014B,622245,P3,F2,0.0,0.677936908693222
GGG,2014B,622352,P3,F2,0.0,0.7937290850483619
GGG,2014B,622356,P3,F2,1.0,0.8597503729422099
GGG,2014B,622382,P3,F2,0.0,0.8440336193110964
GGG,2014B,622432,P3,F2,0.0,0.7844067617311297
GGG,2014B,622433,P3,F2,0.0,0.911562832184292
GGG,2014B,622480,P3,F2,1.0,0.759851822318192
GGG,2014B,622500,P3,F2,0.0,0.6629416661043546
GGG,2014B,622516,P3,F2,1.0,0.7818470779285703
GGG,2014B,622570,P3,F2,0.0,0.816975329922066
GGG,2014B,622618,P3,F2,1.0,0.8302859811786546
GGG,2014B,622646,P3,F2,1.0,0.7418260675068148
GGG,2014B,622886,P3,F2,1.0,0.8139970409905826
GGG,2014B,623010,P3,F2,0.0,0.6523893937526375
GGG,2014B,623029,P3,F2,1.0,0.9265455547918235
GGG,2014B,623072,P3,F2,0.0,0.7558650758139785
GGG,2014B,623081,P3,F2,0.0,0.8201453919224376
GGG,2014B,623322,P3,F2,1.0,0.8953005041689273
GGG,2014B,623335,P3,F2,0.0,0.8844287974222701
GGG,2014B,623416,P3,F2,0.0,0.8373856718203324
GGG,2014B,623442,P3,F2,0.0,0.8569027391777186
GGG,2014B,623457,P3,F2,0.0,0.8081241859207546
GGG,2014B,623495,P3,F2,0.0,0.8350591638947227
GGG,2014B,623575,P3,F2,0.0,0.771546703608171
GGG,2014B,623602,P3,F2,0.0,0.7953628102152982
GGG,2014B,623778,P3,F2,0.0,0.8879455251393701
GGG,2014B,623804,P3,F2,0.0,0.8293617015784978
GGG,2014B,623831,P3,F2,0.0,0.7048721011949985
GGG,2014B,623859,P3,F2,0.0,0.702553569422437
GGG,2014B,623903,P3,F2,0.0,0.7247425709684788
GGG,2014B,623909,P3,F2,1.0,0.8941290562299549
GGG,2014B,623919,P3,F2,0.0,0.8942543206322715
GGG,2014B,623953,P3,F2,1.0,0.8346037680939227
GGG,2014B,623988,P3,F2,0.0,0.9199194287711827
GGG,2014B,624099,P3,F2,1.0,0.8929882998770797
GGG,2014B,624199,P3,F2,1.0,0.7045156504982796
GGG,2014B,624226,P3,F2,0.0,0.787925002236299
GGG,2014B,624230,P3,F2,0.0,0.8995374550589689
GGG,2014B,624321,P3,F2,1.0,0.8922421804561638
GGG,2014B,624327,P3,F2,1.0,0.7924832125107986
GGG,2014B,624430,P3,F2,1.0,0.8608712356809506
GGG,2014B,624433,P3,F2,0.0,0.8541690794626804
GGG,2014B,624455,P3,F2,1.0,0.8831519001787057
GGG,2014B,624522,P3,F2,0.0,0.8986159668654861
GGG,2014B,624569,P3,F2,1.0,0.9150933902999441
GGG,2014B,624650,P3,F2,1.0,0.8202043716834061
GGG,2014B,624667,P3,F2,1.0,0.8880670542896633
GGG,2014B,624679,P3,F2,1.0,0.22716647700940293
GGG,2014B,624706,P3,F2,1.0,0.8862898315462556
GGG,2014B,624714,P3,F2,0.0,0.8476239876746378
GGG,2014B,624727,P3,F2,0.0,0.8996138520756999
GGG,2014B,624767,P3,F2,1.0,0.7256793086078785
GGG,2014B,624777,P3,F2,0.0,0.7869339721252584
GGG,2014B,624795,P3,F2,1.0,0.8557314205749752
GGG,2014B,624828,P3,F2,1.0,0.8711773033898537
GGG,2014B,624906,P3,F2,0.0,0.854564765593248
GGG,2014B,624912,P3,F2,0.0,0.7598891316077483
GGG,2014B,624938,P3,F2,0.0,0.723204404662938
GGG,2014B,625033,P3,F2,0.0,0.877203295410042
GGG,2014B,625089,P3,F2,0.0,0.9003489408965676
GGG,2014B,625106,P3,F2,1.0,0.8786742001671589
GGG,2014B,625376,P3,F2,0.0,0.770997497825633
GGG,2014B,625399,P3,F2,1.0,0.7594983762142357
GGG,2014B,625446,P3,F2,0.0,0.8034451020900217
GGG,2014B,625494,P3,F2,0.0,0.7286707300413925
GGG,2014B,625540,P3,F2,1.0,0.8738327116968556
GGG,2014B,625544,P3,F2,0.0,0.851976892101955
GGG,2014B,625545,P3,F2,0.0,0.6685348123219786
GGG,2014B,625603,P3,F2,0.0,0.8077696943154227
GGG,2014B,625649,P3,F2,0.0,0.8407256292381955
GGG,2014B,625651,P3,F2,0.0,0.7038276970477264
GGG,2014B,625676,P3,F2,1.0,0.8977994293867282
GGG,2014B,625722,P3,F2,0.0,0.8245144565578745
GGG,2014B,625775,P3,F2,1.0,0.7819632499467772
GGG,2014B,625875,P3,F2,0.0,0.8125491770455666
GGG,2014B,625903,P3,F2,0.0,0.8077658070627435
GGG,2014B,625912,P3,F2,0.0,0.8803387584677985
GGG,2014B,625930,P3,F2,1.0,0.8479167854939803
GGG,2014B,626023,P3,F2,0.0,0.7056112266056364
GGG,2014B,626091,P3,F2,0.0,0.7991171359635795
GGG,2014B,626092,P3,F2,1.0,0.9267005597091963
GGG,2014B,626096,P3,F2,1.0,0.9114074186529102
GGG,2014B,626145,P3,F2,0.0,0.9031803506852804
GGG,2014B,626159,P3,F2,0.0,0.6066828209650648
GGG,2014B,626213,P3,F2,1.0,0.8979426103517933
GGG,2014B,626256,P3,F2,0.0,0.7925712768738212
GGG,2014B,626282,P3,F2,0.0,0.792704609419825
GGG,2014B,626287,P3,F2,0.0,0.6632251603623404
GGG,2014B,626306,P3,F2,0.0,0.8806481920557485
GGG,2014B,626307,P3,F2,1.0,0.8102679334161408
GGG,2014B,626317,P3,F2,1.0,0.7552842074673889
GGG,2014B,626372,P3,F2,0.0,0.8977994293867282
GGG,2014B,626379,P3,F2,0.0,0.7442429972735072
GGG,2014B,626585,P3,F2,0.0,0.7981139380770642
GGG,2014B,626589,P3,F2,0.0,0.8284925810392182
GGG,2014B,626618,P3,F2,1.0,0.8708380494658784
GGG,2014B,626629,P3,F2,1.0,0.8108866669953441
GGG,2014B,626667,P3,F2,1.0,0.7670888145006586
GGG,2014B,626675,P3,F2,1.0,0.899624581504614
GGG,2014B,626708,P3,F2,0.0,0.9059215872420872
GGG,2014B,626751,P3,F2,1.0,0.8692598683032865
GGG,2014B,626927,P3,F2,1.0,0.8993327091043275
GGG,2014B,626940,P3,F2,1.0,0.8604984516547
GGG,2014B,626982,P3,F2,0.0,0.927396754621493
GGG,2014B,627043,P3,F2,1.0,0.88136763348276
GGG,2014B,627050,P3,F2,0.0,0.8993108359482568
GGG,2014B,627057,P3,F2,0.0,0.9075331756135915
GGG,2014B,627076,P3,F2,1.0,0.7809491748620745
GGG,2014B,627217,P3,F2,0.0,0.8324443691939217
GGG,2014B,627251,P3,F2,0.0,0.8532869206264635
GGG,2014B,627264,P3,F2,0.0,0.7481055912946708
GGG,2014B,627327,P3,F2,0.0,0.9189592043551658
GGG,2014B,627330,P3,F2,0.0,0.787688866900727
GGG,2014B,627441,P3,F2,1.0,0.8335429819331829
GGG,2014B,627530,P3,F2,0.0,0.8669638149085958
GGG,2014B,627597,P3,F2,0.0,0.7234609311525448
GGG,2014B,627661,P3,F2,0.0,0.7926027721544541
GGG,2014B,627764,P3,F2,0.0,0.9293076865248847
GGG,2014B,627773,P3,F2,0.0,0.8417433018292537
GGG,2014B,627787,P3,F2,0.0,0.8309351524494646
GGG,2014B,627812,P3,F2,1.0,0.9228579123725728
GGG,2014B,627821,P3,F2,0.0,0.8201396488928407
GGG,2014B,627827,P3,F2,1.0,0.8863587683848829
GGG,2014B,627834,P3,F2,0.0,0.7756891856417178
GGG,2014B,627843,P3,F2,1.0,0.8101821519997863
GGG,2014B,627895,P3,F2,0.0,0.8725173882672215
GGG,2014B,627901,P3,F2,0.0,0.8691433914051605
GGG,2014B,627973,P3,F2,1.0,0.7435783550591062
GGG,2014B,628189,P3,F2,1.0,0.8935746228288192
GGG,2014B,628217,P3,F2,1.0,0.8042776982987846
GGG,2014B,628227,P3,F2,0.0,0.9067226631699523
GGG,2014B,628245,P3,F2,1.0,0.896267952554015
GGG,2014B,628280,P3,F2,0.0,0.9088912296288124
GGG,2014B,628316,P3,F2,0.0,0.8907520742898949
GGG,2014B,628365,P3,F2,1.0,0.8993986890603176
GGG,2014B,628367,P3,F2,0.0,0.8984100835625395
GGG,2014B,628369,P3,F2,0.0,0.7524578351069153
GGG,2014B,628455,P3,F2,0.0,0.8256055939071896
GGG,2014B,628495,P3,F2,0.0,0.7782052892271005
GGG,2014B,628530,P3,F2,0.0,0.8925513677275289
GGG,2014B,628538,P3,F2,1.0,0.8371472947090303
GGG,2014B,628545,P3,F2,0.0,0.711997242765813
GGG,2014B,628598,P3,F2,0.0,0.7347724640449222
GGG,2014B,628630,P3,F2,0.0,0.896365489081189
GGG,2014B,628653,P3,F2,1.0,0.8389153847164714
GGG,2014B,628669,P3,F2,0.0,0.7258505054328757
GGG,2014B,628712,P3,F2,0.0,0.7523404316386106
GGG,2014B,628715,P3,F2,1.0,0.8423930010916434
GGG,2014B,628722,P3,F2,1.0,0.8339945268100293
GGG,2014B,628759,P3,F2,1.0,0.8357438305776097
GGG,2014B,628849,P3,F2,1.0,0.8815586628488118
GGG,2014B,628851,P3,F2,1.0,0.919113118155574
GGG,2014B,628869,P3,F2,0.0,0.8593304651576156
GGG,2014B,628870,P3,F2,0.0,0.7208582202575474
GGG,2014B,628881,P3,F2,0.0,0.9172796797427684
GGG,2014B,628929,P3,F2,0.0,0.83949504657153
GGG,2014B,628931,P3,F2,0.0,0.777621627898532
GGG,2014B,629153,P3,F2,0.0,0.8214068493524126
GGG,2014B,629198,P3,F2,0.0,0.8268536046292165
GGG,2014B,629310,P3,F2,1.0,0.73789127144829
GGG,2014B,629387,P3,F2,1.0,0.9540980613304493
GGG,2014B,629514,P3,F2,1.0,0.8381041111042411
GGG,2014B,629537,P3,F2,1.0,0.8877954845158753
GGG,2014B,629542,P3,F2,1.0,0.9115909182036245
GGG,2014B,629580,P3,F2,1.0,0.8619892295031675
GGG,2014B,629633,P3,F2,0.0,0.7762546625867719
GGG,2014B,629736,P3,F2,0.0,0.725867016904791
GGG,2014B,629745,P3,F2,1.0,0.8040705431451849
GGG,2014B,629772,P3,F2,0.0,0.8951319555442919
GGG,2014B,629777,P3,F2,0.0,0.7910463205434296
GGG,2014B,629779,P3,F2,0.0,0.8724468230751418
GGG,2014B,629813,P3,F2,1.0,0.885496388771151
GGG,2014B,629820,P3,F2,0.0,0.8227214394069876
GGG,2014B,629853,P3,F2,0.0,0.8002041372371057
GGG,2014B,629960,P3,F2,1.0,0.8931484085355046
GGG,2014B,629961,P3,F2,1.0,0.7649470115494545
GGG,2014B,629963,P3,F2,1.0,0.8937058225411048
GGG,2014B,629978,P3,F2,1.0,0.8988406660183216
GGG,2014B,629990,P3,F2,1.0,0.8315095455225808
GGG,2014B,630008,P3,F2,1.0,0.8807696224541136
GGG,2014B,630099,P3,F2,0.0,0.7963067025327962
GGG,2014B,630108,P3,F2,0.0,0.6960521003593528
GGG,2014B,630133,P3,F2,1.0,0.8982193366459141
GGG,2014B,630149,P3,F2,1.0,0.8996571523322285
GGG,2014B,630156,P3,F2,1.0,0.8994046367574378
GGG,2014B,630169,P3,F2,1.0,0.8996855736598302
GGG,2014B,630203,P3,F2,1.0,0.9113101583303311
GGG,2014B,630219,P3,F2,0.0,0.8314952685145444
GGG,2014B,630221,P3,F2,0.0,0.804175433510833
GGG,2014B,630240,P3,F2,1.0,0.8976994621894047
GGG,2014B,630242,P3,F2,1.0,0.8794052341289569
GGG,2014B,630446,P3,F2,0.0,0.8388965147761601
GGG,2014B,630496,P3,F2,0.0,0.7935578478765046
GGG,2014B,630522,P3,F2,0.0,0.9003383834455959
GGG,2014B,630569,P3,F2,0.0,0.8195032569013554
GGG,2014B,630762,P3,F2,1.0,0.8486100291737115
GGG,2014B,630770,P3,F2,0.0,0.8536530250992015
GGG,2014B,630776,P3,F2,1.0,0.7452472918028529
GGG,2014B,630787,P3,F2,0.0,0.7612864534413707
GGG,2014B,630788,P3,F2,0.0,0.7956197948519855
GGG,2014B,630834,P3,F2,0.0,0.7828111700833711
GGG,2014B,630841,P3,F2,0.0,0.6879283868651311
GGG,2014B,630863,P3,F2,0.0,0.8996855736598302
GGG,2014B,630881,P3,F2,0.0,0.7520401389464585
GGG,2014B,630946,P3,F2,0.0,0.5084098027353658
GGG,2014B,631033,P3,F2,0.0,0.8600319013479198
GGG,2014B,631189,P3,F2,1.0,0.7721154705381493
GGG,2014B,631201,P3,F2,0.0,0.7761313331229743
GGG,2014B,631212,P3,F2,1.0,0.8232437436216612
GGG,2014B,631277,P3,F2,0.0,0.8803590914155613
GGG,2014B,631290,P3,F2,0.0,0.7332706541272761
GGG,2014B,631392,P3,F2,0.0,0.792279836196194
GGG,2014B,631446,P3,F2,1.0,0.8076439481584875
GGG,2014B,631454,P3,F2,0.0,0.7139440094465664
GGG,2014B,631542,P3,F2,0.0,0.652566354732711
GGG,2014B,631693,P3,F2,1.0,0.8043505129277752
GGG,2014B,631753,P3,F2,0.0,0.7127165434178527
GGG,2014B,631756,P3,F2,1.0,0.8617607555120982
GGG,2014B,631786,P3,F2,0.0,0.8261526304144924
GGG,2014B,631788,P3,F2,1.0,0.8996855736598302
GGG,2014B,631935,P3,F2,0.0,0.8351395704887193
GGG,2014B,631953,P3,F2,0.0,0.7527748084827814
GGG,2014B,631978,P3,F2,1.0,0.8254370429641541
GGG,2014B,631992,P3,F2,1.0,0.8988806157333552
GGG,2014B,632152,P3,F2,1.0,0.8557180070986883
GGG,2014B,632153,P3,F2,0.0,0.8738357220120413
GGG,2014B,632210,P3,F2,1.0,0.8799167289494186
GGG,2014B,632267,P3,F2,1.0,0.8267159528819178
GGG,2014B,632475,P3,F2,0.0,0.7843718030033489
GGG,2014B,632483,P3,F2,0.0,0.7062046107204136
GGG,2014B,632485,P3,F2,0.0,0.7968669995452177
GGG,2014B,632512,P3,F2,0.0,0.7748231456106122
GGG,2014B,632514,P3,F2,0.0,0.8772724606143328
GGG,2014B,632526,P3,F2,0.0,0.8732967564207302
GGG,2014B,632543,P3,F2,0.0,0.6503141132725758
GGG,2014B,632558,P3,F2,1.0,0.8268600351490674
GGG,2014B,632559,P3,F2,0.0,0.8304256822084438
GGG,2014B,632569,P3,F2,0.0,0.8857198810694569
GGG,2014B,632577,P3,F2,1.0,0.8994983599484018
GGG,2014B,632613,P3,F2,1.0,0.9023109205116742
GGG,2014B,632619,P3,F2,0.0,0.899068851052794
GGG,2014B,632631,P3,F2,1.0,0.8702686586030871
GGG,2014B,632638,P3,F2,1.0,0.8586847775860357
GGG,2014B,632640,P3,F2,0.0,0.8681871206273302
GGG,2014B,632667,P3,F2,0.0,0.826042864154149
GGG,2014B,632673,P3,F2,0.0,0.7511160178756753
GGG,2014B,632675,P3,F2,0.0,0.8845096842375273
GGG,2014B,632687,P3,F2,0.0,0.9404990223695839
GGG,2014B,632936,P3,F2,0.0,0.7389835610393777
GGG,2014B,632959,P3,F2,0.0,0.815345190886422
GGG,2014B,632966,P3,F2,1.0,0.9012343918998488
GGG,2014B,632989,P3,F2,0.0,0.8368266561930363
GGG,2014B,633026,P3,F2,1.0,0.7985540690811632
GGG,2014B,633096,P3,F2,1.0,0.8836386433041116
GGG,2014B,633098,P3,F2,0.0,0.8797795566432307
GGG,2014B,633118,P3,F2,0.0,0.7997515588378591
GGG,2014B,633123,P3,F2,0.0,0.823183228153956
GGG,2014B,633209,P3,F2,0.0,0.8542862724570589
GGG,2014B,633285,P3,F2,1.0,0.881343891845258
GGG,2014B,633389,P3,F2,1.0,0.8253219374274836
GGG,2014B,633417,P3,F2,0.0,0.6792888995407609
GGG,2014B,633429,P3,F2,0.0,0.8736605061432764
GGG,2014B,633435,P3,F2,1.0,0.8205326779194675
GGG,2014B,633436,P3,F2,1.0,0.8883579322166991
GGG,2014B,633448,P3,F2,1.0,0.7351889225808188
GGG,2014B,633453,P3,F2,0.0,0.7117581053257526
GGG,2014B,633459,P3,F2,0.0,0.7957498946302706
GGG,2014B,633464,P3,F2,0.0,0.4727779666769228
GGG,2014B,633474,P3,F2,0.0,0.8174147052700348
GGG,2014B,633498,P3,F2,1.0,0.7621224243211151
GGG,2014B,633514,P3,F2,0.0,0.8014481935640034
GGG,2014B,633515,P3,F2,1.0,0.8789607481482683
GGG,2014B,633569,P3,F2,1.0,0.9003383834455959
GGG,2014B,633585,P3,F2,1.0,0.864117125074749
GGG,2014B,633588,P3,F2,0.0,0.6561369311453752
GGG,2014B,633608,P3,F2,0.0,0.8102349883649161
GGG,2014B,633609,P3,F2,0.0,0.8383394000205173
GGG,2014B,633643,P3,F2,0.0,0.7580532038009252
GGG,2014B,633660,P3,F2,0.0,0.8215648617532288
GGG,2014B,633666,P3,F2,0.0,0.938187602707589
GGG,2014B,633682,P3,F2,0.0,0.8078529137137536
GGG,2014B,633683,P3,F2,0.0,0.8401155797986039
GGG,2014B,633685,P3,F2,0.0,0.5688184835840541
GGG,2014B,633690,P3,F2,0.0,0.9295825780619463
GGG,2014B,633747,P3,F2,0.0,0.907858199198991
GGG,2014B,633749,P3,F2,1.0,0.9298781453241137
GGG,2014B,633923,P3,F2,0.0,0.5992804146608414
GGG,2014B,633956,P3,F2,0.0,0.7340371369336782
GGG,2014B,633967,P3,F2,1.0,0.9005970236962645
GGG,2014B,633979,P3,F2,0.0,0.7393254145916356
GGG,2014B,634018,P3,F2,0.0,0.8926311028623213
GGG,2014B,634027,P3,F2,0.0,0.7926697262602234
GGG,2014B,634054,P3,F2,1.0,0.8613669814956851
GGG,2014B,634061,P3,F2,0.0,0.8118410004012507
GGG,2014B,634066,P3,F2,1.0,0.7760692437106967
GGG,2014B,634076,P3,F2,0.0,0.6389353159976768
GGG,2014B,634234,P3,F2,0.0,0.685891638812289
GGG,2014B,634258,P3,F2,0.0,0.6840151197248635
GGG,2014B,634273,P3,F2,1.0,0.868672517393435
GGG,2014B,634311,P3,F2,1.0,0.8524853244117765
GGG,2014B,634316,P3,F2,0.0,0.8804476312830123
GGG,2014B,634320,P3,F2,0.0,0.7786428295746123
GGG,2014B,634323,P3,F2,0.0,0.8556611497680652
GGG,2014B,634340,P3,F2,1.0,0.7911295641141689
GGG,2014B,634344,P3,F2,1.0,0.8488485958193221
GGG,2014B,634345,P3,F2,1.0,0.809088770831279
GGG,2014B,634347,P3,F2,1.0,0.9115224518311392
GGG,2014B,634369,P3,F2,0.0,0.8139584659064543
GGG,2014B,634404,P3,F2,0.0,0.8703242390422118
GGG,2014B,634444,P3,F2,1.0,0.8778380195011948
GGG,2014B,634461,P3,F2,1.0,0.8184404665898635
GGG,2014B,634470,P3,F2,0.0,0.7614325499029033
GGG,2014B,634494,P3,F2,1.0,0.856019486409113
GGG,2014B,634498,P3,F2,1.0,0.861243184167236
GGG,2014B,634503,P3,F2,0.0,0.7681959950385014
GGG,2014B,634529,P3,F2,0.0,0.8399466261821043
GGG,2014B,634530,P3,F2,0.0,0.8243327310037262
GGG,2014B,634547,P3,F2,0.0,0.9026536852173603
GGG,2014B,634551,P3,F2,0.0,0.7300681722379637
GGG,2014B,634562,P3,F2,1.0,0.75293787161886
GGG,2014B,634569,P3,F2,0.0,0.8677250767417256
GGG,2014B,634583,P3,F2,0.0,0.7188745730091375
GGG,2014B,634746,P3,F2,0.0,0.9256331417193088
GGG,2014B,634751,P3,F2,0.0,0.7964105024249372
GGG,2014B,634789,P3,F2,1.0,0.7155699897728955
GGG,2014B,634822,P3,F2,1.0,0.7807013775030002
GGG,2014B,634848,P3,F2,1.0,0.8162742371755007
GGG,2014B,634899,P3,F2,1.0,0.8371918197350859
GGG,2014B,634933,P3,F2,1.0,0.8433664670307093
GGG,2014B,634968,P3,F2,1.0,0.7826395503638824
GGG,2014B,634986,P3,F2,0.0,0.6650838657663998
GGG,2014B,635035,P3,F2,0.0,0.654391604602659
GGG,2014B,635052,P3,F2,0.0,0.718241398103191
GGG,2014B,635233,P3,F2,0.0,0.8127045941172117
GGG,2014B,635506,P3,F2,0.0,0.6942846771267399
GGG,2014B,635813,P3,F2,0.0,0.9000590716901489
GGG,2014B,635885,P3,F2,1.0,0.8997790642723885
GGG,2014B,1338955,P3,F2,1.0,0.8379919265562251
GGG,2014B,1413027,P3,F2,0.0,0.41349268813558326
GGG,2014B,1422737,P3,F2,0.0,0.8099463748664768
GGG,2014B,1860171,P3,F2,0.0,0.6333133951809332
GGG,2014B,1882021,P3,F2,0.0,0.8090983272098422
GGG,2014B,1897611,P3,F2,0.0,0.8527407699161846
GGG,2014B,1986312,P3,F2,1.0,0.8606228058970324
GGG,2014B,1994632,P3,F2,0.0,0.8173911093584961
GGG,2014B,2067555,P3,F2,0.0,0.8458669165627279
GGG,2014B,2081937,P3,F2,0.0,0.7001349402048819
GGG,2014B,2082945,P3,F2,0.0,0.8234283102607041
GGG,2014B,2135315,P3,F2,0.0,0.8407314688434279
GGG,2014B,2237813,P3,F2,1.0,0.8463957589185201
GGG,2014B,2252963,P3,F2,0.0,0.8568454036976917
GGG,2014B,2262510,P3,F2,0.0,0.8807605201754786
GGG,2014B,2264282,P3,F2,1.0,0.8847807690941705
GGG,2014B,2272474,P3,F2,0.0,0.8235775823329313
GGG,2014B,2322120,P3,F2,1.0,0.8367944193978303
GGG,2014B,2351589,P3,F2,0.0,0.7367954952651935
GGG,2014B,2392554,P3,F2,0.0,0.8121344695529931
GGG,2014B,2410140,P3,F2,1.0,0.8517905022678431
GGG,2014B,2445562,P3,F2,0.0,0.8804350297752966
GGG,2014B,2452045,P3,F2,0.0,0.895678090506763
GGG,2014B,2477545,P3,F2,1.0,0.8427992861610053
GGG,2014B,2526485,P3,F2,0.0,0.6835958523750384
GGG,2014B,2533407,P3,F2,0.0,0.5471040917817067
GGG,2014B,2546763,P3,F2,1.0,0.8377104712586827
GGG,2014B,2563715,P3,F2,0.0,0.7322671384538861
GGG,2014B,2574822,P3,F2,1.0,0.7715859383360872
GGG,2014B,2574825,P3,F2,1.0,0.8231383844740358
GGG,2014B,2577437,P3,F2,1.0,0.8521881324746448
GGG,2014B,2619903,P3,F2,1.0,0.9078752402732921
GGG,2014B,2649914,P3,F2,0.0,0.8486555088382016
GGG,2014B,2658277,P3,F2,1.0,0.8142894657328524
GGG,2014B,2672138,P3,F2,0.0,0.7834113032391202
GGG,2014B,2677135,P3,F2,0.0,0.8446606688654574
GGG,2014B,2682002,P3,F2,0.0,0.891551226687252
GGG,2014B,2689480,P3,F2,0.0,0.6469485110355907
GGG,2014B,2695362,P3,F2,0.0,0.7509376707618385
BBB,2014B,25629,P3,F3,1.0,0.949834444565703
BBB,2014B,25997,P3,F3,1.0,0.9389455077713181
BBB,2014B,27891,P3,F3,1.0,0.94944391178628
BBB,2014B,38941,P3,F3,1.0,0.662401985971589
BBB,2014B,50069,P3,F3,1.0,0.2616137319539765
BBB,2014B,52426,P3,F3,1.0,0.7688064257673577
BBB,2014B,55968,P3,F3,1.0,0.43677964765719607
BBB,2014B,59725,P3,F3,0.0,0.15353465099245195
BBB,2014B,60416,P3,F3,0.0,0.4524610231753681
BBB,2014B,60830,P3,F3,0.0,0.26017611875977936
BBB,2014B,63721,P3,F3,0.0,0.33104428434064387
BBB,2014B,64275,P3,F3,0.0,0.509248076886347
BBB,2014B,72400,P3,F3,0.0,0.39580910394225155
BBB,2014B,78255,P3,F3,1.0,0.9560527714559691
BBB,2014B,80001,P3,F3,1.0,0.9377448942922441
BBB,2014B,88340,P3,F3,1.0,0.4272894325922928
BBB,2014B,89092,P3,F3,0.0,0.60594141141244
BBB,2014B,89778,P3,F3,0.0,0.3205379346549129
BBB,2014B,90361,P3,F3,0.0,0.461293065228647
BBB,2014B,92341,P3,F3,1.0,0.31423076839750147
BBB,2014B,97006,P3,F3,0.0,0.49314034895225
BBB,2014B,97865,P3,F3,1.0,0.5032030652168167
BBB,2014B,99799,P3,F3,0.0,0.33566969261625634
BBB,2014B,103535,P3,F3,0.0,0.6398900470513187
BBB,2014B,107713,P3,F3,1.0,0.512506140632251
BBB,2014B,108799,P3,F3,0.0,0.07478020231921394
BBB,2014B,115452,P3,F3,1.0,0.28940798737123613
BBB,2014B,117699,P3,F3,0.0,0.1714683974440042
BBB,2014B,119471,P3,F3,1.0,0.7117037708775009
BBB,2014B,123270,P3,F3,1.0,0.40656905596346726
BBB,2014B,123462,P3,F3,0.0,0.26754201055249727
BBB,2014B,125055,P3,F3,0.0,0.3951891837708626
BBB,2014B,126608,P3,F3,0.0,0.6357184615019014
BBB,2014B,126713,P3,F3,0.0,0.5578975531292099
BBB,2014B,130013,P3,F3,0.0,0.18007748683920552
BBB,2014B,132972,P3,F3,0.0,0.6549585396237726
BBB,2014B,139250,P3,F3,0.0,0.188714038048799
BBB,2014B,140719,P3,F3,1.0,0.4464554136422738
BBB,2014B,148427,P3,F3,0.0,0.19314845756391674
BBB,2014B,155631,P3,F3,0.0,0.33015341333018755
BBB,2014B,157276,P3,F3,0.0,0.2308626551125259
BBB,2014B,159293,P3,F3,0.0,0.12960993888572006
BBB,2014B,165904,P3,F3,0.0,0.17417494510497816
BBB,2014B,171751,P3,F3,0.0,0.45166410043192806
BBB,2014B,172137,P3,F3,0.0,0.24203667891632336
BBB,2014B,183287,P3,F3,1.0,0.5099183553426697
BBB,2014B,185021,P3,F3,0.0,0.565312024379946
BBB,2014B,186565,P3,F3,1.0,0.4348917724130116
BBB,2014B,187257,P3,F3,0.0,0.30167965484513826
BBB,2014B,187601,P3,F3,0.0,0.36098841325114506
BBB,2014B,189035,P3,F3,0.0,0.216666533574253
BBB,2014B,190352,P3,F3,1.0,0.8211220180494647
BBB,2014B,190565,P3,F3,0.0,0.6031005993918597
BBB,2014B,201431,P3,F3,0.0,0.2911364038674258
BBB,2014B,202394,P3,F3,0.0,0.257938317301958
BBB,2014B,206003,P3,F3,0.0,0.2627781650449455
BBB,2014B,226747,P3,F3,0.0,0.25731069958665
BBB,2014B,228481,P3,F3,0.0,0.20823014243359134
BBB,2014B,228784,P3,F3,0.0,0.4831077275587176
BBB,2014B,228824,P3,F3,0.0,0.3779022200298083
BBB,2014B,232539,P3,F3,0.0,0.25793017179189626
BBB,2014B,233095,P3,F3,0.0,0.29303794281705353
BBB,2014B,233102,P3,F3,0.0,0.2598017328194009
BBB,2014B,235380,P3,F3,1.0,0.36160316655265123
BBB,2014B,235428,P3,F3,1.0,0.9679535802185135
BBB,2014B,236161,P3,F3,0.0,0.3376959538876829
BBB,2014B,238519,P3,F3,1.0,0.26567634255477196
BBB,2014B,242390,P3,F3,1.0,0.40331571031438085
BBB,2014B,244064,P3,F3,0.0,0.31070645258100954
BBB,2014B,247292,P3,F3,0.0,0.3121566793981318
BBB,2014B,247513,P3,F3,0.0,0.09455937709449133
BBB,2014B,250123,P3,F3,0.0,0.3084748760648853
BBB,2014B,252652,P3,F3,0.0,0.9140375952732995
BBB,2014B,260955,P3,F3,1.0,0.7974382053826966
BBB,2014B,262294,P3,F3,1.0,0.9297053789875601
BBB,2014B,264106,P3,F3,0.0,0.8031350973184676
BBB,2014B,266744,P3,F3,1.0,0.9432477033935709
BBB,2014B,268301,P3,F3,0.0,0.12573465589833796
BBB,2014B,271467,P3,F3,1.0,0.6686806899642743
BBB,2014B,275006,P3,F3,1.0,0.5959739746197055
BBB,2014B,275112,P3,F3,1.0,0.9532468980460984
BBB,2014B,282713,P3,F3,0.0,0.21567185520391516
BBB,2014B,283131,P3,F3,1.0,0.3531517249633339
BBB,2014B,283564,P3,F3,1.0,0.4176532021428583
BBB,2014B,283978,P3,F3,1.0,0.9437934918360347
BBB,2014B,285567,P3,F3,0.0,0.13167681508312126
BBB,2014B,286914,P3,F3,0.0,0.13149538284987622
BBB,2014B,288967,P3,F3,0.0,0.1788167822885948
BBB,2014B,289108,P3,F3,0.0,0.5148178927610885
BBB,2014B,290914,P3,F3,0.0,0.8541568054922987
BBB,2014B,291844,P3,F3,0.0,0.3805325977775872
BBB,2014B,291848,P3,F3,1.0,0.6879683972531562
BBB,2014B,293992,P3,F3,0.0,0.380735973234959
BBB,2014B,294513,P3,F3,0.0,0.11477806261026552
BBB,2014B,295728,P3,F3,1.0,0.6279421134563553
BBB,2014B,296232,P3,F3,0.0,0.17739651970817105
BBB,2014B,297179,P3,F3,1.0,0.4477961254302223
BBB,2014B,299027,P3,F3,1.0,0.8938898910850126
BBB,2014B,304607,P3,F3,1.0,0.35363773543588073
BBB,2014B,305373,P3,F3,1.0,0.7729972769146141
BBB,2014B,307386,P3,F3,0.0,0.3392097478502222
BBB,2014B,308345,P3,F3,1.0,0.2356335683731275
BBB,2014B,311599,P3,F3,0.0,0.22414132016250615
BBB,2014B,311889,P3,F3,1.0,0.5596207692905077
BBB,2014B,313246,P3,F3,0.0,0.36346128600014055
BBB,2014B,318500,P3,F3,1.0,0.18667879439205232
BBB,2014B,318876,P3,F3,0.0,0.35479752231057127
BBB,2014B,319606,P3,F3,1.0,0.4818002555357208
BBB,2014B,320363,P3,F3,1.0,0.943114823423989
BBB,2014B,321121,P3,F3,0.0,0.45328974967567465
BBB,2014B,321142,P3,F3,1.0,0.9482588546167956
BBB,2014B,321346,P3,F3,0.0,0.40591926691120367
BBB,2014B,322325,P3,F3,1.0,0.3091835388138902
BBB,2014B,322509,P3,F3,0.0,0.33865815107425523
BBB,2014B,324907,P3,F3,0.0,0.2782666390682369
BBB,2014B,325080,P3,F3,0.0,0.21275300779470666
BBB,2014B,325308,P3,F3,0.0,0.46643207837220046
BBB,2014B,327003,P3,F3,0.0,0.2972399141965597
BBB,2014B,327641,P3,F3,0.0,0.37186306321221324
BBB,2014B,331156,P3,F3,0.0,0.7939909265329236
BBB,2014B,334023,P3,F3,0.0,0.3760141724622347
BBB,2014B,334565,P3,F3,0.0,0.08915530782637453
BBB,2014B,334981,P3,F3,0.0,0.7770406173100847
BBB,2014B,336356,P3,F3,0.0,0.2839029589552923
BBB,2014B,338168,P3,F3,1.0,0.3918034068236655
BBB,2014B,339381,P3,F3,0.0,0.15614971604077096
BBB,2014B,340831,P3,F3,0.0,0.7779153454832485
BBB,2014B,342017,P3,F3,1.0,0.2837449407100522
BBB,2014B,347864,P3,F3,1.0,0.49930593792230543
BBB,2014B,348771,P3,F3,1.0,0.6498662517448313
BBB,2014B,349258,P3,F3,1.0,0.564065405135028
BBB,2014B,352009,P3,F3,1.0,0.8434268661271305
BBB,2014B,352953,P3,F3,1.0,0.3931778000026578
BBB,2014B,354984,P3,F3,0.0,0.21793427670004042
BBB,2014B,355147,P3,F3,0.0,0.3188477158277523
BBB,2014B,355369,P3,F3,1.0,0.9396200492125283
BBB,2014B,355643,P3,F3,0.0,0.3742597934368784
BBB,2014B,356386,P3,F3,1.0,0.7038482906653489
BBB,2014B,358054,P3,F3,1.0,0.17405484715176903
BBB,2014B,358956,P3,F3,0.0,0.500300413456509
BBB,2014B,359438,P3,F3,0.0,0.43050652739398615
BBB,2014B,360190,P3,F3,1.0,0.8479321499931837
BBB,2014B,363110,P3,F3,0.0,0.37213603702151615
BBB,2014B,363396,P3,F3,0.0,0.12150061780876839
BBB,2014B,365111,P3,F3,1.0,0.24421174257130907
BBB,2014B,365488,P3,F3,1.0,0.6972020323459223
BBB,2014B,366936,P3,F3,1.0,0.36070352143777185
BBB,2014B,367535,P3,F3,0.0,0.5910665654878023
BBB,2014B,369715,P3,F3,0.0,0.726712975447594
BBB,2014B,370008,P3,F3,1.0,0.25578854598972695
BBB,2014B,372997,P3,F3,0.0,0.2728574861985608
BBB,2014B,374515,P3,F3,1.0,0.6687629798956066
BBB,2014B,374747,P3,F3,0.0,0.40508085598010163
BBB,2014B,375711,P3,F3,1.0,0.3276471978774883
BBB,2014B,375717,P3,F3,0.0,0.17905396504578128
BBB,2014B,376868,P3,F3,1.0,0.9714039824657291
BBB,2014B,377469,P3,F3,0.0,0.3043830562828883
BBB,2014B,380184,P3,F3,0.0,0.5720059075483164
BBB,2014B,380204,P3,F3,0.0,0.18410385628073306
BBB,2014B,381533,P3,F3,0.0,0.4252212434023739
BBB,2014B,381544,P3,F3,0.0,0.18393641266832816
BBB,2014B,381909,P3,F3,0.0,0.22473436266482277
BBB,2014B,381917,P3,F3,0.0,0.13874092386881318
BBB,2014B,383241,P3,F3,0.0,0.5263850118776071
BBB,2014B,383967,P3,F3,0.0,0.5032967092761484
BBB,2014B,384636,P3,F3,1.0,0.28800039137971173
BBB,2014B,384884,P3,F3,0.0,0.5612570418884221
BBB,2014B,386374,P3,F3,1.0,0.4347067472867257
BBB,2014B,389249,P3,F3,0.0,0.5192494738164788
BBB,2014B,391153,P3,F3,0.0,0.3475779175416594
BBB,2014B,391556,P3,F3,1.0,0.9595951687358586
BBB,2014B,392604,P3,F3,0.0,0.26081919877599125
BBB,2014B,392733,P3,F3,1.0,0.6633692778405427
BBB,2014B,393131,P3,F3,1.0,0.5232337035354985
BBB,2014B,394067,P3,F3,0.0,0.2797699284183407
BBB,2014B,394331,P3,F3,0.0,0.41473681374373444
BBB,2014B,394480,P3,F3,1.0,0.52574705890971
BBB,2014B,394520,P3,F3,0.0,0.6731563060652339
BBB,2014B,395374,P3,F3,0.0,0.21629048867405865
BBB,2014B,396456,P3,F3,0.0,0.2331061039312438
BBB,2014B,396799,P3,F3,0.0,0.3690834542740728
BBB,2014B,397312,P3,F3,1.0,0.28258960088942403
BBB,2014B,397747,P3,F3,0.0,0.681085370743599
BBB,2014B,397829,P3,F3,0.0,0.4549787074703792
BBB,2014B,401441,P3,F3,1.0,0.4276143137810965
BBB,2014B,405268,P3,F3,0.0,0.7894536314036413
BBB,2014B,406600,P3,F3,0.0,0.5569347606123476
BBB,2014B,406974,P3,F3,1.0,0.9043482310652498
BBB,2014B,407545,P3,F3,1.0,0.42892048589213194
BBB,2014B,408581,P3,F3,0.0,0.5918819680192763
BBB,2014B,411895,P3,F3,1.0,0.796016187223605
BBB,2014B,415298,P3,F3,1.0,0.9596357340201834
BBB,2014B,417263,P3,F3,0.0,0.28030279253501444
BBB,2014B,417684,P3,F3,0.0,0.2373765513748709
BBB,2014B,420663,P3,F3,0.0,0.4292050366635596
BBB,2014B,421326,P3,F3,1.0,0.6761867107699945
BBB,2014B,421992,P3,F3,1.0,0.4994283788397388
BBB,2014B,423652,P3,F3,0.0,0.35296701192909796
BBB,2014B,424014,P3,F3,0.0,0.678930649869335
BBB,2014B,424863,P3,F3,1.0,0.8641264937945492
BBB,2014B,429099,P3,F3,0.0,0.32848030498782504
BBB,2014B,429417,P3,F3,0.0,0.33299390631158965
BBB,2014B,429777,P3,F3,1.0,0.7306794018484191
BBB,2014B,430002,P3,F3,1.0,0.9507765866593831
BBB,2014B,432480,P3,F3,0.0,0.4153848331777666
BBB,2014B,435057,P3,F3,1.0,0.9427412078639446
BBB,2014B,435282,P3,F3,1.0,0.5538157614293995
BBB,2014B,437171,P3,F3,0.0,0.2373895122151461
BBB,2014B,437565,P3,F3,0.0,0.47814692828875394
BBB,2014B,438775,P3,F3,1.0,0.6683557374646106
BBB,2014B,439109,P3,F3,1.0,0.439003943916305
BBB,2014B,439710,P3,F3,0.0,0.11582386298888367
BBB,2014B,442497,P3,F3,1.0,0.7458533881442247
BBB,2014B,444221,P3,F3,1.0,0.4207519180568955
BBB,2014B,444561,P3,F3,0.0,0.23674796130174844
BBB,2014B,444858,P3,F3,1.0,0.5137446299724372
BBB,2014B,444872,P3,F3,0.0,0.2852520490591801
BBB,2014B,445136,P3,F3,1.0,0.30957351103350883
BBB,2014B,445415,P3,F3,0.0,0.21786452243656856
BBB,2014B,445494,P3,F3,0.0,0.15018747432842766
BBB,2014B,446296,P3,F3,1.0,0.48083859846962046
BBB,2014B,446650,P3,F3,0.0,0.4534397939251775
BBB,2014B,446755,P3,F3,0.0,0.2151327298136828
BBB,2014B,447184,P3,F3,0.0,0.670777895069742
BBB,2014B,447265,P3,F3,0.0,0.7267609248326243
BBB,2014B,447292,P3,F3,1.0,0.4701432396937638
BBB,2014B,465369,P3,F3,0.0,0.772030141701228
BBB,2014B,466377,P3,F3,1.0,0.3297575340513804
BBB,2014B,466856,P3,F3,0.0,0.7016087873242632
BBB,2014B,467100,P3,F3,1.0,0.2202255520706896
BBB,2014B,467303,P3,F3,0.0,0.3047756419786356
BBB,2014B,467580,P3,F3,0.0,0.46229923547846646
BBB,2014B,468349,P3,F3,1.0,0.4080768077474966
BBB,2014B,468529,P3,F3,1.0,0.47231711538995275
BBB,2014B,469177,P3,F3,0.0,0.18413130201459085
BBB,2014B,469664,P3,F3,1.0,0.9533278142847609
BBB,2014B,470113,P3,F3,0.0,0.3272024126421995
BBB,2014B,470331,P3,F3,1.0,0.4352770574840194
BBB,2014B,470693,P3,F3,0.0,0.08041273746149896
BBB,2014B,471157,P3,F3,1.0,0.9351626717605154
BBB,2014B,471925,P3,F3,0.0,0.4696193347978146
BBB,2014B,473095,P3,F3,1.0,0.5501974141925244
BBB,2014B,473509,P3,F3,1.0,0.6057098384240511
BBB,2014B,474607,P3,F3,1.0,0.8504802917218824
BBB,2014B,475981,P3,F3,0.0,0.3554794818246679
BBB,2014B,476037,P3,F3,1.0,0.9489974639731914
BBB,2014B,477779,P3,F3,1.0,0.34899199495031547
BBB,2014B,478242,P3,F3,0.0,0.4305496769976866
BBB,2014B,478317,P3,F3,1.0,0.8482549868536893
BBB,2014B,479738,P3,F3,0.0,0.4052260676602104
BBB,2014B,480372,P3,F3,0.0,0.7174870975078029
BBB,2014B,481150,P3,F3,0.0,0.23687547524308328
BBB,2014B,481947,P3,F3,1.0,0.7413971869115666
BBB,2014B,483031,P3,F3,0.0,0.24269848113796022
BBB,2014B,483411,P3,F3,1.0,0.9674673531459245
BBB,2014B,483468,P3,F3,0.0,0.16748564844003588
BBB,2014B,483485,P3,F3,0.0,0.6094795046119122
BBB,2014B,483921,P3,F3,1.0,0.4005845063881633
BBB,2014B,484821,P3,F3,1.0,0.9127754742499826
BBB,2014B,484983,P3,F3,1.0,0.19623075136827292
BBB,2014B,485180,P3,F3,0.0,0.3268717542487322
BBB,2014B,485262,P3,F3,0.0,0.24853591240847453
BBB,2014B,485675,P3,F3,1.0,0.783775355137812
BBB,2014B,485980,P3,F3,0.0,0.6999557789374788
BBB,2014B,486994,P3,F3,0.0,0.07748132130538081
BBB,2014B,487002,P3,F3,0.0,0.3254523238841317
BBB,2014B,487543,P3,F3,0.0,0.4721764055772983
BBB,2014B,489198,P3,F3,1.0,0.2756849182059928
BBB,2014B,490391,P3,F3,0.0,0.43442671188987964
BBB,2014B,492895,P3,F3,1.0,0.15451242076346522
BBB,2014B,492928,P3,F3,1.0,0.5933718245158867
BBB,2014B,493559,P3,F3,0.0,0.42571536100615404
BBB,2014B,494896,P3,F3,0.0,0.6905769761296913
BBB,2014B,495324,P3,F3,1.0,0.6196232807123154
BBB,2014B,495876,P3,F3,1.0,0.942579992475386
BBB,2014B,497872,P3,F3,1.0,0.5958520090738686
BBB,2014B,500279,P3,F3,1.0,0.7064995466528492
BBB,2014B,500395,P3,F3,1.0,0.7930295319324736
BBB,2014B,501095,P3,F3,0.0,0.1612906927846697
BBB,2014B,504352,P3,F3,1.0,0.3650221926917249
BBB,2014B,504967,P3,F3,1.0,0.6646517736909586
BBB,2014B,505248,P3,F3,1.0,0.3828130718180838
BBB,2014B,505899,P3,F3,0.0,0.4999588599593802
BBB,2014B,506622,P3,F3,0.0,0.33393228183445467
BBB,2014B,506650,P3,F3,0.0,0.9442031208070939
BBB,2014B,507009,P3,F3,1.0,0.9529895002312921
BBB,2014B,507983,P3,F3,1.0,0.2608602232558759
BBB,2014B,508100,P3,F3,1.0,0.22022629504289526
BBB,2014B,508400,P3,F3,1.0,0.45172108628505253
BBB,2014B,508470,P3,F3,0.0,0.47160089332046545
BBB,2014B,508940,P3,F3,0.0,0.8619452463167094
BBB,2014B,509696,P3,F3,0.0,0.4312523056778645
BBB,2014B,510141,P3,F3,1.0,0.9674600973451338
BBB,2014B,511506,P3,F3,1.0,0.6843172049472632
BBB,2014B,511901,P3,F3,0.0,0.20024569436911557
BBB,2014B,512118,P3,F3,1.0,0.41544333584615856
BBB,2014B,513077,P3,F3,1.0,0.8005506002607673
BBB,2014B,514031,P3,F3,0.0,0.5601645151614879
BBB,2014B,516601,P3,F3,1.0,0.5663914393309409
BBB,2014B,517679,P3,F3,0.0,0.43781742684469077
BBB,2014B,518711,P3,F3,1.0,0.8460223879320613
BBB,2014B,519078,P3,F3,0.0,0.3698594680634543
BBB,2014B,519084,P3,F3,1.0,0.6371719100276002
BBB,2014B,519859,P3,F3,0.0,0.1410674688489557
BBB,2014B,521671,P3,F3,1.0,0.8903470482472313
BBB,2014B,521957,P3,F3,1.0,0.975301940939321
BBB,2014B,522087,P3,F3,0.0,0.3183956472626137
BBB,2014B,523021,P3,F3,1.0,0.5967092226824527
BBB,2014B,523247,P3,F3,0.0,0.2772370343947009
BBB,2014B,524290,P3,F3,0.0,0.408434881135387
BBB,2014B,525027,P3,F3,1.0,0.31782548138789857
BBB,2014B,525942,P3,F3,1.0,0.935800646324681
BBB,2014B,526285,P3,F3,0.0,0.36795897145215833
BBB,2014B,529438,P3,F3,1.0,0.4900019436965624
BBB,2014B,529439,P3,F3,1.0,0.9624712610992615
BBB,2014B,529705,P3,F3,1.0,0.960168656409001
BBB,2014B,531755,P3,F3,0.0,0.5065847960232558
BBB,2014B,532274,P3,F3,1.0,0.5865724069666125
BBB,2014B,532617,P3,F3,0.0,0.3628936230829069
BBB,2014B,533077,P3,F3,1.0,0.15213143275523902
BBB,2014B,533210,P3,F3,0.0,0.3010360130046963
BBB,2014B,533527,P3,F3,1.0,0.17636916241772624
BBB,2014B,534143,P3,F3,1.0,0.573711404833548
BBB,2014B,534163,P3,F3,1.0,0.23251510226877928
BBB,2014B,535077,P3,F3,0.0,0.19025408080890113
BBB,2014B,535462,P3,F3,1.0,0.4984318512721998
BBB,2014B,535506,P3,F3,0.0,0.4340611164558245
BBB,2014B,535548,P3,F3,0.0,0.6974745439150078
BBB,2014B,536286,P3,F3,0.0,0.365723565548396
BBB,2014B,536629,P3,F3,0.0,0.2883320298591241
BBB,2014B,536805,P3,F3,0.0,0.39294027954372795
BBB,2014B,537077,P3,F3,0.0,0.5520678337430193
BBB,2014B,537171,P3,F3,0.0,0.31344631673922724
BBB,2014B,537373,P3,F3,0.0,0.5112939110086334
BBB,2014B,537605,P3,F3,1.0,0.6508469429737067
BBB,2014B,537698,P3,F3,0.0,0.4150960360214401
BBB,2014B,538196,P3,F3,1.0,0.8756478805908223
BBB,2014B,539675,P3,F3,1.0,0.4906019941407581
BBB,2014B,539894,P3,F3,0.0,0.5714469652478331
BBB,2014B,540558,P3,F3,0.0,0.3665988913653494
BBB,2014B,541769,P3,F3,0.0,0.7467116822658203
BBB,2014B,542466,P3,F3,0.0,0.708197543533813
BBB,2014B,542547,P3,F3,0.0,0.497465403502638
BBB,2014B,543963,P3,F3,1.0,0.6762947782819391
BBB,2014B,544050,P3,F3,1.0,0.9187296147149219
BBB,2014B,544430,P3,F3,1.0,0.902414016943098
BBB,2014B,545146,P3,F3,0.0,0.38530080202996037
BBB,2014B,545196,P3,F3,0.0,0.41225793886616163
BBB,2014B,545223,P3,F3,1.0,0.9410833689173372
BBB,2014B,545254,P3,F3,0.0,0.7094555946982448
BBB,2014B,546202,P3,F3,0.0,0.5373418622548565
BBB,2014B,546302,P3,F3,1.0,0.789701012785369
BBB,2014B,547018,P3,F3,1.0,0.2996263181723407
BBB,2014B,547487,P3,F3,0.0,0.22044275259892682
BBB,2014B,547556,P3,F3,1.0,0.6162582766460739
BBB,2014B,548296,P3,F3,1.0,0.5988558564982496
BBB,2014B,548445,P3,F3,1.0,0.44379353482325606
BBB,2014B,548844,P3,F3,1.0,0.6164472037200391
BBB,2014B,549078,P3,F3,1.0,0.8598548134445604
BBB,2014B,549087,P3,F3,1.0,0.9447512228148067
BBB,2014B,549190,P3,F3,0.0,0.4859970005355909
BBB,2014B,549892,P3,F3,1.0,0.5640318985101487
BBB,2014B,550269,P3,F3,0.0,0.7390559051251929
BBB,2014B,551053,P3,F3,1.0,0.9450574011454088
BBB,2014B,551252,P3,F3,0.0,0.16696063943190667
BBB,2014B,551515,P3,F3,0.0,0.49383863016552815
BBB,2014B,551718,P3,F3,1.0,0.5968631556357362
BBB,2014B,551953,P3,F3,1.0,0.28004955300047996
BBB,2014B,552025,P3,F3,1.0,0.9553483077244751
BBB,2014B,552656,P3,F3,1.0,0.549470142713673
BBB,2014B,552896,P3,F3,1.0,0.11258107665785021
BBB,2014B,553437,P3,F3,1.0,0.2845873678499248
BBB,2014B,553733,P3,F3,1.0,0.21395085361059862
BBB,2014B,553807,P3,F3,1.0,0.9419657311929299
BBB,2014B,553808,P3,F3,0.0,0.2950952084743688
BBB,2014B,554004,P3,F3,0.0,0.4322943227714494
BBB,2014B,554969,P3,F3,0.0,0.24361757519949034
BBB,2014B,555015,P3,F3,0.0,0.34739829951766293
BBB,2014B,555720,P3,F3,1.0,0.8341010642546665
BBB,2014B,555860,P3,F3,1.0,0.5797182805633895
BBB,2014B,555994,P3,F3,1.0,0.9423032797852976
BBB,2014B,556012,P3,F3,1.0,0.6143648752027233
BBB,2014B,556853,P3,F3,0.0,0.6950142251953239
BBB,2014B,556877,P3,F3,0.0,0.8376774432297042
BBB,2014B,557029,P3,F3,1.0,0.29788214513668676
BBB,2014B,557351,P3,F3,1.0,0.6065247875085125
BBB,2014B,558084,P3,F3,0.0,0.2262218667303164
BBB,2014B,558595,P3,F3,0.0,0.2274778435872433
BBB,2014B,558921,P3,F3,0.0,0.16733345601803334
BBB,2014B,559065,P3,F3,1.0,0.9331385387042864
BBB,2014B,559090,P3,F3,1.0,0.9142074495102529
BBB,2014B,559336,P3,F3,0.0,0.3267311231538183
BBB,2014B,559381,P3,F3,0.0,0.15583554371040664
BBB,2014B,559467,P3,F3,0.0,0.5771268489299177
BBB,2014B,559573,P3,F3,1.0,0.37795474878788693
BBB,2014B,559831,P3,F3,0.0,0.6641927715794587
BBB,2014B,559861,P3,F3,0.0,0.13095742205292735
BBB,2014B,560117,P3,F3,1.0,0.9510116675945745
BBB,2014B,560238,P3,F3,0.0,0.34837407054847647
BBB,2014B,560335,P3,F3,1.0,0.9519869033056227
BBB,2014B,560536,P3,F3,0.0,0.40725802654069126
BBB,2014B,560920,P3,F3,1.0,0.8683604561550348
BBB,2014B,561060,P3,F3,0.0,0.49856535833146115
BBB,2014B,561061,P3,F3,0.0,0.23516431286032666
BBB,2014B,561674,P3,F3,1.0,0.9624975743377253
BBB,2014B,561953,P3,F3,0.0,0.3132238612884701
BBB,2014B,561978,P3,F3,0.0,0.431058924107052
BBB,2014B,562642,P3,F3,1.0,0.9409818390319004
BBB,2014B,562643,P3,F3,1.0,0.46264801837839425
BBB,2014B,562783,P3,F3,1.0,0.49612666291130453
BBB,2014B,562857,P3,F3,0.0,0.3904016090072829
BBB,2014B,563413,P3,F3,0.0,0.31184598616015247
BBB,2014B,563487,P3,F3,0.0,0.2842714527001451
BBB,2014B,563754,P3,F3,0.0,0.556759716355149
BBB,2014B,563822,P3,F3,1.0,0.9400030289290157
BBB,2014B,563986,P3,F3,1.0,0.5315961433892376
BBB,2014B,563987,P3,F3,0.0,0.37782991592062604
BBB,2014B,564409,P3,F3,0.0,0.2222308030100146
BBB,2014B,564906,P3,F3,0.0,0.34205810910108564
BBB,2014B,565009,P3,F3,1.0,0.3583668657109983
BBB,2014B,565344,P3,F3,1.0,0.5460584476671482
BBB,2014B,565869,P3,F3,0.0,0.3808419844034173
BBB,2014B,565988,P3,F3,1.0,0.5194560245848395
BBB,2014B,566181,P3,F3,0.0,0.6277830080209401
BBB,2014B,566669,P3,F3,0.0,0.25390599740704084
BBB,2014B,567048,P3,F3,0.0,0.31277706360361596
BBB,2014B,567059,P3,F3,0.0,0.6025436148411875
BBB,2014B,567757,P3,F3,0.0,0.3105606964482774
BBB,2014B,567889,P3,F3,0.0,0.5051303671836934
BBB,2014B,567963,P3,F3,0.0,0.22246735496629222
BBB,2014B,568042,P3,F3,1.0,0.8038922849919579
BBB,2014B,568370,P3,F3,0.0,0.8952212501415356
BBB,2014B,568559,P3,F3,0.0,0.5435974492701134
BBB,2014B,568968,P3,F3,0.0,0.9370199723362073
BBB,2014B,569074,P3,F3,1.0,0.4802725309581752
BBB,2014B,569225,P3,F3,0.0,0.38457528139088376
BBB,2014B,569663,P3,F3,0.0,0.18148700164556744
BBB,2014B,569664,P3,F3,0.0,0.45080136912303614
BBB,2014B,569761,P3,F3,0.0,0.2890161283083321
BBB,2014B,569864,P3,F3,0.0,0.6788491258471439
BBB,2014B,569970,P3,F3,0.0,0.49026028950749573
BBB,2014B,570031,P3,F3,0.0,0.20907895425883716
BBB,2014B,570177,P3,F3,1.0,0.9697691516161976
BBB,2014B,570186,P3,F3,1.0,0.4632148885092204
BBB,2014B,570239,P3,F3,1.0,0.4015275922474215
BBB,2014B,570437,P3,F3,0.0,0.14265642168127
BBB,2014B,570627,P3,F3,0.0,0.18434928434434267
BBB,2014B,571223,P3,F3,0.0,0.454886696380434
BBB,2014B,571540,P3,F3,0.0,0.4336166040431024
BBB,2014B,571614,P3,F3,0.0,0.5463592562616894
BBB,2014B,571880,P3,F3,0.0,0.3744309240192301
BBB,2014B,571897,P3,F3,0.0,0.4430378834864114
BBB,2014B,571954,P3,F3,0.0,0.2901995217929551
BBB,2014B,572187,P3,F3,1.0,0.1036965591790323
BBB,2014B,572290,P3,F3,0.0,0.13903875473205496
BBB,2014B,573108,P3,F3,1.0,0.22427312784932607
BBB,2014B,573323,P3,F3,0.0,0.42808522384206443
BBB,2014B,573488,P3,F3,0.0,0.8412145251979276
BBB,2014B,573496,P3,F3,0.0,0.39616506576970123
BBB,2014B,573806,P3,F3,0.0,0.5075727057240973
BBB,2014B,573824,P3,F3,1.0,0.6154726741449394
BBB,2014B,573851,P3,F3,0.0,0.5807440576905927
BBB,2014B,573853,P3,F3,0.0,0.7136116730777715
BBB,2014B,574057,P3,F3,1.0,0.941103132782471
BBB,2014B,574569,P3,F3,0.0,0.48290762917103586
BBB,2014B,574935,P3,F3,1.0,0.3696464555195866
BBB,2014B,574944,P3,F3,1.0,0.3932640641488609
BBB,2014B,575251,P3,F3,1.0,0.7579170338485488
BBB,2014B,575602,P3,F3,0.0,0.5025452535516346
BBB,2014B,575680,P3,F3,0.0,0.43274593798168537
BBB,2014B,575990,P3,F3,1.0,0.8059827795964134
BBB,2014B,576375,P3,F3,0.0,0.3225223955709106
BBB,2014B,576738,P3,F3,0.0,0.15141606727016832
BBB,2014B,577170,P3,F3,1.0,0.9272449111848454
BBB,2014B,577304,P3,F3,1.0,0.9441631593291391
BBB,2014B,577527,P3,F3,0.0,0.5973944301427253
BBB,2014B,577676,P3,F3,0.0,0.30949496420627337
BBB,2014B,577905,P3,F3,1.0,0.7954399003271956
BBB,2014B,578003,P3,F3,1.0,0.6238974274619806
BBB,2014B,578282,P3,F3,1.0,0.5968569564225403
BBB,2014B,578574,P3,F3,0.0,0.5390852918187582
BBB,2014B,579255,P3,F3,1.0,0.8691237776246558
BBB,2014B,579537,P3,F3,0.0,0.26202535058449755
BBB,2014B,579720,P3,F3,1.0,0.3442471915809519
BBB,2014B,580688,P3,F3,0.0,0.9504034165202658
BBB,2014B,581222,P3,F3,0.0,0.5885084386407763
BBB,2014B,581353,P3,F3,0.0,0.2724471185686469
BBB,2014B,581459,P3,F3,1.0,0.6801712464503565
BBB,2014B,582742,P3,F3,1.0,0.24336734918755745
BBB,2014B,583102,P3,F3,1.0,0.4740420129313357
BBB,2014B,583950,P3,F3,1.0,0.8675600146888923
BBB,2014B,584632,P3,F3,1.0,0.9697342523846773
BBB,2014B,584762,P3,F3,1.0,0.906502670848026
BBB,2014B,585048,P3,F3,0.0,0.2840850925074559
BBB,2014B,585150,P3,F3,0.0,0.4029663327029073
BBB,2014B,585547,P3,F3,0.0,0.40931580116493205
BBB,2014B,585727,P3,F3,1.0,0.5127069985763255
BBB,2014B,586086,P3,F3,0.0,0.22795378383902426
BBB,2014B,586111,P3,F3,1.0,0.9264621769168605
BBB,2014B,586712,P3,F3,0.0,0.10170418896616958
BBB,2014B,586995,P3,F3,0.0,0.3686103470583963
BBB,2014B,587181,P3,F3,0.0,0.5994380268683418
BBB,2014B,587524,P3,F3,0.0,0.25071739044511293
BBB,2014B,587538,P3,F3,0.0,0.2569842039856719
BBB,2014B,587780,P3,F3,0.0,0.5076773276687894
BBB,2014B,588039,P3,F3,0.0,0.441550893083325
BBB,2014B,588302,P3,F3,0.0,0.18905800675296108
BBB,2014B,588459,P3,F3,1.0,0.6364661561049355
BBB,2014B,588484,P3,F3,0.0,0.5214882999114423
BBB,2014B,588495,P3,F3,1.0,0.9318998488248388
BBB,2014B,588592,P3,F3,1.0,0.7794881488305726
BBB,2014B,588685,P3,F3,1.0,0.9189193766179397
BBB,2014B,589333,P3,F3,0.0,0.3135502305698081
BBB,2014B,589444,P3,F3,0.0,0.2289631638100189
BBB,2014B,589862,P3,F3,0.0,0.36956382508943886
BBB,2014B,589997,P3,F3,0.0,0.18397022666784124
BBB,2014B,590408,P3,F3,1.0,0.3790181938090861
BBB,2014B,590520,P3,F3,1.0,0.9648110239529397
BBB,2014B,590812,P3,F3,1.0,0.7729034381879089
BBB,2014B,590870,P3,F3,1.0,0.920452706200044
BBB,2014B,591094,P3,F3,1.0,0.4774055054485956
BBB,2014B,591547,P3,F3,1.0,0.28405698150058006
BBB,2014B,591725,P3,F3,1.0,0.7082279505602905
BBB,2014B,591743,P3,F3,1.0,0.6629606105826121
BBB,2014B,592193,P3,F3,0.0,0.21443459535610243
BBB,2014B,592602,P3,F3,1.0,0.4750115300780139
BBB,2014B,592725,P3,F3,0.0,0.4784663071940791
BBB,2014B,593345,P3,F3,1.0,0.5155290388067875
BBB,2014B,594061,P3,F3,0.0,0.3695364050036309
BBB,2014B,594417,P3,F3,0.0,0.4468144037483539
BBB,2014B,594774,P3,F3,1.0,0.9469056743825615
BBB,2014B,595047,P3,F3,0.0,0.3904768985039386
BBB,2014B,596171,P3,F3,0.0,0.2114626748844744
BBB,2014B,596533,P3,F3,0.0,0.27490079203345325
BBB,2014B,597316,P3,F3,0.0,0.2685254544219922
BBB,2014B,597321,P3,F3,1.0,0.9270195927734298
BBB,2014B,597610,P3,F3,1.0,0.9387669886938887
BBB,2014B,597730,P3,F3,1.0,0.5876907954423201
BBB,2014B,597882,P3,F3,0.0,0.5121523027686373
BBB,2014B,598250,P3,F3,1.0,0.33142250245420335
BBB,2014B,598313,P3,F3,1.0,0.7943349473289876
BBB,2014B,598415,P3,F3,1.0,0.36266827938174373
BBB,2014B,598451,P3,F3,1.0,0.6978659492803313
BBB,2014B,598495,P3,F3,1.0,0.2273415452709509
BBB,2014B,598614,P3,F3,0.0,0.5221204606521811
BBB,2014B,598624,P3,F3,0.0,0.43683464975169317
BBB,2014B,598694,P3,F3,0.0,0.2723227583432992
BBB,2014B,598918,P3,F3,0.0,0.18793338374113233
BBB,2014B,599132,P3,F3,0.0,0.23787926080622854
BBB,2014B,599161,P3,F3,1.0,0.4662137885886176
BBB,2014B,599202,P3,F3,0.0,0.25240839139004745
BBB,2014B,599207,P3,F3,0.0,0.3566923196135796
BBB,2014B,599495,P3,F3,0.0,0.363530452804885
BBB,2014B,599769,P3,F3,1.0,0.28036288498141265
BBB,2014B,599990,P3,F3,0.0,0.5213957290414498
BBB,2014B,600407,P3,F3,1.0,0.32649466298187596
BBB,2014B,601010,P3,F3,0.0,0.2018468402071572
BBB,2014B,601238,P3,F3,0.0,0.5532324306256201
BBB,2014B,601356,P3,F3,0.0,0.3275966782980184
BBB,2014B,601616,P3,F3,0.0,0.39665596438645395
BBB,2014B,601862,P3,F3,0.0,0.4024934954603924
BBB,2014B,602011,P3,F3,1.0,0.8310669255127698
BBB,2014B,602815,P3,F3,1.0,0.5048115100325999
BBB,2014B,602898,P3,F3,1.0,0.6930460067470218
BBB,2014B,602929,P3,F3,1.0,0.5646095111521539
BBB,2014B,602991,P3,F3,0.0,0.14598558326992905
BBB,2014B,603061,P3,F3,1.0,0.485914247516422
BBB,2014B,603112,P3,F3,0.0,0.38209160413065546
BBB,2014B,603543,P3,F3,1.0,0.9408657586559079
BBB,2014B,603739,P3,F3,1.0,0.7486637800809213
BBB,2014B,603762,P3,F3,0.0,0.24240816040322818
BBB,2014B,604106,P3,F3,0.0,0.5619674131963799
BBB,2014B,604267,P3,F3,1.0,0.5032009888388732
BBB,2014B,604962,P3,F3,0.0,0.4146436087274284
BBB,2014B,605474,P3,F3,1.0,0.9315759907910505
BBB,2014B,605597,P3,F3,1.0,0.6129588391363437
BBB,2014B,605672,P3,F3,0.0,0.23341876345484813
BBB,2014B,605693,P3,F3,0.0,0.3133604128819431
BBB,2014B,605956,P3,F3,1.0,0.9111371959844983
BBB,2014B,605996,P3,F3,0.0,0.512240959304871
BBB,2014B,606069,P3,F3,0.0,0.7547526509372261
BBB,2014B,606075,P3,F3,1.0,0.9422636473522443
BBB,2014B,606313,P3,F3,0.0,0.07538879308890807
BBB,2014B,606501,P3,F3,1.0,0.5560055163871988
BBB,2014B,606529,P3,F3,1.0,0.18257732900268583
BBB,2014B,606634,P3,F3,0.0,0.4389397679887863
BBB,2014B,606690,P3,F3,0.0,0.14994601914408018
BBB,2014B,607108,P3,F3,1.0,0.4359556641342473
BBB,2014B,607220,P3,F3,0.0,0.32077501238285494
BBB,2014B,607380,P3,F3,1.0,0.9428333253241835
BBB,2014B,607436,P3,F3,1.0,0.9619668024671101
BBB,2014B,607529,P3,F3,0.0,0.13720810596575672
BBB,2014B,607678,P3,F3,0.0,0.7719880970452042
BBB,2014B,607848,P3,F3,1.0,0.9711681892390569
BBB,2014B,607953,P3,F3,1.0,0.6338547927443791
BBB,2014B,608104,P3,F3,0.0,0.25616983289424045
BBB,2014B,608110,P3,F3,0.0,0.28489535397740445
BBB,2014B,608164,P3,F3,0.0,0.15748359775585175
BBB,2014B,608407,P3,F3,0.0,0.3033172460965971
BBB,2014B,608961,P3,F3,1.0,0.8762856695705582
BBB,2014B,609422,P3,F3,1.0,0.9375966971909208
BBB,2014B,609426,P3,F3,0.0,0.5982944024502671
BBB,2014B,609596,P3,F3,0.0,0.2200424914961581
BBB,2014B,610239,P3,F3,1.0,0.9335013530055379
BBB,2014B,610340,P3,F3,1.0,0.5939223362053705
BBB,2014B,610416,P3,F3,0.0,0.6598858831618843
BBB,2014B,610759,P3,F3,0.0,0.4779389087758018
BBB,2014B,610802,P3,F3,1.0,0.8835734868764439
BBB,2014B,611233,P3,F3,1.0,0.26221418297480187
BBB,2014B,611348,P3,F3,0.0,0.25289080341249576
BBB,2014B,611475,P3,F3,0.0,0.35336583716281406
BBB,2014B,611586,P3,F3,1.0,0.6610518060540088
BBB,2014B,611719,P3,F3,1.0,0.9403309759196895
BBB,2014B,611974,P3,F3,1.0,0.322342496103641
BBB,2014B,612082,P3,F3,0.0,0.22249275755283263
BBB,2014B,612113,P3,F3,1.0,0.9123420840166291
BBB,2014B,612120,P3,F3,1.0,0.4029242395149713
BBB,2014B,612212,P3,F3,1.0,0.5511265480417007
BBB,2014B,612370,P3,F3,1.0,0.28292420638642185
BBB,2014B,612396,P3,F3,1.0,0.8420042302248659
BBB,2014B,612600,P3,F3,1.0,0.3322406440597167
BBB,2014B,612721,P3,F3,0.0,0.15160313047069196
BBB,2014B,612756,P3,F3,0.0,0.18486352949545698
BBB,2014B,612841,P3,F3,0.0,0.3315591080389459
BBB,2014B,612862,P3,F3,0.0,0.20349875756354163
BBB,2014B,612919,P3,F3,0.0,0.10949087269074237
BBB,2014B,613038,P3,F3,0.0,0.6756347635443952
BBB,2014B,613047,P3,F3,1.0,0.6676683371491096
BBB,2014B,613093,P3,F3,0.0,0.35149610841925794
BBB,2014B,613161,P3,F3,1.0,0.7889900420082389
BBB,2014B,613162,P3,F3,0.0,0.9452581015693912
BBB,2014B,613170,P3,F3,0.0,0.25361518295510505
BBB,2014B,613199,P3,F3,0.0,0.9464204280996716
BBB,2014B,613205,P3,F3,1.0,0.3519351612703059
BBB,2014B,613299,P3,F3,1.0,0.31184564677284254
BBB,2014B,613355,P3,F3,0.0,0.2603656028208348
BBB,2014B,613426,P3,F3,0.0,0.406203449116921
BBB,2014B,613586,P3,F3,1.0,0.9232166381754854
BBB,2014B,613703,P3,F3,1.0,0.22868406710039976
BBB,2014B,613718,P3,F3,0.0,0.8045085174778883
BBB,2014B,613722,P3,F3,0.0,0.6101431387048558
BBB,2014B,613743,P3,F3,0.0,0.34009266778050423
BBB,2014B,613791,P3,F3,1.0,0.3958217461151385
BBB,2014B,613832,P3,F3,1.0,0.7921103903384098
BBB,2014B,613842,P3,F3,1.0,0.4698998820849524
BBB,2014B,613856,P3,F3,0.0,0.282125469657718
BBB,2014B,613864,P3,F3,1.0,0.9571538559038759
BBB,2014B,613874,P3,F3,0.0,0.40486892886972603
BBB,2014B,613881,P3,F3,0.0,0.18457225436841262
BBB,2014B,613932,P3,F3,1.0,0.7682711539760487
BBB,2014B,613946,P3,F3,0.0,0.27105232993686307
BBB,2014B,614039,P3,F3,0.0,0.3601969364631491
BBB,2014B,614117,P3,F3,0.0,0.28157469605156255
BBB,2014B,614130,P3,F3,0.0,0.331604858088219
BBB,2014B,614212,P3,F3,0.0,0.3210468613971782
BBB,2014B,614357,P3,F3,0.0,0.3469887620468461
BBB,2014B,614403,P3,F3,1.0,0.8897736753552573
BBB,2014B,614583,P3,F3,0.0,0.18384146648078636
BBB,2014B,614601,P3,F3,0.0,0.2696905388127452
BBB,2014B,614629,P3,F3,0.0,0.14005398587991202
BBB,2014B,614668,P3,F3,0.0,0.24704391150071228
BBB,2014B,614693,P3,F3,0.0,0.2098274496359648
BBB,2014B,614728,P3,F3,0.0,0.3446029344639833
BBB,2014B,614732,P3,F3,0.0,0.31945280448459984
BBB,2014B,614734,P3,F3,1.0,0.4273264085790946
BBB,2014B,614738,P3,F3,0.0,0.20734719233096716
BBB,2014B,614741,P3,F3,0.0,0.06622117355995727
BBB,2014B,614742,P3,F3,0.0,0.35060476854653233
BBB,2014B,614744,P3,F3,0.0,0.27475930418688793
BBB,2014B,614745,P3,F3,0.0,0.5572246879139691
BBB,2014B,614813,P3,F3,1.0,0.6270218699818874
BBB,2014B,614871,P3,F3,0.0,0.27419003231915823
BBB,2014B,614909,P3,F3,0.0,0.19531343383291894
BBB,2014B,615025,P3,F3,0.0,0.2878103065995876
BBB,2014B,615028,P3,F3,0.0,0.36728363999488384
BBB,2014B,615090,P3,F3,0.0,0.7079988968708862
BBB,2014B,615173,P3,F3,1.0,0.5055810165009463
BBB,2014B,615218,P3,F3,1.0,0.7537553077910435
BBB,2014B,615259,P3,F3,0.0,0.41243321661557164
BBB,2014B,615319,P3,F3,1.0,0.42931223551103365
BBB,2014B,615443,P3,F3,0.0,0.5149532291738937
BBB,2014B,616354,P3,F3,1.0,0.808508673082554
BBB,2014B,616377,P3,F3,1.0,0.32505673050820355
BBB,2014B,616464,P3,F3,1.0,0.3504164960491515
BBB,2014B,616511,P3,F3,0.0,0.36016127026929146
BBB,2014B,616526,P3,F3,1.0,0.22741222305693504
BBB,2014B,616536,P3,F3,0.0,0.5384337060942744
BBB,2014B,616670,P3,F3,0.0,0.19735685943039522
BBB,2014B,616739,P3,F3,1.0,0.43053909115527617
BBB,2014B,616914,P3,F3,0.0,0.26976792578746234
BBB,2014B,616919,P3,F3,0.0,0.10054119220447261
BBB,2014B,617012,P3,F3,0.0,0.04753003062776317
BBB,2014B,617126,P3,F3,1.0,0.6293253901826485
BBB,2014B,617134,P3,F3,1.0,0.25001263332622825
BBB,2014B,617146,P3,F3,1.0,0.44878487200767186
BBB,2014B,617147,P3,F3,1.0,0.6138298824315057
BBB,2014B,617190,P3,F3,0.0,0.4859687427781232
BBB,2014B,617225,P3,F3,0.0,0.1446905164620157
BBB,2014B,617287,P3,F3,1.0,0.3689759049107714
BBB,2014B,617296,P3,F3,1.0,0.8713661987494907
BBB,2014B,617297,P3,F3,1.0,0.6940487070450688
BBB,2014B,617556,P3,F3,1.0,0.5453175133405438
BBB,2014B,617560,P3,F3,0.0,0.4344141950813488
BBB,2014B,617576,P3,F3,0.0,0.3256180144752843
BBB,2014B,617714,P3,F3,1.0,0.8329144157358653
BBB,2014B,617717,P3,F3,1.0,0.6332993212623718
BBB,2014B,617764,P3,F3,0.0,0.6333143629467917
BBB,2014B,617792,P3,F3,0.0,0.3302742181145673
BBB,2014B,617813,P3,F3,0.0,0.593986657822152
BBB,2014B,617843,P3,F3,1.0,0.6845704956942668
BBB,2014B,617959,P3,F3,1.0,0.7984082594970041
BBB,2014B,618137,P3,F3,1.0,0.29433369849986907
BBB,2014B,618145,P3,F3,0.0,0.24315674783513944
BBB,2014B,618151,P3,F3,0.0,0.4332643860887125
BBB,2014B,618197,P3,F3,1.0,0.3119796167170767
BBB,2014B,618205,P3,F3,0.0,0.4484315315539187
BBB,2014B,618258,P3,F3,0.0,0.1193318129572265
BBB,2014B,618265,P3,F3,1.0,0.33105209768682686
BBB,2014B,618399,P3,F3,0.0,0.4118154190778548
BBB,2014B,618534,P3,F3,1.0,0.9516513025376446
BBB,2014B,618539,P3,F3,1.0,0.9135414777982075
BBB,2014B,618631,P3,F3,1.0,0.5388155710795217
BBB,2014B,618632,P3,F3,1.0,0.29153915793269264
BBB,2014B,618670,P3,F3,0.0,0.5735511447216339
BBB,2014B,618673,P3,F3,1.0,0.5034937845517579
BBB,2014B,618816,P3,F3,1.0,0.9258589649311504
BBB,2014B,618869,P3,F3,1.0,0.5425569361416863
BBB,2014B,618882,P3,F3,0.0,0.28733832781143015
BBB,2014B,618951,P3,F3,0.0,0.3532745379173566
BBB,2014B,618965,P3,F3,1.0,0.7011375765965305
BBB,2014B,618981,P3,F3,0.0,0.4952725955072649
BBB,2014B,619054,P3,F3,1.0,0.6709196732495698
BBB,2014B,619161,P3,F3,1.0,0.3151234315118036
BBB,2014B,619196,P3,F3,0.0,0.1763793433371621
BBB,2014B,619207,P3,F3,1.0,0.2813666262455816
BBB,2014B,619288,P3,F3,0.0,0.6018921967830355
BBB,2014B,619311,P3,F3,1.0,0.38657433536337926
BBB,2014B,619330,P3,F3,1.0,0.28383218030341617
BBB,2014B,619471,P3,F3,0.0,0.6726519958672865
BBB,2014B,619508,P3,F3,1.0,0.4346312342533306
BBB,2014B,619980,P3,F3,1.0,0.9044476111234
BBB,2014B,620018,P3,F3,1.0,0.19192568827217826
BBB,2014B,620072,P3,F3,1.0,0.21196578544038341
BBB,2014B,620073,P3,F3,0.0,0.18737094118139838
BBB,2014B,620092,P3,F3,0.0,0.15169663758687005
BBB,2014B,620126,P3,F3,1.0,0.3492074978982383
BBB,2014B,620128,P3,F3,0.0,0.1355387602985756
BBB,2014B,620129,P3,F3,0.0,0.419945331814079
BBB,2014B,620220,P3,F3,1.0,0.7468687185693329
BBB,2014B,620257,P3,F3,0.0,0.3672215939236301
BBB,2014B,620283,P3,F3,1.0,0.884976516704887
BBB,2014B,620304,P3,F3,1.0,0.6408165048636553
BBB,2014B,620354,P3,F3,0.0,0.33473558843937257
BBB,2014B,620408,P3,F3,0.0,0.1247949986810017
BBB,2014B,620409,P3,F3,0.0,0.7188817196012695
BBB,2014B,620427,P3,F3,0.0,0.10258850395225198
BBB,2014B,620507,P3,F3,1.0,0.7828218443090399
BBB,2014B,620573,P3,F3,0.0,0.281177669281187
BBB,2014B,620694,P3,F3,0.0,0.4798569017926461
BBB,2014B,620889,P3,F3,0.0,0.25117128538863104
BBB,2014B,620922,P3,F3,0.0,0.14996156921294151
BBB,2014B,620923,P3,F3,0.0,0.3345092174506248
BBB,2014B,620950,P3,F3,1.0,0.9524962126329313
BBB,2014B,620980,P3,F3,0.0,0.2800533473629675
BBB,2014B,621301,P3,F3,0.0,0.12051439918227666
BBB,2014B,621303,P3,F3,1.0,0.564217984599392
BBB,2014B,621322,P3,F3,0.0,0.5757745414871025
BBB,2014B,621323,P3,F3,1.0,0.2567101019303054
BBB,2014B,621369,P3,F3,1.0,0.1104712013189621
BBB,2014B,621394,P3,F3,0.0,0.3911536242827623
BBB,2014B,621508,P3,F3,1.0,0.74538906529091
BBB,2014B,621703,P3,F3,1.0,0.9588201894785533
BBB,2014B,621862,P3,F3,0.0,0.31300125368620385
BBB,2014B,621894,P3,F3,0.0,0.5810788699040446
BBB,2014B,621905,P3,F3,0.0,0.32192909887568927
BBB,2014B,621937,P3,F3,1.0,0.41576765823721024
BBB,2014B,622132,P3,F3,0.0,0.17207092052548142
BBB,2014B,622208,P3,F3,0.0,0.45168543727878907
BBB,2014B,622217,P3,F3,1.0,0.3432663342646108
BBB,2014B,622223,P3,F3,1.0,0.9076976687399088
BBB,2014B,622330,P3,F3,1.0,0.5260125710422379
BBB,2014B,622345,P3,F3,0.0,0.11743033540767847
BBB,2014B,622466,P3,F3,0.0,0.19763031556484256
BBB,2014B,622505,P3,F3,0.0,0.17060246624177397
BBB,2014B,622538,P3,F3,1.0,0.9281261075797478
BBB,2014B,622604,P3,F3,0.0,0.40433077748199375
BBB,2014B,622715,P3,F3,1.0,0.3912741157277721
BBB,2014B,622720,P3,F3,1.0,0.41977957452005266
BBB,2014B,622766,P3,F3,1.0,0.8185707341657762
BBB,2014B,622838,P3,F3,1.0,0.5460929013729753
BBB,2014B,622867,P3,F3,1.0,0.18418983759753588
BBB,2014B,622927,P3,F3,1.0,0.5018389122434955
BBB,2014B,622974,P3,F3,0.0,0.4972646966947806
BBB,2014B,622982,P3,F3,0.0,0.21800495828243274
BBB,2014B,623001,P3,F3,1.0,0.3856998936995121
BBB,2014B,623055,P3,F3,0.0,0.10874851011249721
BBB,2014B,623069,P3,F3,1.0,0.6447301610189872
BBB,2014B,623168,P3,F3,0.0,0.1445275509040438
BBB,2014B,623169,P3,F3,0.0,0.3912263349588881
BBB,2014B,623177,P3,F3,1.0,0.5370585576591862
BBB,2014B,623240,P3,F3,0.0,0.2771812878552183
BBB,2014B,623295,P3,F3,1.0,0.8392054883631341
BBB,2014B,623321,P3,F3,1.0,0.21712169544054014
BBB,2014B,623333,P3,F3,0.0,0.5321115543425404
BBB,2014B,623406,P3,F3,0.0,0.6369191559807543
BBB,2014B,623603,P3,F3,1.0,0.548849704233803
BBB,2014B,623622,P3,F3,0.0,0.4322433178118141
BBB,2014B,623654,P3,F3,0.0,0.12874442567049782
BBB,2014B,623660,P3,F3,0.0,0.17532986602145995
BBB,2014B,623821,P3,F3,1.0,0.7085503664660415
BBB,2014B,623845,P3,F3,0.0,0.9226016227786348
BBB,2014B,623857,P3,F3,1.0,0.4061000332525492
BBB,2014B,623882,P3,F3,0.0,0.9271799384166823
BBB,2014B,623911,P3,F3,1.0,0.4833941321011253
BBB,2014B,623935,P3,F3,0.0,0.48107646732979353
BBB,2014B,624011,P3,F3,0.0,0.21090813172327005
BBB,2014B,624046,P3,F3,0.0,0.40486334322575945
BBB,2014B,624069,P3,F3,0.0,0.17904535935072272
BBB,2014B,624196,P3,F3,0.0,0.1694006429113466
BBB,2014B,624306,P3,F3,0.0,0.6056030108725379
BBB,2014B,624350,P3,F3,1.0,0.8467941055960143
BBB,2014B,624406,P3,F3,0.0,0.17912193504377794
BBB,2014B,624415,P3,F3,0.0,0.5473583938394468
BBB,2014B,624514,P3,F3,1.0,0.5405896859788333
BBB,2014B,624567,P3,F3,1.0,0.308216867555916
BBB,2014B,624592,P3,F3,0.0,0.3528117666653872
BBB,2014B,624598,P3,F3,1.0,0.42449927303591045
BBB,2014B,624604,P3,F3,1.0,0.4609811033386206
BBB,2014B,624653,P3,F3,0.0,0.44856248830227957
BBB,2014B,624661,P3,F3,0.0,0.4851506293801972
BBB,2014B,624673,P3,F3,1.0,0.690072949976043
BBB,2014B,624674,P3,F3,1.0,0.9403309759196895
BBB,2014B,624677,P3,F3,1.0,0.77528496452994
BBB,2014B,624704,P3,F3,1.0,0.5784163591628877
BBB,2014B,624722,P3,F3,1.0,0.9403718510586734
BBB,2014B,624734,P3,F3,1.0,0.37601203753265383
BBB,2014B,624738,P3,F3,0.0,0.24269726118359666
BBB,2014B,624799,P3,F3,1.0,0.6329010355110881
BBB,2014B,624847,P3,F3,0.0,0.4147756809440384
BBB,2014B,624879,P3,F3,1.0,0.29107207844227295
BBB,2014B,624972,P3,F3,0.0,0.7758614147293592
BBB,2014B,624997,P3,F3,0.0,0.24637982351825782
BBB,2014B,625021,P3,F3,0.0,0.4312416266828399
BBB,2014B,625024,P3,F3,0.0,0.23144867655742676
BBB,2014B,625027,P3,F3,1.0,0.9251702268181496
BBB,2014B,625071,P3,F3,0.0,0.41617964174264294
BBB,2014B,625087,P3,F3,1.0,0.19096258746620287
BBB,2014B,625094,P3,F3,0.0,0.3090702119350978
BBB,2014B,625124,P3,F3,1.0,0.18150210098316166
BBB,2014B,625167,P3,F3,0.0,0.81030080738655
BBB,2014B,625180,P3,F3,1.0,0.4242284206016816
BBB,2014B,625185,P3,F3,0.0,0.12257055362192906
BBB,2014B,625214,P3,F3,1.0,0.5002790914681909
BBB,2014B,625249,P3,F3,0.0,0.444953402876661
BBB,2014B,625251,P3,F3,0.0,0.22157286375797025
BBB,2014B,625295,P3,F3,1.0,0.69498059150617
BBB,2014B,625301,P3,F3,1.0,0.8832786987926248
BBB,2014B,625383,P3,F3,0.0,0.39238086153932183
BBB,2014B,625390,P3,F3,0.0,0.2512893978919499
BBB,2014B,625444,P3,F3,0.0,0.227371370089629
BBB,2014B,625477,P3,F3,0.0,0.26493154156312215
BBB,2014B,625478,P3,F3,1.0,0.8891637933859211
BBB,2014B,625514,P3,F3,0.0,0.5424221664991078
BBB,2014B,625578,P3,F3,1.0,0.4371992412184177
BBB,2014B,625713,P3,F3,1.0,0.4484884658199734
BBB,2014B,625724,P3,F3,0.0,0.11565932555995995
BBB,2014B,625768,P3,F3,1.0,0.47029500760556675
BBB,2014B,625816,P3,F3,0.0,0.4238999175500404
BBB,2014B,625833,P3,F3,0.0,0.37152102949423993
BBB,2014B,625853,P3,F3,1.0,0.6757256646545388
BBB,2014B,625857,P3,F3,1.0,0.23488468218966707
BBB,2014B,625879,P3,F3,1.0,0.8287752441126558
BBB,2014B,625919,P3,F3,0.0,0.33950007414662786
BBB,2014B,626046,P3,F3,0.0,0.3888113437150987
BBB,2014B,626123,P3,F3,0.0,0.3395698742281647
BBB,2014B,626126,P3,F3,0.0,0.28199890436559466
BBB,2014B,626138,P3,F3,0.0,0.16146863223464664
BBB,2014B,626164,P3,F3,0.0,0.44479204180098636
BBB,2014B,626245,P3,F3,0.0,0.441612054691182
BBB,2014B,626254,P3,F3,0.0,0.5163015900528402
BBB,2014B,626297,P3,F3,1.0,0.6717272073541661
BBB,2014B,626352,P3,F3,0.0,0.4872666143189286
BBB,2014B,626365,P3,F3,0.0,0.6033631872481444
BBB,2014B,626386,P3,F3,1.0,0.2601156503923782
BBB,2014B,626428,P3,F3,1.0,0.7577458106848837
BBB,2014B,626442,P3,F3,1.0,0.6186125121770679
BBB,2014B,626491,P3,F3,0.0,0.21021519683543208
BBB,2014B,626555,P3,F3,0.0,0.3491120491173549
BBB,2014B,626604,P3,F3,0.0,0.41248435015798424
BBB,2014B,626642,P3,F3,0.0,0.29475446629116125
BBB,2014B,626750,P3,F3,1.0,0.567546861532286
BBB,2014B,626841,P3,F3,0.0,0.25544788096916254
BBB,2014B,626843,P3,F3,0.0,0.3449600466591151
BBB,2014B,626897,P3,F3,1.0,0.8703341503951535
BBB,2014B,626917,P3,F3,1.0,0.44149019452274185
BBB,2014B,626928,P3,F3,0.0,0.6659637788029826
BBB,2014B,626951,P3,F3,0.0,0.3512422906704214
BBB,2014B,626966,P3,F3,0.0,0.5002981340647671
BBB,2014B,627000,P3,F3,1.0,0.3921256901371783
BBB,2014B,627027,P3,F3,0.0,0.3306688368753468
BBB,2014B,627094,P3,F3,1.0,0.9406435445583295
BBB,2014B,627115,P3,F3,0.0,0.3074267685951887
BBB,2014B,627118,P3,F3,0.0,0.19349608905728008
BBB,2014B,627179,P3,F3,1.0,0.32525857804025826
BBB,2014B,627185,P3,F3,0.0,0.40621056925728793
BBB,2014B,627190,P3,F3,0.0,0.19615561456725858
BBB,2014B,627244,P3,F3,0.0,0.2111406881311513
BBB,2014B,627270,P3,F3,0.0,0.15885659088684378
BBB,2014B,627285,P3,F3,0.0,0.35927036691589254
BBB,2014B,627316,P3,F3,1.0,0.9088604560946677
BBB,2014B,627321,P3,F3,1.0,0.6915038967822087
BBB,2014B,627380,P3,F3,0.0,0.19390726812455586
BBB,2014B,627388,P3,F3,0.0,0.24598095205573428
BBB,2014B,627403,P3,F3,1.0,0.37467875194895045
BBB,2014B,627427,P3,F3,1.0,0.8185691989865531
BBB,2014B,627509,P3,F3,0.0,0.415520861510165
BBB,2014B,627528,P3,F3,1.0,0.898849057370695
BBB,2014B,627549,P3,F3,0.0,0.19537903138636728
BBB,2014B,627550,P3,F3,0.0,0.7668813358608713
BBB,2014B,627613,P3,F3,1.0,0.4696382412466012
BBB,2014B,627647,P3,F3,0.0,0.196818638787498
BBB,2014B,627659,P3,F3,0.0,0.6256166991412901
BBB,2014B,627680,P3,F3,1.0,0.8309714413874598
BBB,2014B,627685,P3,F3,0.0,0.656696954802946
BBB,2014B,627777,P3,F3,0.0,0.7867285321179704
BBB,2014B,627948,P3,F3,1.0,0.3167070823454821
BBB,2014B,628006,P3,F3,0.0,0.20596431522907296
BBB,2014B,628119,P3,F3,1.0,0.2762929488657009
BBB,2014B,628176,P3,F3,0.0,0.3358867123140677
BBB,2014B,628178,P3,F3,0.0,0.13162701800395388
BBB,2014B,628180,P3,F3,0.0,0.33758990298402103
BBB,2014B,628181,P3,F3,0.0,0.2508793172000642
BBB,2014B,628183,P3,F3,1.0,0.29163889983858254
BBB,2014B,628190,P3,F3,0.0,0.2765082164986419
BBB,2014B,628287,P3,F3,1.0,0.3417182822065483
BBB,2014B,628301,P3,F3,0.0,0.321937625721284
BBB,2014B,628328,P3,F3,0.0,0.28717543304561605
BBB,2014B,628329,P3,F3,1.0,0.7429077771384465
BBB,2014B,628379,P3,F3,1.0,0.3189748504778568
BBB,2014B,628389,P3,F3,0.0,0.3229992898529086
BBB,2014B,628402,P3,F3,1.0,0.9205960595937845
BBB,2014B,628411,P3,F3,1.0,0.19808455679768827
BBB,2014B,628423,P3,F3,0.0,0.4542226623549938
BBB,2014B,628442,P3,F3,1.0,0.5710351163374611
BBB,2014B,628511,P3,F3,1.0,0.7001723311394341
BBB,2014B,628516,P3,F3,0.0,0.5252406821860918
BBB,2014B,628525,P3,F3,1.0,0.6853782259937499
BBB,2014B,628580,P3,F3,0.0,0.29314725113152745
BBB,2014B,628586,P3,F3,1.0,0.727640046401965
BBB,2014B,628616,P3,F3,0.0,0.3114690540483902
BBB,2014B,628635,P3,F3,0.0,0.3734999197482536
BBB,2014B,628655,P3,F3,1.0,0.4266718873418232
BBB,2014B,628751,P3,F3,0.0,0.2750088573467471
BBB,2014B,628827,P3,F3,1.0,0.37135941777978365
BBB,2014B,628903,P3,F3,1.0,0.6958298683209228
BBB,2014B,628941,P3,F3,0.0,0.4082562248595589
BBB,2014B,628954,P3,F3,0.0,0.5261505725460364
BBB,2014B,628970,P3,F3,1.0,0.769205869019433
BBB,2014B,628982,P3,F3,1.0,0.2205944980678462
BBB,2014B,629026,P3,F3,0.0,0.19350117083272092
BBB,2014B,629037,P3,F3,0.0,0.2871191973488702
BBB,2014B,629040,P3,F3,1.0,0.31317091966542615
BBB,2014B,629044,P3,F3,1.0,0.41144066830357606
BBB,2014B,629060,P3,F3,0.0,0.7509962892945464
BBB,2014B,629088,P3,F3,1.0,0.4030693064815888
BBB,2014B,629094,P3,F3,1.0,0.3361391130597273
BBB,2014B,629103,P3,F3,1.0,0.3163316279430158
BBB,2014B,629159,P3,F3,1.0,0.4946961866719032
BBB,2014B,629240,P3,F3,0.0,0.703119892454946
BBB,2014B,629274,P3,F3,0.0,0.3299660186251431
BBB,2014B,629424,P3,F3,1.0,0.2715316956447557
BBB,2014B,629461,P3,F3,1.0,0.7580645784436313
BBB,2014B,629490,P3,F3,1.0,0.353367910702678
BBB,2014B,629504,P3,F3,0.0,0.2402118105211496
BBB,2014B,629505,P3,F3,1.0,0.882751755550788
BBB,2014B,629507,P3,F3,0.0,0.531726984847539
BBB,2014B,629554,P3,F3,1.0,0.5547788021588913
BBB,2014B,629619,P3,F3,0.0,0.2322115036905132
BBB,2014B,629835,P3,F3,0.0,0.5833584663025637
BBB,2014B,629870,P3,F3,1.0,0.5521613153205015
BBB,2014B,629886,P3,F3,0.0,0.42195566290975167
BBB,2014B,629891,P3,F3,0.0,0.2395835726225981
BBB,2014B,629923,P3,F3,1.0,0.5033547242594129
BBB,2014B,629976,P3,F3,1.0,0.31262537343354807
BBB,2014B,630028,P3,F3,0.0,0.5475164083845703
BBB,2014B,630029,P3,F3,0.0,0.23286377708168587
BBB,2014B,630030,P3,F3,0.0,0.7826637032018869
BBB,2014B,630052,P3,F3,0.0,0.2885917402646703
BBB,2014B,630053,P3,F3,0.0,0.2809955280645514
BBB,2014B,630090,P3,F3,1.0,0.37213297576053267
BBB,2014B,630147,P3,F3,1.0,0.8883551192700647
BBB,2014B,630260,P3,F3,1.0,0.6223178138210105
BBB,2014B,630315,P3,F3,0.0,0.44986027222927355
BBB,2014B,630333,P3,F3,0.0,0.3364930665469632
BBB,2014B,630345,P3,F3,1.0,0.6998969859727692
BBB,2014B,630372,P3,F3,0.0,0.4555304762619882
BBB,2014B,630393,P3,F3,0.0,0.16472678571399885
BBB,2014B,630415,P3,F3,0.0,0.40494105186973595
BBB,2014B,630443,P3,F3,0.0,0.6122901361875119
BBB,2014B,630451,P3,F3,0.0,0.17591853327498386
BBB,2014B,630476,P3,F3,1.0,0.5994354829618743
BBB,2014B,630497,P3,F3,1.0,0.8818332436902239
BBB,2014B,630549,P3,F3,1.0,0.536370785842477
BBB,2014B,630561,P3,F3,0.0,0.25863059525859045
BBB,2014B,630586,P3,F3,1.0,0.5390400501040998
BBB,2014B,630608,P3,F3,0.0,0.2250812948275929
BBB,2014B,630718,P3,F3,0.0,0.11907853372382513
BBB,2014B,630736,P3,F3,0.0,0.484450346278792
BBB,2014B,630763,P3,F3,0.0,0.7215064778890896
BBB,2014B,630778,P3,F3,0.0,0.5673216063012282
BBB,2014B,630794,P3,F3,1.0,0.545407098642018
BBB,2014B,630823,P3,F3,0.0,0.2505128844513288
BBB,2014B,630833,P3,F3,1.0,0.49616048944356067
BBB,2014B,630876,P3,F3,0.0,0.1840106391427008
BBB,2014B,630944,P3,F3,0.0,0.6138299646652873
BBB,2014B,630999,P3,F3,1.0,0.4617403155201441
BBB,2014B,631031,P3,F3,1.0,0.21485703585704877
BBB,2014B,631081,P3,F3,0.0,0.1669063728213174
BBB,2014B,631086,P3,F3,1.0,0.3194166166243556
BBB,2014B,631108,P3,F3,0.0,0.2742036157522185
BBB,2014B,631109,P3,F3,0.0,0.3225771905192065
BBB,2014B,631132,P3,F3,1.0,0.47640115682561046
BBB,2014B,631225,P3,F3,0.0,0.3780226714634833
BBB,2014B,631341,P3,F3,1.0,0.7818717714948277
BBB,2014B,631354,P3,F3,1.0,0.44018664050809575
BBB,2014B,631384,P3,F3,0.0,0.4807761336796213
BBB,2014B,631422,P3,F3,1.0,0.5060550754664419
BBB,2014B,631441,P3,F3,0.0,0.20714954974741373
BBB,2014B,631442,P3,F3,1.0,0.5155690568971657
BBB,2014B,631444,P3,F3,1.0,0.37172678037140794
BBB,2014B,631445,P3,F3,0.0,0.5999169919986684
BBB,2014B,631492,P3,F3,0.0,0.37179127257089345
BBB,2014B,631515,P3,F3,0.0,0.11652133564892302
BBB,2014B,631530,P3,F3,0.0,0.32962605184253935
BBB,2014B,631561,P3,F3,1.0,0.2835374094825178
BBB,2014B,631563,P3,F3,1.0,0.5747697146994646
BBB,2014B,631610,P3,F3,1.0,0.6051082222487189
BBB,2014B,631613,P3,F3,0.0,0.4529712641718487
BBB,2014B,631650,P3,F3,1.0,0.23840361713222663
BBB,2014B,631679,P3,F3,0.0,0.13747704190558657
BBB,2014B,631724,P3,F3,0.0,0.18238381112830912
BBB,2014B,631766,P3,F3,0.0,0.07183813989712597
BBB,2014B,631777,P3,F3,0.0,0.29924288045472996
BBB,2014B,631848,P3,F3,0.0,0.43727377968481745
BBB,2014B,632040,P3,F3,1.0,0.9545495449679533
BBB,2014B,632084,P3,F3,0.0,0.19977147140706067
BBB,2014B,632113,P3,F3,1.0,0.34549040875765774
BBB,2014B,632148,P3,F3,1.0,0.3130765163629868
BBB,2014B,632181,P3,F3,1.0,0.17781010330027272
BBB,2014B,632231,P3,F3,1.0,0.819882496854246
BBB,2014B,632254,P3,F3,0.0,0.31679691901217266
BBB,2014B,632302,P3,F3,0.0,0.6720072782556266
BBB,2014B,632447,P3,F3,1.0,0.3983479918488351
BBB,2014B,632454,P3,F3,0.0,0.40273297389686336
BBB,2014B,632470,P3,F3,1.0,0.6514397718007041
BBB,2014B,632503,P3,F3,0.0,0.2551781335041547
BBB,2014B,632536,P3,F3,1.0,0.4876120406376851
BBB,2014B,632547,P3,F3,1.0,0.4891483992116505
BBB,2014B,632574,P3,F3,1.0,0.5825725052647601
BBB,2014B,632578,P3,F3,0.0,0.4170949827129217
BBB,2014B,632618,P3,F3,1.0,0.2997095870361987
BBB,2014B,632658,P3,F3,0.0,0.9033560206499407
BBB,2014B,632682,P3,F3,1.0,0.9004300331142231
BBB,2014B,632704,P3,F3,0.0,0.5128198973593302
BBB,2014B,632712,P3,F3,1.0,0.566632084074088
BBB,2014B,632752,P3,F3,0.0,0.4855463302399985
BBB,2014B,632823,P3,F3,0.0,0.35200035392246837
BBB,2014B,632847,P3,F3,1.0,0.5300491463429163
BBB,2014B,632869,P3,F3,1.0,0.3327133955252144
BBB,2014B,633024,P3,F3,0.0,0.21559320075750069
BBB,2014B,633130,P3,F3,0.0,0.4321335317485437
BBB,2014B,633162,P3,F3,1.0,0.5572825008963442
BBB,2014B,633193,P3,F3,0.0,0.7225765449310861
BBB,2014B,633208,P3,F3,0.0,0.3059890661955117
BBB,2014B,633212,P3,F3,0.0,0.357982997120162
BBB,2014B,633228,P3,F3,1.0,0.38981104700117547
BBB,2014B,633231,P3,F3,1.0,0.942307000071436
BBB,2014B,633245,P3,F3,1.0,0.2127639381955949
BBB,2014B,633257,P3,F3,1.0,0.7621087785236943
BBB,2014B,633378,P3,F3,1.0,0.4206578132560934
BBB,2014B,633380,P3,F3,1.0,0.590799323728847
BBB,2014B,633386,P3,F3,0.0,0.7115923884216689
BBB,2014B,633394,P3,F3,1.0,0.3831529563959656
BBB,2014B,633472,P3,F3,0.0,0.28455832064738784
BBB,2014B,633491,P3,F3,1.0,0.20813800277273897
BBB,2014B,633499,P3,F3,0.0,0.5502815199828592
BBB,2014B,633560,P3,F3,0.0,0.27852073713613906
BBB,2014B,633570,P3,F3,0.0,0.8416464384448435
BBB,2014B,633590,P3,F3,0.0,0.16695491582747482
BBB,2014B,633603,P3,F3,1.0,0.7029751763183316
BBB,2014B,633646,P3,F3,0.0,0.4757759726732187
BBB,2014B,633650,P3,F3,0.0,0.5662206332466416
BBB,2014B,633669,P3,F3,0.0,0.3428014473637803
BBB,2014B,633865,P3,F3,1.0,0.3091882434749171
BBB,2014B,633890,P3,F3,1.0,0.9191543770498217
BBB,2014B,633929,P3,F3,0.0,0.5149944337381589
BBB,2014B,633935,P3,F3,0.0,0.4172236465869337
BBB,2014B,634058,P3,F3,0.0,0.19651463135638375
BBB,2014B,634075,P3,F3,0.0,0.19122918227538063
BBB,2014B,634077,P3,F3,0.0,0.46795840480244416
BBB,2014B,634164,P3,F3,1.0,0.19810848873543668
BBB,2014B,634188,P3,F3,0.0,0.8014775676805802
BBB,2014B,634230,P3,F3,0.0,0.2090694557871079
BBB,2014B,634265,P3,F3,0.0,0.2431088283835587
BBB,2014B,634280,P3,F3,0.0,0.14134522367765293
BBB,2014B,634286,P3,F3,0.0,0.2788715448707217
BBB,2014B,634304,P3,F3,0.0,0.48760250384163417
BBB,2014B,634353,P3,F3,1.0,0.8018329555720981
BBB,2014B,634412,P3,F3,0.0,0.25747912616923413
BBB,2014B,634472,P3,F3,0.0,0.12600566331272656
BBB,2014B,634477,P3,F3,0.0,0.5376306312004558
BBB,2014B,634481,P3,F3,0.0,0.47325669888542654
BBB,2014B,634483,P3,F3,0.0,0.44258622080794957
BBB,2014B,634491,P3,F3,0.0,0.32543750824380685
BBB,2014B,634606,P3,F3,1.0,0.4263839952504861
BBB,2014B,634615,P3,F3,1.0,0.9186139320211082
BBB,2014B,634715,P3,F3,0.0,0.10122191986540162
BBB,2014B,634833,P3,F3,0.0,0.22940759190803442
BBB,2014B,634851,P3,F3,0.0,0.2732745032993262
BBB,2014B,634876,P3,F3,0.0,0.6227606112940649
BBB,2014B,634928,P3,F3,0.0,0.3454035687188684
BBB,2014B,634932,P3,F3,1.0,0.9423986974773083
BBB,2014B,634944,P3,F3,0.0,0.5204447710748812
BBB,2014B,634976,P3,F3,0.0,0.23126450801130333
BBB,2014B,635011,P3,F3,0.0,0.7931160144494316
BBB,2014B,635113,P3,F3,0.0,0.5280421909569564
BBB,2014B,635122,P3,F3,0.0,0.339502030424
BBB,2014B,635136,P3,F3,0.0,0.17996887101056666
BBB,2014B,635173,P3,F3,0.0,0.27430491996836226
BBB,2014B,635228,P3,F3,0.0,0.170132680371467
BBB,2014B,635230,P3,F3,0.0,0.11001182204905667
BBB,2014B,635241,P3,F3,0.0,0.5338068427678249
BBB,2014B,635244,P3,F3,0.0,0.5444864118390744
BBB,2014B,635245,P3,F3,1.0,0.9185692224273366
BBB,2014B,635246,P3,F3,1.0,0.8878094883773148
BBB,2014B,635247,P3,F3,0.0,0.4201980244134634
BBB,2014B,635432,P3,F3,1.0,0.34913464151411533
BBB,2014B,635433,P3,F3,0.0,0.42479623587648463
BBB,2014B,635435,P3,F3,0.0,0.547381403843124
BBB,2014B,635473,P3,F3,1.0,0.7743313526362231
BBB,2014B,635591,P3,F3,0.0,0.2724527029297201
BBB,2014B,635755,P3,F3,0.0,0.2518445337096131
BBB,2014B,635761,P3,F3,0.0,0.7432837993772934
BBB,2014B,635764,P3,F3,0.0,0.6035241682648664
BBB,2014B,635771,P3,F3,0.0,0.4625726845813548
BBB,2014B,635773,P3,F3,0.0,0.278778783872467
BBB,2014B,635774,P3,F3,0.0,0.5545562194684281
BBB,2014B,635788,P3,F3,0.0,0.28021498435295955
BBB,2014B,635793,P3,F3,1.0,0.7072668090758302
BBB,2014B,636271,P3,F3,1.0,0.8861034990783856
BBB,2014B,637864,P3,F3,1.0,0.8872020536194346
BBB,2014B,1127413,P3,F3,0.0,0.16316093785592373
BBB,2014B,1332999,P3,F3,0.0,0.400861998386377
BBB,2014B,1341507,P3,F3,0.0,0.42896648071398014
BBB,2014B,1393589,P3,F3,0.0,0.40792404213307154
BBB,2014B,1406920,P3,F3,0.0,0.4036793596335347
BBB,2014B,1431750,P3,F3,1.0,0.9455060823251124
BBB,2014B,1453691,P3,F3,1.0,0.45803702778765415
BBB,2014B,1502193,P3,F3,0.0,0.23300180401616108
BBB,2014B,1508708,P3,F3,1.0,0.8756643213044609
BBB,2014B,1525567,P3,F3,0.0,0.10945223428414022
BBB,2014B,1536591,P3,F3,1.0,0.9272183480921424
BBB,2014B,1540042,P3,F3,0.0,0.4305410822454385
BBB,2014B,1559428,P3,F3,1.0,0.34385814335755616
BBB,2014B,1560989,P3,F3,1.0,0.25240603051966504
BBB,2014B,1588208,P3,F3,1.0,0.6006822560911395
BBB,2014B,1611973,P3,F3,1.0,0.3093950269149189
BBB,2014B,1624443,P3,F3,0.0,0.3138804193027231
BBB,2014B,1625718,P3,F3,0.0,0.3580452310083305
BBB,2014B,1626021,P3,F3,0.0,0.8542964337027874
BBB,2014B,1633695,P3,F3,1.0,0.23696378787996436
BBB,2014B,1719114,P3,F3,0.0,0.31106084729739597
BBB,2014B,1730702,P3,F3,1.0,0.9543942290041191
BBB,2014B,1732219,P3,F3,0.0,0.32843538616251
BBB,2014B,1759851,P3,F3,0.0,0.9356797983280499
BBB,2014B,1763653,P3,F3,0.0,0.1835611879860732
BBB,2014B,1780949,P3,F3,0.0,0.2548053172880975
BBB,2014B,1782665,P3,F3,1.0,0.3544831441403517
BBB,2014B,1786380,P3,F3,0.0,0.40639603057976015
BBB,2014B,1829654,P3,F3,1.0,0.3639344561348603
BBB,2014B,1840034,P3,F3,0.0,0.3033974526783161
BBB,2014B,1863244,P3,F3,1.0,0.48023899823552824
BBB,2014B,1864697,P3,F3,0.0,0.07618975676518872
BBB,2014B,1866742,P3,F3,0.0,0.6085496802499156
BBB,2014B,1877634,P3,F3,0.0,0.16201886673386737
BBB,2014B,1932474,P3,F3,0.0,0.10823230765069404
BBB,2014B,1934118,P3,F3,1.0,0.9515841986874176
BBB,2014B,1955634,P3,F3,0.0,0.2120787900912019
BBB,2014B,1957682,P3,F3,0.0,0.2026337280458859
BBB,2014B,1967937,P3,F3,1.0,0.24868056483865716
BBB,2014B,2002415,P3,F3,0.0,0.19112296968718423
BBB,2014B,2006364,P3,F3,1.0,0.8534159040529298
BBB,2014B,2022801,P3,F3,0.0,0.3354399621950401
BBB,2014B,2080885,P3,F3,0.0,0.5216469832193521
BBB,2014B,2081955,P3,F3,0.0,0.15996574769745256
BBB,2014B,2082318,P3,F3,0.0,0.5474783543188947
BBB,2014B,2087747,P3,F3,0.0,0.37580691736887334
BBB,2014B,2094350,P3,F3,1.0,0.6028058181348488
BBB,2014B,2104426,P3,F3,0.0,0.35614982865263767
BBB,2014B,2108614,P3,F3,0.0,0.21696410342055503
BBB,2014B,2133207,P3,F3,0.0,0.5427575303092759
BBB,2014B,2148859,P3,F3,0.0,0.3617237562499359
BBB,2014B,2153200,P3,F3,1.0,0.15500854138913758
BBB,2014B,2164251,P3,F3,0.0,0.048958734509803044
BBB,2014B,2181205,P3,F3,0.0,0.42664999607924803
BBB,2014B,2213424,P3,F3,0.0,0.2337282376334458
BBB,2014B,2221869,P3,F3,1.0,0.4040370979348426
BBB,2014B,2230457,P3,F3,1.0,0.688566387116134
BBB,2014B,2243703,P3,F3,0.0,0.805655721730372
BBB,2014B,2248122,P3,F3,0.0,0.273158922128805
BBB,2014B,2266377,P3,F3,1.0,0.39035794313605093
BBB,2014B,2271743,P3,F3,1.0,0.6154281744104454
BBB,2014B,2273828,P3,F3,1.0,0.851336331853098
BBB,2014B,2277941,P3,F3,1.0,0.8934182576975103
BBB,2014B,2291760,P3,F3,0.0,0.43330488626292585
BBB,2014B,2300911,P3,F3,1.0,0.9758051946480035
BBB,2014B,2300913,P3,F3,1.0,0.8445130796924807
BBB,2014B,2303083,P3,F3,1.0,0.8918965181587004
BBB,2014B,2308026,P3,F3,0.0,0.6671174120660924
BBB,2014B,2308564,P3,F3,0.0,0.32634712654950615
BBB,2014B,2315082,P3,F3,1.0,0.29144996193787587
BBB,2014B,2317273,P3,F3,0.0,0.16169672115927106
BBB,2014B,2334930,P3,F3,0.0,0.2071109247038056
BBB,2014B,2340165,P3,F3,0.0,0.1951274664729503
BBB,2014B,2343413,P3,F3,0.0,0.3941665638094012
BBB,2014B,2351235,P3,F3,1.0,0.42405463118182274
BBB,2014B,2392789,P3,F3,0.0,0.2227372373957786
BBB,2014B,2418877,P3,F3,1.0,0.9227361116916745
BBB,2014B,2420725,P3,F3,1.0,0.3380324253425023
BBB,2014B,2436707,P3,F3,1.0,0.443619481082315
BBB,2014B,2437428,P3,F3,1.0,0.5463386581707039
BBB,2014B,2440756,P3,F3,0.0,0.35927569779155066
BBB,2014B,2444501,P3,F3,1.0,0.9386628711595694
BBB,2014B,2446599,P3,F3,0.0,0.252835844184456
BBB,2014B,2476144,P3,F3,0.0,0.7742656914719726
BBB,2014B,2482994,P3,F3,1.0,0.32708627006511043
BBB,2014B,2487785,P3,F3,0.0,0.2502513860481017
BBB,2014B,2502127,P3,F3,0.0,0.40505352385020965
BBB,2014B,2512349,P3,F3,1.0,0.9428554585357302
BBB,2014B,2513954,P3,F3,0.0,0.27157008533413174
BBB,2014B,2514044,P3,F3,0.0,0.16519003105950905
BBB,2014B,2523350,P3,F3,0.0,0.12929245881631754
BBB,2014B,2523430,P3,F3,1.0,0.284260936381186
BBB,2014B,2523989,P3,F3,0.0,0.9401993612878186
BBB,2014B,2524295,P3,F3,0.0,0.6328709905612093
BBB,2014B,2526784,P3,F3,0.0,0.5081095899216385
BBB,2014B,2532643,P3,F3,1.0,0.29310049089735235
BBB,2014B,2533391,P3,F3,0.0,0.15600121882148701
BBB,2014B,2534954,P3,F3,0.0,0.3422995765988082
BBB,2014B,2539641,P3,F3,0.0,0.6646367175348938
BBB,2014B,2541388,P3,F3,0.0,0.1431180095508572
BBB,2014B,2554464,P3,F3,1.0,0.939507943388722
BBB,2014B,2568059,P3,F3,0.0,0.6803545816924278
BBB,2014B,2570092,P3,F3,0.0,0.19271173101551775
BBB,2014B,2571054,P3,F3,0.0,0.33499576126468705
BBB,2014B,2574365,P3,F3,0.0,0.4163062084375094
BBB,2014B,2575914,P3,F3,0.0,0.9506494791774238
BBB,2014B,2578704,P3,F3,1.0,0.11159534350566483
BBB,2014B,2590564,P3,F3,0.0,0.09781812461663081
BBB,2014B,2591974,P3,F3,0.0,0.22909913803650053
BBB,2014B,2592923,P3,F3,1.0,0.25535920738831236
BBB,2014B,2597543,P3,F3,0.0,0.440130451553933
BBB,2014B,2602679,P3,F3,0.0,0.2303679826592951
BBB,2014B,2609574,P3,F3,1.0,0.8522249556185784
BBB,2014B,2611847,P3,F3,1.0,0.47189458988540756
BBB,2014B,2625752,P3,F3,1.0,0.9681699742323018
BBB,2014B,2626410,P3,F3,1.0,0.9043457025587395
BBB,2014B,2634946,P3,F3,1.0,0.3623710691628589
BBB,2014B,2636696,P3,F3,0.0,0.5818022403895968
BBB,2014B,2641657,P3,F3,0.0,0.3275203453964154
BBB,2014B,2641682,P3,F3,1.0,0.6747546529305507
BBB,2014B,2643007,P3,F3,0.0,0.12856735977659853
BBB,2014B,2652209,P3,F3,0.0,0.5650894255951575
BBB,2014B,2653570,P3,F3,1.0,0.7437251763838724
BBB,2014B,2659042,P3,F3,0.0,0.25677366100774973
BBB,2014B,2677541,P3,F3,1.0,0.5500524332803175
BBB,2014B,2681783,P3,F3,0.0,0.5534699117872653
BBB,2014B,2683697,P3,F3,1.0,0.8944308641922233
BBB,2014B,2687378,P3,F3,0.0,0.28807864107505937
BBB,2014B,2690136,P3,F3,1.0,0.9846363674232436
CCC,2014B,28418,P3,F3,1.0,0.8736602704209653
CCC,2014B,29764,P3,F3,0.0,0.43239561430456197
CCC,2014B,29820,P3,F3,0.0,0.4325467614445497
CCC,2014B,40604,P3,F3,0.0,0.5127476411099557
CCC,2014B,42638,P3,F3,0.0,0.515133034562769
CCC,2014B,45664,P3,F3,1.0,0.9494065319402497
CCC,2014B,46605,P3,F3,0.0,0.1300546974899637
CCC,2014B,49119,P3,F3,0.0,0.6893345619070143
CCC,2014B,50263,P3,F3,1.0,0.8606324744521907
CCC,2014B,51576,P3,F3,1.0,0.7902418575186312
CCC,2014B,54391,P3,F3,1.0,0.894714544012319
CCC,2014B,57340,P3,F3,0.0,0.7717171797988648
CCC,2014B,62278,P3,F3,1.0,0.6972254510685345
CCC,2014B,64296,P3,F3,1.0,0.7240235550737364
CCC,2014B,66254,P3,F3,1.0,0.7469317089855737
CCC,2014B,69703,P3,F3,0.0,0.6441248140852719
CCC,2014B,70381,P3,F3,0.0,0.7514016615326944
CCC,2014B,70771,P3,F3,1.0,0.7970019534262083
CCC,2014B,74290,P3,F3,1.0,0.9567758428292668
CCC,2014B,75454,P3,F3,0.0,0.6314595790508303
CCC,2014B,75728,P3,F3,1.0,0.3735538007936878
CCC,2014B,79461,P3,F3,1.0,0.9122788274358804
CCC,2014B,80329,P3,F3,1.0,0.7774518200576451
CCC,2014B,82575,P3,F3,0.0,0.5400149619412925
CCC,2014B,83219,P3,F3,0.0,0.7487951347816578
CCC,2014B,83453,P3,F3,1.0,0.8777491146934666
CCC,2014B,84299,P3,F3,1.0,0.7548889719564951
CCC,2014B,86047,P3,F3,1.0,0.9707046686103862
CCC,2014B,94484,P3,F3,0.0,0.8122589377090659
CCC,2014B,95906,P3,F3,0.0,0.48857440335794217
CCC,2014B,96538,P3,F3,1.0,0.942501059126096
CCC,2014B,100621,P3,F3,1.0,0.7771239998530656
CCC,2014B,105523,P3,F3,0.0,0.8182426023474884
CCC,2014B,107028,P3,F3,1.0,0.6698341065536696
CCC,2014B,107339,P3,F3,0.0,0.4506061218569797
CCC,2014B,108834,P3,F3,1.0,0.5538067370775618
CCC,2014B,116518,P3,F3,0.0,0.6819002598662065
CCC,2014B,117232,P3,F3,0.0,0.5815364008420357
CCC,2014B,118098,P3,F3,1.0,0.954435468142214
CCC,2014B,119729,P3,F3,1.0,0.8615415739592477
CCC,2014B,122392,P3,F3,0.0,0.910831515461775
CCC,2014B,123598,P3,F3,1.0,0.908193565150329
CCC,2014B,124193,P3,F3,0.0,0.36736517780597794
CCC,2014B,126337,P3,F3,1.0,0.9361687065032863
CCC,2014B,126394,P3,F3,0.0,0.4185343746834286
CCC,2014B,126395,P3,F3,0.0,0.8649920808975683
CCC,2014B,128510,P3,F3,1.0,0.7048223794032366
CCC,2014B,129198,P3,F3,1.0,0.8788437472485954
CCC,2014B,129638,P3,F3,1.0,0.8122635721407057
CCC,2014B,129878,P3,F3,1.0,0.9669955777695185
CCC,2014B,131145,P3,F3,0.0,0.3949766316245664
CCC,2014B,131933,P3,F3,1.0,0.3859583191453595
CCC,2014B,132191,P3,F3,1.0,0.8358322119756033
CCC,2014B,133104,P3,F3,0.0,0.7137486829592443
CCC,2014B,134025,P3,F3,1.0,0.2710538974292588
CCC,2014B,135330,P3,F3,1.0,0.7400864589360234
CCC,2014B,135792,P3,F3,1.0,0.8427834567119719
CCC,2014B,142935,P3,F3,0.0,0.5996690224976405
CCC,2014B,145282,P3,F3,0.0,0.2757088944651226
CCC,2014B,147675,P3,F3,1.0,0.7539003444953478
CCC,2014B,151549,P3,F3,1.0,0.7566536032216511
CCC,2014B,152428,P3,F3,0.0,0.6860734603507557
CCC,2014B,152962,P3,F3,0.0,0.529857863396133
CCC,2014B,155067,P3,F3,1.0,0.8781936505837568
CCC,2014B,155963,P3,F3,0.0,0.4908119421314389
CCC,2014B,160300,P3,F3,0.0,0.6588899726095844
CCC,2014B,162650,P3,F3,1.0,0.88711741920169
CCC,2014B,165647,P3,F3,1.0,0.6294255786628555
CCC,2014B,165733,P3,F3,1.0,0.8223950099175986
CCC,2014B,166160,P3,F3,0.0,0.5254278879717222
CCC,2014B,167791,P3,F3,0.0,0.7316754110727822
CCC,2014B,168178,P3,F3,0.0,0.616524873660279
CCC,2014B,169380,P3,F3,0.0,0.43589606043663465
CCC,2014B,170025,P3,F3,1.0,0.8575208207397548
CCC,2014B,170864,P3,F3,0.0,0.1569244887978939
CCC,2014B,172301,P3,F3,1.0,0.8287716592750242
CCC,2014B,172965,P3,F3,0.0,0.18849595604191924
CCC,2014B,175490,P3,F3,0.0,0.37570637347569125
CCC,2014B,177967,P3,F3,0.0,0.5825804757828803
CCC,2014B,178072,P3,F3,1.0,0.3532246923758004
CCC,2014B,178496,P3,F3,0.0,0.5295251098777954
CCC,2014B,179904,P3,F3,1.0,0.8696239441476943
CCC,2014B,180976,P3,F3,0.0,0.47434632839132757
CCC,2014B,187435,P3,F3,0.0,0.5124513210404521
CCC,2014B,189428,P3,F3,0.0,0.591018299200319
CCC,2014B,189624,P3,F3,0.0,0.9228678017152924
CCC,2014B,191797,P3,F3,0.0,0.44974009053862307
CCC,2014B,193163,P3,F3,1.0,0.38179690919491793
CCC,2014B,198902,P3,F3,1.0,0.9257487866127128
CCC,2014B,200372,P3,F3,1.0,0.25097699234683213
CCC,2014B,201327,P3,F3,1.0,0.9182575292348555
CCC,2014B,204725,P3,F3,0.0,0.32515993818840094
CCC,2014B,205398,P3,F3,1.0,0.7847783937947025
CCC,2014B,205425,P3,F3,0.0,0.5820260010738636
CCC,2014B,206245,P3,F3,0.0,0.5692164565795326
CCC,2014B,206599,P3,F3,1.0,0.7695949858066218
CCC,2014B,227192,P3,F3,0.0,0.8102030625678619
CCC,2014B,227752,P3,F3,1.0,0.4958385103655188
CCC,2014B,228153,P3,F3,1.0,0.9291643837332891
CCC,2014B,228743,P3,F3,1.0,0.9466225526374332
CCC,2014B,229499,P3,F3,1.0,0.9350022178702285
CCC,2014B,230761,P3,F3,1.0,0.9106599636034327
CCC,2014B,231339,P3,F3,0.0,0.10804130507570114
CCC,2014B,232833,P3,F3,1.0,0.8445565062521336
CCC,2014B,233444,P3,F3,1.0,0.8838144118031532
CCC,2014B,234068,P3,F3,1.0,0.8966890216674036
CCC,2014B,234311,P3,F3,1.0,0.9114449234754615
CCC,2014B,234740,P3,F3,1.0,0.7894452556167325
CCC,2014B,236205,P3,F3,0.0,0.278840336966797
CCC,2014B,236620,P3,F3,0.0,0.43673584987627756
CCC,2014B,237934,P3,F3,1.0,0.8739803131996731
CCC,2014B,239707,P3,F3,1.0,0.9248722602497657
CCC,2014B,241955,P3,F3,1.0,0.9344813466759618
CCC,2014B,242858,P3,F3,0.0,0.7492964075746636
CCC,2014B,244977,P3,F3,0.0,0.30953940099001614
CCC,2014B,245217,P3,F3,1.0,0.8382326386839947
CCC,2014B,245494,P3,F3,1.0,0.8339340362568748
CCC,2014B,246248,P3,F3,1.0,0.8631717715126698
CCC,2014B,247819,P3,F3,0.0,0.33656860728120375
CCC,2014B,250092,P3,F3,1.0,0.8602201336200884
CCC,2014B,251385,P3,F3,0.0,0.42289682620798824
CCC,2014B,253859,P3,F3,0.0,0.3001936365832974
CCC,2014B,255310,P3,F3,0.0,0.5806775764173095
CCC,2014B,256532,P3,F3,1.0,0.8222082040521081
CCC,2014B,260062,P3,F3,1.0,0.8553570151167562
CCC,2014B,260949,P3,F3,0.0,0.8026486595502635
CCC,2014B,261042,P3,F3,1.0,0.9550527269327955
CCC,2014B,261265,P3,F3,1.0,0.733786177791919
CCC,2014B,261615,P3,F3,0.0,0.3841903012928433
CCC,2014B,262391,P3,F3,1.0,0.9454640191286934
CCC,2014B,264159,P3,F3,0.0,0.7044456321372672
CCC,2014B,266040,P3,F3,1.0,0.426644385713497
CCC,2014B,266558,P3,F3,1.0,0.9724968334440899
CCC,2014B,266915,P3,F3,1.0,0.9674919328949916
CCC,2014B,267118,P3,F3,1.0,0.8813157909638284
CCC,2014B,268018,P3,F3,1.0,0.7000882009687953
CCC,2014B,269676,P3,F3,0.0,0.8752990215182268
CCC,2014B,278861,P3,F3,1.0,0.1476589720808055
CCC,2014B,279868,P3,F3,0.0,0.6425646191543334
CCC,2014B,281261,P3,F3,1.0,0.7038580347223797
CCC,2014B,281801,P3,F3,0.0,0.18909790400310747
CCC,2014B,282193,P3,F3,0.0,0.5680542254729702
CCC,2014B,283798,P3,F3,0.0,0.4641663446447963
CCC,2014B,284812,P3,F3,0.0,0.13734667991060567
CCC,2014B,285170,P3,F3,0.0,0.7078119342315671
CCC,2014B,285475,P3,F3,0.0,0.3523964549739859
CCC,2014B,289009,P3,F3,0.0,0.8046624200259465
CCC,2014B,290382,P3,F3,1.0,0.8301170379844599
CCC,2014B,291805,P3,F3,0.0,0.9144231317467489
CCC,2014B,295893,P3,F3,1.0,0.806520101645769
CCC,2014B,296411,P3,F3,0.0,0.32116679337454956
CCC,2014B,298040,P3,F3,0.0,0.1201259014233917
CCC,2014B,300059,P3,F3,0.0,0.8800897569796213
CCC,2014B,300594,P3,F3,1.0,0.9272916766169981
CCC,2014B,300611,P3,F3,1.0,0.935624594139872
CCC,2014B,301232,P3,F3,0.0,0.7238332361673452
CCC,2014B,305876,P3,F3,1.0,0.6494596469526022
CCC,2014B,308391,P3,F3,1.0,0.8603017682973896
CCC,2014B,308918,P3,F3,1.0,0.9108090983920026
CCC,2014B,309118,P3,F3,0.0,0.7938801602039696
CCC,2014B,310088,P3,F3,1.0,0.4331748754661925
CCC,2014B,311616,P3,F3,0.0,0.20619940291387642
CCC,2014B,312886,P3,F3,1.0,0.8901620131123513
CCC,2014B,314555,P3,F3,1.0,0.9005260682548636
CCC,2014B,315322,P3,F3,1.0,0.9522519527468775
CCC,2014B,315728,P3,F3,0.0,0.5216404712882851
CCC,2014B,316061,P3,F3,1.0,0.9612674917811544
CCC,2014B,316227,P3,F3,0.0,0.21982638383073064
CCC,2014B,319042,P3,F3,1.0,0.8790446554116125
CCC,2014B,320153,P3,F3,1.0,0.8778204300517866
CCC,2014B,321112,P3,F3,1.0,0.9126593660824166
CCC,2014B,324257,P3,F3,1.0,0.896480369096778
CCC,2014B,325497,P3,F3,1.0,0.6526179139852123
CCC,2014B,328261,P3,F3,1.0,0.8137629390087125
CCC,2014B,329673,P3,F3,0.0,0.693640501509789
CCC,2014B,330862,P3,F3,1.0,0.623698170851542
CCC,2014B,335553,P3,F3,1.0,0.6161052451825746
CCC,2014B,335648,P3,F3,1.0,0.8946695390071084
CCC,2014B,336398,P3,F3,0.0,0.23126459710048333
CCC,2014B,336695,P3,F3,1.0,0.6206901386934652
CCC,2014B,338604,P3,F3,0.0,0.7325512836896139
CCC,2014B,338731,P3,F3,1.0,0.8310444799408169
CCC,2014B,342089,P3,F3,1.0,0.8517512617778816
CCC,2014B,342957,P3,F3,1.0,0.9539685260372675
CCC,2014B,342974,P3,F3,0.0,0.6763137204712609
CCC,2014B,344367,P3,F3,1.0,0.9841280646593269
CCC,2014B,344396,P3,F3,1.0,0.7617268280999949
CCC,2014B,345256,P3,F3,0.0,0.7558001243084741
CCC,2014B,347764,P3,F3,1.0,0.9415887395301195
CCC,2014B,348050,P3,F3,1.0,0.4848691022484694
CCC,2014B,348159,P3,F3,0.0,0.3366881427206989
CCC,2014B,349069,P3,F3,1.0,0.9422449770388984
CCC,2014B,351328,P3,F3,1.0,0.5556016639371831
CCC,2014B,351577,P3,F3,0.0,0.1982888289715667
CCC,2014B,351775,P3,F3,0.0,0.3610525243535249
CCC,2014B,353660,P3,F3,1.0,0.83920863748345
CCC,2014B,353804,P3,F3,1.0,0.7666193835845564
CCC,2014B,354607,P3,F3,0.0,0.7254634176747804
CCC,2014B,355143,P3,F3,1.0,0.935470200625762
CCC,2014B,356274,P3,F3,1.0,0.947426114226832
CCC,2014B,356523,P3,F3,1.0,0.9127935088326272
CCC,2014B,357176,P3,F3,0.0,0.24615095091895
CCC,2014B,357851,P3,F3,1.0,0.9398450627515329
CCC,2014B,357942,P3,F3,1.0,0.6044500381428429
CCC,2014B,358075,P3,F3,1.0,0.3040279443522333
CCC,2014B,359114,P3,F3,0.0,0.3245937325256179
CCC,2014B,360547,P3,F3,1.0,0.8022132766383451
CCC,2014B,361410,P3,F3,0.0,0.8228966713336614
CCC,2014B,362223,P3,F3,0.0,0.38112594346806367
CCC,2014B,363374,P3,F3,1.0,0.861018550537477
CCC,2014B,363773,P3,F3,0.0,0.2916332521374283
CCC,2014B,363906,P3,F3,1.0,0.7109480490937236
CCC,2014B,363939,P3,F3,1.0,0.8038617381721818
CCC,2014B,364920,P3,F3,1.0,0.7642545651834689
CCC,2014B,365993,P3,F3,1.0,0.8003573504607713
CCC,2014B,366310,P3,F3,0.0,0.804271184055407
CCC,2014B,368483,P3,F3,1.0,0.8717731025404056
CCC,2014B,368876,P3,F3,1.0,0.8406038050560082
CCC,2014B,370336,P3,F3,1.0,0.6420232196177331
CCC,2014B,371526,P3,F3,0.0,0.6625960874796947
CCC,2014B,371901,P3,F3,0.0,0.7162443196305436
CCC,2014B,372812,P3,F3,1.0,0.8040842363466598
CCC,2014B,374028,P3,F3,0.0,0.49703550972826743
CCC,2014B,374756,P3,F3,0.0,0.27856129495021886
CCC,2014B,376701,P3,F3,1.0,0.9697543093151777
CCC,2014B,378920,P3,F3,0.0,0.7570017820259862
CCC,2014B,379406,P3,F3,1.0,0.47361172838161253
CCC,2014B,381240,P3,F3,1.0,0.701345383542505
CCC,2014B,381927,P3,F3,0.0,0.24565596928421457
CCC,2014B,383140,P3,F3,0.0,0.34504135283532716
CCC,2014B,383158,P3,F3,0.0,0.6640241115853958
CCC,2014B,383311,P3,F3,1.0,0.9849888116501795
CCC,2014B,383347,P3,F3,0.0,0.4958747403117151
CCC,2014B,383372,P3,F3,0.0,0.8475052791142526
CCC,2014B,383971,P3,F3,1.0,0.6441623742641028
CCC,2014B,385120,P3,F3,1.0,0.9069360196198748
CCC,2014B,385387,P3,F3,0.0,0.13426989575865209
CCC,2014B,386189,P3,F3,1.0,0.9562638058458125
CCC,2014B,387009,P3,F3,0.0,0.3292586606825162
CCC,2014B,388538,P3,F3,0.0,0.2810699757545239
CCC,2014B,388708,P3,F3,1.0,0.8027870940756585
CCC,2014B,388750,P3,F3,1.0,0.8788019730471932
CCC,2014B,391343,P3,F3,1.0,0.8269687272582156
CCC,2014B,391419,P3,F3,1.0,0.8874372357683952
CCC,2014B,392289,P3,F3,1.0,0.9078958656246578
CCC,2014B,392526,P3,F3,0.0,0.509927626611867
CCC,2014B,394311,P3,F3,0.0,0.4587347190531491
CCC,2014B,394341,P3,F3,1.0,0.4287171520290526
CCC,2014B,396825,P3,F3,0.0,0.4077165036981816
CCC,2014B,397506,P3,F3,0.0,0.5908372480998547
CCC,2014B,398487,P3,F3,1.0,0.7933803084700112
CCC,2014B,400063,P3,F3,1.0,0.8929134269154998
CCC,2014B,401296,P3,F3,0.0,0.4192909048868184
CCC,2014B,401903,P3,F3,0.0,0.34525296357484486
CCC,2014B,403085,P3,F3,0.0,0.3897525981941913
CCC,2014B,404239,P3,F3,1.0,0.8059433722326281
CCC,2014B,406265,P3,F3,1.0,0.33266711913306135
CCC,2014B,406846,P3,F3,1.0,0.9352730709980037
CCC,2014B,406908,P3,F3,1.0,0.7348453524638349
CCC,2014B,406937,P3,F3,1.0,0.8824148790156893
CCC,2014B,407453,P3,F3,1.0,0.7649753656187663
CCC,2014B,407818,P3,F3,1.0,0.8127902202279101
CCC,2014B,408371,P3,F3,1.0,0.833876002407208
CCC,2014B,408413,P3,F3,1.0,0.692218277339775
CCC,2014B,409540,P3,F3,1.0,0.520181359548285
CCC,2014B,410203,P3,F3,0.0,0.4637615113274098
CCC,2014B,410407,P3,F3,0.0,0.16681044762854141
CCC,2014B,410699,P3,F3,0.0,0.640344836648109
CCC,2014B,410886,P3,F3,1.0,0.6202376006361809
CCC,2014B,412258,P3,F3,0.0,0.33909908019426116
CCC,2014B,412284,P3,F3,1.0,0.8443838028048476
CCC,2014B,413083,P3,F3,1.0,0.8720539319254789
CCC,2014B,416500,P3,F3,1.0,0.9709232550660133
CCC,2014B,416689,P3,F3,0.0,0.872900725482733
CCC,2014B,416860,P3,F3,1.0,0.8957339723579388
CCC,2014B,417820,P3,F3,0.0,0.3930494063102079
CCC,2014B,418224,P3,F3,1.0,0.660747348488744
CCC,2014B,418623,P3,F3,0.0,0.8256502460625115
CCC,2014B,418971,P3,F3,1.0,0.9117104672002315
CCC,2014B,419233,P3,F3,1.0,0.495735583657404
CCC,2014B,419536,P3,F3,1.0,0.7794476992119642
CCC,2014B,420345,P3,F3,0.0,0.559121380042479
CCC,2014B,420528,P3,F3,0.0,0.4779400793464499
CCC,2014B,420935,P3,F3,0.0,0.1011390696300469
CCC,2014B,421209,P3,F3,0.0,0.8277865298144955
CCC,2014B,421712,P3,F3,1.0,0.5767379041040034
CCC,2014B,423879,P3,F3,0.0,0.24753418156951068
CCC,2014B,424082,P3,F3,0.0,0.7965550744358469
CCC,2014B,424112,P3,F3,0.0,0.5666537391039289
CCC,2014B,424950,P3,F3,0.0,0.8789510073670458
CCC,2014B,425287,P3,F3,1.0,0.8852547215314516
CCC,2014B,426610,P3,F3,0.0,0.43310507869105974
CCC,2014B,426616,P3,F3,1.0,0.706513137549688
CCC,2014B,429065,P3,F3,1.0,0.7350712853124896
CCC,2014B,429185,P3,F3,0.0,0.22535884598916958
CCC,2014B,430686,P3,F3,0.0,0.5645355052868395
CCC,2014B,431014,P3,F3,1.0,0.9396708917620779
CCC,2014B,431386,P3,F3,0.0,0.5484304237378648
CCC,2014B,432278,P3,F3,1.0,0.5658707704935803
CCC,2014B,434562,P3,F3,0.0,0.4349282176284893
CCC,2014B,434573,P3,F3,1.0,0.9101886144746312
CCC,2014B,436058,P3,F3,0.0,0.8722590705488841
CCC,2014B,438313,P3,F3,1.0,0.9803853572791188
CCC,2014B,438796,P3,F3,0.0,0.5275655190897443
CCC,2014B,440323,P3,F3,1.0,0.7332458568087239
CCC,2014B,440905,P3,F3,1.0,0.779209339256309
CCC,2014B,441540,P3,F3,1.0,0.786915165239244
CCC,2014B,441606,P3,F3,1.0,0.9297035932256309
CCC,2014B,442954,P3,F3,1.0,0.8767783609496116
CCC,2014B,445777,P3,F3,0.0,0.5328325985036884
CCC,2014B,445917,P3,F3,0.0,0.20899854265275591
CCC,2014B,445972,P3,F3,0.0,0.09837951161361644
CCC,2014B,446295,P3,F3,1.0,0.9762351033143691
CCC,2014B,446628,P3,F3,1.0,0.9068579362003925
CCC,2014B,447306,P3,F3,1.0,0.9088151227646213
CCC,2014B,464236,P3,F3,1.0,0.7755772968998816
CCC,2014B,465406,P3,F3,0.0,0.5602800131959615
CCC,2014B,465719,P3,F3,1.0,0.9466045051533579
CCC,2014B,465843,P3,F3,1.0,0.768192748561572
CCC,2014B,466289,P3,F3,0.0,0.43697703214427613
CCC,2014B,466714,P3,F3,1.0,0.8964696019327374
CCC,2014B,467230,P3,F3,0.0,0.47077430827334993
CCC,2014B,467753,P3,F3,1.0,0.8051680131061434
CCC,2014B,467894,P3,F3,1.0,0.9753777834254724
CCC,2014B,468753,P3,F3,1.0,0.5618959524459335
CCC,2014B,469761,P3,F3,0.0,0.3417935790941136
CCC,2014B,470002,P3,F3,1.0,0.6348192894848902
CCC,2014B,471018,P3,F3,1.0,0.9535371398618181
CCC,2014B,471580,P3,F3,1.0,0.7936939168695241
CCC,2014B,471657,P3,F3,0.0,0.5545317694801297
CCC,2014B,471979,P3,F3,0.0,0.4546763761600319
CCC,2014B,472087,P3,F3,0.0,0.8321896019128509
CCC,2014B,472309,P3,F3,1.0,0.521983307887852
CCC,2014B,473965,P3,F3,0.0,0.9174713913788048
CCC,2014B,474283,P3,F3,1.0,0.8745799387373322
CCC,2014B,474759,P3,F3,1.0,0.8399425383115444
CCC,2014B,475149,P3,F3,1.0,0.32647973878114805
CCC,2014B,475556,P3,F3,1.0,0.7077165744467064
CCC,2014B,475945,P3,F3,0.0,0.4644386539353662
CCC,2014B,476108,P3,F3,0.0,0.4987996557636555
CCC,2014B,476937,P3,F3,1.0,0.6764138857562383
CCC,2014B,477067,P3,F3,0.0,0.2682452054250974
CCC,2014B,478212,P3,F3,1.0,0.9213381545329361
CCC,2014B,478550,P3,F3,1.0,0.3392524676375441
CCC,2014B,478977,P3,F3,1.0,0.6272091204643622
CCC,2014B,479607,P3,F3,1.0,0.823750709733963
CCC,2014B,479725,P3,F3,1.0,0.9417061035854718
CCC,2014B,479753,P3,F3,1.0,0.9724922925859439
CCC,2014B,480604,P3,F3,1.0,0.32730877861487817
CCC,2014B,480929,P3,F3,0.0,0.21481111309028436
CCC,2014B,480943,P3,F3,0.0,0.6119357051813893
CCC,2014B,482280,P3,F3,0.0,0.5127584862868545
CCC,2014B,482745,P3,F3,1.0,0.8658340624500048
CCC,2014B,483108,P3,F3,1.0,0.5766916114582445
CCC,2014B,483267,P3,F3,1.0,0.584785287076697
CCC,2014B,483275,P3,F3,0.0,0.6543961754357108
CCC,2014B,484174,P3,F3,1.0,0.804230936908237
CCC,2014B,484464,P3,F3,0.0,0.3733672540055445
CCC,2014B,485312,P3,F3,0.0,0.29461006323243505
CCC,2014B,485374,P3,F3,0.0,0.4509358009041782
CCC,2014B,485594,P3,F3,1.0,0.9711124899310292
CCC,2014B,485604,P3,F3,0.0,0.30970631901611123
CCC,2014B,485944,P3,F3,1.0,0.6930618496760982
CCC,2014B,486378,P3,F3,1.0,0.8759847508435584
CCC,2014B,487494,P3,F3,1.0,0.9345792455562686
CCC,2014B,487629,P3,F3,1.0,0.7974341815572105
CCC,2014B,488431,P3,F3,0.0,0.7498850447801118
CCC,2014B,489929,P3,F3,0.0,0.7485913753641108
CCC,2014B,490024,P3,F3,0.0,0.8089404488020199
CCC,2014B,490081,P3,F3,0.0,0.9177713873087613
CCC,2014B,490282,P3,F3,0.0,0.6480064753614915
CCC,2014B,490297,P3,F3,1.0,0.9602558820617435
CCC,2014B,490587,P3,F3,1.0,0.9566032672211002
CCC,2014B,490662,P3,F3,1.0,0.7777763729403905
CCC,2014B,490768,P3,F3,1.0,0.7345637991913004
CCC,2014B,490769,P3,F3,1.0,0.6776398872327412
CCC,2014B,491170,P3,F3,1.0,0.9602818111689242
CCC,2014B,491232,P3,F3,1.0,0.8387714268187053
CCC,2014B,491742,P3,F3,1.0,0.8718807339983895
CCC,2014B,491843,P3,F3,1.0,0.8770747652671291
CCC,2014B,492357,P3,F3,1.0,0.6613829018218584
CCC,2014B,492900,P3,F3,0.0,0.8376303349108306
CCC,2014B,493822,P3,F3,1.0,0.6837650091359917
CCC,2014B,493988,P3,F3,1.0,0.7714627626472429
CCC,2014B,494389,P3,F3,1.0,0.930086223942912
CCC,2014B,494919,P3,F3,0.0,0.6021759482838477
CCC,2014B,495320,P3,F3,0.0,0.5761576951893747
CCC,2014B,496108,P3,F3,1.0,0.9798591547630038
CCC,2014B,497080,P3,F3,1.0,0.8597923941397816
CCC,2014B,498043,P3,F3,1.0,0.36792815672262663
CCC,2014B,498138,P3,F3,1.0,0.8599267706270393
CCC,2014B,498741,P3,F3,1.0,0.9281867438836882
CCC,2014B,500006,P3,F3,1.0,0.6273563337429003
CCC,2014B,500189,P3,F3,1.0,0.8628078952037637
CCC,2014B,500597,P3,F3,1.0,0.842207513482949
CCC,2014B,501339,P3,F3,1.0,0.48388071749303463
CCC,2014B,501443,P3,F3,1.0,0.852440220277526
CCC,2014B,501652,P3,F3,1.0,0.8920059609560403
CCC,2014B,502465,P3,F3,0.0,0.7849328878977622
CCC,2014B,502554,P3,F3,0.0,0.14022456614205428
CCC,2014B,502833,P3,F3,1.0,0.8659434051968493
CCC,2014B,502868,P3,F3,0.0,0.500991161974353
CCC,2014B,502929,P3,F3,1.0,0.983157796298949
CCC,2014B,503469,P3,F3,1.0,0.7580542705592171
CCC,2014B,503872,P3,F3,1.0,0.8625140218336079
CCC,2014B,504057,P3,F3,1.0,0.8323066524068334
CCC,2014B,505235,P3,F3,1.0,0.6945457304401516
CCC,2014B,505520,P3,F3,1.0,0.8220308716032032
CCC,2014B,505767,P3,F3,0.0,0.4006016977308152
CCC,2014B,505815,P3,F3,1.0,0.5314049578007066
CCC,2014B,506206,P3,F3,0.0,0.6698853065449825
CCC,2014B,507034,P3,F3,0.0,0.3592397668349068
CCC,2014B,507388,P3,F3,1.0,0.8352024997904254
CCC,2014B,507523,P3,F3,0.0,0.6407377917061813
CCC,2014B,507671,P3,F3,1.0,0.6970873752061395
CCC,2014B,508025,P3,F3,1.0,0.6606072337625436
CCC,2014B,509029,P3,F3,0.0,0.6722388114109653
CCC,2014B,509102,P3,F3,0.0,0.5013725080700941
CCC,2014B,509122,P3,F3,1.0,0.8944130795185615
CCC,2014B,509183,P3,F3,0.0,0.6164683329282172
CCC,2014B,509649,P3,F3,1.0,0.8823558668259753
CCC,2014B,509839,P3,F3,0.0,0.1885077942678191
CCC,2014B,510070,P3,F3,1.0,0.8353682436443662
CCC,2014B,510694,P3,F3,1.0,0.8784963493094181
CCC,2014B,510914,P3,F3,1.0,0.3370586061017907
CCC,2014B,511473,P3,F3,0.0,0.6968836945775263
CCC,2014B,511657,P3,F3,1.0,0.777645153406918
CCC,2014B,512353,P3,F3,1.0,0.8953612500993522
CCC,2014B,512475,P3,F3,0.0,0.18520065264113036
CCC,2014B,512582,P3,F3,1.0,0.5760239471894104
CCC,2014B,513638,P3,F3,0.0,0.46467847530949813
CCC,2014B,513934,P3,F3,1.0,0.6424896398523615
CCC,2014B,514000,P3,F3,1.0,0.507960392595856
CCC,2014B,514186,P3,F3,1.0,0.9493390452347991
CCC,2014B,515046,P3,F3,0.0,0.41631453674008484
CCC,2014B,515107,P3,F3,0.0,0.6432106901189157
CCC,2014B,515278,P3,F3,1.0,0.7935257661319592
CCC,2014B,515515,P3,F3,1.0,0.4821170571967481
CCC,2014B,515774,P3,F3,0.0,0.6550863317079818
CCC,2014B,515936,P3,F3,1.0,0.8681631095475227
CCC,2014B,516024,P3,F3,0.0,0.7226387779514701
CCC,2014B,516238,P3,F3,0.0,0.5188537340145282
CCC,2014B,516496,P3,F3,0.0,0.5267003246624751
CCC,2014B,516685,P3,F3,1.0,0.9282313373485187
CCC,2014B,516726,P3,F3,0.0,0.77806903852004
CCC,2014B,517999,P3,F3,0.0,0.22917390775286475
CCC,2014B,518116,P3,F3,1.0,0.8920209101717581
CCC,2014B,518363,P3,F3,0.0,0.6403693739006395
CCC,2014B,518862,P3,F3,0.0,0.5724007620231975
CCC,2014B,519544,P3,F3,0.0,0.8185950766313738
CCC,2014B,519589,P3,F3,1.0,0.9219954479911969
CCC,2014B,520377,P3,F3,0.0,0.7577185109392572
CCC,2014B,520588,P3,F3,1.0,0.7047631750151406
CCC,2014B,521051,P3,F3,0.0,0.706699636238871
CCC,2014B,521297,P3,F3,0.0,0.7459343518248989
CCC,2014B,521542,P3,F3,1.0,0.9225677425818848
CCC,2014B,521614,P3,F3,0.0,0.09834653560369368
CCC,2014B,522312,P3,F3,0.0,0.32019617429398706
CCC,2014B,522484,P3,F3,1.0,0.9559884357802247
CCC,2014B,522682,P3,F3,1.0,0.8732548253299737
CCC,2014B,523061,P3,F3,0.0,0.7865266288163072
CCC,2014B,523079,P3,F3,0.0,0.326986992841501
CCC,2014B,523239,P3,F3,1.0,0.8637429563065921
CCC,2014B,523335,P3,F3,1.0,0.8461815014881614
CCC,2014B,523710,P3,F3,1.0,0.908153109637092
CCC,2014B,524128,P3,F3,0.0,0.5188496285337595
CCC,2014B,524295,P3,F3,0.0,0.6011562750091186
CCC,2014B,524378,P3,F3,0.0,0.4533124712700911
CCC,2014B,524386,P3,F3,1.0,0.6711461812839918
CCC,2014B,525332,P3,F3,1.0,0.8498917145632082
CCC,2014B,525832,P3,F3,0.0,0.23107883304662724
CCC,2014B,526073,P3,F3,1.0,0.8692382591161352
CCC,2014B,526235,P3,F3,1.0,0.9241897185777437
CCC,2014B,526547,P3,F3,1.0,0.9143934661939096
CCC,2014B,526564,P3,F3,1.0,0.1335723430774185
CCC,2014B,526876,P3,F3,1.0,0.285095966087308
CCC,2014B,526927,P3,F3,0.0,0.3229777750679715
CCC,2014B,527771,P3,F3,1.0,0.75357417507597
CCC,2014B,527826,P3,F3,0.0,0.17691202770627446
CCC,2014B,527964,P3,F3,0.0,0.4542927079504432
CCC,2014B,528021,P3,F3,1.0,0.9348621818241334
CCC,2014B,528023,P3,F3,1.0,0.9582727383591543
CCC,2014B,528066,P3,F3,0.0,0.5752186756728451
CCC,2014B,528892,P3,F3,0.0,0.8267868579317085
CCC,2014B,529025,P3,F3,0.0,0.7774106620469383
CCC,2014B,529073,P3,F3,1.0,0.8985753447627818
CCC,2014B,529078,P3,F3,1.0,0.4403227558865992
CCC,2014B,529153,P3,F3,1.0,0.9733563407168925
CCC,2014B,529434,P3,F3,0.0,0.7850542064191616
CCC,2014B,530113,P3,F3,1.0,0.754243266678159
CCC,2014B,530481,P3,F3,1.0,0.8673689431355752
CCC,2014B,530650,P3,F3,0.0,0.4051580888085452
CCC,2014B,530936,P3,F3,1.0,0.9504994882343172
CCC,2014B,531047,P3,F3,1.0,0.9750313942952211
CCC,2014B,531075,P3,F3,1.0,0.9338042980660959
CCC,2014B,532020,P3,F3,0.0,0.588289164909879
CCC,2014B,532350,P3,F3,0.0,0.4508734176389185
CCC,2014B,532531,P3,F3,1.0,0.9084038793639468
CCC,2014B,532565,P3,F3,1.0,0.8755673864944928
CCC,2014B,532718,P3,F3,0.0,0.29220525061632185
CCC,2014B,532859,P3,F3,1.0,0.9638664308098085
CCC,2014B,533004,P3,F3,1.0,0.7115688430485345
CCC,2014B,534074,P3,F3,1.0,0.8106593154943148
CCC,2014B,535047,P3,F3,0.0,0.8777679503497477
CCC,2014B,535682,P3,F3,1.0,0.9815447958051308
CCC,2014B,536032,P3,F3,1.0,0.9632786464618625
CCC,2014B,536170,P3,F3,0.0,0.14927482029677416
CCC,2014B,536261,P3,F3,0.0,0.7656290887662622
CCC,2014B,536435,P3,F3,1.0,0.4607785493655255
CCC,2014B,536536,P3,F3,1.0,0.9406903918067014
CCC,2014B,537322,P3,F3,0.0,0.7306767642720586
CCC,2014B,537603,P3,F3,1.0,0.8888437925228273
CCC,2014B,537606,P3,F3,1.0,0.5433461395918331
CCC,2014B,537622,P3,F3,1.0,0.6797726099139249
CCC,2014B,537654,P3,F3,1.0,0.9386352986306927
CCC,2014B,537658,P3,F3,1.0,0.889509075162
CCC,2014B,538887,P3,F3,1.0,0.7534788906875403
CCC,2014B,539328,P3,F3,1.0,0.646382781296236
CCC,2014B,539514,P3,F3,1.0,0.28495074911114304
CCC,2014B,539784,P3,F3,0.0,0.2960932708818661
CCC,2014B,539971,P3,F3,0.0,0.8705710430022023
CCC,2014B,540686,P3,F3,0.0,0.4159056519629622
CCC,2014B,541003,P3,F3,1.0,0.7640773745113939
CCC,2014B,541184,P3,F3,1.0,0.9401506213250566
CCC,2014B,542050,P3,F3,1.0,0.6886274181818322
CCC,2014B,542721,P3,F3,1.0,0.9142150876234606
CCC,2014B,543170,P3,F3,0.0,0.7024333203856172
CCC,2014B,543417,P3,F3,1.0,0.9731446757026411
CCC,2014B,543475,P3,F3,1.0,0.8920240728662555
CCC,2014B,543678,P3,F3,0.0,0.6574322206725945
CCC,2014B,543924,P3,F3,1.0,0.8620413525474191
CCC,2014B,543948,P3,F3,0.0,0.47549625909821175
CCC,2014B,544090,P3,F3,1.0,0.48348373390081334
CCC,2014B,544467,P3,F3,1.0,0.9760572561291586
CCC,2014B,544490,P3,F3,0.0,0.7431608150934144
CCC,2014B,544594,P3,F3,0.0,0.3288119976273723
CCC,2014B,544791,P3,F3,1.0,0.9071804991241763
CCC,2014B,544839,P3,F3,0.0,0.2667023497218156
CCC,2014B,545045,P3,F3,1.0,0.9645641302938417
CCC,2014B,545740,P3,F3,0.0,0.3920694010510257
CCC,2014B,545747,P3,F3,0.0,0.19598987722178454
CCC,2014B,546400,P3,F3,1.0,0.8883044108583473
CCC,2014B,546675,P3,F3,1.0,0.9391495262637949
CCC,2014B,547287,P3,F3,0.0,0.15761942934358017
CCC,2014B,547332,P3,F3,1.0,0.18613403248382926
CCC,2014B,547413,P3,F3,1.0,0.8983022722405328
CCC,2014B,547571,P3,F3,1.0,0.6199891532904205
CCC,2014B,547986,P3,F3,1.0,0.9404064252151431
CCC,2014B,548261,P3,F3,1.0,0.67205794245948
CCC,2014B,548383,P3,F3,1.0,0.7461430309483359
CCC,2014B,548386,P3,F3,0.0,0.32325800618857653
CCC,2014B,548509,P3,F3,0.0,0.15111619722576441
CCC,2014B,548602,P3,F3,0.0,0.38737221967958985
CCC,2014B,548677,P3,F3,0.0,0.546145024724622
CCC,2014B,548764,P3,F3,1.0,0.6566088253657425
CCC,2014B,548854,P3,F3,0.0,0.5698411435362772
CCC,2014B,549636,P3,F3,1.0,0.39621221711742743
CCC,2014B,549928,P3,F3,1.0,0.8643844674748787
CCC,2014B,549951,P3,F3,0.0,0.5801720485443865
CCC,2014B,550092,P3,F3,1.0,0.8601886738939832
CCC,2014B,550545,P3,F3,1.0,0.4438409824666077
CCC,2014B,550812,P3,F3,1.0,0.9504214317026357
CCC,2014B,550893,P3,F3,1.0,0.8529997982270777
CCC,2014B,551115,P3,F3,0.0,0.25322837718575225
CCC,2014B,551267,P3,F3,0.0,0.7652680418318092
CCC,2014B,551304,P3,F3,0.0,0.7171735286074515
CCC,2014B,551478,P3,F3,0.0,0.4347639938621286
CCC,2014B,551528,P3,F3,1.0,0.9582126785964165
CCC,2014B,551604,P3,F3,1.0,0.6676467678540311
CCC,2014B,551856,P3,F3,1.0,0.9513528968704345
CCC,2014B,551902,P3,F3,1.0,0.9754558122440831
CCC,2014B,552166,P3,F3,1.0,0.8022123483654314
CCC,2014B,552441,P3,F3,0.0,0.32922222710744686
CCC,2014B,552498,P3,F3,1.0,0.8505191036298282
CCC,2014B,552590,P3,F3,1.0,0.9378610722489248
CCC,2014B,552913,P3,F3,0.0,0.9417190810851441
CCC,2014B,553021,P3,F3,0.0,0.2597457451492959
CCC,2014B,553280,P3,F3,0.0,0.5268380858538265
CCC,2014B,553394,P3,F3,0.0,0.16972997384836686
CCC,2014B,553410,P3,F3,1.0,0.6367015712408172
CCC,2014B,553655,P3,F3,0.0,0.627224977865415
CCC,2014B,553741,P3,F3,1.0,0.8144853412486197
CCC,2014B,554141,P3,F3,0.0,0.7319907140840142
CCC,2014B,554205,P3,F3,1.0,0.30428239047894573
CCC,2014B,554583,P3,F3,0.0,0.8921435834929553
CCC,2014B,554870,P3,F3,0.0,0.8987348380307408
CCC,2014B,554951,P3,F3,0.0,0.760112247512667
CCC,2014B,555008,P3,F3,0.0,0.28982708856196127
CCC,2014B,555368,P3,F3,1.0,0.904309379200818
CCC,2014B,555604,P3,F3,0.0,0.880172844875543
CCC,2014B,555706,P3,F3,0.0,0.4849344287254963
CCC,2014B,555953,P3,F3,1.0,0.6936874730758691
CCC,2014B,556042,P3,F3,1.0,0.8873817661587695
CCC,2014B,556109,P3,F3,1.0,0.7231873239395918
CCC,2014B,556246,P3,F3,0.0,0.4272481466914802
CCC,2014B,556295,P3,F3,0.0,0.30938352681473996
CCC,2014B,556521,P3,F3,1.0,0.8492269995302396
CCC,2014B,556584,P3,F3,0.0,0.26460227699505523
CCC,2014B,556587,P3,F3,1.0,0.9702570689197821
CCC,2014B,556858,P3,F3,0.0,0.8240781438688881
CCC,2014B,556918,P3,F3,1.0,0.4747185803877711
CCC,2014B,557172,P3,F3,1.0,0.9350944899596401
CCC,2014B,557700,P3,F3,1.0,0.7617204519684583
CCC,2014B,557995,P3,F3,1.0,0.7427738013002738
CCC,2014B,558122,P3,F3,1.0,0.7990724779936921
CCC,2014B,558444,P3,F3,1.0,0.9341908209839973
CCC,2014B,558471,P3,F3,1.0,0.5107129126190052
CCC,2014B,558518,P3,F3,0.0,0.6286064130288362
CCC,2014B,558616,P3,F3,0.0,0.8826094163461103
CCC,2014B,558914,P3,F3,1.0,0.7949740059345257
CCC,2014B,559157,P3,F3,1.0,0.9160208907716998
CCC,2014B,559469,P3,F3,1.0,0.8273333920012196
CCC,2014B,559706,P3,F3,0.0,0.9480974911312199
CCC,2014B,559770,P3,F3,0.0,0.4882465801865889
CCC,2014B,559912,P3,F3,1.0,0.8075034829545946
CCC,2014B,559977,P3,F3,1.0,0.9463441213690961
CCC,2014B,560114,P3,F3,0.0,0.6901234280760291
CCC,2014B,560311,P3,F3,0.0,0.62378764379183
CCC,2014B,560494,P3,F3,0.0,0.3530062420362127
CCC,2014B,560784,P3,F3,1.0,0.8121405637662324
CCC,2014B,560951,P3,F3,1.0,0.798384624244211
CCC,2014B,561363,P3,F3,0.0,0.6049291220915561
CCC,2014B,561559,P3,F3,0.0,0.2827439910210002
CCC,2014B,561774,P3,F3,0.0,0.48318367218593605
CCC,2014B,562450,P3,F3,0.0,0.5718438910542258
CCC,2014B,562585,P3,F3,1.0,0.9292087866237118
CCC,2014B,562825,P3,F3,0.0,0.7765793484014251
CCC,2014B,563046,P3,F3,0.0,0.7470307153863458
CCC,2014B,563631,P3,F3,1.0,0.9561925655307704
CCC,2014B,563819,P3,F3,0.0,0.8738153887524365
CCC,2014B,563967,P3,F3,1.0,0.9392276691388592
CCC,2014B,564700,P3,F3,1.0,0.927469138085921
CCC,2014B,565399,P3,F3,0.0,0.1868278175931431
CCC,2014B,565838,P3,F3,1.0,0.7774726411683712
CCC,2014B,565883,P3,F3,1.0,0.8908957934359121
CCC,2014B,566185,P3,F3,1.0,0.83519135044148
CCC,2014B,566310,P3,F3,0.0,0.5387371844408784
CCC,2014B,566428,P3,F3,0.0,0.5489369456852757
CCC,2014B,566664,P3,F3,1.0,0.8671372674157816
CCC,2014B,566670,P3,F3,0.0,0.8499806972741996
CCC,2014B,566715,P3,F3,0.0,0.38588981836254344
CCC,2014B,566871,P3,F3,1.0,0.4845184075251335
CCC,2014B,566872,P3,F3,1.0,0.8041848125283204
CCC,2014B,568047,P3,F3,1.0,0.7854902028658194
CCC,2014B,568084,P3,F3,0.0,0.47075049964465476
CCC,2014B,569080,P3,F3,0.0,0.23782039901445057
CCC,2014B,569108,P3,F3,0.0,0.24298255109149336
CCC,2014B,569342,P3,F3,1.0,0.8392633476841772
CCC,2014B,569609,P3,F3,0.0,0.9287578439513676
CCC,2014B,569712,P3,F3,1.0,0.803907293283237
CCC,2014B,570113,P3,F3,1.0,0.9331997715529312
CCC,2014B,570410,P3,F3,0.0,0.821161639319225
CCC,2014B,570514,P3,F3,1.0,0.9446557092158293
CCC,2014B,570872,P3,F3,0.0,0.8287308367942918
CCC,2014B,570967,P3,F3,0.0,0.5390740090726948
CCC,2014B,571025,P3,F3,1.0,0.6265252037262123
CCC,2014B,571129,P3,F3,0.0,0.11563474884833054
CCC,2014B,571233,P3,F3,1.0,0.590234363239898
CCC,2014B,571389,P3,F3,1.0,0.9012074999166831
CCC,2014B,571571,P3,F3,0.0,0.2754099313207094
CCC,2014B,571595,P3,F3,1.0,0.8759627569661834
CCC,2014B,571776,P3,F3,0.0,0.24393680330529208
CCC,2014B,571992,P3,F3,1.0,0.9205038749051734
CCC,2014B,572036,P3,F3,0.0,0.7172530486655032
CCC,2014B,572279,P3,F3,1.0,0.9019025536897586
CCC,2014B,572303,P3,F3,0.0,0.7616117833042076
CCC,2014B,572382,P3,F3,1.0,0.9456206244036612
CCC,2014B,572401,P3,F3,1.0,0.9522227879885611
CCC,2014B,572438,P3,F3,0.0,0.17385114734505816
CCC,2014B,572570,P3,F3,0.0,0.58924136876138
CCC,2014B,572854,P3,F3,0.0,0.3428533034480211
CCC,2014B,572891,P3,F3,0.0,0.7992957065329878
CCC,2014B,573153,P3,F3,1.0,0.93028316142656
CCC,2014B,573166,P3,F3,1.0,0.5798140469187705
CCC,2014B,573197,P3,F3,1.0,0.938655328110629
CCC,2014B,573377,P3,F3,0.0,0.6483221308061148
CCC,2014B,573440,P3,F3,0.0,0.7067782820951471
CCC,2014B,573558,P3,F3,0.0,0.8691394027607389
CCC,2014B,573662,P3,F3,1.0,0.8478643856836982
CCC,2014B,573696,P3,F3,1.0,0.6766668801674526
CCC,2014B,573697,P3,F3,1.0,0.8909548960699109
CCC,2014B,573701,P3,F3,1.0,0.9569243955688398
CCC,2014B,574221,P3,F3,0.0,0.21706141943234641
CCC,2014B,574283,P3,F3,1.0,0.6821891204461056
CCC,2014B,574529,P3,F3,1.0,0.940567148072317
CCC,2014B,574551,P3,F3,1.0,0.6475670265354394
CCC,2014B,574580,P3,F3,1.0,0.8969206489162287
CCC,2014B,574663,P3,F3,1.0,0.9313441180438025
CCC,2014B,574817,P3,F3,0.0,0.47368137325938076
CCC,2014B,575166,P3,F3,1.0,0.5020662799827109
CCC,2014B,575545,P3,F3,1.0,0.3384495980432367
CCC,2014B,575733,P3,F3,0.0,0.5935012139643284
CCC,2014B,575745,P3,F3,0.0,0.5826270093835495
CCC,2014B,575824,P3,F3,0.0,0.64358465455674
CCC,2014B,575967,P3,F3,0.0,0.4878077363233834
CCC,2014B,576191,P3,F3,1.0,0.7740829506594828
CCC,2014B,576383,P3,F3,0.0,0.2535208526172084
CCC,2014B,576413,P3,F3,0.0,0.31499700772926326
CCC,2014B,576475,P3,F3,0.0,0.6473687187297387
CCC,2014B,576516,P3,F3,1.0,0.7069166475803013
CCC,2014B,576780,P3,F3,0.0,0.22035209081762916
CCC,2014B,576782,P3,F3,1.0,0.5100770461670185
CCC,2014B,577035,P3,F3,0.0,0.3314170780533808
CCC,2014B,577236,P3,F3,0.0,0.379478545333528
CCC,2014B,577245,P3,F3,1.0,0.8303556136415386
CCC,2014B,577273,P3,F3,1.0,0.8583797519564944
CCC,2014B,577352,P3,F3,1.0,0.954801803025775
CCC,2014B,577414,P3,F3,0.0,0.5658852659576434
CCC,2014B,577427,P3,F3,1.0,0.8670752007832248
CCC,2014B,577502,P3,F3,0.0,0.406465903565547
CCC,2014B,577686,P3,F3,1.0,0.4956407828187798
CCC,2014B,578034,P3,F3,1.0,0.4887502076150539
CCC,2014B,578189,P3,F3,0.0,0.6575693335380889
CCC,2014B,578450,P3,F3,1.0,0.8109537007035728
CCC,2014B,578541,P3,F3,1.0,0.9045664514201701
CCC,2014B,578655,P3,F3,0.0,0.7435013500904607
CCC,2014B,578823,P3,F3,1.0,0.8987305753615722
CCC,2014B,578850,P3,F3,0.0,0.39942260797436413
CCC,2014B,578958,P3,F3,0.0,0.8412296506394588
CCC,2014B,579027,P3,F3,1.0,0.8903038486632664
CCC,2014B,579321,P3,F3,1.0,0.960916967078818
CCC,2014B,579340,P3,F3,1.0,0.7064366216086122
CCC,2014B,579343,P3,F3,0.0,0.4035294576999144
CCC,2014B,579372,P3,F3,1.0,0.9025331965889561
CCC,2014B,579550,P3,F3,0.0,0.4875202063576416
CCC,2014B,580511,P3,F3,1.0,0.7896515006472753
CCC,2014B,580525,P3,F3,0.0,0.6424479344786944
CCC,2014B,580689,P3,F3,1.0,0.970484982853711
CCC,2014B,580768,P3,F3,1.0,0.8361983373766582
CCC,2014B,580779,P3,F3,0.0,0.4645119952537919
CCC,2014B,581123,P3,F3,1.0,0.8851202055659365
CCC,2014B,581328,P3,F3,1.0,0.8734446627604334
CCC,2014B,581611,P3,F3,0.0,0.22546096476342156
CCC,2014B,581614,P3,F3,0.0,0.8759444804777646
CCC,2014B,581744,P3,F3,1.0,0.9780829742795852
CCC,2014B,582087,P3,F3,1.0,0.7576736691702337
CCC,2014B,582108,P3,F3,1.0,0.2990217411510894
CCC,2014B,582827,P3,F3,1.0,0.9629144494371212
CCC,2014B,582879,P3,F3,0.0,0.839724818872161
CCC,2014B,582950,P3,F3,0.0,0.6932376528070643
CCC,2014B,583032,P3,F3,0.0,0.2718461817009707
CCC,2014B,583052,P3,F3,0.0,0.3409601954446136
CCC,2014B,583192,P3,F3,0.0,0.34450913764519403
CCC,2014B,583906,P3,F3,0.0,0.20325701900452126
CCC,2014B,584077,P3,F3,1.0,0.8411626809321923
CCC,2014B,584191,P3,F3,0.0,0.7141416137603548
CCC,2014B,584446,P3,F3,0.0,0.9395245995013295
CCC,2014B,584756,P3,F3,1.0,0.947428763550846
CCC,2014B,584771,P3,F3,1.0,0.7432651054243159
CCC,2014B,584940,P3,F3,0.0,0.31937743253773593
CCC,2014B,585057,P3,F3,0.0,0.4561549559757551
CCC,2014B,585093,P3,F3,0.0,0.1406938436186934
CCC,2014B,585383,P3,F3,0.0,0.4351742507011316
CCC,2014B,585393,P3,F3,0.0,0.23385360774098007
CCC,2014B,585397,P3,F3,0.0,0.6896224184938848
CCC,2014B,585455,P3,F3,0.0,0.33375284042173764
CCC,2014B,585681,P3,F3,1.0,0.6404560287314184
CCC,2014B,585695,P3,F3,0.0,0.24568909641489872
CCC,2014B,585709,P3,F3,0.0,0.24744449305471092
CCC,2014B,585769,P3,F3,1.0,0.23507833095148112
CCC,2014B,585900,P3,F3,1.0,0.5581747120871701
CCC,2014B,586060,P3,F3,1.0,0.9330799090218118
CCC,2014B,586132,P3,F3,1.0,0.7964720702808331
CCC,2014B,586436,P3,F3,1.0,0.8374171148739296
CCC,2014B,586473,P3,F3,1.0,0.8656023427920571
CCC,2014B,586526,P3,F3,1.0,0.8017618903489983
CCC,2014B,586716,P3,F3,1.0,0.826028804608322
CCC,2014B,586921,P3,F3,1.0,0.8632972936479897
CCC,2014B,587585,P3,F3,1.0,0.9183509196393178
CCC,2014B,587621,P3,F3,1.0,0.9559017110042655
CCC,2014B,587783,P3,F3,0.0,0.5071511585818981
CCC,2014B,587906,P3,F3,0.0,0.41260943663774546
CCC,2014B,587911,P3,F3,0.0,0.37703742847863275
CCC,2014B,588219,P3,F3,1.0,0.7668466806027654
CCC,2014B,588274,P3,F3,0.0,0.12765610038806147
CCC,2014B,588402,P3,F3,1.0,0.6157031641772253
CCC,2014B,588430,P3,F3,0.0,0.8116316075170779
CCC,2014B,588460,P3,F3,1.0,0.7257277865310617
CCC,2014B,588464,P3,F3,1.0,0.8677261526421902
CCC,2014B,588473,P3,F3,0.0,0.39327080622174454
CCC,2014B,588524,P3,F3,0.0,0.7527798726437692
CCC,2014B,588590,P3,F3,1.0,0.7631762602975218
CCC,2014B,588676,P3,F3,0.0,0.7389262427132898
CCC,2014B,588707,P3,F3,0.0,0.5946413784241671
CCC,2014B,588710,P3,F3,1.0,0.9495579871251292
CCC,2014B,588846,P3,F3,1.0,0.5318331839534319
CCC,2014B,588956,P3,F3,0.0,0.7876452931363167
CCC,2014B,589327,P3,F3,1.0,0.8379244540873753
CCC,2014B,589390,P3,F3,0.0,0.32231564621048825
CCC,2014B,589525,P3,F3,0.0,0.23176609883411392
CCC,2014B,589722,P3,F3,1.0,0.97960705195052
CCC,2014B,589894,P3,F3,1.0,0.6465820198755485
CCC,2014B,590072,P3,F3,1.0,0.9220527168939863
CCC,2014B,590762,P3,F3,1.0,0.8871324478626348
CCC,2014B,590877,P3,F3,1.0,0.9481507914186422
CCC,2014B,590914,P3,F3,1.0,0.7882506496798546
CCC,2014B,590961,P3,F3,1.0,0.716444790354364
CCC,2014B,590974,P3,F3,1.0,0.7845498391992646
CCC,2014B,591375,P3,F3,0.0,0.22440376421485636
CCC,2014B,591388,P3,F3,0.0,0.16287258645885644
CCC,2014B,591566,P3,F3,1.0,0.9704818637420051
CCC,2014B,591619,P3,F3,1.0,0.5773988140741732
CCC,2014B,591655,P3,F3,1.0,0.9737988457564154
CCC,2014B,591719,P3,F3,1.0,0.8193842115376472
CCC,2014B,591738,P3,F3,1.0,0.5756659403034283
CCC,2014B,591958,P3,F3,0.0,0.43049680509171956
CCC,2014B,592007,P3,F3,1.0,0.8612478777041449
CCC,2014B,592051,P3,F3,1.0,0.6478565110624469
CCC,2014B,592093,P3,F3,1.0,0.7928836033842616
CCC,2014B,592151,P3,F3,0.0,0.5530216068591007
CCC,2014B,592158,P3,F3,1.0,0.9678457277503008
CCC,2014B,592259,P3,F3,1.0,0.5786003865988827
CCC,2014B,592429,P3,F3,1.0,0.8716916191338897
CCC,2014B,592609,P3,F3,1.0,0.8577617207968802
CCC,2014B,592775,P3,F3,0.0,0.32705797083085175
CCC,2014B,592776,P3,F3,0.0,0.45317170977208343
CCC,2014B,592842,P3,F3,1.0,0.9109549262193737
CCC,2014B,592876,P3,F3,1.0,0.7782703502300389
CCC,2014B,592939,P3,F3,1.0,0.9290908447730284
CCC,2014B,592961,P3,F3,0.0,0.17413814859285612
CCC,2014B,592976,P3,F3,0.0,0.30134675621884877
CCC,2014B,593071,P3,F3,1.0,0.8097165140890191
CCC,2014B,593103,P3,F3,0.0,0.5370838686963391
CCC,2014B,593123,P3,F3,1.0,0.7200759086621561
CCC,2014B,593305,P3,F3,0.0,0.8616158899515812
CCC,2014B,593787,P3,F3,1.0,0.8881967356853409
CCC,2014B,593823,P3,F3,0.0,0.16716274731964723
CCC,2014B,593972,P3,F3,0.0,0.3328574658873897
CCC,2014B,593995,P3,F3,0.0,0.246569883021223
CCC,2014B,594044,P3,F3,0.0,0.3597477693340106
CCC,2014B,594111,P3,F3,1.0,0.7677975769241705
CCC,2014B,594157,P3,F3,0.0,0.7890657951384862
CCC,2014B,594193,P3,F3,1.0,0.7602073233355611
CCC,2014B,594246,P3,F3,1.0,0.2723701251780942
CCC,2014B,594371,P3,F3,0.0,0.36215355878608335
CCC,2014B,594851,P3,F3,1.0,0.9452058985029915
CCC,2014B,595164,P3,F3,0.0,0.5749585759363292
CCC,2014B,595182,P3,F3,0.0,0.3233776162186299
CCC,2014B,595189,P3,F3,0.0,0.25427398614081925
CCC,2014B,595324,P3,F3,1.0,0.9304055436505004
CCC,2014B,595356,P3,F3,1.0,0.8424348871576416
CCC,2014B,595492,P3,F3,1.0,0.874111346511062
CCC,2014B,595514,P3,F3,1.0,0.7025906429935287
CCC,2014B,595659,P3,F3,0.0,0.7633118794088669
CCC,2014B,595685,P3,F3,1.0,0.9394885666978472
CCC,2014B,595781,P3,F3,1.0,0.8175271506289655
CCC,2014B,595797,P3,F3,0.0,0.5646928179776551
CCC,2014B,595847,P3,F3,0.0,0.7223398120281214
CCC,2014B,595986,P3,F3,0.0,0.8014763604032827
CCC,2014B,596035,P3,F3,1.0,0.23044393728786794
CCC,2014B,596157,P3,F3,0.0,0.719144946993396
CCC,2014B,596321,P3,F3,1.0,0.9475327862957672
CCC,2014B,596432,P3,F3,1.0,0.93860183214517
CCC,2014B,596731,P3,F3,0.0,0.8290292941861382
CCC,2014B,596903,P3,F3,0.0,0.7202162712763164
CCC,2014B,596947,P3,F3,1.0,0.9516664249337181
CCC,2014B,597181,P3,F3,1.0,0.9093511290810016
CCC,2014B,597403,P3,F3,0.0,0.6508848090492607
CCC,2014B,597817,P3,F3,1.0,0.9488572120293778
CCC,2014B,597926,P3,F3,0.0,0.597364323477299
CCC,2014B,598074,P3,F3,1.0,0.564027671810416
CCC,2014B,598113,P3,F3,0.0,0.6145090321933356
CCC,2014B,598321,P3,F3,0.0,0.6688742365811617
CCC,2014B,598662,P3,F3,0.0,0.5468895386258812
CCC,2014B,598666,P3,F3,1.0,0.9649591688265332
CCC,2014B,598860,P3,F3,0.0,0.1916688241199746
CCC,2014B,598924,P3,F3,1.0,0.9114317684345821
CCC,2014B,599263,P3,F3,1.0,0.7985558696606823
CCC,2014B,599275,P3,F3,1.0,0.8718712750036708
CCC,2014B,599542,P3,F3,1.0,0.8352357645673879
CCC,2014B,599615,P3,F3,1.0,0.9352071705726211
CCC,2014B,599857,P3,F3,0.0,0.624778585664585
CCC,2014B,599893,P3,F3,1.0,0.89358780461921
CCC,2014B,599902,P3,F3,1.0,0.8831505314776504
CCC,2014B,599937,P3,F3,1.0,0.9764562069904003
CCC,2014B,599942,P3,F3,1.0,0.8372854522503107
CCC,2014B,599958,P3,F3,0.0,0.7632831523215413
CCC,2014B,600073,P3,F3,0.0,0.20135849243083892
CCC,2014B,600094,P3,F3,1.0,0.802136559520596
CCC,2014B,600142,P3,F3,1.0,0.9239041884350019
CCC,2014B,600181,P3,F3,1.0,0.9449343648776879
CCC,2014B,600335,P3,F3,0.0,0.7251494040951415
CCC,2014B,600509,P3,F3,1.0,0.8860603403436995
CCC,2014B,600547,P3,F3,1.0,0.5227509750580335
CCC,2014B,600632,P3,F3,0.0,0.5767492737125961
CCC,2014B,600859,P3,F3,1.0,0.8885118996952736
CCC,2014B,600945,P3,F3,0.0,0.29077235597131196
CCC,2014B,600975,P3,F3,1.0,0.9642803389144503
CCC,2014B,600987,P3,F3,0.0,0.5466209617292414
CCC,2014B,601021,P3,F3,1.0,0.765031885126414
CCC,2014B,601175,P3,F3,1.0,0.9478210282797843
CCC,2014B,601224,P3,F3,0.0,0.709138808988205
CCC,2014B,601550,P3,F3,0.0,0.6997203966252697
CCC,2014B,601731,P3,F3,1.0,0.93460936523026
CCC,2014B,601757,P3,F3,1.0,0.7454700248874746
CCC,2014B,601872,P3,F3,0.0,0.27426989506938126
CCC,2014B,601949,P3,F3,0.0,0.769721558726468
CCC,2014B,602030,P3,F3,1.0,0.6950607453726173
CCC,2014B,602042,P3,F3,0.0,0.14744615306623807
CCC,2014B,602107,P3,F3,1.0,0.46772062739435327
CCC,2014B,602133,P3,F3,0.0,0.5958166133849361
CCC,2014B,602269,P3,F3,1.0,0.663720752838566
CCC,2014B,602398,P3,F3,1.0,0.7129854620000472
CCC,2014B,602585,P3,F3,1.0,0.8447494828714108
CCC,2014B,602703,P3,F3,1.0,0.9059204358536218
CCC,2014B,602718,P3,F3,1.0,0.7101481497566762
CCC,2014B,602902,P3,F3,0.0,0.6869819440573331
CCC,2014B,602913,P3,F3,0.0,0.8537679471258113
CCC,2014B,603053,P3,F3,1.0,0.9220455549209348
CCC,2014B,603222,P3,F3,1.0,0.9637619111858157
CCC,2014B,603239,P3,F3,1.0,0.9368885852444913
CCC,2014B,603477,P3,F3,0.0,0.758756322629153
CCC,2014B,603498,P3,F3,1.0,0.8691624100729832
CCC,2014B,603639,P3,F3,1.0,0.843440955385562
CCC,2014B,603791,P3,F3,1.0,0.9271565190907499
CCC,2014B,603832,P3,F3,1.0,0.8837341286081506
CCC,2014B,603859,P3,F3,0.0,0.40904605768589275
CCC,2014B,604164,P3,F3,1.0,0.4751195715791285
CCC,2014B,604517,P3,F3,0.0,0.6514424810812922
CCC,2014B,604571,P3,F3,0.0,0.6917228822515082
CCC,2014B,604655,P3,F3,1.0,0.9285278269659747
CCC,2014B,604723,P3,F3,0.0,0.883075823113215
CCC,2014B,604997,P3,F3,0.0,0.40065102535424424
CCC,2014B,605144,P3,F3,0.0,0.30968346142011266
CCC,2014B,605180,P3,F3,1.0,0.9271317120368053
CCC,2014B,605266,P3,F3,0.0,0.23097821807129768
CCC,2014B,605571,P3,F3,0.0,0.2625340822560147
CCC,2014B,605688,P3,F3,0.0,0.3583407582914756
CCC,2014B,605703,P3,F3,0.0,0.5675334718802637
CCC,2014B,606206,P3,F3,1.0,0.738035323094951
CCC,2014B,606282,P3,F3,0.0,0.6960621585608533
CCC,2014B,606350,P3,F3,1.0,0.9290284427548864
CCC,2014B,606444,P3,F3,0.0,0.6198904222171975
CCC,2014B,606665,P3,F3,1.0,0.8128736340986362
CCC,2014B,606724,P3,F3,0.0,0.7725823759112156
CCC,2014B,606828,P3,F3,1.0,0.8634666084599696
CCC,2014B,606930,P3,F3,1.0,0.8887029826498788
CCC,2014B,607052,P3,F3,0.0,0.7579530046262586
CCC,2014B,607061,P3,F3,0.0,0.4458776758407648
CCC,2014B,607411,P3,F3,1.0,0.5937883363039999
CCC,2014B,607636,P3,F3,0.0,0.8895815216631912
CCC,2014B,607835,P3,F3,0.0,0.278326894375865
CCC,2014B,607927,P3,F3,1.0,0.8276593907240599
CCC,2014B,607966,P3,F3,1.0,0.736942343297978
CCC,2014B,608130,P3,F3,1.0,0.8750918292257415
CCC,2014B,608152,P3,F3,1.0,0.8745647726873674
CCC,2014B,608243,P3,F3,0.0,0.6081978331665204
CCC,2014B,608464,P3,F3,0.0,0.38515401589632475
CCC,2014B,608472,P3,F3,1.0,0.8184215833884533
CCC,2014B,608504,P3,F3,1.0,0.652519494042642
CCC,2014B,608577,P3,F3,1.0,0.5376433078641896
CCC,2014B,608735,P3,F3,0.0,0.6178220059588131
CCC,2014B,608753,P3,F3,1.0,0.8970260802791608
CCC,2014B,608904,P3,F3,0.0,0.26732113289957143
CCC,2014B,609025,P3,F3,1.0,0.8356491548300677
CCC,2014B,609045,P3,F3,0.0,0.32102796998958777
CCC,2014B,609192,P3,F3,1.0,0.7987987842274367
CCC,2014B,609229,P3,F3,0.0,0.1278886507902237
CCC,2014B,609489,P3,F3,1.0,0.9489126644075648
CCC,2014B,609515,P3,F3,0.0,0.4390525230020472
CCC,2014B,609602,P3,F3,0.0,0.29789220816152484
CCC,2014B,609645,P3,F3,1.0,0.9084158796878898
CCC,2014B,610099,P3,F3,0.0,0.453469394178399
CCC,2014B,610158,P3,F3,1.0,0.8942694916098105
CCC,2014B,610287,P3,F3,1.0,0.5526258207331721
CCC,2014B,610391,P3,F3,1.0,0.5748317119714595
CCC,2014B,610575,P3,F3,0.0,0.6038361915510966
CCC,2014B,610577,P3,F3,1.0,0.9427700734365696
CCC,2014B,610718,P3,F3,1.0,0.9320852594602547
CCC,2014B,610831,P3,F3,1.0,0.9508742519666011
CCC,2014B,611062,P3,F3,1.0,0.9456847826794627
CCC,2014B,611176,P3,F3,0.0,0.32260936533171297
CCC,2014B,611260,P3,F3,0.0,0.5799333179664815
CCC,2014B,611402,P3,F3,0.0,0.6896447715241462
CCC,2014B,611865,P3,F3,1.0,0.8836980209331321
CCC,2014B,612023,P3,F3,1.0,0.9584240602605005
CCC,2014B,612119,P3,F3,0.0,0.5747662763339692
CCC,2014B,612287,P3,F3,1.0,0.9738175053889745
CCC,2014B,612381,P3,F3,1.0,0.8066308826479065
CCC,2014B,612644,P3,F3,0.0,0.5674252903998336
CCC,2014B,612673,P3,F3,1.0,0.8020276714903983
CCC,2014B,612814,P3,F3,0.0,0.2590557442167475
CCC,2014B,612882,P3,F3,1.0,0.6944968251575626
CCC,2014B,613116,P3,F3,1.0,0.9175093613756913
CCC,2014B,613133,P3,F3,0.0,0.17798384191091993
CCC,2014B,613310,P3,F3,1.0,0.2121751210558805
CCC,2014B,613387,P3,F3,1.0,0.732204228871881
CCC,2014B,613417,P3,F3,1.0,0.9182226790529915
CCC,2014B,613461,P3,F3,1.0,0.5745610788532809
CCC,2014B,613501,P3,F3,0.0,0.5059849133105929
CCC,2014B,614059,P3,F3,0.0,0.8084963964445856
CCC,2014B,614263,P3,F3,1.0,0.7458969092165578
CCC,2014B,614477,P3,F3,1.0,0.6068706094883445
CCC,2014B,614733,P3,F3,1.0,0.9543287773740882
CCC,2014B,614804,P3,F3,1.0,0.5738378483676202
CCC,2014B,614844,P3,F3,0.0,0.35207324584184924
CCC,2014B,614952,P3,F3,1.0,0.978572835926413
CCC,2014B,615031,P3,F3,0.0,0.5204175896029816
CCC,2014B,615229,P3,F3,0.0,0.4243294970933066
CCC,2014B,615246,P3,F3,1.0,0.9367202496173276
CCC,2014B,615249,P3,F3,0.0,0.3845465444309555
CCC,2014B,615321,P3,F3,1.0,0.9607419316812318
CCC,2014B,615407,P3,F3,1.0,0.677264360653134
CCC,2014B,615437,P3,F3,0.0,0.41193679475579614
CCC,2014B,616333,P3,F3,1.0,0.9170298725502506
CCC,2014B,616334,P3,F3,1.0,0.8226892572971246
CCC,2014B,616407,P3,F3,1.0,0.5205081508092868
CCC,2014B,616831,P3,F3,0.0,0.849854156499061
CCC,2014B,617186,P3,F3,1.0,0.9257892297818704
CCC,2014B,617331,P3,F3,1.0,0.742956262425336
CCC,2014B,617348,P3,F3,0.0,0.35920510684517726
CCC,2014B,617355,P3,F3,0.0,0.5420831994047206
CCC,2014B,617365,P3,F3,0.0,0.9384068799974357
CCC,2014B,617416,P3,F3,0.0,0.9116007926186691
CCC,2014B,617781,P3,F3,0.0,0.7660161089625859
CCC,2014B,617898,P3,F3,1.0,0.9135044238282165
CCC,2014B,617942,P3,F3,1.0,0.39271691217218263
CCC,2014B,618002,P3,F3,1.0,0.8008866055748601
CCC,2014B,618096,P3,F3,0.0,0.3095228946656454
CCC,2014B,618129,P3,F3,0.0,0.9317479109322069
CCC,2014B,618279,P3,F3,1.0,0.9573693494393882
CCC,2014B,618571,P3,F3,0.0,0.3425552017085204
CCC,2014B,618619,P3,F3,1.0,0.9094817889473903
CCC,2014B,618665,P3,F3,1.0,0.8695453658891562
CCC,2014B,618679,P3,F3,1.0,0.652141691868287
CCC,2014B,618824,P3,F3,0.0,0.42558794718616116
CCC,2014B,619006,P3,F3,1.0,0.9613630218186159
CCC,2014B,619014,P3,F3,0.0,0.5305941613384221
CCC,2014B,619303,P3,F3,0.0,0.11731794751547957
CCC,2014B,619447,P3,F3,0.0,0.3577450382491634
CCC,2014B,619870,P3,F3,0.0,0.21385082411334108
CCC,2014B,620148,P3,F3,1.0,0.7430837602037478
CCC,2014B,620266,P3,F3,1.0,0.9651995258992274
CCC,2014B,620368,P3,F3,0.0,0.10868878289271681
CCC,2014B,620369,P3,F3,1.0,0.45926454093543545
CCC,2014B,620440,P3,F3,1.0,0.9084652613101436
CCC,2014B,620485,P3,F3,1.0,0.6910547357027801
CCC,2014B,620646,P3,F3,1.0,0.5661578748160233
CCC,2014B,620713,P3,F3,1.0,0.9526473234969772
CCC,2014B,620876,P3,F3,1.0,0.8003459556027317
CCC,2014B,620897,P3,F3,1.0,0.5726747792451921
CCC,2014B,620918,P3,F3,1.0,0.9535447467236371
CCC,2014B,620974,P3,F3,1.0,0.7538156471676045
CCC,2014B,620977,P3,F3,1.0,0.8678524239925803
CCC,2014B,621401,P3,F3,1.0,0.8809719996045892
CCC,2014B,621655,P3,F3,1.0,0.8567375384983985
CCC,2014B,621656,P3,F3,0.0,0.5955251304247597
CCC,2014B,622215,P3,F3,1.0,0.9625712039489737
CCC,2014B,622302,P3,F3,0.0,0.42339059276704455
CCC,2014B,622368,P3,F3,0.0,0.8472519176938992
CCC,2014B,622386,P3,F3,1.0,0.38039893412004105
CCC,2014B,622652,P3,F3,0.0,0.11605151538590602
CCC,2014B,622753,P3,F3,1.0,0.8274532032170389
CCC,2014B,622773,P3,F3,0.0,0.2421993193569802
CCC,2014B,622787,P3,F3,1.0,0.11129802752717839
CCC,2014B,622804,P3,F3,1.0,0.8666736450319075
CCC,2014B,622948,P3,F3,1.0,0.5352015304305329
CCC,2014B,623052,P3,F3,0.0,0.08172228601604842
CCC,2014B,623250,P3,F3,0.0,0.8421277775576775
CCC,2014B,623290,P3,F3,0.0,0.8736355144755443
CCC,2014B,623347,P3,F3,0.0,0.2596784489173236
CCC,2014B,623421,P3,F3,0.0,0.24832216088881387
CCC,2014B,623456,P3,F3,1.0,0.8266821604009343
CCC,2014B,623562,P3,F3,0.0,0.4196041199257104
CCC,2014B,623605,P3,F3,1.0,0.8245887968124191
CCC,2014B,623609,P3,F3,1.0,0.9728050638740866
CCC,2014B,623667,P3,F3,0.0,0.5434203316055073
CCC,2014B,623707,P3,F3,1.0,0.8239602306005182
CCC,2014B,623732,P3,F3,0.0,0.25266805719781615
CCC,2014B,623780,P3,F3,1.0,0.6143026113064217
CCC,2014B,623797,P3,F3,0.0,0.6414316875432698
CCC,2014B,624039,P3,F3,1.0,0.9668388292435763
CCC,2014B,624060,P3,F3,1.0,0.04496206183416452
CCC,2014B,624126,P3,F3,1.0,0.7961279333386847
CCC,2014B,624127,P3,F3,0.0,0.41636448650692726
CCC,2014B,624134,P3,F3,1.0,0.5838508508033957
CCC,2014B,624164,P3,F3,0.0,0.34669331892829514
CCC,2014B,624441,P3,F3,0.0,0.3853014118844603
CCC,2014B,624445,P3,F3,0.0,0.39828736944591914
CCC,2014B,624483,P3,F3,0.0,0.13886782337397063
CCC,2014B,624591,P3,F3,1.0,0.6323940450617664
CCC,2014B,624765,P3,F3,1.0,0.8099907655936224
CCC,2014B,624782,P3,F3,1.0,0.8312143890007867
CCC,2014B,624810,P3,F3,0.0,0.8649905673431247
CCC,2014B,624875,P3,F3,0.0,0.384422829749929
CCC,2014B,624970,P3,F3,0.0,0.7237150129655529
CCC,2014B,625014,P3,F3,0.0,0.5650908945828566
CCC,2014B,625028,P3,F3,0.0,0.2839166070046709
CCC,2014B,625077,P3,F3,0.0,0.24954508740161904
CCC,2014B,625078,P3,F3,1.0,0.4643511924748784
CCC,2014B,625108,P3,F3,0.0,0.4582172758952226
CCC,2014B,625128,P3,F3,1.0,0.9532986632958501
CCC,2014B,625330,P3,F3,0.0,0.36985206030770273
CCC,2014B,625423,P3,F3,1.0,0.6790862845983765
CCC,2014B,625453,P3,F3,0.0,0.30835818925250036
CCC,2014B,625476,P3,F3,1.0,0.6020614183810031
CCC,2014B,625517,P3,F3,1.0,0.8942092205535167
CCC,2014B,625527,P3,F3,1.0,0.6430336463919086
CCC,2014B,625552,P3,F3,0.0,0.8460692929588032
CCC,2014B,625574,P3,F3,0.0,0.21701252851079675
CCC,2014B,625614,P3,F3,1.0,0.8946403163705231
CCC,2014B,625684,P3,F3,1.0,0.30751770373563025
CCC,2014B,625714,P3,F3,1.0,0.3328241352025044
CCC,2014B,625740,P3,F3,1.0,0.35008381112720627
CCC,2014B,625745,P3,F3,0.0,0.4557065176172054
CCC,2014B,625782,P3,F3,0.0,0.6475561206171971
CCC,2014B,625790,P3,F3,1.0,0.9636222383238826
CCC,2014B,625822,P3,F3,0.0,0.2051301365571123
CCC,2014B,625838,P3,F3,0.0,0.2802265687906983
CCC,2014B,625841,P3,F3,1.0,0.8315395133735609
CCC,2014B,625953,P3,F3,1.0,0.7308357022047042
CCC,2014B,625975,P3,F3,1.0,0.8414145120067988
CCC,2014B,626055,P3,F3,1.0,0.7556712166870718
CCC,2014B,626183,P3,F3,1.0,0.860801751938473
CCC,2014B,626252,P3,F3,0.0,0.23765759020903074
CCC,2014B,626417,P3,F3,1.0,0.7058425328120796
CCC,2014B,626444,P3,F3,1.0,0.8261653365686126
CCC,2014B,626501,P3,F3,0.0,0.5807830893788525
CCC,2014B,626516,P3,F3,1.0,0.9844099211811003
CCC,2014B,626614,P3,F3,1.0,0.4299675645930333
CCC,2014B,626712,P3,F3,1.0,0.7241472587415276
CCC,2014B,626714,P3,F3,1.0,0.5946603297534916
CCC,2014B,626763,P3,F3,0.0,0.3393442250804378
CCC,2014B,626857,P3,F3,1.0,0.48216748121736824
CCC,2014B,626862,P3,F3,0.0,0.2334109269799328
CCC,2014B,626877,P3,F3,1.0,0.7955029532141765
CCC,2014B,626906,P3,F3,1.0,0.7727135149779943
CCC,2014B,626930,P3,F3,1.0,0.8511705440428988
CCC,2014B,626998,P3,F3,0.0,0.5998825198339353
CCC,2014B,627066,P3,F3,1.0,0.7872603042350693
CCC,2014B,627136,P3,F3,0.0,0.28997514263589735
CCC,2014B,627168,P3,F3,1.0,0.7917956088167273
CCC,2014B,627253,P3,F3,0.0,0.5150943470165074
CCC,2014B,627343,P3,F3,0.0,0.4158239650748295
CCC,2014B,627348,P3,F3,0.0,0.6074810128420938
CCC,2014B,627374,P3,F3,0.0,0.8955020001724946
CCC,2014B,627386,P3,F3,1.0,0.8767055479325687
CCC,2014B,627387,P3,F3,0.0,0.7617490880801675
CCC,2014B,627399,P3,F3,0.0,0.6753544932093268
CCC,2014B,627435,P3,F3,1.0,0.9511101503699647
CCC,2014B,627500,P3,F3,1.0,0.8792199233924033
CCC,2014B,627520,P3,F3,1.0,0.9452374542688059
CCC,2014B,627635,P3,F3,1.0,0.9601782180018549
CCC,2014B,627691,P3,F3,0.0,0.33403340705137285
CCC,2014B,627711,P3,F3,1.0,0.2894930434734137
CCC,2014B,627747,P3,F3,0.0,0.4601163718890115
CCC,2014B,627750,P3,F3,0.0,0.5268991408222489
CCC,2014B,627784,P3,F3,1.0,0.5698273681927838
CCC,2014B,627933,P3,F3,1.0,0.5601645868416716
CCC,2014B,627947,P3,F3,1.0,0.628299308208783
CCC,2014B,628029,P3,F3,1.0,0.2807532989759494
CCC,2014B,628053,P3,F3,1.0,0.8853659591981098
CCC,2014B,628086,P3,F3,0.0,0.43136745966591694
CCC,2014B,628090,P3,F3,1.0,0.7852162413657872
CCC,2014B,628122,P3,F3,1.0,0.4587057076534452
CCC,2014B,628157,P3,F3,0.0,0.3479811016357015
CCC,2014B,628214,P3,F3,1.0,0.9453650278496184
CCC,2014B,628293,P3,F3,0.0,0.5781193982607735
CCC,2014B,628366,P3,F3,1.0,0.8733071165688604
CCC,2014B,628383,P3,F3,0.0,0.2619689903425142
CCC,2014B,628506,P3,F3,0.0,0.4751922356878532
CCC,2014B,628527,P3,F3,1.0,0.5674762675815176
CCC,2014B,628565,P3,F3,1.0,0.592049103952114
CCC,2014B,628575,P3,F3,0.0,0.8213179924559219
CCC,2014B,628663,P3,F3,0.0,0.4285548499963457
CCC,2014B,628771,P3,F3,1.0,0.5928058125747264
CCC,2014B,629081,P3,F3,1.0,0.8892494372923002
CCC,2014B,629164,P3,F3,0.0,0.3344295074335093
CCC,2014B,629270,P3,F3,1.0,0.8017348288759754
CCC,2014B,629342,P3,F3,1.0,0.6091963694139888
CCC,2014B,629500,P3,F3,1.0,0.8573356312437062
CCC,2014B,629613,P3,F3,1.0,0.8808525420378869
CCC,2014B,629628,P3,F3,1.0,0.9873096525500547
CCC,2014B,629654,P3,F3,1.0,0.7148305466678535
CCC,2014B,629694,P3,F3,1.0,0.8920511156979015
CCC,2014B,629696,P3,F3,1.0,0.24947278504607118
CCC,2014B,629710,P3,F3,0.0,0.36563584756306666
CCC,2014B,629766,P3,F3,0.0,0.5593450104008704
CCC,2014B,629773,P3,F3,1.0,0.5062534448570102
CCC,2014B,629798,P3,F3,1.0,0.5911648587392815
CCC,2014B,629862,P3,F3,0.0,0.6074892131969392
CCC,2014B,629890,P3,F3,1.0,0.580657026245359
CCC,2014B,629936,P3,F3,1.0,0.448104391631816
CCC,2014B,630005,P3,F3,1.0,0.8589842610685617
CCC,2014B,630012,P3,F3,0.0,0.5394025116382297
CCC,2014B,630047,P3,F3,0.0,0.8150118255230894
CCC,2014B,630086,P3,F3,0.0,0.48009821135217795
CCC,2014B,630152,P3,F3,1.0,0.901574611449591
CCC,2014B,630157,P3,F3,0.0,0.21572500322165317
CCC,2014B,630178,P3,F3,0.0,0.8328693880520145
CCC,2014B,630200,P3,F3,1.0,0.8122778730229795
CCC,2014B,630211,P3,F3,0.0,0.7772796092337492
CCC,2014B,630449,P3,F3,1.0,0.6237865453456649
CCC,2014B,630471,P3,F3,1.0,0.7157221541773755
CCC,2014B,630540,P3,F3,1.0,0.9128380195509153
CCC,2014B,630573,P3,F3,1.0,0.7839750820600022
CCC,2014B,630585,P3,F3,1.0,0.9234330436934008
CCC,2014B,630606,P3,F3,0.0,0.747000713805234
CCC,2014B,630613,P3,F3,0.0,0.4196275813969579
CCC,2014B,630635,P3,F3,1.0,0.5069955007671859
CCC,2014B,630730,P3,F3,1.0,0.8369022427350173
CCC,2014B,630825,P3,F3,1.0,0.9835428926601493
CCC,2014B,630888,P3,F3,1.0,0.8443926633069118
CCC,2014B,630896,P3,F3,0.0,0.38357619102176616
CCC,2014B,630912,P3,F3,1.0,0.8440224393858464
CCC,2014B,631044,P3,F3,0.0,0.1012498494739767
CCC,2014B,631051,P3,F3,1.0,0.9417679575897799
CCC,2014B,631075,P3,F3,1.0,0.4774109921284979
CCC,2014B,631122,P3,F3,1.0,0.22753153298898982
CCC,2014B,631216,P3,F3,1.0,0.8327362304918767
CCC,2014B,631300,P3,F3,1.0,0.9811929982967336
CCC,2014B,631334,P3,F3,0.0,0.23319908020976626
CCC,2014B,631453,P3,F3,1.0,0.9010402687526113
CCC,2014B,631455,P3,F3,0.0,0.17035000418987456
CCC,2014B,631473,P3,F3,0.0,0.6574129692496261
CCC,2014B,631583,P3,F3,0.0,0.5219801144020514
CCC,2014B,631655,P3,F3,1.0,0.383009137293919
CCC,2014B,631699,P3,F3,0.0,0.18720561838358007
CCC,2014B,631715,P3,F3,0.0,0.1623108877528107
CCC,2014B,631770,P3,F3,1.0,0.9192898251175805
CCC,2014B,631772,P3,F3,0.0,0.14216286925393737
CCC,2014B,631850,P3,F3,0.0,0.1673464285706312
CCC,2014B,631925,P3,F3,1.0,0.8275519313246112
CCC,2014B,631929,P3,F3,1.0,0.8836736151634527
CCC,2014B,631981,P3,F3,0.0,0.596419154899746
CCC,2014B,632017,P3,F3,0.0,0.42672172025783717
CCC,2014B,632037,P3,F3,1.0,0.9534250089817949
CCC,2014B,632074,P3,F3,0.0,0.3544468168577706
CCC,2014B,632107,P3,F3,1.0,0.2898580710563017
CCC,2014B,632111,P3,F3,0.0,0.7277350934925296
CCC,2014B,632133,P3,F3,1.0,0.5518419250414974
CCC,2014B,632134,P3,F3,1.0,0.6722922056584818
CCC,2014B,632135,P3,F3,1.0,0.48125724459471847
CCC,2014B,632190,P3,F3,1.0,0.7830557231386406
CCC,2014B,632242,P3,F3,1.0,0.9189499726659
CCC,2014B,632312,P3,F3,1.0,0.7901630269067027
CCC,2014B,632313,P3,F3,0.0,0.13767783960343757
CCC,2014B,632459,P3,F3,0.0,0.649165550323329
CCC,2014B,632506,P3,F3,1.0,0.6875073382855513
CCC,2014B,632546,P3,F3,1.0,0.2620213446622652
CCC,2014B,632554,P3,F3,0.0,0.6347264393395468
CCC,2014B,632571,P3,F3,0.0,0.8039209931584661
CCC,2014B,632597,P3,F3,0.0,0.4720659417525206
CCC,2014B,632691,P3,F3,1.0,0.7264831496452239
CCC,2014B,632836,P3,F3,0.0,0.3007117420718114
CCC,2014B,632856,P3,F3,1.0,0.9049871902383199
CCC,2014B,632889,P3,F3,1.0,0.9190658722534916
CCC,2014B,632900,P3,F3,0.0,0.4977625991625969
CCC,2014B,633071,P3,F3,1.0,0.6320028870170665
CCC,2014B,633112,P3,F3,0.0,0.3649781472961137
CCC,2014B,633178,P3,F3,0.0,0.517544550376814
CCC,2014B,633240,P3,F3,1.0,0.7976145029045789
CCC,2014B,633243,P3,F3,1.0,0.9483672242154806
CCC,2014B,633250,P3,F3,0.0,0.2251117924970544
CCC,2014B,633256,P3,F3,1.0,0.4732856076605136
CCC,2014B,633270,P3,F3,0.0,0.4093555063016661
CCC,2014B,633281,P3,F3,0.0,0.5766722254261181
CCC,2014B,633310,P3,F3,1.0,0.9311653231624515
CCC,2014B,633330,P3,F3,1.0,0.7501766974210253
CCC,2014B,633341,P3,F3,1.0,0.846777312064593
CCC,2014B,633384,P3,F3,1.0,0.9724279038656759
CCC,2014B,633395,P3,F3,1.0,0.883103081985568
CCC,2014B,633432,P3,F3,1.0,0.9755504881552025
CCC,2014B,633447,P3,F3,1.0,0.22773607875294966
CCC,2014B,633460,P3,F3,1.0,0.9703097828480244
CCC,2014B,633493,P3,F3,0.0,0.17183096842040144
CCC,2014B,633637,P3,F3,1.0,0.6637878546984688
CCC,2014B,633679,P3,F3,1.0,0.7496095623215275
CCC,2014B,633695,P3,F3,0.0,0.28745187708580733
CCC,2014B,633722,P3,F3,0.0,0.09821601731762716
CCC,2014B,633857,P3,F3,0.0,0.34252046215195336
CCC,2014B,633942,P3,F3,0.0,0.48349991593518604
CCC,2014B,633998,P3,F3,0.0,0.6987922906090033
CCC,2014B,634040,P3,F3,1.0,0.7492057874006026
CCC,2014B,634128,P3,F3,0.0,0.43108816259665034
CCC,2014B,634157,P3,F3,0.0,0.5293178956064587
CCC,2014B,634167,P3,F3,0.0,0.5983528269455486
CCC,2014B,634216,P3,F3,0.0,0.18476919021490398
CCC,2014B,634217,P3,F3,0.0,0.3892162119101429
CCC,2014B,634241,P3,F3,0.0,0.5459713890011966
CCC,2014B,634279,P3,F3,1.0,0.8966177960849732
CCC,2014B,634349,P3,F3,1.0,0.7494484753735027
CCC,2014B,634414,P3,F3,1.0,0.6318574856743978
CCC,2014B,634433,P3,F3,1.0,0.7451372753653486
CCC,2014B,634500,P3,F3,0.0,0.7541719657756146
CCC,2014B,634507,P3,F3,0.0,0.2626566158568895
CCC,2014B,634512,P3,F3,0.0,0.4141914510804238
CCC,2014B,634570,P3,F3,0.0,0.26026460302351795
CCC,2014B,634578,P3,F3,1.0,0.4450884948527184
CCC,2014B,634589,P3,F3,0.0,0.6012440434594924
CCC,2014B,634618,P3,F3,0.0,0.17402422661188427
CCC,2014B,634649,P3,F3,1.0,0.49387426114154437
CCC,2014B,634671,P3,F3,0.0,0.8420033626029759
CCC,2014B,634744,P3,F3,1.0,0.5518972073528844
CCC,2014B,634816,P3,F3,0.0,0.8278059035703609
CCC,2014B,634853,P3,F3,1.0,0.7319602893679191
CCC,2014B,634862,P3,F3,0.0,0.3479165486799274
CCC,2014B,634878,P3,F3,0.0,0.30126543638685527
CCC,2014B,635034,P3,F3,1.0,0.6735460552983374
CCC,2014B,635041,P3,F3,1.0,0.5222967612251552
CCC,2014B,635043,P3,F3,0.0,0.38023275775868715
CCC,2014B,635109,P3,F3,0.0,0.890218475751504
CCC,2014B,635416,P3,F3,0.0,0.7589748120454156
CCC,2014B,635515,P3,F3,1.0,0.5667093422759949
CCC,2014B,856294,P3,F3,1.0,0.889521919444268
CCC,2014B,917586,P3,F3,0.0,0.3251226496775825
CCC,2014B,925553,P3,F3,0.0,0.6335618971127776
CCC,2014B,949548,P3,F3,0.0,0.5340152356756321
CCC,2014B,984619,P3,F3,0.0,0.28241137672559424
CCC,2014B,992544,P3,F3,0.0,0.21898905630001467
CCC,2014B,1038161,P3,F3,0.0,0.6041750587479208
CCC,2014B,1057883,P3,F3,0.0,0.8330129751817957
CCC,2014B,1073766,P3,F3,0.0,0.4678044401052218
CCC,2014B,1087710,P3,F3,1.0,0.4229768503338603
CCC,2014B,1095916,P3,F3,0.0,0.19700485075404148
CCC,2014B,1100639,P3,F3,1.0,0.4071191970399731
CCC,2014B,1115623,P3,F3,0.0,0.8145786919401843
CCC,2014B,1187586,P3,F3,0.0,0.3791952284924945
CCC,2014B,1268772,P3,F3,1.0,0.5690731847732321
CCC,2014B,1270832,P3,F3,0.0,0.3780248659575672
CCC,2014B,1307784,P3,F3,1.0,0.7724686021520202
CCC,2014B,1311171,P3,F3,0.0,0.5398772644392333
CCC,2014B,1416784,P3,F3,0.0,0.40722472483105815
CCC,2014B,1440467,P3,F3,0.0,0.18616107242651128
CCC,2014B,1442991,P3,F3,0.0,0.7695662412431568
CCC,2014B,1462676,P3,F3,1.0,0.7780020654795776
CCC,2014B,1468838,P3,F3,1.0,0.9568517188984395
CCC,2014B,1470291,P3,F3,0.0,0.7993010410950676
CCC,2014B,1474869,P3,F3,0.0,0.4965017719561206
CCC,2014B,1493739,P3,F3,0.0,0.4960042234004801
CCC,2014B,1534494,P3,F3,0.0,0.39620347941716455
CCC,2014B,1541906,P3,F3,1.0,0.8977874645049047
CCC,2014B,1560205,P3,F3,1.0,0.8678622261852393
CCC,2014B,1561431,P3,F3,1.0,0.9164615270338495
CCC,2014B,1568828,P3,F3,0.0,0.2151346804513059
CCC,2014B,1591013,P3,F3,1.0,0.8926951593404779
CCC,2014B,1632487,P3,F3,0.0,0.6279128321558951
CCC,2014B,1644328,P3,F3,1.0,0.8458052341119822
CCC,2014B,1668504,P3,F3,1.0,0.5642809584947666
CCC,2014B,1671811,P3,F3,0.0,0.5585945017160374
CCC,2014B,1672690,P3,F3,1.0,0.7697913048733603
CCC,2014B,1673876,P3,F3,1.0,0.5461932208262922
CCC,2014B,1678014,P3,F3,1.0,0.8367541586358542
CCC,2014B,1678800,P3,F3,0.0,0.31763209368577777
CCC,2014B,1691815,P3,F3,1.0,0.33589147728631236
CCC,2014B,1694780,P3,F3,1.0,0.3633092273182275
CCC,2014B,1715237,P3,F3,0.0,0.35868442775608295
CCC,2014B,1739026,P3,F3,1.0,0.799455612089553
CCC,2014B,1750405,P3,F3,1.0,0.9379606528867283
CCC,2014B,1753458,P3,F3,0.0,0.24926635903668096
CCC,2014B,1763378,P3,F3,1.0,0.8630114902383131
CCC,2014B,1769985,P3,F3,1.0,0.4216656097637584
CCC,2014B,1774071,P3,F3,1.0,0.8849135944528551
CCC,2014B,1780737,P3,F3,1.0,0.8704496860349303
CCC,2014B,1781834,P3,F3,0.0,0.6073727611153272
CCC,2014B,1828112,P3,F3,1.0,0.9357127159692631
CCC,2014B,1841267,P3,F3,1.0,0.688249130400938
CCC,2014B,1848820,P3,F3,1.0,0.8168022684063159
CCC,2014B,1855583,P3,F3,0.0,0.6162664847675915
CCC,2014B,1876636,P3,F3,0.0,0.6295144022801636
CCC,2014B,1877015,P3,F3,1.0,0.4098718053177861
CCC,2014B,1888343,P3,F3,0.0,0.48054836925739286
CCC,2014B,1891323,P3,F3,0.0,0.5230936180355005
CCC,2014B,1894419,P3,F3,1.0,0.9693755942579964
CCC,2014B,1896088,P3,F3,1.0,0.8343525816816946
CCC,2014B,1906919,P3,F3,0.0,0.8433334142256723
CCC,2014B,1908526,P3,F3,1.0,0.885439899867297
CCC,2014B,1911513,P3,F3,0.0,0.3416606250652628
CCC,2014B,1922200,P3,F3,1.0,0.6654076583493493
CCC,2014B,1924641,P3,F3,1.0,0.8915149964569895
CCC,2014B,1930146,P3,F3,0.0,0.8552489914523037
CCC,2014B,1930644,P3,F3,1.0,0.9030919397349837
CCC,2014B,1942999,P3,F3,1.0,0.5437464986129571
CCC,2014B,1945240,P3,F3,1.0,0.9102211989757308
CCC,2014B,1947911,P3,F3,1.0,0.27963093531273575
CCC,2014B,1951080,P3,F3,1.0,0.5021292131116204
CCC,2014B,1951139,P3,F3,0.0,0.48136827398510607
CCC,2014B,1969407,P3,F3,1.0,0.41863277334689547
CCC,2014B,1997164,P3,F3,0.0,0.3076975227088474
CCC,2014B,2008262,P3,F3,1.0,0.9114083878184214
CCC,2014B,2016517,P3,F3,0.0,0.5801745461620472
CCC,2014B,2030117,P3,F3,1.0,0.868152624335642
CCC,2014B,2032058,P3,F3,1.0,0.6508780876812035
CCC,2014B,2044299,P3,F3,1.0,0.6156826477177206
CCC,2014B,2047421,P3,F3,0.0,0.43059805296582815
CCC,2014B,2049668,P3,F3,0.0,0.7815332258600008
CCC,2014B,2056643,P3,F3,0.0,0.3795304863484793
CCC,2014B,2063578,P3,F3,0.0,0.12770730111657835
CCC,2014B,2064873,P3,F3,0.0,0.4725207253115519
CCC,2014B,2066504,P3,F3,1.0,0.8092356492228556
CCC,2014B,2087182,P3,F3,1.0,0.6929145282340858
CCC,2014B,2088765,P3,F3,0.0,0.3878524143775789
CCC,2014B,2109119,P3,F3,0.0,0.39007107195771856
CCC,2014B,2110039,P3,F3,1.0,0.9391682279739599
CCC,2014B,2113778,P3,F3,1.0,0.8959263242095399
CCC,2014B,2131908,P3,F3,0.0,0.33176181801132404
CCC,2014B,2134237,P3,F3,1.0,0.8629137731071591
CCC,2014B,2134304,P3,F3,1.0,0.8389506280751342
CCC,2014B,2139037,P3,F3,0.0,0.4077603179964347
CCC,2014B,2146277,P3,F3,0.0,0.5456797041536015
CCC,2014B,2147620,P3,F3,0.0,0.6087319911959408
CCC,2014B,2147713,P3,F3,0.0,0.6255241848068434
CCC,2014B,2156058,P3,F3,0.0,0.5427132737136151
CCC,2014B,2171264,P3,F3,1.0,0.6681333249006656
CCC,2014B,2171834,P3,F3,0.0,0.8208313250291751
CCC,2014B,2178929,P3,F3,0.0,0.5001353149286758
CCC,2014B,2187422,P3,F3,0.0,0.6208270963969211
CCC,2014B,2211797,P3,F3,0.0,0.3105029247099998
CCC,2014B,2213982,P3,F3,1.0,0.9120088023280936
CCC,2014B,2236538,P3,F3,1.0,0.9304651646108737
CCC,2014B,2238904,P3,F3,1.0,0.6415419487750387
CCC,2014B,2239848,P3,F3,0.0,0.3116230667268926
CCC,2014B,2241036,P3,F3,1.0,0.8540628272094143
CCC,2014B,2247222,P3,F3,0.0,0.5811416856802207
CCC,2014B,2252437,P3,F3,1.0,0.8011888820882791
CCC,2014B,2258228,P3,F3,1.0,0.8886227564698527
CCC,2014B,2289032,P3,F3,1.0,0.8166335491030884
CCC,2014B,2298895,P3,F3,0.0,0.26399608472612923
CCC,2014B,2327710,P3,F3,1.0,0.9669126831759717
CCC,2014B,2329539,P3,F3,1.0,0.8851892719823602
CCC,2014B,2341839,P3,F3,1.0,0.38435010582804846
CCC,2014B,2347802,P3,F3,0.0,0.3870442626692589
CCC,2014B,2358707,P3,F3,1.0,0.9141737875888194
CCC,2014B,2367058,P3,F3,1.0,0.441185158307176
CCC,2014B,2375259,P3,F3,1.0,0.8550043901781861
CCC,2014B,2384687,P3,F3,1.0,0.6995561947141097
CCC,2014B,2389754,P3,F3,1.0,0.5733835120039693
CCC,2014B,2391004,P3,F3,0.0,0.7373893574040423
CCC,2014B,2410459,P3,F3,1.0,0.8265912900238962
CCC,2014B,2410519,P3,F3,0.0,0.1730228292394828
CCC,2014B,2418732,P3,F3,0.0,0.40764995241092256
CCC,2014B,2419115,P3,F3,0.0,0.623057400994188
CCC,2014B,2421961,P3,F3,1.0,0.921671209138954
CCC,2014B,2433069,P3,F3,0.0,0.4220115649917769
CCC,2014B,2433221,P3,F3,0.0,0.610359427054488
CCC,2014B,2447528,P3,F3,1.0,0.20651541857316974
CCC,2014B,2451726,P3,F3,1.0,0.9055363714066007
CCC,2014B,2454878,P3,F3,1.0,0.8808660745005801
CCC,2014B,2471283,P3,F3,0.0,0.7046985962210901
CCC,2014B,2473058,P3,F3,1.0,0.9525259026639972
CCC,2014B,2478799,P3,F3,1.0,0.8304594082880977
CCC,2014B,2486769,P3,F3,1.0,0.9059280845925345
CCC,2014B,2488382,P3,F3,0.0,0.44578292571853345
CCC,2014B,2488713,P3,F3,1.0,0.6200526840323751
CCC,2014B,2494507,P3,F3,0.0,0.45907345361964136
CCC,2014B,2498388,P3,F3,0.0,0.47049054549845937
CCC,2014B,2503063,P3,F3,0.0,0.6090613483724453
CCC,2014B,2513997,P3,F3,1.0,0.5805613871082005
CCC,2014B,2517778,P3,F3,1.0,0.993885996893122
CCC,2014B,2522932,P3,F3,1.0,0.9032761000916851
CCC,2014B,2526493,P3,F3,0.0,0.3823469531615212
CCC,2014B,2529663,P3,F3,0.0,0.30102069281005683
CCC,2014B,2545113,P3,F3,0.0,0.5986064507860661
CCC,2014B,2548877,P3,F3,0.0,0.3090907862301011
CCC,2014B,2555596,P3,F3,1.0,0.8677300844081423
CCC,2014B,2556060,P3,F3,0.0,0.2959225982299908
CCC,2014B,2558365,P3,F3,1.0,0.5888918243570507
CCC,2014B,2564333,P3,F3,1.0,0.6232967082736146
CCC,2014B,2564711,P3,F3,0.0,0.20851045863031684
CCC,2014B,2567038,P3,F3,0.0,0.5143475470492359
CCC,2014B,2569090,P3,F3,1.0,0.5230361063010802
CCC,2014B,2569834,P3,F3,1.0,0.8757932715376062
CCC,2014B,2569912,P3,F3,1.0,0.9165294871961213
CCC,2014B,2577091,P3,F3,1.0,0.39267020757066373
CCC,2014B,2581603,P3,F3,0.0,0.45769182942908987
CCC,2014B,2588201,P3,F3,0.0,0.30830279572064967
CCC,2014B,2598913,P3,F3,1.0,0.6682056501912708
CCC,2014B,2602235,P3,F3,1.0,0.975063734266575
CCC,2014B,2602264,P3,F3,0.0,0.39074208050681386
CCC,2014B,2603195,P3,F3,0.0,0.8574783570731075
CCC,2014B,2607849,P3,F3,0.0,0.3474476347128512
CCC,2014B,2609908,P3,F3,0.0,0.6641281919318252
CCC,2014B,2613331,P3,F3,0.0,0.5945575893507278
CCC,2014B,2615849,P3,F3,1.0,0.8001862810241069
CCC,2014B,2616950,P3,F3,0.0,0.5867171298877794
CCC,2014B,2617635,P3,F3,1.0,0.709309823919708
CCC,2014B,2620636,P3,F3,1.0,0.832497614589571
CCC,2014B,2621734,P3,F3,1.0,0.8965848431249012
CCC,2014B,2623263,P3,F3,0.0,0.16394824262701413
CCC,2014B,2629436,P3,F3,1.0,0.31765375789367384
CCC,2014B,2631703,P3,F3,0.0,0.5153762087431522
CCC,2014B,2634238,P3,F3,1.0,0.9342980824478941
CCC,2014B,2639310,P3,F3,0.0,0.48649095214143384
CCC,2014B,2641486,P3,F3,0.0,0.8286042101955091
CCC,2014B,2644404,P3,F3,0.0,0.8733047702437327
CCC,2014B,2652523,P3,F3,1.0,0.9148045005284812
CCC,2014B,2658268,P3,F3,1.0,0.8945073003422684
CCC,2014B,2659556,P3,F3,1.0,0.975833919892197
CCC,2014B,2661696,P3,F3,1.0,0.5231364138660968
CCC,2014B,2665399,P3,F3,0.0,0.652735744811229
CCC,2014B,2668550,P3,F3,1.0,0.38075739205978865
CCC,2014B,2677969,P3,F3,1.0,0.3371247400615408
CCC,2014B,2680742,P3,F3,0.0,0.6431830488507029
CCC,2014B,2681198,P3,F3,1.0,0.8525557567297197
CCC,2014B,2686578,P3,F3,0.0,0.5584272006635628
CCC,2014B,2692327,P3,F3,0.0,0.3944084332945851
CCC,2014B,2697181,P3,F3,0.0,0.42416990723302206
CCC,2014B,2698535,P3,F3,1.0,0.9569443743493099
DDD,2014B,24213,P3,F3,0.0,0.33888896415765307
DDD,2014B,31269,P3,F3,1.0,0.8512075671883866
DDD,2014B,35502,P3,F3,1.0,0.2552388691317399
DDD,2014B,39660,P3,F3,1.0,0.331839917969009
DDD,2014B,46753,P3,F3,0.0,0.31137078007027863
DDD,2014B,49119,P3,F3,1.0,0.45719435563762156
DDD,2014B,50476,P3,F3,0.0,0.09736623485400525
DDD,2014B,51030,P3,F3,0.0,0.43726935991784427
DDD,2014B,53632,P3,F3,1.0,0.5267487712388366
DDD,2014B,54810,P3,F3,1.0,0.22066263942900766
DDD,2014B,58617,P3,F3,1.0,0.622565625372904
DDD,2014B,61911,P3,F3,1.0,0.580245239179593
DDD,2014B,64450,P3,F3,0.0,0.908223097621794
DDD,2014B,64767,P3,F3,1.0,0.41958711800559334
DDD,2014B,67781,P3,F3,0.0,0.6003627576664385
DDD,2014B,69489,P3,F3,1.0,0.9284625941594731
DDD,2014B,71723,P3,F3,1.0,0.41437261443648404
DDD,2014B,76081,P3,F3,1.0,0.6900404192433809
DDD,2014B,84576,P3,F3,0.0,0.067371175320634
DDD,2014B,85216,P3,F3,1.0,0.9406267961797853
DDD,2014B,88490,P3,F3,0.0,0.12094252434971
DDD,2014B,88910,P3,F3,0.0,0.6231510256303836
DDD,2014B,89904,P3,F3,0.0,0.28925199113398237
DDD,2014B,90537,P3,F3,0.0,0.43320527837227985
DDD,2014B,95356,P3,F3,1.0,0.8591995381044086
DDD,2014B,97939,P3,F3,1.0,0.5132352062014567
DDD,2014B,99151,P3,F3,1.0,0.8325932593791755
DDD,2014B,111959,P3,F3,1.0,0.5142121108133848
DDD,2014B,116763,P3,F3,1.0,0.7093667616837077
DDD,2014B,117281,P3,F3,0.0,0.3251855053457966
DDD,2014B,117435,P3,F3,1.0,0.9523850333192454
DDD,2014B,118479,P3,F3,0.0,0.30083425259998997
DDD,2014B,124134,P3,F3,1.0,0.09796822930731154
DDD,2014B,127580,P3,F3,0.0,0.3924620928318689
DDD,2014B,128348,P3,F3,1.0,0.7883547451759064
DDD,2014B,131695,P3,F3,1.0,0.8455104301577256
DDD,2014B,137150,P3,F3,1.0,0.8306956509788607
DDD,2014B,138204,P3,F3,1.0,0.3525770854439226
DDD,2014B,138416,P3,F3,0.0,0.4593140378587815
DDD,2014B,138704,P3,F3,0.0,0.434400869160856
DDD,2014B,139455,P3,F3,1.0,0.9310798181819611
DDD,2014B,141497,P3,F3,1.0,0.4778723618427371
DDD,2014B,144908,P3,F3,1.0,0.34180990174980685
DDD,2014B,145114,P3,F3,0.0,0.41687852910729895
DDD,2014B,145640,P3,F3,0.0,0.2107448783690426
DDD,2014B,145770,P3,F3,1.0,0.8975327523099242
DDD,2014B,152320,P3,F3,1.0,0.2865777693109603
DDD,2014B,154697,P3,F3,1.0,0.9352032390755971
DDD,2014B,161878,P3,F3,1.0,0.8833301983657795
DDD,2014B,165178,P3,F3,1.0,0.9142346412050902
DDD,2014B,172965,P3,F3,1.0,0.820041008716413
DDD,2014B,178258,P3,F3,1.0,0.6246882445900903
DDD,2014B,183331,P3,F3,1.0,0.3726481847747016
DDD,2014B,187663,P3,F3,0.0,0.49471655250555197
DDD,2014B,189178,P3,F3,1.0,0.2124289867171104
DDD,2014B,189442,P3,F3,1.0,0.4809756629446316
DDD,2014B,192186,P3,F3,0.0,0.7078623322591316
DDD,2014B,201151,P3,F3,0.0,0.2963041431853807
DDD,2014B,226895,P3,F3,1.0,0.6877077239994224
DDD,2014B,227826,P3,F3,1.0,0.5263853706461072
DDD,2014B,228272,P3,F3,0.0,0.25362840882702026
DDD,2014B,228373,P3,F3,1.0,0.45930280015987257
DDD,2014B,228775,P3,F3,1.0,0.5312780690190448
DDD,2014B,229499,P3,F3,1.0,0.9427389326801925
DDD,2014B,231973,P3,F3,1.0,0.6830815674158024
DDD,2014B,232827,P3,F3,0.0,0.1997313117651187
DDD,2014B,233868,P3,F3,1.0,0.7638808470657741
DDD,2014B,236015,P3,F3,1.0,0.17059214324113006
DDD,2014B,239459,P3,F3,0.0,0.18007525087858298
DDD,2014B,240389,P3,F3,1.0,0.8072946486202786
DDD,2014B,240486,P3,F3,0.0,0.2024887049336774
DDD,2014B,240755,P3,F3,0.0,0.945009078663301
DDD,2014B,242633,P3,F3,0.0,0.48116421806269055
DDD,2014B,260565,P3,F3,0.0,0.32543383240018553
DDD,2014B,264723,P3,F3,0.0,0.2989247694759551
DDD,2014B,266922,P3,F3,0.0,0.5461096112979755
DDD,2014B,267118,P3,F3,1.0,0.6842235292482542
DDD,2014B,268883,P3,F3,1.0,0.9154198337184107
DDD,2014B,268915,P3,F3,1.0,0.7220433471167229
DDD,2014B,271974,P3,F3,0.0,0.3566042742517427
DDD,2014B,277166,P3,F3,0.0,0.42600144877081053
DDD,2014B,284540,P3,F3,1.0,0.6113614013916835
DDD,2014B,285412,P3,F3,0.0,0.7008329032282301
DDD,2014B,286449,P3,F3,1.0,0.9663835799603959
DDD,2014B,291005,P3,F3,1.0,0.4574293660418788
DDD,2014B,299949,P3,F3,1.0,0.3655409349125234
DDD,2014B,300592,P3,F3,0.0,0.5058792841468159
DDD,2014B,306944,P3,F3,1.0,0.6864043424179086
DDD,2014B,309756,P3,F3,1.0,0.967245202868793
DDD,2014B,312761,P3,F3,0.0,0.1167106468669221
DDD,2014B,315517,P3,F3,1.0,0.716607893826113
DDD,2014B,317801,P3,F3,0.0,0.5894631075948907
DDD,2014B,320593,P3,F3,1.0,0.9398764255564204
DDD,2014B,321810,P3,F3,0.0,0.5793115172549734
DDD,2014B,323659,P3,F3,1.0,0.8348877452530874
DDD,2014B,325044,P3,F3,0.0,0.20070955415215916
DDD,2014B,325566,P3,F3,1.0,0.8166217268999655
DDD,2014B,327449,P3,F3,1.0,0.4707449666021586
DDD,2014B,328123,P3,F3,1.0,0.594270137854043
DDD,2014B,333308,P3,F3,0.0,0.3009095146666237
DDD,2014B,335471,P3,F3,1.0,0.7666238235072794
DDD,2014B,336936,P3,F3,1.0,0.518010357349574
DDD,2014B,339513,P3,F3,0.0,0.2658923429517262
DDD,2014B,347365,P3,F3,1.0,0.7866820139058467
DDD,2014B,348439,P3,F3,1.0,0.48101532112513545
DDD,2014B,352308,P3,F3,1.0,0.9189499726659
DDD,2014B,352679,P3,F3,1.0,0.9167391475193866
DDD,2014B,354050,P3,F3,1.0,0.6014874778480488
DDD,2014B,354953,P3,F3,1.0,0.9142301956063289
DDD,2014B,355309,P3,F3,0.0,0.6266629200448446
DDD,2014B,355780,P3,F3,1.0,0.25076505743292254
DDD,2014B,355935,P3,F3,0.0,0.26669770615719457
DDD,2014B,356166,P3,F3,0.0,0.22923222650008715
DDD,2014B,356297,P3,F3,0.0,0.4464367350235969
DDD,2014B,356705,P3,F3,1.0,0.771365234785983
DDD,2014B,360759,P3,F3,1.0,0.15354759061750914
DDD,2014B,362115,P3,F3,1.0,0.8577322047898246
DDD,2014B,363122,P3,F3,0.0,0.8776118229908346
DDD,2014B,365397,P3,F3,1.0,0.5206745098732037
DDD,2014B,365764,P3,F3,1.0,0.674940933440234
DDD,2014B,367127,P3,F3,0.0,0.4188271923392864
DDD,2014B,367646,P3,F3,0.0,0.3063676995762538
DDD,2014B,370089,P3,F3,1.0,0.22789650086729932
DDD,2014B,370865,P3,F3,0.0,0.5017380565881336
DDD,2014B,373790,P3,F3,1.0,0.8852368046587655
DDD,2014B,374645,P3,F3,0.0,0.7059961672316121
DDD,2014B,375856,P3,F3,0.0,0.41374439414968484
DDD,2014B,376280,P3,F3,1.0,0.9345361971967833
DDD,2014B,378728,P3,F3,0.0,0.32905651198212466
DDD,2014B,379330,P3,F3,1.0,0.7087654465015213
DDD,2014B,380681,P3,F3,1.0,0.44260739232300006
DDD,2014B,382051,P3,F3,0.0,0.8541346510986011
DDD,2014B,384372,P3,F3,1.0,0.8815242232212547
DDD,2014B,385927,P3,F3,0.0,0.4539145853558648
DDD,2014B,385947,P3,F3,1.0,0.26752518895057514
DDD,2014B,386140,P3,F3,1.0,0.8671944784259678
DDD,2014B,386671,P3,F3,0.0,0.39479255266650154
DDD,2014B,386849,P3,F3,1.0,0.9149494894389584
DDD,2014B,387289,P3,F3,1.0,0.9296675824959405
DDD,2014B,387656,P3,F3,1.0,0.6062376021042178
DDD,2014B,387963,P3,F3,0.0,0.3228762424979946
DDD,2014B,390026,P3,F3,0.0,0.60259952345624
DDD,2014B,391611,P3,F3,1.0,0.8962980497973103
DDD,2014B,391924,P3,F3,0.0,0.6801404807741246
DDD,2014B,392802,P3,F3,1.0,0.9449272548043522
DDD,2014B,393094,P3,F3,1.0,0.6650359469816377
DDD,2014B,394020,P3,F3,1.0,0.9585779275517852
DDD,2014B,395288,P3,F3,1.0,0.9264044032711103
DDD,2014B,397429,P3,F3,1.0,0.7251229157871254
DDD,2014B,398529,P3,F3,1.0,0.9634074448793005
DDD,2014B,399203,P3,F3,1.0,0.7737353635585742
DDD,2014B,400599,P3,F3,1.0,0.3506240506141064
DDD,2014B,402314,P3,F3,0.0,0.5291972961329402
DDD,2014B,402575,P3,F3,1.0,0.5649713563444279
DDD,2014B,407115,P3,F3,1.0,0.786210064798988
DDD,2014B,407303,P3,F3,0.0,0.6164860066396767
DDD,2014B,409284,P3,F3,1.0,0.9584070073493918
DDD,2014B,410816,P3,F3,1.0,0.6247438390487619
DDD,2014B,411060,P3,F3,0.0,0.585612830439527
DDD,2014B,412600,P3,F3,1.0,0.7615599288218182
DDD,2014B,412663,P3,F3,0.0,0.3474706377013333
DDD,2014B,413629,P3,F3,1.0,0.7113706129439286
DDD,2014B,415151,P3,F3,1.0,0.6997844702800565
DDD,2014B,415695,P3,F3,1.0,0.6462959543573429
DDD,2014B,416008,P3,F3,0.0,0.4549710674949975
DDD,2014B,418453,P3,F3,0.0,0.2653635442072636
DDD,2014B,418781,P3,F3,0.0,0.5920797269980562
DDD,2014B,421754,P3,F3,1.0,0.8863903883590121
DDD,2014B,424880,P3,F3,0.0,0.4131555474401293
DDD,2014B,426137,P3,F3,1.0,0.9713738553868315
DDD,2014B,426297,P3,F3,0.0,0.4656670735945607
DDD,2014B,428769,P3,F3,1.0,0.4836969150649206
DDD,2014B,430678,P3,F3,0.0,0.449243049953898
DDD,2014B,431136,P3,F3,1.0,0.9258470018537733
DDD,2014B,431406,P3,F3,0.0,0.23954531557599854
DDD,2014B,434002,P3,F3,1.0,0.33150043399543294
DDD,2014B,434841,P3,F3,1.0,0.47626784679855855
DDD,2014B,440103,P3,F3,0.0,0.3446403744876437
DDD,2014B,440331,P3,F3,0.0,0.36777339184323826
DDD,2014B,440798,P3,F3,1.0,0.9417029501619237
DDD,2014B,441213,P3,F3,0.0,0.5242861019152407
DDD,2014B,441393,P3,F3,1.0,0.7931154511662818
DDD,2014B,442393,P3,F3,1.0,0.7474720656191629
DDD,2014B,442873,P3,F3,0.0,0.6289876753086828
DDD,2014B,443861,P3,F3,0.0,0.2393637027951929
DDD,2014B,444474,P3,F3,1.0,0.8510380389081355
DDD,2014B,445145,P3,F3,1.0,0.3993496565315575
DDD,2014B,445857,P3,F3,0.0,0.20241479779051808
DDD,2014B,447162,P3,F3,0.0,0.17037534268289023
DDD,2014B,464592,P3,F3,1.0,0.95278250975004
DDD,2014B,464685,P3,F3,0.0,0.5252647418127313
DDD,2014B,464748,P3,F3,1.0,0.3495995244031837
DDD,2014B,464887,P3,F3,1.0,0.6375527420546966
DDD,2014B,465413,P3,F3,0.0,0.6697530078780846
DDD,2014B,466714,P3,F3,1.0,0.7247209725626579
DDD,2014B,467230,P3,F3,0.0,0.48022413202563824
DDD,2014B,468386,P3,F3,1.0,0.7224637203627939
DDD,2014B,469425,P3,F3,1.0,0.7792908738014847
DDD,2014B,469614,P3,F3,0.0,0.5950095277428227
DDD,2014B,470555,P3,F3,1.0,0.8702097373650765
DDD,2014B,470733,P3,F3,1.0,0.38844300918440083
DDD,2014B,471189,P3,F3,1.0,0.799689291737846
DDD,2014B,471476,P3,F3,1.0,0.2931524340164456
DDD,2014B,471669,P3,F3,1.0,0.8142971808822762
DDD,2014B,472257,P3,F3,0.0,0.8370096422140767
DDD,2014B,472284,P3,F3,0.0,0.2883511375252864
DDD,2014B,472651,P3,F3,0.0,0.13608733828103925
DDD,2014B,473265,P3,F3,1.0,0.7537393630447673
DDD,2014B,473406,P3,F3,1.0,0.9109005325130641
DDD,2014B,474153,P3,F3,1.0,0.6996287588783106
DDD,2014B,474451,P3,F3,1.0,0.8320259796438875
DDD,2014B,477063,P3,F3,1.0,0.9311051410183799
DDD,2014B,477180,P3,F3,1.0,0.9512455473290693
DDD,2014B,479649,P3,F3,0.0,0.5471025040296028
DDD,2014B,480956,P3,F3,0.0,0.17817421893145746
DDD,2014B,481863,P3,F3,0.0,0.8770761598183584
DDD,2014B,484130,P3,F3,1.0,0.7969052555123294
DDD,2014B,484213,P3,F3,0.0,0.5713750202343936
DDD,2014B,484762,P3,F3,0.0,0.43927720962342404
DDD,2014B,485219,P3,F3,1.0,0.703384581371186
DDD,2014B,485306,P3,F3,1.0,0.9017357569777649
DDD,2014B,486022,P3,F3,0.0,0.3715513979557346
DDD,2014B,488550,P3,F3,1.0,0.8670623892237501
DDD,2014B,489507,P3,F3,0.0,0.5285175573613666
DDD,2014B,490164,P3,F3,1.0,0.8869368606726625
DDD,2014B,491036,P3,F3,0.0,0.6906844958045699
DDD,2014B,492095,P3,F3,0.0,0.5973211318552138
DDD,2014B,492537,P3,F3,0.0,0.5104855803911805
DDD,2014B,493296,P3,F3,1.0,0.9404302275812502
DDD,2014B,493434,P3,F3,1.0,0.4936301151111044
DDD,2014B,493879,P3,F3,1.0,0.8441692772662079
DDD,2014B,494329,P3,F3,1.0,0.56418278138158
DDD,2014B,496085,P3,F3,1.0,0.8781705519062563
DDD,2014B,498363,P3,F3,0.0,0.5763552590985229
DDD,2014B,498582,P3,F3,1.0,0.48341811899860265
DDD,2014B,498793,P3,F3,1.0,0.623200423102661
DDD,2014B,498905,P3,F3,1.0,0.6872186188706575
DDD,2014B,498980,P3,F3,1.0,0.7987034693308727
DDD,2014B,501123,P3,F3,1.0,0.5867523321009286
DDD,2014B,501487,P3,F3,0.0,0.21220525370404672
DDD,2014B,501723,P3,F3,1.0,0.9559562191039406
DDD,2014B,502004,P3,F3,0.0,0.21659188458881945
DDD,2014B,502057,P3,F3,0.0,0.5248804800719213
DDD,2014B,502161,P3,F3,1.0,0.7693791691845551
DDD,2014B,502207,P3,F3,1.0,0.8816325104686592
DDD,2014B,504089,P3,F3,1.0,0.9190584599336739
DDD,2014B,505561,P3,F3,1.0,0.9013902086190811
DDD,2014B,505815,P3,F3,0.0,0.3195255477301871
DDD,2014B,505854,P3,F3,1.0,0.6631494690379249
DDD,2014B,507812,P3,F3,1.0,0.8795228909539636
DDD,2014B,508446,P3,F3,1.0,0.8487406240447984
DDD,2014B,508594,P3,F3,1.0,0.6055409932040766
DDD,2014B,508872,P3,F3,1.0,0.8814314091919468
DDD,2014B,511890,P3,F3,1.0,0.83511557344772
DDD,2014B,513415,P3,F3,1.0,0.8565440040678672
DDD,2014B,513687,P3,F3,0.0,0.37010125163336427
DDD,2014B,513957,P3,F3,0.0,0.6254227794367133
DDD,2014B,515161,P3,F3,1.0,0.863665475483687
DDD,2014B,515331,P3,F3,1.0,0.7084352145268306
DDD,2014B,516318,P3,F3,1.0,0.5344055180130353
DDD,2014B,517864,P3,F3,0.0,0.5541707957189622
DDD,2014B,520349,P3,F3,1.0,0.8708391588429406
DDD,2014B,520962,P3,F3,0.0,0.3801171430352228
DDD,2014B,522129,P3,F3,1.0,0.9191824485588267
DDD,2014B,522205,P3,F3,1.0,0.7821178244473507
DDD,2014B,522363,P3,F3,1.0,0.8058084505669098
DDD,2014B,522840,P3,F3,0.0,0.8305607614279328
DDD,2014B,523583,P3,F3,1.0,0.9276964364634634
DDD,2014B,523857,P3,F3,0.0,0.5244057851679879
DDD,2014B,523978,P3,F3,0.0,0.8695255553934842
DDD,2014B,524109,P3,F3,1.0,0.5187021299891436
DDD,2014B,524137,P3,F3,0.0,0.8904061672934207
DDD,2014B,525412,P3,F3,1.0,0.6070659920981603
DDD,2014B,525635,P3,F3,1.0,0.7474672784065395
DDD,2014B,526175,P3,F3,1.0,0.857647996986692
DDD,2014B,527242,P3,F3,1.0,0.6795667752116696
DDD,2014B,527323,P3,F3,1.0,0.5346941823929321
DDD,2014B,528699,P3,F3,1.0,0.24703026597298253
DDD,2014B,529190,P3,F3,0.0,0.2435825444508333
DDD,2014B,531069,P3,F3,1.0,0.960273095208753
DDD,2014B,531234,P3,F3,0.0,0.8825467332860054
DDD,2014B,531243,P3,F3,1.0,0.54884303758326
DDD,2014B,531340,P3,F3,1.0,0.86618071023943
DDD,2014B,532194,P3,F3,1.0,0.317934947959334
DDD,2014B,532988,P3,F3,1.0,0.930924780322091
DDD,2014B,533012,P3,F3,1.0,0.6761379150486685
DDD,2014B,534201,P3,F3,0.0,0.6971125584890887
DDD,2014B,536941,P3,F3,0.0,0.3212973650227027
DDD,2014B,536999,P3,F3,1.0,0.9524406424191899
DDD,2014B,537756,P3,F3,0.0,0.9194856746761929
DDD,2014B,539060,P3,F3,1.0,0.5381483226299337
DDD,2014B,539186,P3,F3,1.0,0.8861184183349449
DDD,2014B,539451,P3,F3,0.0,0.5544448643400106
DDD,2014B,539588,P3,F3,1.0,0.5156098220265678
DDD,2014B,539872,P3,F3,1.0,0.9203772141647317
DDD,2014B,540758,P3,F3,0.0,0.6464901502691177
DDD,2014B,541000,P3,F3,0.0,0.37990673096391614
DDD,2014B,541765,P3,F3,0.0,0.4828440784815177
DDD,2014B,543361,P3,F3,1.0,0.8085330298581896
DDD,2014B,543789,P3,F3,0.0,0.1526206136801575
DDD,2014B,543976,P3,F3,1.0,0.41077312529871096
DDD,2014B,544499,P3,F3,1.0,0.6265311639918612
DDD,2014B,544587,P3,F3,1.0,0.4772058680665091
DDD,2014B,545387,P3,F3,1.0,0.7572072900653062
DDD,2014B,546025,P3,F3,1.0,0.748462519535158
DDD,2014B,546040,P3,F3,1.0,0.654658571535281
DDD,2014B,546299,P3,F3,1.0,0.8131945450787866
DDD,2014B,546403,P3,F3,1.0,0.9411939009322964
DDD,2014B,546584,P3,F3,0.0,0.3382053987210764
DDD,2014B,546654,P3,F3,0.0,0.13919964308416488
DDD,2014B,547629,P3,F3,1.0,0.660726706474112
DDD,2014B,547786,P3,F3,1.0,0.7146904040965139
DDD,2014B,548292,P3,F3,0.0,0.24034926995433872
DDD,2014B,548371,P3,F3,1.0,0.5669510028523153
DDD,2014B,548500,P3,F3,1.0,0.5848554005997482
DDD,2014B,549160,P3,F3,1.0,0.5213187329866478
DDD,2014B,550046,P3,F3,0.0,0.3222163338790194
DDD,2014B,550638,P3,F3,1.0,0.41533848487034225
DDD,2014B,550893,P3,F3,1.0,0.8532336806737251
DDD,2014B,551171,P3,F3,0.0,0.6696141276890873
DDD,2014B,551427,P3,F3,1.0,0.7802324618494503
DDD,2014B,551814,P3,F3,0.0,0.45586124340371176
DDD,2014B,552003,P3,F3,0.0,0.20191538590685568
DDD,2014B,552255,P3,F3,0.0,0.7725417010030095
DDD,2014B,552908,P3,F3,1.0,0.9570957781527523
DDD,2014B,554065,P3,F3,0.0,0.3244338598052501
DDD,2014B,554444,P3,F3,1.0,0.8645560867838564
DDD,2014B,554585,P3,F3,1.0,0.8713637818523533
DDD,2014B,554588,P3,F3,1.0,0.8490195358211319
DDD,2014B,554712,P3,F3,1.0,0.8441013707040885
DDD,2014B,555132,P3,F3,1.0,0.5635557537546786
DDD,2014B,555137,P3,F3,1.0,0.9647288874431026
DDD,2014B,555408,P3,F3,1.0,0.7183384819052425
DDD,2014B,555446,P3,F3,1.0,0.6368586484266179
DDD,2014B,556007,P3,F3,1.0,0.8849805654599896
DDD,2014B,556057,P3,F3,0.0,0.48477493440047387
DDD,2014B,556170,P3,F3,1.0,0.9262590570585256
DDD,2014B,556171,P3,F3,1.0,0.6661527045011001
DDD,2014B,556370,P3,F3,1.0,0.8711804807135811
DDD,2014B,556374,P3,F3,1.0,0.7818293324416871
DDD,2014B,556416,P3,F3,0.0,0.3232988897398778
DDD,2014B,557404,P3,F3,0.0,0.21183412496617535
DDD,2014B,558029,P3,F3,0.0,0.21257382878238254
DDD,2014B,558292,P3,F3,0.0,0.7690587243589009
DDD,2014B,558629,P3,F3,1.0,0.3855945069179631
DDD,2014B,558705,P3,F3,0.0,0.7113461292212174
DDD,2014B,559328,P3,F3,0.0,0.7071643335455958
DDD,2014B,559872,P3,F3,0.0,0.7354688510100269
DDD,2014B,560944,P3,F3,0.0,0.287665425518676
DDD,2014B,561503,P3,F3,1.0,0.8829252466151402
DDD,2014B,561906,P3,F3,1.0,0.887342287068405
DDD,2014B,561913,P3,F3,0.0,0.10801847503612093
DDD,2014B,562112,P3,F3,0.0,0.46603140641219143
DDD,2014B,562248,P3,F3,1.0,0.8113833582176934
DDD,2014B,562632,P3,F3,0.0,0.8337137581985512
DDD,2014B,562708,P3,F3,1.0,0.4253778218356415
DDD,2014B,562929,P3,F3,1.0,0.8679355909299667
DDD,2014B,563081,P3,F3,0.0,0.5903818506036755
DDD,2014B,563631,P3,F3,1.0,0.8780713933514517
DDD,2014B,563763,P3,F3,0.0,0.3782638294760099
DDD,2014B,564081,P3,F3,1.0,0.789726952840074
DDD,2014B,564712,P3,F3,1.0,0.5746104231065325
DDD,2014B,565158,P3,F3,0.0,0.38597747890706774
DDD,2014B,565840,P3,F3,1.0,0.545163568129571
DDD,2014B,565851,P3,F3,1.0,0.26602346548836064
DDD,2014B,566240,P3,F3,0.0,0.29453835376815146
DDD,2014B,566652,P3,F3,1.0,0.6716808166522071
DDD,2014B,566694,P3,F3,0.0,0.31879128071611484
DDD,2014B,566788,P3,F3,0.0,0.5748093253751141
DDD,2014B,567595,P3,F3,0.0,0.7533275861807842
DDD,2014B,567808,P3,F3,1.0,0.4544861434673995
DDD,2014B,567896,P3,F3,1.0,0.8844271898299388
DDD,2014B,568631,P3,F3,1.0,0.7957662786424036
DDD,2014B,568686,P3,F3,1.0,0.3236938227160263
DDD,2014B,569084,P3,F3,0.0,0.456596918098539
DDD,2014B,569706,P3,F3,1.0,0.8486820244486795
DDD,2014B,569944,P3,F3,0.0,0.15788681605610758
DDD,2014B,570049,P3,F3,0.0,0.6936535911843087
DDD,2014B,570215,P3,F3,0.0,0.32134514419543064
DDD,2014B,571000,P3,F3,0.0,0.9297924242850097
DDD,2014B,571008,P3,F3,1.0,0.8402611914072009
DDD,2014B,571292,P3,F3,1.0,0.3246245655254889
DDD,2014B,571397,P3,F3,0.0,0.314923273598139
DDD,2014B,572235,P3,F3,1.0,0.9220355694596284
DDD,2014B,572414,P3,F3,1.0,0.9416933953210375
DDD,2014B,572924,P3,F3,0.0,0.4520280022409556
DDD,2014B,573126,P3,F3,0.0,0.370483456869287
DDD,2014B,573235,P3,F3,1.0,0.8709979751753292
DDD,2014B,574190,P3,F3,1.0,0.8369495274332923
DDD,2014B,574590,P3,F3,0.0,0.3795782904569317
DDD,2014B,574909,P3,F3,0.0,0.09058836164041549
DDD,2014B,575603,P3,F3,0.0,0.46533649959207285
DDD,2014B,575773,P3,F3,1.0,0.9626812711477742
DDD,2014B,575792,P3,F3,0.0,0.33600672281148936
DDD,2014B,576041,P3,F3,0.0,0.2594877917829646
DDD,2014B,576350,P3,F3,1.0,0.9573610168391351
DDD,2014B,576584,P3,F3,0.0,0.3549566092172682
DDD,2014B,576827,P3,F3,1.0,0.9156026741278794
DDD,2014B,577954,P3,F3,1.0,0.7969861193390003
DDD,2014B,578031,P3,F3,0.0,0.3497484591489623
DDD,2014B,578595,P3,F3,1.0,0.5405222192316806
DDD,2014B,578815,P3,F3,0.0,0.32170636994632024
DDD,2014B,579134,P3,F3,0.0,0.729583797958896
DDD,2014B,579711,P3,F3,0.0,0.4281465694356212
DDD,2014B,580912,P3,F3,0.0,0.4172227065876117
DDD,2014B,581648,P3,F3,0.0,0.5800162924527135
DDD,2014B,581909,P3,F3,1.0,0.9847825960167831
DDD,2014B,582366,P3,F3,1.0,0.969811850870536
DDD,2014B,582479,P3,F3,0.0,0.41923960533059873
DDD,2014B,582920,P3,F3,1.0,0.8531725971321737
DDD,2014B,583053,P3,F3,0.0,0.6602754259245572
DDD,2014B,583713,P3,F3,0.0,0.19030777602241097
DDD,2014B,583775,P3,F3,0.0,0.9095174496066564
DDD,2014B,584077,P3,F3,1.0,0.9155734858466411
DDD,2014B,584082,P3,F3,1.0,0.933477627353939
DDD,2014B,584089,P3,F3,1.0,0.8386299822353585
DDD,2014B,584660,P3,F3,0.0,0.4326849210617889
DDD,2014B,585372,P3,F3,1.0,0.8260602249700093
DDD,2014B,585830,P3,F3,0.0,0.10288560622095386
DDD,2014B,586347,P3,F3,0.0,0.4605877088502736
DDD,2014B,586369,P3,F3,1.0,0.43767062497567905
DDD,2014B,586876,P3,F3,0.0,0.25602152628965746
DDD,2014B,586946,P3,F3,1.0,0.6813980146891552
DDD,2014B,587403,P3,F3,1.0,0.8923184372531157
DDD,2014B,587576,P3,F3,1.0,0.8744114779158587
DDD,2014B,587633,P3,F3,1.0,0.8239143403129257
DDD,2014B,588182,P3,F3,1.0,0.47635138008329053
DDD,2014B,588198,P3,F3,0.0,0.4056277178843586
DDD,2014B,588397,P3,F3,1.0,0.7292249865427531
DDD,2014B,588749,P3,F3,1.0,0.8392488688928084
DDD,2014B,588752,P3,F3,1.0,0.45102350087773624
DDD,2014B,589569,P3,F3,1.0,0.6078437774315129
DDD,2014B,589963,P3,F3,0.0,0.5708085168768926
DDD,2014B,590410,P3,F3,1.0,0.3039510844134048
DDD,2014B,590504,P3,F3,1.0,0.9187553648367692
DDD,2014B,590541,P3,F3,0.0,0.2637811757701517
DDD,2014B,590680,P3,F3,0.0,0.5362516138748494
DDD,2014B,591448,P3,F3,0.0,0.28774757275223317
DDD,2014B,591654,P3,F3,1.0,0.9364281297488452
DDD,2014B,592220,P3,F3,1.0,0.5385533338755988
DDD,2014B,592465,P3,F3,0.0,0.8373108463449179
DDD,2014B,593607,P3,F3,0.0,0.3309733106611543
DDD,2014B,593657,P3,F3,0.0,0.3437209191291492
DDD,2014B,594078,P3,F3,0.0,0.4430259317283649
DDD,2014B,594407,P3,F3,1.0,0.9483406353996682
DDD,2014B,595193,P3,F3,0.0,0.326118192991194
DDD,2014B,595342,P3,F3,1.0,0.2332494693527901
DDD,2014B,595373,P3,F3,1.0,0.43011229340084484
DDD,2014B,596439,P3,F3,0.0,0.48060641520855185
DDD,2014B,596465,P3,F3,0.0,0.36626605580708593
DDD,2014B,596906,P3,F3,1.0,0.7950159172513722
DDD,2014B,597356,P3,F3,1.0,0.5827356676654145
DDD,2014B,597839,P3,F3,1.0,0.8686604310377704
DDD,2014B,598102,P3,F3,0.0,0.5685204169498002
DDD,2014B,598179,P3,F3,0.0,0.30234994546002364
DDD,2014B,598750,P3,F3,0.0,0.2851275586043458
DDD,2014B,599134,P3,F3,1.0,0.6486097419681014
DDD,2014B,599649,P3,F3,1.0,0.7064270873608576
DDD,2014B,599789,P3,F3,0.0,0.3571320253182537
DDD,2014B,600130,P3,F3,1.0,0.9191027603991607
DDD,2014B,600670,P3,F3,0.0,0.34609544889617216
DDD,2014B,600767,P3,F3,0.0,0.35875604960663116
DDD,2014B,600891,P3,F3,0.0,0.3150537494905037
DDD,2014B,601082,P3,F3,0.0,0.419956878743687
DDD,2014B,601093,P3,F3,0.0,0.43354027147662455
DDD,2014B,601270,P3,F3,1.0,0.9429044402956588
DDD,2014B,601329,P3,F3,1.0,0.7555233624436954
DDD,2014B,601652,P3,F3,1.0,0.3085254993598908
DDD,2014B,601731,P3,F3,1.0,0.9631326386079108
DDD,2014B,601956,P3,F3,0.0,0.6448490995943056
DDD,2014B,602228,P3,F3,1.0,0.45947822038763436
DDD,2014B,602365,P3,F3,0.0,0.5458402186473513
DDD,2014B,602454,P3,F3,0.0,0.7864268237515725
DDD,2014B,602533,P3,F3,0.0,0.7999252612445519
DDD,2014B,603302,P3,F3,0.0,0.8422422224713527
DDD,2014B,603559,P3,F3,1.0,0.8986361344482738
DDD,2014B,603690,P3,F3,0.0,0.4778315572427277
DDD,2014B,604704,P3,F3,1.0,0.7132377863044885
DDD,2014B,604905,P3,F3,0.0,0.5026714017374352
DDD,2014B,605596,P3,F3,0.0,0.5888012650156985
DDD,2014B,605652,P3,F3,0.0,0.9013497445622947
DDD,2014B,605695,P3,F3,0.0,0.2952263949259644
DDD,2014B,605759,P3,F3,1.0,0.8401950353233837
DDD,2014B,605781,P3,F3,0.0,0.36844936060332645
DDD,2014B,605890,P3,F3,1.0,0.4500587015303723
DDD,2014B,606802,P3,F3,1.0,0.6758794223935318
DDD,2014B,606884,P3,F3,1.0,0.8887649176636819
DDD,2014B,607130,P3,F3,0.0,0.4442787448561467
DDD,2014B,607462,P3,F3,1.0,0.7778656109926075
DDD,2014B,607572,P3,F3,1.0,0.4387772930230438
DDD,2014B,607939,P3,F3,1.0,0.6284748290563626
DDD,2014B,608322,P3,F3,0.0,0.4769995548210268
DDD,2014B,608487,P3,F3,0.0,0.4287730054527572
DDD,2014B,608724,P3,F3,0.0,0.6508591398461008
DDD,2014B,608772,P3,F3,1.0,0.8708297433774447
DDD,2014B,609019,P3,F3,1.0,0.7198122109183316
DDD,2014B,609089,P3,F3,1.0,0.8884087490212417
DDD,2014B,609194,P3,F3,0.0,0.6878919420801748
DDD,2014B,609265,P3,F3,0.0,0.27056683861046127
DDD,2014B,609354,P3,F3,1.0,0.4160089108492797
DDD,2014B,609570,P3,F3,1.0,0.5167811536604485
DDD,2014B,609573,P3,F3,0.0,0.48103241492421533
DDD,2014B,609681,P3,F3,1.0,0.934083040459528
DDD,2014B,609708,P3,F3,1.0,0.8263856360404493
DDD,2014B,609852,P3,F3,0.0,0.18094516599223395
DDD,2014B,609946,P3,F3,1.0,0.9022127327892958
DDD,2014B,610228,P3,F3,1.0,0.8566945037079154
DDD,2014B,610261,P3,F3,1.0,0.9185544636613572
DDD,2014B,610285,P3,F3,0.0,0.30221562910720495
DDD,2014B,610326,P3,F3,0.0,0.5830904746403838
DDD,2014B,610515,P3,F3,0.0,0.8030423052009051
DDD,2014B,610931,P3,F3,0.0,0.06886382027637614
DDD,2014B,611377,P3,F3,0.0,0.22716071189641998
DDD,2014B,611493,P3,F3,1.0,0.8433704783516072
DDD,2014B,611520,P3,F3,1.0,0.7331872841504928
DDD,2014B,611735,P3,F3,1.0,0.6615721097447745
DDD,2014B,611845,P3,F3,1.0,0.6875176063639672
DDD,2014B,611865,P3,F3,1.0,0.6366570298380305
DDD,2014B,611879,P3,F3,0.0,0.4665978410077545
DDD,2014B,611910,P3,F3,1.0,0.3117735688993095
DDD,2014B,611983,P3,F3,1.0,0.5559637043315994
DDD,2014B,612000,P3,F3,0.0,0.2818201260071663
DDD,2014B,612026,P3,F3,1.0,0.5408326399214446
DDD,2014B,612136,P3,F3,0.0,0.2703905081175884
DDD,2014B,612283,P3,F3,1.0,0.8355525643407793
DDD,2014B,612326,P3,F3,0.0,0.34338003425207064
DDD,2014B,612439,P3,F3,0.0,0.2616133656609114
DDD,2014B,612443,P3,F3,1.0,0.40793682081287835
DDD,2014B,612563,P3,F3,1.0,0.7574754548963135
DDD,2014B,612625,P3,F3,1.0,0.5746079857023382
DDD,2014B,612669,P3,F3,1.0,0.6392514521749401
DDD,2014B,612822,P3,F3,1.0,0.6067762735940159
DDD,2014B,612935,P3,F3,1.0,0.6521061604509255
DDD,2014B,613063,P3,F3,1.0,0.8334025138914334
DDD,2014B,613105,P3,F3,1.0,0.9531219456875585
DDD,2014B,613107,P3,F3,0.0,0.16620396935296997
DDD,2014B,613313,P3,F3,0.0,0.23909310010132892
DDD,2014B,613370,P3,F3,0.0,0.4242878098264481
DDD,2014B,613466,P3,F3,0.0,0.2677983255514787
DDD,2014B,613667,P3,F3,0.0,0.13677897076832018
DDD,2014B,613834,P3,F3,0.0,0.3539219487909017
DDD,2014B,613876,P3,F3,1.0,0.8688636678450093
DDD,2014B,614025,P3,F3,1.0,0.788678299088181
DDD,2014B,614074,P3,F3,0.0,0.2790980094944674
DDD,2014B,614176,P3,F3,0.0,0.33895353382348037
DDD,2014B,614217,P3,F3,1.0,0.2182585540719821
DDD,2014B,614241,P3,F3,1.0,0.8367320089752216
DDD,2014B,614265,P3,F3,0.0,0.3492516467277132
DDD,2014B,614406,P3,F3,1.0,0.291619174061158
DDD,2014B,614471,P3,F3,1.0,0.397760064517036
DDD,2014B,614633,P3,F3,1.0,0.5909025910621242
DDD,2014B,614649,P3,F3,1.0,0.8166966190333225
DDD,2014B,614650,P3,F3,1.0,0.6088096863811804
DDD,2014B,614804,P3,F3,0.0,0.3206678900743853
DDD,2014B,614808,P3,F3,0.0,0.8355126030225426
DDD,2014B,614930,P3,F3,1.0,0.6640245993087668
DDD,2014B,614949,P3,F3,0.0,0.21091942730422514
DDD,2014B,615075,P3,F3,0.0,0.3194477586751856
DDD,2014B,615184,P3,F3,1.0,0.5804526666225927
DDD,2014B,615438,P3,F3,1.0,0.5121902675579997
DDD,2014B,616334,P3,F3,1.0,0.7105218120327419
DDD,2014B,616542,P3,F3,0.0,0.398519116918244
DDD,2014B,616658,P3,F3,0.0,0.3102273726391075
DDD,2014B,616862,P3,F3,1.0,0.7282910481132893
DDD,2014B,616870,P3,F3,0.0,0.5402849236214736
DDD,2014B,616952,P3,F3,0.0,0.7263205816370777
DDD,2014B,617265,P3,F3,1.0,0.7416974230605089
DDD,2014B,617327,P3,F3,0.0,0.5825611985452788
DDD,2014B,617401,P3,F3,1.0,0.9384331096847452
DDD,2014B,617442,P3,F3,0.0,0.22484818388835787
DDD,2014B,617619,P3,F3,1.0,0.292361450031
DDD,2014B,617699,P3,F3,0.0,0.24286994257997094
DDD,2014B,617771,P3,F3,1.0,0.7958712601662279
DDD,2014B,617781,P3,F3,0.0,0.485813049062777
DDD,2014B,617801,P3,F3,0.0,0.3631879485141661
DDD,2014B,617880,P3,F3,0.0,0.3731201380396424
DDD,2014B,617897,P3,F3,1.0,0.7293562849420602
DDD,2014B,618131,P3,F3,1.0,0.5959326958740511
DDD,2014B,618171,P3,F3,1.0,0.6674166545744143
DDD,2014B,618295,P3,F3,0.0,0.31647217185952536
DDD,2014B,618377,P3,F3,0.0,0.4544502269753341
DDD,2014B,618649,P3,F3,0.0,0.19219666563985102
DDD,2014B,618675,P3,F3,1.0,0.44408319045013683
DDD,2014B,618682,P3,F3,1.0,0.869082121227196
DDD,2014B,618683,P3,F3,0.0,0.1564031346105495
DDD,2014B,618696,P3,F3,1.0,0.337677600992405
DDD,2014B,618845,P3,F3,0.0,0.19720245021519475
DDD,2014B,618937,P3,F3,0.0,0.1693200899181246
DDD,2014B,618940,P3,F3,0.0,0.3465333270407301
DDD,2014B,618963,P3,F3,1.0,0.8710839954571773
DDD,2014B,618968,P3,F3,1.0,0.7673379936868352
DDD,2014B,618998,P3,F3,1.0,0.9115352098415026
DDD,2014B,619297,P3,F3,0.0,0.291715322956281
DDD,2014B,619359,P3,F3,0.0,0.35665391368453686
DDD,2014B,619382,P3,F3,1.0,0.7048809840273601
DDD,2014B,619403,P3,F3,0.0,0.20395124149430247
DDD,2014B,619851,P3,F3,1.0,0.8406452788286266
DDD,2014B,619939,P3,F3,1.0,0.9146195388102418
DDD,2014B,619964,P3,F3,1.0,0.8401446912187336
DDD,2014B,620060,P3,F3,1.0,0.49337256059504153
DDD,2014B,620102,P3,F3,1.0,0.5448640018164573
DDD,2014B,620159,P3,F3,0.0,0.2982842162682975
DDD,2014B,620231,P3,F3,0.0,0.34179807015085323
DDD,2014B,620243,P3,F3,0.0,0.5432693856591202
DDD,2014B,620337,P3,F3,1.0,0.401445708450904
DDD,2014B,620437,P3,F3,1.0,0.48708703777812223
DDD,2014B,620608,P3,F3,1.0,0.35571876345399833
DDD,2014B,620630,P3,F3,0.0,0.11679623650847624
DDD,2014B,620658,P3,F3,0.0,0.3104223473501959
DDD,2014B,620734,P3,F3,0.0,0.21807806270326552
DDD,2014B,620793,P3,F3,1.0,0.8699776004099368
DDD,2014B,620820,P3,F3,0.0,0.4660815706008559
DDD,2014B,620892,P3,F3,1.0,0.6790378249760962
DDD,2014B,620925,P3,F3,1.0,0.7247776340244055
DDD,2014B,620951,P3,F3,1.0,0.7084308148585033
DDD,2014B,620974,P3,F3,1.0,0.7790262216803686
DDD,2014B,621004,P3,F3,0.0,0.4745741197255562
DDD,2014B,621010,P3,F3,0.0,0.3564874424291225
DDD,2014B,621300,P3,F3,0.0,0.5655348378842618
DDD,2014B,621352,P3,F3,1.0,0.3162383034986981
DDD,2014B,621384,P3,F3,1.0,0.867717757256517
DDD,2014B,621442,P3,F3,0.0,0.9424220238979966
DDD,2014B,621457,P3,F3,0.0,0.25810716612594026
DDD,2014B,621615,P3,F3,0.0,0.1261882417735962
DDD,2014B,621659,P3,F3,1.0,0.5678862438097477
DDD,2014B,621699,P3,F3,0.0,0.5772283537863351
DDD,2014B,621883,P3,F3,0.0,0.39294130066143007
DDD,2014B,621908,P3,F3,1.0,0.5742237492938472
DDD,2014B,622086,P3,F3,0.0,0.28429994123208435
DDD,2014B,622175,P3,F3,1.0,0.26549720461378223
DDD,2014B,622192,P3,F3,0.0,0.4048350054433952
DDD,2014B,622207,P3,F3,1.0,0.9397019720782347
DDD,2014B,622215,P3,F3,0.0,0.7424561551398382
DDD,2014B,622225,P3,F3,1.0,0.82797090826653
DDD,2014B,622281,P3,F3,1.0,0.8432740407967804
DDD,2014B,622413,P3,F3,0.0,0.6052895966912677
DDD,2014B,622435,P3,F3,1.0,0.34318416955738024
DDD,2014B,622499,P3,F3,1.0,0.8938753178217517
DDD,2014B,622541,P3,F3,0.0,0.2637860935852311
DDD,2014B,622571,P3,F3,1.0,0.3923647662873232
DDD,2014B,622614,P3,F3,1.0,0.7841217610267628
DDD,2014B,622630,P3,F3,1.0,0.915499622701622
DDD,2014B,622657,P3,F3,1.0,0.8185982241958228
DDD,2014B,622672,P3,F3,1.0,0.9134870498044707
DDD,2014B,622724,P3,F3,0.0,0.25208555953843026
DDD,2014B,622764,P3,F3,0.0,0.18137271737812202
DDD,2014B,622790,P3,F3,1.0,0.37234407188802854
DDD,2014B,622792,P3,F3,1.0,0.9167221358413342
DDD,2014B,622844,P3,F3,1.0,0.7413386730311885
DDD,2014B,622851,P3,F3,1.0,0.5489325335571494
DDD,2014B,622900,P3,F3,1.0,0.35866020421952105
DDD,2014B,623008,P3,F3,0.0,0.8233877580701419
DDD,2014B,623015,P3,F3,1.0,0.8290313461936651
DDD,2014B,623052,P3,F3,1.0,0.09828618359507423
DDD,2014B,623073,P3,F3,0.0,0.1802733234632675
DDD,2014B,623099,P3,F3,1.0,0.846709097983186
DDD,2014B,623164,P3,F3,0.0,0.21050053775495248
DDD,2014B,623210,P3,F3,1.0,0.5729581682106177
DDD,2014B,623257,P3,F3,1.0,0.29759345864379916
DDD,2014B,623347,P3,F3,0.0,0.20615138331517577
DDD,2014B,623514,P3,F3,0.0,0.5777919329478287
DDD,2014B,623541,P3,F3,0.0,0.12447029422479829
DDD,2014B,623585,P3,F3,0.0,0.5287627626428603
DDD,2014B,623740,P3,F3,1.0,0.482941418227363
DDD,2014B,623815,P3,F3,0.0,0.22597449501879086
DDD,2014B,623826,P3,F3,0.0,0.3180146943736274
DDD,2014B,623829,P3,F3,1.0,0.8657342366874824
DDD,2014B,623917,P3,F3,1.0,0.6273249209976759
DDD,2014B,623931,P3,F3,0.0,0.299597142510804
DDD,2014B,623932,P3,F3,1.0,0.1878335160958423
DDD,2014B,624007,P3,F3,0.0,0.20772733393360013
DDD,2014B,624052,P3,F3,0.0,0.16957448856054488
DDD,2014B,624077,P3,F3,0.0,0.22073143896509467
DDD,2014B,624078,P3,F3,1.0,0.23143150766885742
DDD,2014B,624093,P3,F3,1.0,0.8806808134093479
DDD,2014B,624105,P3,F3,1.0,0.9522287755938633
DDD,2014B,624156,P3,F3,0.0,0.3209048374665291
DDD,2014B,624358,P3,F3,0.0,0.3829717533842012
DDD,2014B,624407,P3,F3,1.0,0.5486534874023223
DDD,2014B,624476,P3,F3,1.0,0.5221356311651263
DDD,2014B,624493,P3,F3,0.0,0.2586478709056141
DDD,2014B,624570,P3,F3,1.0,0.7550564429968882
DDD,2014B,624585,P3,F3,0.0,0.5476856955842362
DDD,2014B,624610,P3,F3,1.0,0.2818167102712781
DDD,2014B,624730,P3,F3,1.0,0.7542135465394765
DDD,2014B,624789,P3,F3,0.0,0.1070347440805349
DDD,2014B,624804,P3,F3,0.0,0.23230205895369335
DDD,2014B,624829,P3,F3,1.0,0.46757889593791824
DDD,2014B,624839,P3,F3,0.0,0.2114983690906116
DDD,2014B,624881,P3,F3,0.0,0.15441660955820272
DDD,2014B,624921,P3,F3,1.0,0.946977593764752
DDD,2014B,624927,P3,F3,0.0,0.27041674764820905
DDD,2014B,624944,P3,F3,1.0,0.8935919660053222
DDD,2014B,625035,P3,F3,0.0,0.21035798337029848
DDD,2014B,625080,P3,F3,1.0,0.23031982274732793
DDD,2014B,625098,P3,F3,1.0,0.4603393376972762
DDD,2014B,625218,P3,F3,0.0,0.20117173868983376
DDD,2014B,625263,P3,F3,0.0,0.37790273395973983
DDD,2014B,625427,P3,F3,0.0,0.3109516140632205
DDD,2014B,625615,P3,F3,1.0,0.49309397628409585
DDD,2014B,625714,P3,F3,0.0,0.4214704960388492
DDD,2014B,625748,P3,F3,0.0,0.16130256367866586
DDD,2014B,625864,P3,F3,0.0,0.3373678745990829
DDD,2014B,625874,P3,F3,1.0,0.425856099526583
DDD,2014B,625902,P3,F3,1.0,0.320893925285144
DDD,2014B,625983,P3,F3,1.0,0.5401153282152039
DDD,2014B,626018,P3,F3,1.0,0.4522292622119152
DDD,2014B,626040,P3,F3,1.0,0.515260702598866
DDD,2014B,626049,P3,F3,1.0,0.23145080204534352
DDD,2014B,626061,P3,F3,0.0,0.7076213806710157
DDD,2014B,626114,P3,F3,0.0,0.17829419759736945
DDD,2014B,626146,P3,F3,0.0,0.3048801700623017
DDD,2014B,626172,P3,F3,0.0,0.42595453441425324
DDD,2014B,626192,P3,F3,0.0,0.22224817810163197
DDD,2014B,626217,P3,F3,1.0,0.6573311273642053
DDD,2014B,626238,P3,F3,0.0,0.1631334803767062
DDD,2014B,626321,P3,F3,1.0,0.8197831883484529
DDD,2014B,626348,P3,F3,1.0,0.3851818021271931
DDD,2014B,626405,P3,F3,1.0,0.27835909977751655
DDD,2014B,626417,P3,F3,0.0,0.5656842658766114
DDD,2014B,626450,P3,F3,0.0,0.23829753336913886
DDD,2014B,626551,P3,F3,0.0,0.2770201983312558
DDD,2014B,626556,P3,F3,0.0,0.20303676803303142
DDD,2014B,626607,P3,F3,1.0,0.8430585632403867
DDD,2014B,626679,P3,F3,1.0,0.25172592924012077
DDD,2014B,626723,P3,F3,1.0,0.6076643219575311
DDD,2014B,626798,P3,F3,1.0,0.9410457357660782
DDD,2014B,626852,P3,F3,0.0,0.48763577196100316
DDD,2014B,626885,P3,F3,0.0,0.25496267703249226
DDD,2014B,626889,P3,F3,0.0,0.5216319168902078
DDD,2014B,626930,P3,F3,1.0,0.8165728273991852
DDD,2014B,626979,P3,F3,1.0,0.5329573945713636
DDD,2014B,627021,P3,F3,0.0,0.47268829525836326
DDD,2014B,627071,P3,F3,1.0,0.4704390193079597
DDD,2014B,627100,P3,F3,0.0,0.3851384739899611
DDD,2014B,627173,P3,F3,1.0,0.746166846099768
DDD,2014B,627184,P3,F3,0.0,0.4180410427734829
DDD,2014B,627276,P3,F3,0.0,0.4651038998178376
DDD,2014B,627322,P3,F3,0.0,0.21255822598730256
DDD,2014B,627333,P3,F3,0.0,0.9554043281135369
DDD,2014B,627367,P3,F3,1.0,0.41562236001656716
DDD,2014B,627397,P3,F3,0.0,0.29895518937147664
DDD,2014B,627416,P3,F3,1.0,0.3777038577412509
DDD,2014B,627536,P3,F3,0.0,0.43299067311215744
DDD,2014B,627581,P3,F3,1.0,0.5823439479689607
DDD,2014B,627638,P3,F3,1.0,0.39749293670785313
DDD,2014B,627655,P3,F3,1.0,0.6450265761342396
DDD,2014B,627772,P3,F3,0.0,0.3471100373704943
DDD,2014B,627879,P3,F3,0.0,0.43418669077681454
DDD,2014B,627882,P3,F3,0.0,0.17589822874087638
DDD,2014B,627891,P3,F3,0.0,0.6162874458507608
DDD,2014B,627924,P3,F3,1.0,0.30767066148925065
DDD,2014B,628008,P3,F3,0.0,0.3738219774100652
DDD,2014B,628099,P3,F3,0.0,0.31046631997475865
DDD,2014B,628216,P3,F3,0.0,0.33450562334670664
DDD,2014B,628246,P3,F3,0.0,0.4367273094793724
DDD,2014B,628333,P3,F3,0.0,0.38466598289998427
DDD,2014B,628347,P3,F3,0.0,0.3349393600668521
DDD,2014B,628376,P3,F3,0.0,0.3383703793987422
DDD,2014B,628386,P3,F3,0.0,0.4115193816485835
DDD,2014B,628502,P3,F3,0.0,0.3065520856940059
DDD,2014B,628575,P3,F3,0.0,0.5614501187555968
DDD,2014B,628642,P3,F3,0.0,0.42551619379625844
DDD,2014B,628806,P3,F3,0.0,0.19926665997222362
DDD,2014B,628835,P3,F3,0.0,0.5356074851642085
DDD,2014B,628841,P3,F3,1.0,0.9537525694976625
DDD,2014B,628875,P3,F3,0.0,0.2827933422324933
DDD,2014B,628915,P3,F3,0.0,0.10678351812692895
DDD,2014B,628956,P3,F3,0.0,0.3453655742978401
DDD,2014B,629000,P3,F3,1.0,0.2995812951492333
DDD,2014B,629039,P3,F3,1.0,0.3771987306969995
DDD,2014B,629055,P3,F3,0.0,0.2939912391823608
DDD,2014B,629316,P3,F3,1.0,0.7169964679515364
DDD,2014B,629405,P3,F3,0.0,0.43036226106905673
DDD,2014B,629452,P3,F3,0.0,0.13337119669760575
DDD,2014B,629454,P3,F3,1.0,0.45516852790714196
DDD,2014B,629632,P3,F3,1.0,0.6094387811732921
DDD,2014B,629673,P3,F3,1.0,0.9186781742373226
DDD,2014B,629696,P3,F3,0.0,0.6749568699731092
DDD,2014B,629699,P3,F3,1.0,0.5478083280157122
DDD,2014B,629702,P3,F3,1.0,0.30186092948578636
DDD,2014B,629706,P3,F3,1.0,0.9243833418585101
DDD,2014B,629710,P3,F3,0.0,0.14430620812106074
DDD,2014B,629725,P3,F3,0.0,0.3540703577765494
DDD,2014B,629773,P3,F3,1.0,0.24485619134960318
DDD,2014B,629822,P3,F3,0.0,0.3260087538193566
DDD,2014B,629876,P3,F3,1.0,0.3285117076511327
DDD,2014B,629877,P3,F3,0.0,0.1930064106017115
DDD,2014B,629898,P3,F3,0.0,0.25047507722776696
DDD,2014B,629921,P3,F3,0.0,0.27121266836332597
DDD,2014B,629955,P3,F3,1.0,0.8504495775172898
DDD,2014B,630073,P3,F3,0.0,0.3111825570008678
DDD,2014B,630137,P3,F3,0.0,0.36564525508227996
DDD,2014B,630152,P3,F3,1.0,0.49873038304288747
DDD,2014B,630178,P3,F3,0.0,0.36314735246574886
DDD,2014B,630195,P3,F3,1.0,0.34135737174953185
DDD,2014B,630200,P3,F3,0.0,0.6069598854438225
DDD,2014B,630301,P3,F3,1.0,0.324180540521596
DDD,2014B,630359,P3,F3,1.0,0.8797517950625895
DDD,2014B,630401,P3,F3,1.0,0.3559345595139869
DDD,2014B,630432,P3,F3,0.0,0.24837704588052115
DDD,2014B,630596,P3,F3,0.0,0.18691917863965232
DDD,2014B,630613,P3,F3,0.0,0.4025673301992114
DDD,2014B,630774,P3,F3,0.0,0.4686300415678511
DDD,2014B,630818,P3,F3,0.0,0.236819585799725
DDD,2014B,630935,P3,F3,0.0,0.27910831101273337
DDD,2014B,630948,P3,F3,0.0,0.18346869955957204
DDD,2014B,631029,P3,F3,1.0,0.4189523423310172
DDD,2014B,631131,P3,F3,0.0,0.4469653442101209
DDD,2014B,631207,P3,F3,1.0,0.7858032854457403
DDD,2014B,631240,P3,F3,1.0,0.7607696209710103
DDD,2014B,631257,P3,F3,0.0,0.6001587732889586
DDD,2014B,631299,P3,F3,1.0,0.8144137318120337
DDD,2014B,631322,P3,F3,0.0,0.6188612766763297
DDD,2014B,631355,P3,F3,1.0,0.2611580223714145
DDD,2014B,631388,P3,F3,0.0,0.44516547463407824
DDD,2014B,631439,P3,F3,0.0,0.10783888190590604
DDD,2014B,631513,P3,F3,1.0,0.3269343893429652
DDD,2014B,631514,P3,F3,0.0,0.5362639536546967
DDD,2014B,631527,P3,F3,1.0,0.8105071564872703
DDD,2014B,631569,P3,F3,0.0,0.3279218463149432
DDD,2014B,631600,P3,F3,1.0,0.942401043255984
DDD,2014B,631623,P3,F3,1.0,0.6394813905595643
DDD,2014B,631639,P3,F3,0.0,0.31396851978830514
DDD,2014B,631670,P3,F3,0.0,0.20493567395955892
DDD,2014B,631749,P3,F3,1.0,0.8281966442510623
DDD,2014B,631771,P3,F3,0.0,0.3116073940377964
DDD,2014B,631813,P3,F3,1.0,0.647023479898973
DDD,2014B,631846,P3,F3,1.0,0.3588083391187786
DDD,2014B,631851,P3,F3,0.0,0.0932115603933355
DDD,2014B,631945,P3,F3,1.0,0.28136458166947953
DDD,2014B,632115,P3,F3,1.0,0.8402369901058486
DDD,2014B,632125,P3,F3,1.0,0.4236209619446935
DDD,2014B,632195,P3,F3,1.0,0.30508479970454605
DDD,2014B,632205,P3,F3,0.0,0.2731203388926453
DDD,2014B,632215,P3,F3,0.0,0.36506025006634985
DDD,2014B,632305,P3,F3,0.0,0.37229346118188167
DDD,2014B,632314,P3,F3,1.0,0.7007644289719893
DDD,2014B,632463,P3,F3,1.0,0.819571231537224
DDD,2014B,632469,P3,F3,1.0,0.7580796621967353
DDD,2014B,632473,P3,F3,1.0,0.9361173882157657
DDD,2014B,632482,P3,F3,1.0,0.904104617455402
DDD,2014B,632486,P3,F3,1.0,0.45361846080132384
DDD,2014B,632504,P3,F3,1.0,0.7722575483709897
DDD,2014B,632551,P3,F3,1.0,0.34374023963674416
DDD,2014B,632680,P3,F3,0.0,0.2779525539658887
DDD,2014B,632725,P3,F3,1.0,0.8837143208416013
DDD,2014B,632741,P3,F3,0.0,0.2827121281998411
DDD,2014B,632790,P3,F3,0.0,0.2768532508231643
DDD,2014B,632793,P3,F3,1.0,0.7107345560794731
DDD,2014B,632814,P3,F3,1.0,0.908966190953395
DDD,2014B,632845,P3,F3,0.0,0.13298012439931606
DDD,2014B,632856,P3,F3,1.0,0.6689946668392255
DDD,2014B,632898,P3,F3,1.0,0.5628541226999197
DDD,2014B,633008,P3,F3,0.0,0.10759978073265634
DDD,2014B,633214,P3,F3,1.0,0.33121824335485606
DDD,2014B,633273,P3,F3,1.0,0.4907625786698555
DDD,2014B,633325,P3,F3,0.0,0.8901545919566032
DDD,2014B,633331,P3,F3,1.0,0.5596285249992445
DDD,2014B,633341,P3,F3,1.0,0.8832145491433165
DDD,2014B,633355,P3,F3,0.0,0.30940613094356884
DDD,2014B,633368,P3,F3,0.0,0.5760357183959921
DDD,2014B,633384,P3,F3,1.0,0.5616789191927098
DDD,2014B,633467,P3,F3,0.0,0.6723869149499718
DDD,2014B,633510,P3,F3,1.0,0.5759843546237604
DDD,2014B,633591,P3,F3,0.0,0.21958070114926337
DDD,2014B,633763,P3,F3,0.0,0.3402279391504116
DDD,2014B,633764,P3,F3,0.0,0.3657312428157982
DDD,2014B,633771,P3,F3,1.0,0.9142020575919094
DDD,2014B,633864,P3,F3,0.0,0.2021658185123358
DDD,2014B,633921,P3,F3,0.0,0.4221713883688732
DDD,2014B,633960,P3,F3,0.0,0.1303070209376819
DDD,2014B,634094,P3,F3,0.0,0.7889734759125108
DDD,2014B,634106,P3,F3,0.0,0.3941215396383743
DDD,2014B,634178,P3,F3,0.0,0.3680292487024115
DDD,2014B,634246,P3,F3,0.0,0.662795047424516
DDD,2014B,634278,P3,F3,1.0,0.7955967250146
DDD,2014B,634351,P3,F3,0.0,0.2859690434651217
DDD,2014B,634360,P3,F3,1.0,0.26206390079734926
DDD,2014B,634383,P3,F3,0.0,0.21045486013157932
DDD,2014B,634397,P3,F3,1.0,0.7908470391237863
DDD,2014B,634420,P3,F3,0.0,0.6350729102413484
DDD,2014B,634508,P3,F3,1.0,0.2387977516884394
DDD,2014B,634596,P3,F3,0.0,0.14513745362636513
DDD,2014B,634648,P3,F3,0.0,0.35876795411697443
DDD,2014B,634681,P3,F3,0.0,0.25516199628932185
DDD,2014B,634824,P3,F3,0.0,0.35387130346813545
DDD,2014B,634905,P3,F3,0.0,0.16901204862759728
DDD,2014B,634909,P3,F3,1.0,0.4073620781913511
DDD,2014B,635058,P3,F3,0.0,0.20216182509239106
DDD,2014B,635100,P3,F3,0.0,0.5250745774051019
DDD,2014B,635141,P3,F3,0.0,0.1358291847447417
DDD,2014B,669530,P3,F3,1.0,0.6141265589665685
DDD,2014B,879295,P3,F3,0.0,0.9005159443160097
DDD,2014B,909056,P3,F3,0.0,0.13871282819945785
DDD,2014B,963176,P3,F3,1.0,0.5372459546194599
DDD,2014B,1031884,P3,F3,0.0,0.28607956296067183
DDD,2014B,1033968,P3,F3,1.0,0.9436183684990133
DDD,2014B,1049036,P3,F3,0.0,0.3083522876673712
DDD,2014B,1332356,P3,F3,0.0,0.344057627806896
DDD,2014B,1531649,P3,F3,1.0,0.31647290061072003
DDD,2014B,1549107,P3,F3,0.0,0.32330709459753126
DDD,2014B,1552044,P3,F3,0.0,0.300660301680448
DDD,2014B,1554143,P3,F3,1.0,0.8921810705903579
DDD,2014B,1591864,P3,F3,1.0,0.2074078725773287
DDD,2014B,1592048,P3,F3,0.0,0.2518388898755815
DDD,2014B,1612600,P3,F3,0.0,0.32449171436090474
DDD,2014B,1624025,P3,F3,1.0,0.290595747226957
DDD,2014B,1668372,P3,F3,1.0,0.7684875718875391
DDD,2014B,1671208,P3,F3,1.0,0.3042025524048983
DDD,2014B,1671761,P3,F3,1.0,0.5502348755228532
DDD,2014B,1671811,P3,F3,0.0,0.262294715069741
DDD,2014B,1735651,P3,F3,0.0,0.807231232525362
DDD,2014B,1735653,P3,F3,0.0,0.6008793790625879
DDD,2014B,1763186,P3,F3,0.0,0.368830867902095
DDD,2014B,1767786,P3,F3,1.0,0.3622456658945351
DDD,2014B,1777223,P3,F3,1.0,0.34163690892782
DDD,2014B,1804143,P3,F3,1.0,0.39257397937023336
DDD,2014B,1826729,P3,F3,0.0,0.8280769255155742
DDD,2014B,1843355,P3,F3,1.0,0.8931306992673617
DDD,2014B,1874160,P3,F3,0.0,0.26174915318508984
DDD,2014B,1903131,P3,F3,1.0,0.9437118035519889
DDD,2014B,1916140,P3,F3,0.0,0.1587220445450567
DDD,2014B,1939179,P3,F3,1.0,0.8577862541870188
DDD,2014B,1945434,P3,F3,0.0,0.32695714731418185
DDD,2014B,1951727,P3,F3,0.0,0.0985088863359414
DDD,2014B,1962854,P3,F3,0.0,0.8282950203899232
DDD,2014B,1981053,P3,F3,1.0,0.7592053582102082
DDD,2014B,1986370,P3,F3,1.0,0.2061717107848671
DDD,2014B,2001102,P3,F3,1.0,0.9082397868664301
DDD,2014B,2002727,P3,F3,1.0,0.8781004051563586
DDD,2014B,2046628,P3,F3,1.0,0.6824294424506014
DDD,2014B,2077023,P3,F3,0.0,0.7316228087060526
DDD,2014B,2080340,P3,F3,1.0,0.46112107292763943
DDD,2014B,2087698,P3,F3,0.0,0.24273830716907333
DDD,2014B,2091387,P3,F3,0.0,0.1508907407245933
DDD,2014B,2109013,P3,F3,1.0,0.8082397754238249
DDD,2014B,2110039,P3,F3,1.0,0.8857924048863729
DDD,2014B,2151748,P3,F3,1.0,0.7603996509596775
DDD,2014B,2162388,P3,F3,1.0,0.5850655716093299
DDD,2014B,2172136,P3,F3,0.0,0.1965429026136876
DDD,2014B,2173688,P3,F3,1.0,0.7111723889734987
DDD,2014B,2188469,P3,F3,1.0,0.47226606076037964
DDD,2014B,2210989,P3,F3,0.0,0.42614310485101037
DDD,2014B,2228206,P3,F3,1.0,0.5240881935795155
DDD,2014B,2231018,P3,F3,0.0,0.2816756166751687
DDD,2014B,2261142,P3,F3,1.0,0.7412577229833847
DDD,2014B,2265935,P3,F3,1.0,0.3391931600806078
DDD,2014B,2266889,P3,F3,0.0,0.2876998539054479
DDD,2014B,2301511,P3,F3,1.0,0.6359078234112797
DDD,2014B,2305957,P3,F3,1.0,0.8877907480965941
DDD,2014B,2306519,P3,F3,0.0,0.3172626918905898
DDD,2014B,2312809,P3,F3,0.0,0.6617422618041449
DDD,2014B,2333244,P3,F3,1.0,0.1575713432682162
DDD,2014B,2336922,P3,F3,0.0,0.8667277858471526
DDD,2014B,2343809,P3,F3,0.0,0.5431943802842462
DDD,2014B,2348961,P3,F3,0.0,0.5490137056541792
DDD,2014B,2356318,P3,F3,1.0,0.8368525000501386
DDD,2014B,2366701,P3,F3,1.0,0.9510023433684458
DDD,2014B,2371311,P3,F3,1.0,0.9085746893596496
DDD,2014B,2394090,P3,F3,0.0,0.29798838200760625
DDD,2014B,2399951,P3,F3,1.0,0.8669649915501306
DDD,2014B,2411981,P3,F3,1.0,0.8543081767358573
DDD,2014B,2414973,P3,F3,0.0,0.8678616987856163
DDD,2014B,2415480,P3,F3,0.0,0.16036484759754627
DDD,2014B,2416424,P3,F3,0.0,0.39955118284029617
DDD,2014B,2416501,P3,F3,0.0,0.42647656343886714
DDD,2014B,2436400,P3,F3,0.0,0.38760683453764455
DDD,2014B,2444109,P3,F3,1.0,0.7973093736496881
DDD,2014B,2450600,P3,F3,0.0,0.15556292122740722
DDD,2014B,2450650,P3,F3,0.0,0.2691380746350717
DDD,2014B,2451003,P3,F3,0.0,0.8132456792684452
DDD,2014B,2452902,P3,F3,0.0,0.934956900472863
DDD,2014B,2460775,P3,F3,0.0,0.35887468896167235
DDD,2014B,2465186,P3,F3,1.0,0.7226652894319776
DDD,2014B,2473025,P3,F3,0.0,0.14715884761700665
DDD,2014B,2485856,P3,F3,1.0,0.969144317762146
DDD,2014B,2495139,P3,F3,1.0,0.9365228899437443
DDD,2014B,2499850,P3,F3,1.0,0.9242368605484003
DDD,2014B,2502516,P3,F3,0.0,0.09097319048051629
DDD,2014B,2502707,P3,F3,1.0,0.846629810409845
DDD,2014B,2503273,P3,F3,0.0,0.20029125874425033
DDD,2014B,2516497,P3,F3,1.0,0.9037096203912939
DDD,2014B,2519622,P3,F3,1.0,0.2856868118463643
DDD,2014B,2523146,P3,F3,1.0,0.934147334607554
DDD,2014B,2527077,P3,F3,1.0,0.1809991866211205
DDD,2014B,2533297,P3,F3,1.0,0.44183459760915966
DDD,2014B,2533590,P3,F3,1.0,0.9151874693069711
DDD,2014B,2545413,P3,F3,1.0,0.7008930217127529
DDD,2014B,2550946,P3,F3,0.0,0.38952407521669163
DDD,2014B,2558463,P3,F3,0.0,0.32590185605664457
DDD,2014B,2577480,P3,F3,1.0,0.9418521515034709
DDD,2014B,2588215,P3,F3,1.0,0.4600317318282441
DDD,2014B,2588543,P3,F3,1.0,0.6037341562114982
DDD,2014B,2595457,P3,F3,1.0,0.43472984220774746
DDD,2014B,2595730,P3,F3,1.0,0.30328401242234565
DDD,2014B,2608626,P3,F3,0.0,0.32070054657242003
DDD,2014B,2609908,P3,F3,0.0,0.6054032565999272
DDD,2014B,2611371,P3,F3,0.0,0.6232656033649754
DDD,2014B,2619496,P3,F3,0.0,0.19336546043173242
DDD,2014B,2623532,P3,F3,1.0,0.5755204782822995
DDD,2014B,2635116,P3,F3,1.0,0.6118748255230833
DDD,2014B,2636552,P3,F3,1.0,0.39206989126462644
DDD,2014B,2637219,P3,F3,0.0,0.15434937069891316
DDD,2014B,2639021,P3,F3,1.0,0.675298483292416
DDD,2014B,2640853,P3,F3,1.0,0.9429339348299712
DDD,2014B,2643028,P3,F3,0.0,0.29165738115075585
DDD,2014B,2646737,P3,F3,1.0,0.6367896259652949
DDD,2014B,2648035,P3,F3,0.0,0.41797421874938656
DDD,2014B,2659530,P3,F3,0.0,0.4454656203670618
DDD,2014B,2660408,P3,F3,0.0,0.4070488903337088
DDD,2014B,2661162,P3,F3,0.0,0.25055019488168195
DDD,2014B,2668106,P3,F3,1.0,0.772223408457969
DDD,2014B,2669736,P3,F3,0.0,0.6152974039185749
DDD,2014B,2669995,P3,F3,0.0,0.1643253699247174
DDD,2014B,2675343,P3,F3,0.0,0.8380546266066272
DDD,2014B,2684847,P3,F3,0.0,0.3987956066616355
DDD,2014B,2685827,P3,F3,0.0,0.446843265064588
DDD,2014B,2686365,P3,F3,1.0,0.7765220335519784
DDD,2014B,2686865,P3,F3,0.0,0.6739047252363178
DDD,2014B,2688692,P3,F3,0.0,0.44761635421389084
DDD,2014B,2689501,P3,F3,1.0,0.9060277406169103
DDD,2014B,2692101,P3,F3,1.0,0.716369391613131
DDD,2014B,2692577,P3,F3,0.0,0.4413688518024724
DDD,2014B,2692948,P3,F3,0.0,0.8960397180049612
DDD,2014B,2694886,P3,F3,0.0,0.5228603441677413
DDD,2014B,2696376,P3,F3,1.0,0.9823274768230474
DDD,2014B,2698251,P3,F3,1.0,0.3975640929342525
EEE,2014B,25150,P3,F3,0.0,0.23582382096846544
EEE,2014B,27780,P3,F3,0.0,0.6163797430502402
EEE,2014B,29639,P3,F3,0.0,0.16298719933533687
EEE,2014B,29820,P3,F3,0.0,0.23255876632881406
EEE,2014B,35340,P3,F3,0.0,0.2971401694912819
EEE,2014B,35508,P3,F3,0.0,0.2392744940853293
EEE,2014B,64296,P3,F3,1.0,0.3442992611984946
EEE,2014B,70537,P3,F3,0.0,0.41302078883762045
EEE,2014B,83219,P3,F3,0.0,0.3128090993995595
EEE,2014B,121574,P3,F3,1.0,0.5431220467953163
EEE,2014B,128971,P3,F3,0.0,0.3376895855275212
EEE,2014B,135330,P3,F3,1.0,0.2593417931253695
EEE,2014B,144745,P3,F3,0.0,0.19431923475898663
EEE,2014B,148282,P3,F3,1.0,0.28855171245112066
EEE,2014B,156594,P3,F3,0.0,0.20313504236912036
EEE,2014B,158831,P3,F3,0.0,0.35135471053610356
EEE,2014B,165376,P3,F3,0.0,0.47714987178738455
EEE,2014B,167791,P3,F3,0.0,0.2718759264271575
EEE,2014B,170936,P3,F3,0.0,0.4782886897296315
EEE,2014B,171334,P3,F3,1.0,0.3800662234812914
EEE,2014B,182400,P3,F3,1.0,0.18873928006106708
EEE,2014B,185057,P3,F3,0.0,0.14386675596886603
EEE,2014B,186476,P3,F3,0.0,0.3254543722614149
EEE,2014B,188260,P3,F3,0.0,0.15791143281381964
EEE,2014B,188662,P3,F3,0.0,0.25298943017856335
EEE,2014B,193163,P3,F3,1.0,0.2252934515845534
EEE,2014B,197730,P3,F3,0.0,0.362335590099912
EEE,2014B,198902,P3,F3,1.0,0.4519119599030616
EEE,2014B,231019,P3,F3,1.0,0.437443893579511
EEE,2014B,231339,P3,F3,0.0,0.12491230040655754
EEE,2014B,234559,P3,F3,0.0,0.27255762626934055
EEE,2014B,237934,P3,F3,1.0,0.3401308237417087
EEE,2014B,244166,P3,F3,1.0,0.3684020475297916
EEE,2014B,244977,P3,F3,0.0,0.31474642230760014
EEE,2014B,247819,P3,F3,0.0,0.28906171993489155
EEE,2014B,248818,P3,F3,0.0,0.3648164724711399
EEE,2014B,250092,P3,F3,1.0,0.38567170920869687
EEE,2014B,256867,P3,F3,0.0,0.36156035359588434
EEE,2014B,261042,P3,F3,1.0,0.7654924213145793
EEE,2014B,266040,P3,F3,1.0,0.25698410763653834
EEE,2014B,267961,P3,F3,1.0,0.5810262697301465
EEE,2014B,272103,P3,F3,1.0,0.5985989249571165
EEE,2014B,274218,P3,F3,0.0,0.4534807290088456
EEE,2014B,278786,P3,F3,1.0,0.6429866167609931
EEE,2014B,285170,P3,F3,0.0,0.4041093107599065
EEE,2014B,289397,P3,F3,0.0,0.3719771457024746
EEE,2014B,291674,P3,F3,0.0,0.3241037251486335
EEE,2014B,293670,P3,F3,1.0,0.38374468325478595
EEE,2014B,293686,P3,F3,0.0,0.21777529939089074
EEE,2014B,303774,P3,F3,1.0,0.6422738932603378
EEE,2014B,308391,P3,F3,1.0,0.5873072269436795
EEE,2014B,321112,P3,F3,1.0,0.5686723241761815
EEE,2014B,324257,P3,F3,0.0,0.2043083135774163
EEE,2014B,329455,P3,F3,0.0,0.11241095079048363
EEE,2014B,335355,P3,F3,0.0,0.3845775170933278
EEE,2014B,338854,P3,F3,0.0,0.2758929886640827
EEE,2014B,342957,P3,F3,0.0,0.20375705153278834
EEE,2014B,349069,P3,F3,1.0,0.7119290455374625
EEE,2014B,350690,P3,F3,1.0,0.38199791899008084
EEE,2014B,353368,P3,F3,1.0,0.6345009994977858
EEE,2014B,353953,P3,F3,0.0,0.44659642910126096
EEE,2014B,359460,P3,F3,1.0,0.257862285000382
EEE,2014B,366424,P3,F3,0.0,0.11804492533658024
EEE,2014B,368306,P3,F3,0.0,0.41228164444228105
EEE,2014B,372812,P3,F3,1.0,0.3082787163573816
EEE,2014B,380921,P3,F3,0.0,0.23470665019311537
EEE,2014B,382432,P3,F3,1.0,0.4695476182038121
EEE,2014B,382910,P3,F3,0.0,0.4096873379288577
EEE,2014B,383239,P3,F3,0.0,0.4854063850536668
EEE,2014B,389267,P3,F3,0.0,0.24530424566461081
EEE,2014B,393488,P3,F3,0.0,0.5084090356780693
EEE,2014B,404239,P3,F3,1.0,0.3969200085084996
EEE,2014B,407428,P3,F3,1.0,0.4744295090175026
EEE,2014B,410810,P3,F3,0.0,0.4040021741426245
EEE,2014B,411381,P3,F3,1.0,0.4593243855061738
EEE,2014B,413891,P3,F3,1.0,0.3005263465558505
EEE,2014B,417547,P3,F3,0.0,0.36463150805513095
EEE,2014B,420333,P3,F3,0.0,0.41772370648815266
EEE,2014B,421111,P3,F3,0.0,0.4458321319785346
EEE,2014B,424978,P3,F3,0.0,0.334024578612511
EEE,2014B,426316,P3,F3,0.0,0.07826363028982965
EEE,2014B,426616,P3,F3,0.0,0.20953620122217775
EEE,2014B,431386,P3,F3,1.0,0.429180747103938
EEE,2014B,437971,P3,F3,1.0,0.27389453492506205
EEE,2014B,441852,P3,F3,0.0,0.45786769887847356
EEE,2014B,443948,P3,F3,0.0,0.244452514497356
EEE,2014B,444197,P3,F3,0.0,0.27441562975788536
EEE,2014B,444349,P3,F3,1.0,0.3018757177857379
EEE,2014B,446077,P3,F3,1.0,0.36928953800771347
EEE,2014B,446295,P3,F3,1.0,0.6946583291411185
EEE,2014B,447235,P3,F3,0.0,0.3635242058965522
EEE,2014B,464724,P3,F3,0.0,0.294901699004686
EEE,2014B,467144,P3,F3,0.0,0.46931022352079754
EEE,2014B,469761,P3,F3,0.0,0.24629798459617103
EEE,2014B,469861,P3,F3,0.0,0.3946912461874065
EEE,2014B,471018,P3,F3,1.0,0.5928144189358736
EEE,2014B,474628,P3,F3,0.0,0.23540004777869972
EEE,2014B,474674,P3,F3,1.0,0.43499444320163544
EEE,2014B,475497,P3,F3,1.0,0.18015163309421015
EEE,2014B,478550,P3,F3,0.0,0.18058249667176163
EEE,2014B,478791,P3,F3,0.0,0.1353655185572681
EEE,2014B,479607,P3,F3,1.0,0.5271230924058061
EEE,2014B,480928,P3,F3,1.0,0.5353741755994391
EEE,2014B,481618,P3,F3,0.0,0.21420711798470465
EEE,2014B,485920,P3,F3,0.0,0.20242541202074124
EEE,2014B,486836,P3,F3,0.0,0.3003741712763656
EEE,2014B,487239,P3,F3,0.0,0.3079286871355897
EEE,2014B,487494,P3,F3,1.0,0.7042827212915851
EEE,2014B,488828,P3,F3,1.0,0.5373299772007395
EEE,2014B,490587,P3,F3,1.0,0.4485799577289995
EEE,2014B,490662,P3,F3,1.0,0.24379258482895988
EEE,2014B,492403,P3,F3,0.0,0.3339807192972844
EEE,2014B,494427,P3,F3,0.0,0.23270819414749555
EEE,2014B,494872,P3,F3,1.0,0.4237997839684734
EEE,2014B,496108,P3,F3,0.0,0.49554679502353527
EEE,2014B,497361,P3,F3,1.0,0.1367064647110789
EEE,2014B,497580,P3,F3,0.0,0.2723362269828737
EEE,2014B,502640,P3,F3,1.0,0.33622862916037116
EEE,2014B,502929,P3,F3,0.0,0.5289614660160942
EEE,2014B,503872,P3,F3,1.0,0.33534934941623074
EEE,2014B,504062,P3,F3,0.0,0.4728129077209309
EEE,2014B,504652,P3,F3,0.0,0.5807028874277393
EEE,2014B,504728,P3,F3,0.0,0.46597385474060715
EEE,2014B,505333,P3,F3,1.0,0.6755111580982736
EEE,2014B,505767,P3,F3,0.0,0.07291134507869321
EEE,2014B,505855,P3,F3,0.0,0.2932540480999754
EEE,2014B,510266,P3,F3,0.0,0.09096048046468169
EEE,2014B,511199,P3,F3,1.0,0.4495661479917663
EEE,2014B,511657,P3,F3,1.0,0.39265346554087854
EEE,2014B,513211,P3,F3,1.0,0.6182024837058446
EEE,2014B,513672,P3,F3,0.0,0.17801046264288423
EEE,2014B,515125,P3,F3,1.0,0.4317557481840298
EEE,2014B,516238,P3,F3,0.0,0.43567855358682556
EEE,2014B,516728,P3,F3,1.0,0.6189190459201698
EEE,2014B,518116,P3,F3,1.0,0.49786167020344385
EEE,2014B,519258,P3,F3,1.0,0.3699299919309626
EEE,2014B,519589,P3,F3,1.0,0.2901964927456334
EEE,2014B,520824,P3,F3,1.0,0.5347132942932867
EEE,2014B,522525,P3,F3,0.0,0.22000965574014367
EEE,2014B,523061,P3,F3,0.0,0.378699438093396
EEE,2014B,524276,P3,F3,1.0,0.4948118900288875
EEE,2014B,524386,P3,F3,1.0,0.5309278862801052
EEE,2014B,525332,P3,F3,1.0,0.4266983659437734
EEE,2014B,526051,P3,F3,0.0,0.37869997323997356
EEE,2014B,527771,P3,F3,1.0,0.3253265599688911
EEE,2014B,529304,P3,F3,0.0,0.5010917842626741
EEE,2014B,531845,P3,F3,1.0,0.45575913073819563
EEE,2014B,532531,P3,F3,0.0,0.5699762012032163
EEE,2014B,538102,P3,F3,1.0,0.327612854731194
EEE,2014B,540509,P3,F3,0.0,0.32135505207736814
EEE,2014B,541003,P3,F3,0.0,0.3679375978561745
EEE,2014B,541999,P3,F3,1.0,0.47310751529746736
EEE,2014B,542050,P3,F3,0.0,0.2814336754893025
EEE,2014B,542524,P3,F3,0.0,0.28032373733524496
EEE,2014B,543475,P3,F3,0.0,0.30385513988537666
EEE,2014B,543924,P3,F3,1.0,0.6710577174971418
EEE,2014B,543948,P3,F3,0.0,0.23283637823558845
EEE,2014B,544052,P3,F3,0.0,0.16741770454462288
EEE,2014B,544295,P3,F3,1.0,0.28505948656509955
EEE,2014B,546400,P3,F3,1.0,0.5351438443374622
EEE,2014B,547100,P3,F3,1.0,0.6456155553398839
EEE,2014B,547685,P3,F3,1.0,0.533026366350684
EEE,2014B,548261,P3,F3,1.0,0.4927838841499581
EEE,2014B,548992,P3,F3,1.0,0.4212203398816653
EEE,2014B,549401,P3,F3,1.0,0.5390435024041842
EEE,2014B,550197,P3,F3,1.0,0.7142451417407613
EEE,2014B,550357,P3,F3,0.0,0.22527741174747937
EEE,2014B,550812,P3,F3,0.0,0.45059994202951936
EEE,2014B,551528,P3,F3,1.0,0.42141293961643284
EEE,2014B,551856,P3,F3,1.0,0.46818528425968337
EEE,2014B,552067,P3,F3,0.0,0.17152748592128947
EEE,2014B,554988,P3,F3,1.0,0.29079202045458896
EEE,2014B,555022,P3,F3,0.0,0.1237904875120915
EEE,2014B,555756,P3,F3,0.0,0.3858448921426149
EEE,2014B,557700,P3,F3,0.0,0.19848224978327533
EEE,2014B,558122,P3,F3,1.0,0.39669941859415253
EEE,2014B,558492,P3,F3,1.0,0.5223161573875157
EEE,2014B,559518,P3,F3,0.0,0.5646001218343947
EEE,2014B,559977,P3,F3,1.0,0.5673270600186214
EEE,2014B,560951,P3,F3,1.0,0.2622895476783839
EEE,2014B,561271,P3,F3,1.0,0.15548283753754133
EEE,2014B,561363,P3,F3,0.0,0.23565863144265947
EEE,2014B,561559,P3,F3,0.0,0.22255616644092716
EEE,2014B,561774,P3,F3,0.0,0.18405471887874064
EEE,2014B,562825,P3,F3,0.0,0.2633143438037342
EEE,2014B,563230,P3,F3,0.0,0.1922714186062553
EEE,2014B,565838,P3,F3,1.0,0.13366059753310627
EEE,2014B,566337,P3,F3,1.0,0.3332743987176967
EEE,2014B,566422,P3,F3,0.0,0.21531056254920047
EEE,2014B,566871,P3,F3,1.0,0.4044439544244625
EEE,2014B,569620,P3,F3,1.0,0.5684477589031638
EEE,2014B,571025,P3,F3,1.0,0.19290856425629316
EEE,2014B,571128,P3,F3,0.0,0.2455156305953885
EEE,2014B,571233,P3,F3,1.0,0.34581945175196993
EEE,2014B,571389,P3,F3,1.0,0.43362729131907385
EEE,2014B,571789,P3,F3,1.0,0.43830180865125357
EEE,2014B,571963,P3,F3,0.0,0.4363868549260678
EEE,2014B,572249,P3,F3,1.0,0.6548333516541215
EEE,2014B,573558,P3,F3,0.0,0.30780801642113637
EEE,2014B,574508,P3,F3,0.0,0.1993042035152766
EEE,2014B,574523,P3,F3,0.0,0.5300170146652816
EEE,2014B,574580,P3,F3,1.0,0.6059665268453679
EEE,2014B,574637,P3,F3,0.0,0.22925261917116177
EEE,2014B,575162,P3,F3,0.0,0.47796907505598296
EEE,2014B,575473,P3,F3,0.0,0.30050057033139294
EEE,2014B,575777,P3,F3,0.0,0.3466129104833409
EEE,2014B,576876,P3,F3,0.0,0.14626649843708725
EEE,2014B,577245,P3,F3,0.0,0.11416908142172986
EEE,2014B,577352,P3,F3,1.0,0.7644442598985879
EEE,2014B,577460,P3,F3,0.0,0.07625723365327905
EEE,2014B,577562,P3,F3,0.0,0.5234265213088505
EEE,2014B,578541,P3,F3,1.0,0.3730146495583919
EEE,2014B,578634,P3,F3,0.0,0.5004572811464765
EEE,2014B,578958,P3,F3,0.0,0.4556157728677436
EEE,2014B,581257,P3,F3,0.0,0.3093745160571792
EEE,2014B,581269,P3,F3,0.0,0.47230076374871477
EEE,2014B,581676,P3,F3,0.0,0.15759264183627955
EEE,2014B,582094,P3,F3,1.0,0.27233445923101474
EEE,2014B,583968,P3,F3,0.0,0.3256118805213997
EEE,2014B,584698,P3,F3,1.0,0.6721693130762485
EEE,2014B,585393,P3,F3,0.0,0.24723850503511885
EEE,2014B,585397,P3,F3,0.0,0.29798573386435906
EEE,2014B,585662,P3,F3,0.0,0.29888355824080265
EEE,2014B,587323,P3,F3,0.0,0.35565188565458516
EEE,2014B,588274,P3,F3,0.0,0.05674450495030142
EEE,2014B,588765,P3,F3,0.0,0.221679704388102
EEE,2014B,589033,P3,F3,0.0,0.3754991808321954
EEE,2014B,589223,P3,F3,0.0,0.30311311799241214
EEE,2014B,589260,P3,F3,0.0,0.3352278263435887
EEE,2014B,589722,P3,F3,1.0,0.47623163199770613
EEE,2014B,589828,P3,F3,0.0,0.5024443696488785
EEE,2014B,591398,P3,F3,0.0,0.1706490343145975
EEE,2014B,592372,P3,F3,0.0,0.397227905833078
EEE,2014B,592593,P3,F3,0.0,0.48098704949120225
EEE,2014B,592666,P3,F3,0.0,0.5248638603677768
EEE,2014B,593123,P3,F3,1.0,0.3783578971249794
EEE,2014B,593733,P3,F3,0.0,0.23841370199669537
EEE,2014B,594131,P3,F3,0.0,0.39414708273200183
EEE,2014B,594193,P3,F3,1.0,0.6002013872975059
EEE,2014B,594684,P3,F3,0.0,0.09084280269307295
EEE,2014B,595100,P3,F3,0.0,0.34841527910520403
EEE,2014B,595356,P3,F3,1.0,0.5015268286987833
EEE,2014B,595808,P3,F3,1.0,0.6379329048369545
EEE,2014B,595992,P3,F3,0.0,0.33637380363121294
EEE,2014B,596347,P3,F3,0.0,0.3865314989517994
EEE,2014B,596947,P3,F3,0.0,0.515478067681315
EEE,2014B,597909,P3,F3,0.0,0.5236288338221016
EEE,2014B,599056,P3,F3,0.0,0.28325989298817705
EEE,2014B,599263,P3,F3,1.0,0.36004610010759514
EEE,2014B,599341,P3,F3,0.0,0.16174044723000652
EEE,2014B,599554,P3,F3,0.0,0.2290487573153916
EEE,2014B,599937,P3,F3,0.0,0.5275591882325404
EEE,2014B,600181,P3,F3,1.0,0.4455545004055581
EEE,2014B,600623,P3,F3,0.0,0.4170779223756569
EEE,2014B,600801,P3,F3,0.0,0.4131108461951678
EEE,2014B,600814,P3,F3,0.0,0.4472090520550884
EEE,2014B,600987,P3,F3,0.0,0.23420631881502324
EEE,2014B,601043,P3,F3,0.0,0.21009153034809064
EEE,2014B,601054,P3,F3,0.0,0.434352095973219
EEE,2014B,601211,P3,F3,0.0,0.3046975614136496
EEE,2014B,601248,P3,F3,1.0,0.7349252014508281
EEE,2014B,601386,P3,F3,0.0,0.21876177607872693
EEE,2014B,602107,P3,F3,1.0,0.14196196551110607
EEE,2014B,602150,P3,F3,1.0,0.4889697780204928
EEE,2014B,602721,P3,F3,0.0,0.034345653815024836
EEE,2014B,603531,P3,F3,0.0,0.44958224823059667
EEE,2014B,603791,P3,F3,1.0,0.6764980270207895
EEE,2014B,603832,P3,F3,0.0,0.23608154814580629
EEE,2014B,604172,P3,F3,0.0,0.2014021764532132
EEE,2014B,604270,P3,F3,0.0,0.3515181953856954
EEE,2014B,604337,P3,F3,1.0,0.35446118036994684
EEE,2014B,604490,P3,F3,1.0,0.43595621042288624
EEE,2014B,604502,P3,F3,0.0,0.41843591936168634
EEE,2014B,604571,P3,F3,0.0,0.48872064141680865
EEE,2014B,604789,P3,F3,0.0,0.44268935120534403
EEE,2014B,605367,P3,F3,0.0,0.1658902793200318
EEE,2014B,605688,P3,F3,0.0,0.32048366711075055
EEE,2014B,606127,P3,F3,1.0,0.32766394226118095
EEE,2014B,606182,P3,F3,0.0,0.2250224441722543
EEE,2014B,606350,P3,F3,1.0,0.5931660477830759
EEE,2014B,607413,P3,F3,1.0,0.18976054896835828
EEE,2014B,607570,P3,F3,1.0,0.5657806120273298
EEE,2014B,608152,P3,F3,0.0,0.4161017522199368
EEE,2014B,609383,P3,F3,1.0,0.5341047192920348
EEE,2014B,609450,P3,F3,1.0,0.3050626301287411
EEE,2014B,609645,P3,F3,0.0,0.39485134437171876
EEE,2014B,610234,P3,F3,0.0,0.052549204728897556
EEE,2014B,610287,P3,F3,1.0,0.227221222036342
EEE,2014B,610684,P3,F3,0.0,0.2387730326873425
EEE,2014B,610718,P3,F3,1.0,0.6200721668282019
EEE,2014B,610927,P3,F3,1.0,0.26397573756688336
EEE,2014B,611024,P3,F3,0.0,0.16337013603366246
EEE,2014B,611407,P3,F3,0.0,0.3432318698141441
EEE,2014B,611502,P3,F3,0.0,0.2586025235484036
EEE,2014B,611999,P3,F3,1.0,0.326474973188251
EEE,2014B,612023,P3,F3,1.0,0.4346532638225318
EEE,2014B,612127,P3,F3,0.0,0.4771211127024274
EEE,2014B,612287,P3,F3,1.0,0.6376693244513127
EEE,2014B,612327,P3,F3,0.0,0.04947828416608687
EEE,2014B,612397,P3,F3,1.0,0.44020543761888753
EEE,2014B,612449,P3,F3,0.0,0.19817885597741658
EEE,2014B,612644,P3,F3,0.0,0.45837107430393104
EEE,2014B,612673,P3,F3,1.0,0.5228271538274141
EEE,2014B,612882,P3,F3,1.0,0.4307690721269881
EEE,2014B,613091,P3,F3,1.0,0.5369676216653504
EEE,2014B,613116,P3,F3,1.0,0.7048214929628986
EEE,2014B,613122,P3,F3,0.0,0.19086932475152554
EEE,2014B,613133,P3,F3,0.0,0.17061543392986464
EEE,2014B,613213,P3,F3,0.0,0.06649964255863505
EEE,2014B,613387,P3,F3,1.0,0.4087091615120092
EEE,2014B,613501,P3,F3,0.0,0.3546749235007358
EEE,2014B,613790,P3,F3,1.0,0.2698682498850909
EEE,2014B,614234,P3,F3,0.0,0.3068313734604562
EEE,2014B,614245,P3,F3,0.0,0.16483109379758493
EEE,2014B,614754,P3,F3,0.0,0.03355889191794544
EEE,2014B,614952,P3,F3,1.0,0.4490382164103563
EEE,2014B,615112,P3,F3,1.0,0.5568967227213408
EEE,2014B,615229,P3,F3,0.0,0.25244829926688106
EEE,2014B,615242,P3,F3,1.0,0.34453601653582777
EEE,2014B,616386,P3,F3,0.0,0.28728218956102836
EEE,2014B,616407,P3,F3,1.0,0.3911469633976523
EEE,2014B,616439,P3,F3,0.0,0.42715067243704363
EEE,2014B,616700,P3,F3,1.0,0.49852195710509206
EEE,2014B,616708,P3,F3,1.0,0.4182226828958971
EEE,2014B,616831,P3,F3,0.0,0.42770162531242034
EEE,2014B,616927,P3,F3,1.0,0.1700163793676988
EEE,2014B,617186,P3,F3,1.0,0.5187743188533301
EEE,2014B,617355,P3,F3,0.0,0.25900042788413813
EEE,2014B,617365,P3,F3,0.0,0.4921877123407936
EEE,2014B,617418,P3,F3,1.0,0.4179323001348732
EEE,2014B,617455,P3,F3,0.0,0.3594300152122263
EEE,2014B,617531,P3,F3,0.0,0.2499289108658554
EEE,2014B,617898,P3,F3,1.0,0.5293161136386255
EEE,2014B,618078,P3,F3,1.0,0.5885694031145071
EEE,2014B,618571,P3,F3,0.0,0.13971372472738733
EEE,2014B,618583,P3,F3,0.0,0.28122214670023776
EEE,2014B,618606,P3,F3,0.0,0.18813553757210194
EEE,2014B,618619,P3,F3,1.0,0.6583179104291615
EEE,2014B,618777,P3,F3,0.0,0.0677115720536136
EEE,2014B,618824,P3,F3,0.0,0.40529773136607083
EEE,2014B,618982,P3,F3,0.0,0.6543820408954476
EEE,2014B,619006,P3,F3,1.0,0.304260149584876
EEE,2014B,619014,P3,F3,0.0,0.3179166038748922
EEE,2014B,619292,P3,F3,0.0,0.24643344212433335
EEE,2014B,619369,P3,F3,1.0,0.47877026759880104
EEE,2014B,619380,P3,F3,0.0,0.08977677872193421
EEE,2014B,619503,P3,F3,0.0,0.2579414405657654
EEE,2014B,619927,P3,F3,0.0,0.046820922654592534
EEE,2014B,619928,P3,F3,0.0,0.17589492905377532
EEE,2014B,620215,P3,F3,0.0,0.3109569027883276
EEE,2014B,620260,P3,F3,1.0,0.5368892262418952
EEE,2014B,620369,P3,F3,0.0,0.2421092056598917
EEE,2014B,620414,P3,F3,1.0,0.40498769798387485
EEE,2014B,620646,P3,F3,0.0,0.38989931118519544
EEE,2014B,620713,P3,F3,1.0,0.7173816991077787
EEE,2014B,620716,P3,F3,0.0,0.304340987768478
EEE,2014B,620876,P3,F3,1.0,0.474838981328588
EEE,2014B,620916,P3,F3,1.0,0.4837490112081311
EEE,2014B,620918,P3,F3,1.0,0.42337486379612405
EEE,2014B,620977,P3,F3,1.0,0.3290549460312843
EEE,2014B,621401,P3,F3,1.0,0.43187960620379945
EEE,2014B,621414,P3,F3,0.0,0.3162666464742338
EEE,2014B,621655,P3,F3,0.0,0.47459454979046445
EEE,2014B,621906,P3,F3,1.0,0.40622946617938344
EEE,2014B,622015,P3,F3,1.0,0.37198361441165806
EEE,2014B,622037,P3,F3,1.0,0.34748380233732046
EEE,2014B,622280,P3,F3,1.0,0.4015844174626911
EEE,2014B,622315,P3,F3,1.0,0.555537899360522
EEE,2014B,622368,P3,F3,0.0,0.4104610898681614
EEE,2014B,622425,P3,F3,0.0,0.24091957849636525
EEE,2014B,622609,P3,F3,0.0,0.2887364591017491
EEE,2014B,622812,P3,F3,0.0,0.203399995386274
EEE,2014B,622948,P3,F3,0.0,0.14142383704799852
EEE,2014B,623079,P3,F3,0.0,0.26507913259985244
EEE,2014B,623100,P3,F3,0.0,0.2458228822129157
EEE,2014B,623105,P3,F3,1.0,0.3608507606164853
EEE,2014B,623115,P3,F3,1.0,0.3341116120268407
EEE,2014B,623184,P3,F3,1.0,0.3407665121854869
EEE,2014B,623250,P3,F3,0.0,0.38653797872281254
EEE,2014B,623421,P3,F3,0.0,0.3226757920924401
EEE,2014B,623562,P3,F3,0.0,0.12966320841704296
EEE,2014B,623609,P3,F3,1.0,0.5054501131040723
EEE,2014B,623667,P3,F3,0.0,0.39055727651620487
EEE,2014B,623738,P3,F3,1.0,0.43775818570950376
EEE,2014B,623780,P3,F3,0.0,0.22582177470827308
EEE,2014B,623797,P3,F3,0.0,0.28547782874391925
EEE,2014B,623864,P3,F3,0.0,0.21709196446261458
EEE,2014B,623940,P3,F3,1.0,0.2793234308972709
EEE,2014B,624092,P3,F3,1.0,0.7365410315966403
EEE,2014B,624126,P3,F3,1.0,0.16492407248689572
EEE,2014B,624153,P3,F3,1.0,0.3728350217095473
EEE,2014B,624266,P3,F3,1.0,0.42472500405975366
EEE,2014B,624384,P3,F3,1.0,0.5245774351847816
EEE,2014B,624441,P3,F3,0.0,0.3574914792067602
EEE,2014B,624469,P3,F3,0.0,0.4252195983637965
EEE,2014B,624782,P3,F3,0.0,0.5232458254387113
EEE,2014B,625067,P3,F3,0.0,0.2343338029937413
EEE,2014B,625126,P3,F3,0.0,0.5389841915137299
EEE,2014B,625174,P3,F3,0.0,0.35983933211572666
EEE,2014B,625213,P3,F3,1.0,0.30532531086522086
EEE,2014B,625476,P3,F3,0.0,0.2376701797968211
EEE,2014B,625527,P3,F3,0.0,0.3248158075721089
EEE,2014B,625541,P3,F3,0.0,0.326636349687506
EEE,2014B,625740,P3,F3,0.0,0.2654019849877251
EEE,2014B,625785,P3,F3,1.0,0.4585362278642991
EEE,2014B,625790,P3,F3,1.0,0.2528906744939182
EEE,2014B,625841,P3,F3,1.0,0.2840946215517089
EEE,2014B,625861,P3,F3,0.0,0.2692117920337374
EEE,2014B,625901,P3,F3,1.0,0.560348997689699
EEE,2014B,625953,P3,F3,0.0,0.2164940748899486
EEE,2014B,625975,P3,F3,1.0,0.4073470571430798
EEE,2014B,626022,P3,F3,1.0,0.2271762176460309
EEE,2014B,626055,P3,F3,1.0,0.24053274528493945
EEE,2014B,626183,P3,F3,0.0,0.42449033556111526
EEE,2014B,626296,P3,F3,0.0,0.34675682029101335
EEE,2014B,626407,P3,F3,0.0,0.4422384215973903
EEE,2014B,626444,P3,F3,1.0,0.31365723995678396
EEE,2014B,626494,P3,F3,1.0,0.4039606407636587
EEE,2014B,626516,P3,F3,1.0,0.464852942715686
EEE,2014B,626519,P3,F3,0.0,0.22873334337881274
EEE,2014B,626625,P3,F3,0.0,0.3881991143285597
EEE,2014B,626714,P3,F3,0.0,0.39178374375305475
EEE,2014B,626749,P3,F3,0.0,0.5344181802818052
EEE,2014B,626753,P3,F3,0.0,0.3018180378714851
EEE,2014B,626768,P3,F3,0.0,0.31879047362277624
EEE,2014B,626772,P3,F3,1.0,0.4320751674275688
EEE,2014B,626877,P3,F3,0.0,0.3618056624463634
EEE,2014B,626906,P3,F3,1.0,0.6041536962964779
EEE,2014B,626998,P3,F3,1.0,0.31135539015140207
EEE,2014B,627168,P3,F3,1.0,0.40225254671084293
EEE,2014B,627290,P3,F3,1.0,0.6351032153276255
EEE,2014B,627387,P3,F3,0.0,0.2609908342554215
EEE,2014B,627390,P3,F3,1.0,0.12259390276549356
EEE,2014B,627399,P3,F3,0.0,0.13804886333049407
EEE,2014B,627401,P3,F3,0.0,0.5110923848664141
EEE,2014B,627450,P3,F3,0.0,0.28600586609556566
EEE,2014B,627461,P3,F3,1.0,0.4972749944890921
EEE,2014B,627471,P3,F3,0.0,0.5272735251993872
EEE,2014B,627500,P3,F3,1.0,0.445739985966199
EEE,2014B,627516,P3,F3,0.0,0.3402370962997477
EEE,2014B,627636,P3,F3,0.0,0.4230426462259498
EEE,2014B,627711,P3,F3,0.0,0.260172364570408
EEE,2014B,627750,P3,F3,0.0,0.25173312305599255
EEE,2014B,627907,P3,F3,0.0,0.4016027870094467
EEE,2014B,627961,P3,F3,1.0,0.4774880949402025
EEE,2014B,628054,P3,F3,1.0,0.6295515293232663
EEE,2014B,628214,P3,F3,1.0,0.4080941883163805
EEE,2014B,628300,P3,F3,0.0,0.3479925742352632
EEE,2014B,628366,P3,F3,1.0,0.49782007624020974
EEE,2014B,628527,P3,F3,1.0,0.3134276106469961
EEE,2014B,628677,P3,F3,1.0,0.448500124732228
EEE,2014B,628718,P3,F3,0.0,0.30597754105731867
EEE,2014B,628777,P3,F3,0.0,0.5180299681291838
EEE,2014B,628910,P3,F3,0.0,0.222869655997572
EEE,2014B,628914,P3,F3,1.0,0.2815573681735442
EEE,2014B,628938,P3,F3,1.0,0.3660143408186367
EEE,2014B,628959,P3,F3,0.0,0.2713338912115261
EEE,2014B,629081,P3,F3,1.0,0.34450985151980373
EEE,2014B,629089,P3,F3,1.0,0.38258644344128245
EEE,2014B,629202,P3,F3,0.0,0.22688841605088808
EEE,2014B,629283,P3,F3,1.0,0.44514001204848486
EEE,2014B,629342,P3,F3,1.0,0.20775628560630255
EEE,2014B,629500,P3,F3,1.0,0.4061992111566973
EEE,2014B,629506,P3,F3,0.0,0.4172491070847383
EEE,2014B,629601,P3,F3,0.0,0.18496558447913525
EEE,2014B,629627,P3,F3,1.0,0.21591511327299914
EEE,2014B,629628,P3,F3,1.0,0.6126825606731816
EEE,2014B,629654,P3,F3,0.0,0.34407584222378235
EEE,2014B,629753,P3,F3,0.0,0.23531877996995113
EEE,2014B,629906,P3,F3,1.0,0.5464006851921756
EEE,2014B,630047,P3,F3,0.0,0.08863381998869435
EEE,2014B,630086,P3,F3,0.0,0.2698430492150486
EEE,2014B,630165,P3,F3,0.0,0.2988215176556942
EEE,2014B,630416,P3,F3,1.0,0.403611999500952
EEE,2014B,630449,P3,F3,0.0,0.28706681006812484
EEE,2014B,630540,P3,F3,1.0,0.42248823910400873
EEE,2014B,630573,P3,F3,1.0,0.353761052815283
EEE,2014B,630585,P3,F3,1.0,0.4506767291299065
EEE,2014B,630606,P3,F3,0.0,0.3008369222575995
EEE,2014B,630635,P3,F3,0.0,0.27701060565296853
EEE,2014B,630657,P3,F3,1.0,0.41459876360169456
EEE,2014B,630696,P3,F3,1.0,0.3113180332525074
EEE,2014B,630722,P3,F3,0.0,0.31924329761486037
EEE,2014B,630825,P3,F3,1.0,0.45122307357204144
EEE,2014B,630888,P3,F3,0.0,0.5704983346244045
EEE,2014B,630900,P3,F3,0.0,0.20942963230540804
EEE,2014B,630980,P3,F3,1.0,0.5526888274241321
EEE,2014B,631016,P3,F3,0.0,0.3223391731445057
EEE,2014B,631051,P3,F3,1.0,0.43294966941216434
EEE,2014B,631073,P3,F3,0.0,0.21516106651946057
EEE,2014B,631117,P3,F3,0.0,0.15831437952936167
EEE,2014B,631334,P3,F3,0.0,0.35705832465237985
EEE,2014B,631356,P3,F3,0.0,0.04177559326742985
EEE,2014B,631453,P3,F3,0.0,0.27352430032817787
EEE,2014B,631509,P3,F3,0.0,0.08590374282715763
EEE,2014B,631655,P3,F3,0.0,0.2349565783211829
EEE,2014B,631807,P3,F3,1.0,0.20409594577501997
EEE,2014B,632004,P3,F3,0.0,0.2090058906060111
EEE,2014B,632074,P3,F3,0.0,0.2662635232385744
EEE,2014B,632083,P3,F3,0.0,0.189872494307286
EEE,2014B,632111,P3,F3,0.0,0.4075467080375934
EEE,2014B,632133,P3,F3,1.0,0.5569165108826573
EEE,2014B,632135,P3,F3,1.0,0.44971790724436594
EEE,2014B,632312,P3,F3,1.0,0.36866976609879304
EEE,2014B,632329,P3,F3,1.0,0.4271548008635007
EEE,2014B,632376,P3,F3,1.0,0.5217695043228464
EEE,2014B,632389,P3,F3,0.0,0.2324814218787096
EEE,2014B,632459,P3,F3,0.0,0.31413463036250394
EEE,2014B,632641,P3,F3,0.0,0.5691081413994351
EEE,2014B,632700,P3,F3,0.0,0.23274718641450473
EEE,2014B,632800,P3,F3,1.0,0.3828393352759099
EEE,2014B,632883,P3,F3,0.0,0.4186436857574954
EEE,2014B,632889,P3,F3,1.0,0.5891635044525728
EEE,2014B,632904,P3,F3,0.0,0.24183984269728204
EEE,2014B,632977,P3,F3,0.0,0.28131656743607586
EEE,2014B,633107,P3,F3,0.0,0.3228130971171651
EEE,2014B,633259,P3,F3,1.0,0.44250403513538467
EEE,2014B,633270,P3,F3,0.0,0.5002467854006981
EEE,2014B,633304,P3,F3,0.0,0.41968229284478165
EEE,2014B,633310,P3,F3,0.0,0.3722492416670296
EEE,2014B,633330,P3,F3,1.0,0.2788592168562104
EEE,2014B,633334,P3,F3,1.0,0.4981929479531507
EEE,2014B,633395,P3,F3,1.0,0.4280415455772364
EEE,2014B,633432,P3,F3,1.0,0.4663398466609799
EEE,2014B,633455,P3,F3,0.0,0.42909956633584784
EEE,2014B,633511,P3,F3,0.0,0.3445315466445388
EEE,2014B,633530,P3,F3,1.0,0.42902924650193025
EEE,2014B,633544,P3,F3,0.0,0.5769431748361054
EEE,2014B,633605,P3,F3,0.0,0.39280237815873553
EEE,2014B,633634,P3,F3,0.0,0.29888111692740466
EEE,2014B,633637,P3,F3,1.0,0.32750558532241064
EEE,2014B,633695,P3,F3,0.0,0.21850384425157182
EEE,2014B,633716,P3,F3,0.0,0.273275616852005
EEE,2014B,633746,P3,F3,0.0,0.2409733206685057
EEE,2014B,633998,P3,F3,0.0,0.2936116804385447
EEE,2014B,634040,P3,F3,1.0,0.3075236905082202
EEE,2014B,634193,P3,F3,0.0,0.3079483790643092
EEE,2014B,634216,P3,F3,0.0,0.19464088347120714
EEE,2014B,634241,P3,F3,0.0,0.2507968729821629
EEE,2014B,634309,P3,F3,0.0,0.31210129633525313
EEE,2014B,634318,P3,F3,0.0,0.30664606040237263
EEE,2014B,634433,P3,F3,1.0,0.1468105008280982
EEE,2014B,634570,P3,F3,0.0,0.21005858985680959
EEE,2014B,634578,P3,F3,1.0,0.21992950588417354
EEE,2014B,634600,P3,F3,0.0,0.46017179676181097
EEE,2014B,634737,P3,F3,1.0,0.45412134221170053
EEE,2014B,634744,P3,F3,1.0,0.2616479093123864
EEE,2014B,634817,P3,F3,0.0,0.406772576301628
EEE,2014B,634862,P3,F3,1.0,0.28992082890010357
EEE,2014B,634869,P3,F3,0.0,0.3367863440885025
EEE,2014B,635041,P3,F3,0.0,0.3553983144153277
EEE,2014B,635043,P3,F3,0.0,0.22678629500180367
EEE,2014B,635109,P3,F3,0.0,0.22480272539640628
EEE,2014B,635515,P3,F3,1.0,0.3833252257108845
EEE,2014B,996047,P3,F3,0.0,0.5430841299351333
EEE,2014B,1268772,P3,F3,0.0,0.3734800410009815
EEE,2014B,1410398,P3,F3,0.0,0.08847484768749532
EEE,2014B,1457691,P3,F3,0.0,0.3648799275888857
EEE,2014B,1500950,P3,F3,0.0,0.3450171867663312
EEE,2014B,1573624,P3,F3,0.0,0.1357446263362107
EEE,2014B,1618172,P3,F3,0.0,0.3796297746514816
EEE,2014B,1644328,P3,F3,1.0,0.2954131704491835
EEE,2014B,1661805,P3,F3,0.0,0.2940087037032583
EEE,2014B,1663815,P3,F3,1.0,0.29560489456636396
EEE,2014B,1664171,P3,F3,1.0,0.5167935620468547
EEE,2014B,1700371,P3,F3,0.0,0.2515951832770812
EEE,2014B,1763786,P3,F3,0.0,0.2226659351239383
EEE,2014B,1780737,P3,F3,1.0,0.361342255541991
EEE,2014B,1789319,P3,F3,0.0,0.2160554179954766
EEE,2014B,1810414,P3,F3,0.0,0.3547291077594956
EEE,2014B,1828112,P3,F3,1.0,0.48144027532328143
EEE,2014B,1839181,P3,F3,0.0,0.2677776050166452
EEE,2014B,1861830,P3,F3,0.0,0.37687770255876896
EEE,2014B,1894419,P3,F3,1.0,0.43927358373221453
EEE,2014B,1908526,P3,F3,1.0,0.49371893353641094
EEE,2014B,2002664,P3,F3,0.0,0.1668204439236923
EEE,2014B,2026585,P3,F3,0.0,0.07104491903044238
EEE,2014B,2064873,P3,F3,0.0,0.23733203443296708
EEE,2014B,2139273,P3,F3,0.0,0.3961578116668981
EEE,2014B,2187588,P3,F3,0.0,0.3573557047650957
EEE,2014B,2198914,P3,F3,0.0,0.35440143687551906
EEE,2014B,2249143,P3,F3,0.0,0.4274796122532417
EEE,2014B,2329539,P3,F3,1.0,0.6495507152584914
EEE,2014B,2359504,P3,F3,1.0,0.3640060465307141
EEE,2014B,2364637,P3,F3,0.0,0.5111145065016447
EEE,2014B,2376512,P3,F3,0.0,0.4026652682224691
EEE,2014B,2391004,P3,F3,0.0,0.4093370589259854
EEE,2014B,2434339,P3,F3,0.0,0.5327959348250955
EEE,2014B,2455893,P3,F3,0.0,0.13394896319614094
EEE,2014B,2472178,P3,F3,1.0,0.2526944833625665
EEE,2014B,2478799,P3,F3,1.0,0.44146061484813176
EEE,2014B,2492827,P3,F3,0.0,0.3132112632995985
EEE,2014B,2520067,P3,F3,1.0,0.4233405480491196
EEE,2014B,2567038,P3,F3,0.0,0.3905939501456968
EEE,2014B,2569912,P3,F3,1.0,0.5807834162788594
EEE,2014B,2577893,P3,F3,0.0,0.2669659871365344
EEE,2014B,2595665,P3,F3,0.0,0.2176513868501051
EEE,2014B,2600862,P3,F3,0.0,0.47592637202877147
EEE,2014B,2603195,P3,F3,0.0,0.42934306672165
EEE,2014B,2613219,P3,F3,1.0,0.2641324461411386
EEE,2014B,2620661,P3,F3,0.0,0.4697136404016517
EEE,2014B,2632165,P3,F3,0.0,0.22697585220496103
EEE,2014B,2642697,P3,F3,0.0,0.4632126655125393
EEE,2014B,2647314,P3,F3,0.0,0.09266994204363058
EEE,2014B,2662742,P3,F3,1.0,0.6593779572372764
FFF,2014B,26211,P3,F3,0.0,0.1668531614071194
FFF,2014B,27189,P3,F3,1.0,0.8698287540710835
FFF,2014B,27683,P3,F3,0.0,0.449738776237302
FFF,2014B,28808,P3,F3,1.0,0.43597552191658695
FFF,2014B,28897,P3,F3,0.0,0.4207440160189401
FFF,2014B,30531,P3,F3,1.0,0.46725722969596706
FFF,2014B,34293,P3,F3,1.0,0.4411249040527889
FFF,2014B,36347,P3,F3,0.0,0.43194675747058675
FFF,2014B,39882,P3,F3,0.0,0.5229630567734808
FFF,2014B,41489,P3,F3,1.0,0.8550556405985268
FFF,2014B,42746,P3,F3,0.0,0.12093922668471735
FFF,2014B,46148,P3,F3,0.0,0.32553523683680713
FFF,2014B,48635,P3,F3,0.0,0.12438873783814837
FFF,2014B,53136,P3,F3,0.0,0.6206300728292383
FFF,2014B,53709,P3,F3,0.0,0.9028779377944736
FFF,2014B,54867,P3,F3,1.0,0.6159376205983745
FFF,2014B,63958,P3,F3,1.0,0.8785820302603212
FFF,2014B,67986,P3,F3,1.0,0.3552512771276669
FFF,2014B,72114,P3,F3,0.0,0.5666146933124168
FFF,2014B,74521,P3,F3,0.0,0.6514797974573459
FFF,2014B,74524,P3,F3,1.0,0.931705558256147
FFF,2014B,77845,P3,F3,1.0,0.6515310844253813
FFF,2014B,77998,P3,F3,0.0,0.9490273150736246
FFF,2014B,79683,P3,F3,1.0,0.5711458312721888
FFF,2014B,82201,P3,F3,1.0,0.9139692067470162
FFF,2014B,83603,P3,F3,0.0,0.37270843415915056
FFF,2014B,84299,P3,F3,0.0,0.21701106084613042
FFF,2014B,85874,P3,F3,1.0,0.3693272326819486
FFF,2014B,99670,P3,F3,1.0,0.21241307834009454
FFF,2014B,101634,P3,F3,1.0,0.5538154102817087
FFF,2014B,104316,P3,F3,1.0,0.2102641086270433
FFF,2014B,108207,P3,F3,0.0,0.29016364651676374
FFF,2014B,108822,P3,F3,0.0,0.2048874260980179
FFF,2014B,108949,P3,F3,1.0,0.572096444220835
FFF,2014B,110529,P3,F3,1.0,0.36216226109022037
FFF,2014B,116621,P3,F3,0.0,0.19571959943925982
FFF,2014B,117510,P3,F3,0.0,0.16262406039178057
FFF,2014B,117550,P3,F3,1.0,0.8680332701956186
FFF,2014B,124018,P3,F3,1.0,0.9285161755330203
FFF,2014B,128132,P3,F3,0.0,0.33480691962844694
FFF,2014B,128968,P3,F3,0.0,0.42339585361441845
FFF,2014B,130992,P3,F3,0.0,0.2617728643829097
FFF,2014B,131538,P3,F3,0.0,0.23304080828890492
FFF,2014B,132157,P3,F3,0.0,0.2880729671709811
FFF,2014B,132477,P3,F3,0.0,0.5009631647541687
FFF,2014B,133104,P3,F3,0.0,0.5403930937217466
FFF,2014B,133322,P3,F3,1.0,0.30845531228190765
FFF,2014B,134847,P3,F3,0.0,0.8178582195581818
FFF,2014B,134851,P3,F3,0.0,0.5099725943943045
FFF,2014B,136054,P3,F3,0.0,0.21719445504491583
FFF,2014B,136944,P3,F3,1.0,0.5180044836073631
FFF,2014B,140108,P3,F3,1.0,0.9661493487078469
FFF,2014B,141430,P3,F3,0.0,0.22979175132216695
FFF,2014B,150121,P3,F3,1.0,0.9295689017820703
FFF,2014B,152626,P3,F3,0.0,0.4099341460798958
FFF,2014B,153611,P3,F3,1.0,0.48749000630060435
FFF,2014B,155158,P3,F3,0.0,0.5198619405615497
FFF,2014B,156788,P3,F3,1.0,0.9278718460591777
FFF,2014B,160262,P3,F3,1.0,0.9403295174871174
FFF,2014B,160472,P3,F3,1.0,0.37351417040911955
FFF,2014B,163332,P3,F3,1.0,0.84718931077753
FFF,2014B,163962,P3,F3,1.0,0.9752846274455128
FFF,2014B,167106,P3,F3,0.0,0.8862932299483199
FFF,2014B,178179,P3,F3,0.0,0.5194863328018624
FFF,2014B,179081,P3,F3,1.0,0.3176612954448116
FFF,2014B,181719,P3,F3,1.0,0.1641485158003064
FFF,2014B,183429,P3,F3,1.0,0.6145412785670659
FFF,2014B,190418,P3,F3,0.0,0.18755296001059135
FFF,2014B,190930,P3,F3,0.0,0.3742158430750784
FFF,2014B,191590,P3,F3,0.0,0.5980645750045467
FFF,2014B,195515,P3,F3,0.0,0.3822341831683247
FFF,2014B,197538,P3,F3,1.0,0.3574213513776652
FFF,2014B,203568,P3,F3,1.0,0.7011095240349202
FFF,2014B,227297,P3,F3,0.0,0.3065897849228531
FFF,2014B,228138,P3,F3,0.0,0.33954207774433776
FFF,2014B,228258,P3,F3,1.0,0.5242257825905464
FFF,2014B,228729,P3,F3,0.0,0.37370132750879
FFF,2014B,232286,P3,F3,0.0,0.4945536114790615
FFF,2014B,234796,P3,F3,0.0,0.6136584678891452
FFF,2014B,237182,P3,F3,1.0,0.510897741637963
FFF,2014B,237370,P3,F3,1.0,0.8811341181527484
FFF,2014B,239345,P3,F3,0.0,0.1714349999108392
FFF,2014B,242254,P3,F3,1.0,0.9503358363745026
FFF,2014B,242998,P3,F3,0.0,0.2021255682134987
FFF,2014B,244961,P3,F3,0.0,0.22162041166642168
FFF,2014B,247940,P3,F3,1.0,0.9882054809758124
FFF,2014B,251375,P3,F3,0.0,0.4104730496183876
FFF,2014B,255878,P3,F3,0.0,0.38892157468152366
FFF,2014B,256740,P3,F3,0.0,0.22666264023034935
FFF,2014B,257104,P3,F3,1.0,0.4201522495098293
FFF,2014B,258737,P3,F3,0.0,0.41415486008187247
FFF,2014B,260062,P3,F3,0.0,0.5872788659085462
FFF,2014B,261265,P3,F3,0.0,0.3889189175561696
FFF,2014B,264298,P3,F3,1.0,0.3230686776557063
FFF,2014B,266536,P3,F3,0.0,0.21548987491730479
FFF,2014B,268649,P3,F3,1.0,0.4206843361031958
FFF,2014B,268845,P3,F3,1.0,0.4224612073579737
FFF,2014B,269730,P3,F3,0.0,0.2087379943330968
FFF,2014B,272701,P3,F3,1.0,0.8659899167049463
FFF,2014B,276265,P3,F3,1.0,0.3741919036409947
FFF,2014B,277577,P3,F3,0.0,0.31585655577965605
FFF,2014B,278155,P3,F3,0.0,0.3351717687089103
FFF,2014B,279755,P3,F3,0.0,0.306786272780842
FFF,2014B,282806,P3,F3,1.0,0.5376410313887028
FFF,2014B,286484,P3,F3,1.0,0.7362404395490293
FFF,2014B,293454,P3,F3,1.0,0.28100290532629196
FFF,2014B,295741,P3,F3,0.0,0.4725959975579099
FFF,2014B,296904,P3,F3,0.0,0.6721837014494643
FFF,2014B,297014,P3,F3,0.0,0.3914078566584801
FFF,2014B,304500,P3,F3,1.0,0.7562233994269392
FFF,2014B,305876,P3,F3,0.0,0.5427780723685244
FFF,2014B,305918,P3,F3,1.0,0.25285976234732704
FFF,2014B,313243,P3,F3,0.0,0.41435008114416716
FFF,2014B,313756,P3,F3,0.0,0.40580116495041085
FFF,2014B,315025,P3,F3,0.0,0.17767927247965484
FFF,2014B,315850,P3,F3,0.0,0.33037649575684574
FFF,2014B,316327,P3,F3,1.0,0.6748947047224306
FFF,2014B,316772,P3,F3,1.0,0.6503149924198446
FFF,2014B,317394,P3,F3,0.0,0.37581060892875595
FFF,2014B,318068,P3,F3,0.0,0.42149384700796083
FFF,2014B,319042,P3,F3,0.0,0.6173078102664444
FFF,2014B,321096,P3,F3,0.0,0.3229646713505621
FFF,2014B,324948,P3,F3,0.0,0.4681109114298152
FFF,2014B,325089,P3,F3,0.0,0.6009270424260449
FFF,2014B,327616,P3,F3,0.0,0.44715287137381976
FFF,2014B,329895,P3,F3,1.0,0.8859108474076263
FFF,2014B,331107,P3,F3,1.0,0.4898529020909092
FFF,2014B,332237,P3,F3,1.0,0.4542955635097272
FFF,2014B,334224,P3,F3,1.0,0.7088348933536993
FFF,2014B,336163,P3,F3,1.0,0.7905489702993286
FFF,2014B,337615,P3,F3,1.0,0.4848172914603113
FFF,2014B,337940,P3,F3,1.0,0.6809371074137988
FFF,2014B,338958,P3,F3,1.0,0.31261410812554485
FFF,2014B,339728,P3,F3,0.0,0.27928275817147113
FFF,2014B,339824,P3,F3,0.0,0.3237362630114102
FFF,2014B,339855,P3,F3,1.0,0.31400015994431735
FFF,2014B,341044,P3,F3,1.0,0.9030745557495079
FFF,2014B,342089,P3,F3,1.0,0.824453874942028
FFF,2014B,342125,P3,F3,0.0,0.7368441602199481
FFF,2014B,342234,P3,F3,0.0,0.22886213617936105
FFF,2014B,342303,P3,F3,1.0,0.6875376724701509
FFF,2014B,344409,P3,F3,0.0,0.30788964184913686
FFF,2014B,344451,P3,F3,0.0,0.16511764652731808
FFF,2014B,345442,P3,F3,1.0,0.4633863739090807
FFF,2014B,345455,P3,F3,1.0,0.942579992475386
FFF,2014B,348378,P3,F3,1.0,0.8358591476566462
FFF,2014B,348855,P3,F3,0.0,0.293496748710024
FFF,2014B,351181,P3,F3,0.0,0.19055544535227328
FFF,2014B,353979,P3,F3,1.0,0.7146225352686625
FFF,2014B,354988,P3,F3,1.0,0.5345220664775585
FFF,2014B,356371,P3,F3,0.0,0.29605789500503554
FFF,2014B,362661,P3,F3,0.0,0.4267209314568867
FFF,2014B,365860,P3,F3,0.0,0.46395808569999064
FFF,2014B,367510,P3,F3,1.0,0.4858721768077113
FFF,2014B,367898,P3,F3,0.0,0.2254418551293299
FFF,2014B,368675,P3,F3,0.0,0.4319184912643535
FFF,2014B,371168,P3,F3,0.0,0.1277922180054148
FFF,2014B,378809,P3,F3,0.0,0.5184454169311808
FFF,2014B,379042,P3,F3,0.0,0.28124062309625775
FFF,2014B,379107,P3,F3,1.0,0.8444455747264532
FFF,2014B,379769,P3,F3,1.0,0.7251292228322417
FFF,2014B,381365,P3,F3,1.0,0.8124237216871276
FFF,2014B,382857,P3,F3,1.0,0.6747604710519203
FFF,2014B,383778,P3,F3,1.0,0.4243839364564035
FFF,2014B,383921,P3,F3,1.0,0.8360885856108227
FFF,2014B,388697,P3,F3,0.0,0.2345091640011656
FFF,2014B,389759,P3,F3,1.0,0.7355596434471111
FFF,2014B,389773,P3,F3,1.0,0.6114492367095339
FFF,2014B,391114,P3,F3,0.0,0.219122293008618
FFF,2014B,392207,P3,F3,1.0,0.1383021639450038
FFF,2014B,395188,P3,F3,1.0,0.4336822318971849
FFF,2014B,395758,P3,F3,1.0,0.2654542886008745
FFF,2014B,395814,P3,F3,1.0,0.911213237075786
FFF,2014B,398439,P3,F3,0.0,0.4861583560332362
FFF,2014B,399863,P3,F3,1.0,0.9268322658596471
FFF,2014B,400252,P3,F3,0.0,0.5718409461818872
FFF,2014B,402200,P3,F3,1.0,0.41091720190906983
FFF,2014B,402449,P3,F3,1.0,0.28374334177369126
FFF,2014B,402502,P3,F3,0.0,0.22462583559735608
FFF,2014B,402806,P3,F3,0.0,0.5499500138220513
FFF,2014B,404170,P3,F3,0.0,0.8983069859182883
FFF,2014B,405192,P3,F3,0.0,0.43230507595587425
FFF,2014B,405775,P3,F3,0.0,0.46292518704282776
FFF,2014B,405963,P3,F3,1.0,0.8995433375007188
FFF,2014B,407500,P3,F3,0.0,0.22581319627038557
FFF,2014B,408105,P3,F3,1.0,0.8384955490059866
FFF,2014B,408353,P3,F3,0.0,0.416085027444071
FFF,2014B,409651,P3,F3,0.0,0.4461726247207873
FFF,2014B,409949,P3,F3,1.0,0.6140634779199035
FFF,2014B,410199,P3,F3,0.0,0.3650797095613902
FFF,2014B,410666,P3,F3,1.0,0.3980794819565309
FFF,2014B,411939,P3,F3,1.0,0.9549442517278274
FFF,2014B,412387,P3,F3,1.0,0.8511333205390299
FFF,2014B,412695,P3,F3,0.0,0.3173976162126573
FFF,2014B,413200,P3,F3,0.0,0.1379070287269031
FFF,2014B,414258,P3,F3,0.0,0.5633030506447089
FFF,2014B,416302,P3,F3,0.0,0.26287038999008067
FFF,2014B,417184,P3,F3,0.0,0.3728947500715246
FFF,2014B,417805,P3,F3,1.0,0.9199986766513449
FFF,2014B,418218,P3,F3,0.0,0.6505927073095227
FFF,2014B,419284,P3,F3,0.0,0.25714572999936103
FFF,2014B,420042,P3,F3,0.0,0.21545741988937508
FFF,2014B,421179,P3,F3,1.0,0.49471985277995695
FFF,2014B,422250,P3,F3,1.0,0.6470479859181062
FFF,2014B,422530,P3,F3,0.0,0.504726677682068
FFF,2014B,422626,P3,F3,0.0,0.6945158774469854
FFF,2014B,422697,P3,F3,0.0,0.13497907608304224
FFF,2014B,423648,P3,F3,1.0,0.5031801640443622
FFF,2014B,425332,P3,F3,1.0,0.40968184933472523
FFF,2014B,428068,P3,F3,1.0,0.9117426474969716
FFF,2014B,429015,P3,F3,0.0,0.3555938380778629
FFF,2014B,430516,P3,F3,1.0,0.3136285889591018
FFF,2014B,430625,P3,F3,1.0,0.6218379245402108
FFF,2014B,431987,P3,F3,0.0,0.17566434582271087
FFF,2014B,435446,P3,F3,0.0,0.31091263064562114
FFF,2014B,436481,P3,F3,0.0,0.29403149995861305
FFF,2014B,436590,P3,F3,0.0,0.4498630955306404
FFF,2014B,437529,P3,F3,1.0,0.9286835124596315
FFF,2014B,438796,P3,F3,0.0,0.1376290886917286
FFF,2014B,439433,P3,F3,0.0,0.6892601940001313
FFF,2014B,439633,P3,F3,0.0,0.27823997334692574
FFF,2014B,439896,P3,F3,1.0,0.4188135762726793
FFF,2014B,440559,P3,F3,0.0,0.3273471908590363
FFF,2014B,441073,P3,F3,1.0,0.8973711715424687
FFF,2014B,442753,P3,F3,1.0,0.6319895126050513
FFF,2014B,443007,P3,F3,0.0,0.24186871590799827
FFF,2014B,444574,P3,F3,1.0,0.3061509379106768
FFF,2014B,444718,P3,F3,1.0,0.6486230668148102
FFF,2014B,445605,P3,F3,1.0,0.8996198472276161
FFF,2014B,445818,P3,F3,1.0,0.33260590308911725
FFF,2014B,445947,P3,F3,1.0,0.7017854065364413
FFF,2014B,465175,P3,F3,0.0,0.9144668545787704
FFF,2014B,465421,P3,F3,0.0,0.38780685897026657
FFF,2014B,466347,P3,F3,1.0,0.5492888815078398
FFF,2014B,466576,P3,F3,1.0,0.4897848231238055
FFF,2014B,467582,P3,F3,0.0,0.5103795118794159
FFF,2014B,468730,P3,F3,1.0,0.3997763200488354
FFF,2014B,469977,P3,F3,0.0,0.27685172138566905
FFF,2014B,470619,P3,F3,0.0,0.17292305243645065
FFF,2014B,472120,P3,F3,0.0,0.46985913095361753
FFF,2014B,472341,P3,F3,1.0,0.12769303929575326
FFF,2014B,472810,P3,F3,1.0,0.6184781565201846
FFF,2014B,474677,P3,F3,1.0,0.6472691212502512
FFF,2014B,475811,P3,F3,0.0,0.29980918557135533
FFF,2014B,476912,P3,F3,1.0,0.9324552389329323
FFF,2014B,477069,P3,F3,1.0,0.9620748651411452
FFF,2014B,477588,P3,F3,0.0,0.4572641979333986
FFF,2014B,477812,P3,F3,0.0,0.9349462007862105
FFF,2014B,477833,P3,F3,1.0,0.43898221381715896
FFF,2014B,478073,P3,F3,0.0,0.46122764796084387
FFF,2014B,479061,P3,F3,0.0,0.38126229492065083
FFF,2014B,481210,P3,F3,1.0,0.8868579952269195
FFF,2014B,482445,P3,F3,1.0,0.8825296252307173
FFF,2014B,482843,P3,F3,0.0,0.3460373303321092
FFF,2014B,483389,P3,F3,0.0,0.34610273543427633
FFF,2014B,483975,P3,F3,0.0,0.4888232793035003
FFF,2014B,484075,P3,F3,0.0,0.27131865441342434
FFF,2014B,484223,P3,F3,0.0,0.20987121640651415
FFF,2014B,484675,P3,F3,1.0,0.9260694930672936
FFF,2014B,485312,P3,F3,0.0,0.27307284982087243
FFF,2014B,485780,P3,F3,0.0,0.30239384813740894
FFF,2014B,487168,P3,F3,1.0,0.3488489984581256
FFF,2014B,487314,P3,F3,0.0,0.08459889114057909
FFF,2014B,488386,P3,F3,1.0,0.6770642644809101
FFF,2014B,488524,P3,F3,0.0,0.15158672414476415
FFF,2014B,488758,P3,F3,1.0,0.88183532042451
FFF,2014B,489137,P3,F3,0.0,0.11875496066137572
FFF,2014B,490154,P3,F3,1.0,0.8532210911967933
FFF,2014B,491011,P3,F3,0.0,0.22827849363854247
FFF,2014B,491486,P3,F3,1.0,0.26313909725615336
FFF,2014B,491548,P3,F3,1.0,0.5562988668850507
FFF,2014B,492088,P3,F3,0.0,0.5437168790924481
FFF,2014B,493760,P3,F3,0.0,0.3065946258277413
FFF,2014B,494433,P3,F3,0.0,0.5450422185736153
FFF,2014B,494818,P3,F3,0.0,0.6709063485600274
FFF,2014B,495580,P3,F3,1.0,0.9039123826520937
FFF,2014B,495618,P3,F3,1.0,0.3954434370895317
FFF,2014B,496590,P3,F3,1.0,0.6187519806488817
FFF,2014B,498006,P3,F3,0.0,0.22914126076780192
FFF,2014B,498266,P3,F3,0.0,0.15891011354310935
FFF,2014B,498636,P3,F3,1.0,0.9368133007848024
FFF,2014B,498828,P3,F3,1.0,0.20067259303619311
FFF,2014B,499813,P3,F3,0.0,0.15662454099328538
FFF,2014B,501302,P3,F3,1.0,0.3420477183293543
FFF,2014B,501421,P3,F3,1.0,0.39876925182464384
FFF,2014B,502150,P3,F3,1.0,0.7632736520456553
FFF,2014B,502501,P3,F3,1.0,0.827487743471057
FFF,2014B,502993,P3,F3,0.0,0.48929666704716807
FFF,2014B,503154,P3,F3,0.0,0.6101344166123015
FFF,2014B,503183,P3,F3,0.0,0.3195132873195056
FFF,2014B,505017,P3,F3,0.0,0.24562952198600466
FFF,2014B,505131,P3,F3,1.0,0.32958754609537855
FFF,2014B,505826,P3,F3,1.0,0.853115213589692
FFF,2014B,506038,P3,F3,0.0,0.13239732675944538
FFF,2014B,506674,P3,F3,1.0,0.6949594046248636
FFF,2014B,507577,P3,F3,1.0,0.8184858533296131
FFF,2014B,509292,P3,F3,1.0,0.5136522456341682
FFF,2014B,509407,P3,F3,1.0,0.7134717083496793
FFF,2014B,509866,P3,F3,1.0,0.9044313344953047
FFF,2014B,510142,P3,F3,1.0,0.6603891140282754
FFF,2014B,510420,P3,F3,0.0,0.4064956423494601
FFF,2014B,510693,P3,F3,1.0,0.5884707312193627
FFF,2014B,511350,P3,F3,1.0,0.5619111415192097
FFF,2014B,511912,P3,F3,0.0,0.3303948532251889
FFF,2014B,512236,P3,F3,1.0,0.5696118373948712
FFF,2014B,513701,P3,F3,0.0,0.18947526722280425
FFF,2014B,515965,P3,F3,1.0,0.6144739985726209
FFF,2014B,516634,P3,F3,0.0,0.12281729187723388
FFF,2014B,516770,P3,F3,0.0,0.9045980895927039
FFF,2014B,516894,P3,F3,1.0,0.9302995189839485
FFF,2014B,517274,P3,F3,0.0,0.5313126334024576
FFF,2014B,517277,P3,F3,0.0,0.7111751396003377
FFF,2014B,518210,P3,F3,0.0,0.17297935682956495
FFF,2014B,518359,P3,F3,0.0,0.20254472724176065
FFF,2014B,521377,P3,F3,1.0,0.873633381134376
FFF,2014B,524296,P3,F3,1.0,0.49492621188400276
FFF,2014B,525874,P3,F3,1.0,0.49975374194044825
FFF,2014B,526303,P3,F3,0.0,0.9117646914269555
FFF,2014B,526821,P3,F3,0.0,0.514998101030586
FFF,2014B,527744,P3,F3,1.0,0.9532140034460023
FFF,2014B,528538,P3,F3,1.0,0.5914623386692329
FFF,2014B,528713,P3,F3,1.0,0.8612342395296239
FFF,2014B,529458,P3,F3,1.0,0.7600121807751781
FFF,2014B,530196,P3,F3,1.0,0.348536940326725
FFF,2014B,532062,P3,F3,1.0,0.9439033762239132
FFF,2014B,532413,P3,F3,0.0,0.5899718631903355
FFF,2014B,532575,P3,F3,1.0,0.6925543122114928
FFF,2014B,533140,P3,F3,1.0,0.8634654382637138
FFF,2014B,533141,P3,F3,1.0,0.46903690571134266
FFF,2014B,533198,P3,F3,1.0,0.8944881890898019
FFF,2014B,533217,P3,F3,0.0,0.4942071383990141
FFF,2014B,534318,P3,F3,1.0,0.42263873241223665
FFF,2014B,536636,P3,F3,1.0,0.5776355153415018
FFF,2014B,537322,P3,F3,1.0,0.5464201621350505
FFF,2014B,537703,P3,F3,0.0,0.14391483772915933
FFF,2014B,537938,P3,F3,0.0,0.33676377305973637
FFF,2014B,539401,P3,F3,1.0,0.8928754487200548
FFF,2014B,539444,P3,F3,0.0,0.178553828828072
FFF,2014B,539922,P3,F3,0.0,0.8196658476773955
FFF,2014B,540909,P3,F3,1.0,0.6726094602771303
FFF,2014B,541281,P3,F3,1.0,0.5003411142513505
FFF,2014B,541327,P3,F3,1.0,0.8959971680514993
FFF,2014B,542287,P3,F3,0.0,0.5552155347473119
FFF,2014B,542557,P3,F3,0.0,0.08712724903492873
FFF,2014B,543686,P3,F3,0.0,0.18609024852783412
FFF,2014B,544108,P3,F3,0.0,0.6172510362946069
FFF,2014B,544140,P3,F3,1.0,0.482136419033235
FFF,2014B,544271,P3,F3,0.0,0.6034577305988378
FFF,2014B,544593,P3,F3,1.0,0.8089859628661845
FFF,2014B,545119,P3,F3,0.0,0.9012341031779002
FFF,2014B,545637,P3,F3,0.0,0.4513461557481872
FFF,2014B,545741,P3,F3,0.0,0.3477068508447754
FFF,2014B,546071,P3,F3,0.0,0.33936125635599945
FFF,2014B,546394,P3,F3,1.0,0.4544420881426817
FFF,2014B,546627,P3,F3,0.0,0.4199253623134358
FFF,2014B,546961,P3,F3,0.0,0.33490304953815936
FFF,2014B,547128,P3,F3,0.0,0.91855958973478
FFF,2014B,547413,P3,F3,1.0,0.31558413898921756
FFF,2014B,547506,P3,F3,0.0,0.2681900064954924
FFF,2014B,547569,P3,F3,1.0,0.2783034931397832
FFF,2014B,547680,P3,F3,0.0,0.4632848594129382
FFF,2014B,547884,P3,F3,1.0,0.9229289454440811
FFF,2014B,548424,P3,F3,0.0,0.40530718327680365
FFF,2014B,548573,P3,F3,1.0,0.9062235199606916
FFF,2014B,548926,P3,F3,1.0,0.5906291306959072
FFF,2014B,549792,P3,F3,1.0,0.8511611012624664
FFF,2014B,550003,P3,F3,1.0,0.8445829109257036
FFF,2014B,550038,P3,F3,0.0,0.6034252846269988
FFF,2014B,550097,P3,F3,0.0,0.44315230099874164
FFF,2014B,550246,P3,F3,1.0,0.9645746918427767
FFF,2014B,550498,P3,F3,1.0,0.5093581946221638
FFF,2014B,550903,P3,F3,0.0,0.08263919597701641
FFF,2014B,550925,P3,F3,0.0,0.4103350098584406
FFF,2014B,551636,P3,F3,1.0,0.9547854007921635
FFF,2014B,552284,P3,F3,0.0,0.9557814992844189
FFF,2014B,552395,P3,F3,1.0,0.8934235849292148
FFF,2014B,552648,P3,F3,0.0,0.5434920767935841
FFF,2014B,553032,P3,F3,1.0,0.3670945545341562
FFF,2014B,553160,P3,F3,1.0,0.3847878449347871
FFF,2014B,554881,P3,F3,0.0,0.5852219316457501
FFF,2014B,555691,P3,F3,1.0,0.7301732966208179
FFF,2014B,555929,P3,F3,0.0,0.6596287840547698
FFF,2014B,556126,P3,F3,1.0,0.30316761680878707
FFF,2014B,556140,P3,F3,0.0,0.5438274934727123
FFF,2014B,556492,P3,F3,1.0,0.7603214984564596
FFF,2014B,557469,P3,F3,0.0,0.8903864605508361
FFF,2014B,557650,P3,F3,0.0,0.6062130312737662
FFF,2014B,557708,P3,F3,1.0,0.525095508028901
FFF,2014B,557894,P3,F3,1.0,0.8748203608435897
FFF,2014B,558105,P3,F3,0.0,0.7539467520035781
FFF,2014B,558121,P3,F3,0.0,0.6656633459918366
FFF,2014B,558244,P3,F3,1.0,0.9037755458744599
FFF,2014B,558284,P3,F3,1.0,0.8858895584709748
FFF,2014B,558404,P3,F3,1.0,0.4221880567572396
FFF,2014B,559449,P3,F3,1.0,0.7502356437962929
FFF,2014B,559876,P3,F3,0.0,0.46588686878479413
FFF,2014B,560168,P3,F3,1.0,0.49054970100237405
FFF,2014B,560399,P3,F3,0.0,0.20977258814288238
FFF,2014B,560496,P3,F3,0.0,0.9063423843180161
FFF,2014B,560595,P3,F3,1.0,0.37385119805399375
FFF,2014B,560685,P3,F3,1.0,0.5865205149682498
FFF,2014B,561009,P3,F3,0.0,0.440158691071576
FFF,2014B,561215,P3,F3,1.0,0.2812036429644483
FFF,2014B,561799,P3,F3,1.0,0.9235086137346313
FFF,2014B,562064,P3,F3,1.0,0.8451682757893281
FFF,2014B,562917,P3,F3,1.0,0.7308140013883366
FFF,2014B,563823,P3,F3,0.0,0.15699198327619093
FFF,2014B,564632,P3,F3,1.0,0.4169437278645377
FFF,2014B,565109,P3,F3,0.0,0.2985726335466433
FFF,2014B,565348,P3,F3,1.0,0.3055840176138879
FFF,2014B,565373,P3,F3,0.0,0.5676168006625036
FFF,2014B,565469,P3,F3,1.0,0.7237289006709803
FFF,2014B,565526,P3,F3,1.0,0.8714454398369468
FFF,2014B,566460,P3,F3,1.0,0.4421016664037977
FFF,2014B,567629,P3,F3,0.0,0.33500480631670293
FFF,2014B,567681,P3,F3,1.0,0.913791708462071
FFF,2014B,567859,P3,F3,1.0,0.6252061555314755
FFF,2014B,567873,P3,F3,0.0,0.23771936913665143
FFF,2014B,568954,P3,F3,0.0,0.47218037078423614
FFF,2014B,569065,P3,F3,0.0,0.40986086433091123
FFF,2014B,569729,P3,F3,1.0,0.9186781742373226
FFF,2014B,569783,P3,F3,1.0,0.3066863661979268
FFF,2014B,570264,P3,F3,1.0,0.30872369079786677
FFF,2014B,571050,P3,F3,0.0,0.27198506555418334
FFF,2014B,571190,P3,F3,0.0,0.3597690277656693
FFF,2014B,571316,P3,F3,0.0,0.32329848827406965
FFF,2014B,571815,P3,F3,1.0,0.48990793771203084
FFF,2014B,571844,P3,F3,0.0,0.9431587304568784
FFF,2014B,571962,P3,F3,0.0,0.736211652144518
FFF,2014B,572154,P3,F3,0.0,0.18089727253482676
FFF,2014B,572367,P3,F3,1.0,0.7245756154120991
FFF,2014B,572395,P3,F3,1.0,0.7041085693128636
FFF,2014B,572716,P3,F3,0.0,0.3084426822876497
FFF,2014B,572804,P3,F3,1.0,0.8308634422564736
FFF,2014B,572832,P3,F3,0.0,0.5690831799862904
FFF,2014B,572870,P3,F3,0.0,0.13842962051272623
FFF,2014B,573549,P3,F3,0.0,0.5406010102993571
FFF,2014B,574028,P3,F3,0.0,0.43037240627225787
FFF,2014B,574605,P3,F3,1.0,0.39924857701230426
FFF,2014B,574663,P3,F3,1.0,0.9310391067228557
FFF,2014B,574671,P3,F3,0.0,0.22912888091337372
FFF,2014B,574815,P3,F3,1.0,0.9525185889111015
FFF,2014B,576159,P3,F3,0.0,0.2996900353894815
FFF,2014B,577142,P3,F3,1.0,0.3227921053546153
FFF,2014B,577600,P3,F3,1.0,0.9415078716899239
FFF,2014B,578022,P3,F3,1.0,0.48169247168019425
FFF,2014B,578258,P3,F3,1.0,0.9694901769301268
FFF,2014B,578754,P3,F3,0.0,0.3822361813493536
FFF,2014B,578764,P3,F3,0.0,0.3830160972416813
FFF,2014B,579081,P3,F3,0.0,0.2782515030478814
FFF,2014B,579376,P3,F3,0.0,0.35136094991114786
FFF,2014B,580425,P3,F3,1.0,0.36453718569873095
FFF,2014B,581065,P3,F3,1.0,0.5335502644670657
FFF,2014B,581520,P3,F3,1.0,0.38115916740346595
FFF,2014B,581598,P3,F3,0.0,0.26478217066151727
FFF,2014B,581772,P3,F3,1.0,0.9608321861213037
FFF,2014B,582553,P3,F3,1.0,0.5134994792835768
FFF,2014B,582629,P3,F3,1.0,0.9382418659665461
FFF,2014B,583056,P3,F3,1.0,0.49301125959751346
FFF,2014B,583138,P3,F3,1.0,0.41896990253522476
FFF,2014B,584184,P3,F3,0.0,0.23782567886320757
FFF,2014B,584571,P3,F3,1.0,0.806320523585411
FFF,2014B,584842,P3,F3,0.0,0.27285947592620735
FFF,2014B,584884,P3,F3,1.0,0.3998406281910494
FFF,2014B,584990,P3,F3,1.0,0.6611991394442363
FFF,2014B,585454,P3,F3,0.0,0.5720392065315937
FFF,2014B,585921,P3,F3,0.0,0.2446123704225467
FFF,2014B,586351,P3,F3,1.0,0.9481758749821222
FFF,2014B,586506,P3,F3,1.0,0.9828915439980725
FFF,2014B,586543,P3,F3,1.0,0.8843553504393555
FFF,2014B,586592,P3,F3,0.0,0.3867978105762992
FFF,2014B,586917,P3,F3,0.0,0.5403766898494485
FFF,2014B,587195,P3,F3,1.0,0.6873988102219658
FFF,2014B,587600,P3,F3,0.0,0.8459575719127598
FFF,2014B,587696,P3,F3,1.0,0.929345969481334
FFF,2014B,588107,P3,F3,1.0,0.7872403209462508
FFF,2014B,588145,P3,F3,0.0,0.40663944603589913
FFF,2014B,588436,P3,F3,1.0,0.8078721463325004
FFF,2014B,588913,P3,F3,1.0,0.17691731292267324
FFF,2014B,589016,P3,F3,0.0,0.5400232158787793
FFF,2014B,589029,P3,F3,0.0,0.4210975681395958
FFF,2014B,589449,P3,F3,0.0,0.28686905331790835
FFF,2014B,589454,P3,F3,0.0,0.32830398419348983
FFF,2014B,589469,P3,F3,1.0,0.45310437647962293
FFF,2014B,589548,P3,F3,0.0,0.4969759639933647
FFF,2014B,589565,P3,F3,0.0,0.2542219392326156
FFF,2014B,589798,P3,F3,1.0,0.6796191501223819
FFF,2014B,590018,P3,F3,0.0,0.6234264488947164
FFF,2014B,590508,P3,F3,0.0,0.14622085561941336
FFF,2014B,590543,P3,F3,1.0,0.45102083637735874
FFF,2014B,590548,P3,F3,1.0,0.9369445577825833
FFF,2014B,590604,P3,F3,1.0,0.9394420200394362
FFF,2014B,590970,P3,F3,0.0,0.5803747493087454
FFF,2014B,591111,P3,F3,1.0,0.4693101779432167
FFF,2014B,591132,P3,F3,1.0,0.9282168754528018
FFF,2014B,591318,P3,F3,1.0,0.6397881262542632
FFF,2014B,591550,P3,F3,1.0,0.8322907925788086
FFF,2014B,591946,P3,F3,1.0,0.3787788790917384
FFF,2014B,592422,P3,F3,1.0,0.43307702474650117
FFF,2014B,592632,P3,F3,1.0,0.18221350331008632
FFF,2014B,592766,P3,F3,0.0,0.2947804739964638
FFF,2014B,592939,P3,F3,1.0,0.3469928360709806
FFF,2014B,593206,P3,F3,1.0,0.48249079705109144
FFF,2014B,593220,P3,F3,1.0,0.4457254838559496
FFF,2014B,593617,P3,F3,1.0,0.3704942213565195
FFF,2014B,594136,P3,F3,0.0,0.5081731229485914
FFF,2014B,594258,P3,F3,1.0,0.8268128731011244
FFF,2014B,594374,P3,F3,1.0,0.7157140219827036
FFF,2014B,594636,P3,F3,1.0,0.7184775500600508
FFF,2014B,594909,P3,F3,0.0,0.5108909472047866
FFF,2014B,595186,P3,F3,1.0,0.4644939548226139
FFF,2014B,595428,P3,F3,1.0,0.7854938606868949
FFF,2014B,595895,P3,F3,1.0,0.9123815878781039
FFF,2014B,595935,P3,F3,0.0,0.8660236578234056
FFF,2014B,595978,P3,F3,1.0,0.9254456941459523
FFF,2014B,596243,P3,F3,1.0,0.8698501098696702
FFF,2014B,596482,P3,F3,0.0,0.21627340778846307
FFF,2014B,596601,P3,F3,0.0,0.5793748272496876
FFF,2014B,596663,P3,F3,1.0,0.45704579683064545
FFF,2014B,596699,P3,F3,1.0,0.5438644892992806
FFF,2014B,596953,P3,F3,1.0,0.5842274460602292
FFF,2014B,597234,P3,F3,0.0,0.19278902115818883
FFF,2014B,597359,P3,F3,1.0,0.19487920131236872
FFF,2014B,597378,P3,F3,1.0,0.4349676034334955
FFF,2014B,597386,P3,F3,1.0,0.8947128183847336
FFF,2014B,597426,P3,F3,1.0,0.6062714640486829
FFF,2014B,597495,P3,F3,1.0,0.3526441041043095
FFF,2014B,597662,P3,F3,0.0,0.3128442356004204
FFF,2014B,597761,P3,F3,1.0,0.8082230732993125
FFF,2014B,598113,P3,F3,0.0,0.3914669248220476
FFF,2014B,598300,P3,F3,1.0,0.933253457499625
FFF,2014B,598353,P3,F3,1.0,0.6781216745514216
FFF,2014B,598571,P3,F3,0.0,0.2078825749227608
FFF,2014B,598642,P3,F3,0.0,0.5850344802960709
FFF,2014B,598713,P3,F3,0.0,0.18248563381898886
FFF,2014B,599048,P3,F3,0.0,0.3332401704539081
FFF,2014B,599105,P3,F3,1.0,0.9430926421443446
FFF,2014B,599117,P3,F3,1.0,0.8510332828796061
FFF,2014B,599398,P3,F3,0.0,0.31419479003908224
FFF,2014B,599740,P3,F3,0.0,0.4339052749318683
FFF,2014B,599812,P3,F3,1.0,0.41983564758956526
FFF,2014B,600292,P3,F3,0.0,0.38194133723276896
FFF,2014B,600388,P3,F3,0.0,0.13105109293791256
FFF,2014B,600397,P3,F3,1.0,0.9549587864114393
FFF,2014B,600702,P3,F3,0.0,0.884068744702156
FFF,2014B,600893,P3,F3,1.0,0.5497033424311798
FFF,2014B,601155,P3,F3,1.0,0.8417647363767788
FFF,2014B,601266,P3,F3,1.0,0.9096731419157011
FFF,2014B,601345,P3,F3,1.0,0.9173619455297336
FFF,2014B,601375,P3,F3,0.0,0.5813125753047053
FFF,2014B,601560,P3,F3,1.0,0.6232344698558505
FFF,2014B,601735,P3,F3,0.0,0.5922961763612613
FFF,2014B,602571,P3,F3,1.0,0.34662016832805387
FFF,2014B,602672,P3,F3,1.0,0.42118806488666727
FFF,2014B,602681,P3,F3,0.0,0.1439054759532676
FFF,2014B,602818,P3,F3,1.0,0.4559348377520849
FFF,2014B,602854,P3,F3,0.0,0.30372012730054676
FFF,2014B,602862,P3,F3,0.0,0.2068601600436543
FFF,2014B,603111,P3,F3,0.0,0.8507258659375094
FFF,2014B,603163,P3,F3,0.0,0.3156137591180748
FFF,2014B,603319,P3,F3,1.0,0.2666322756998016
FFF,2014B,603483,P3,F3,1.0,0.9011818603900115
FFF,2014B,603539,P3,F3,0.0,0.24579758061395285
FFF,2014B,603694,P3,F3,1.0,0.38249921353029365
FFF,2014B,603848,P3,F3,1.0,0.9066076887379597
FFF,2014B,603972,P3,F3,1.0,0.33680746647080356
FFF,2014B,604174,P3,F3,0.0,0.3754565329486047
FFF,2014B,604234,P3,F3,1.0,0.4312603648813866
FFF,2014B,604293,P3,F3,1.0,0.29493606176122755
FFF,2014B,604326,P3,F3,1.0,0.9318920925443127
FFF,2014B,604338,P3,F3,0.0,0.13386935400688385
FFF,2014B,604698,P3,F3,0.0,0.38946243050982465
FFF,2014B,604969,P3,F3,1.0,0.863687631124249
FFF,2014B,605312,P3,F3,0.0,0.312584159746318
FFF,2014B,605370,P3,F3,1.0,0.7806834674739181
FFF,2014B,605475,P3,F3,0.0,0.482384663193783
FFF,2014B,605493,P3,F3,0.0,0.28468770886712663
FFF,2014B,605522,P3,F3,1.0,0.6178151090378469
FFF,2014B,606713,P3,F3,0.0,0.31912316838400767
FFF,2014B,606870,P3,F3,0.0,0.31919450028522267
FFF,2014B,606911,P3,F3,1.0,0.9741870419509137
FFF,2014B,606935,P3,F3,1.0,0.902590298362312
FFF,2014B,606967,P3,F3,1.0,0.7990400783258461
FFF,2014B,606976,P3,F3,0.0,0.33838995663230836
FFF,2014B,606977,P3,F3,0.0,0.5209459219307051
FFF,2014B,607453,P3,F3,0.0,0.37731311851481647
FFF,2014B,607702,P3,F3,1.0,0.7110014239909012
FFF,2014B,607896,P3,F3,0.0,0.6006443954316263
FFF,2014B,607899,P3,F3,1.0,0.5446597633019454
FFF,2014B,608111,P3,F3,1.0,0.8224962485105712
FFF,2014B,608727,P3,F3,1.0,0.5006225838847751
FFF,2014B,608864,P3,F3,1.0,0.7572046556615835
FFF,2014B,608891,P3,F3,0.0,0.21010903001708522
FFF,2014B,609171,P3,F3,1.0,0.43323243664478717
FFF,2014B,609347,P3,F3,1.0,0.5654886397638104
FFF,2014B,609868,P3,F3,1.0,0.5793417606727002
FFF,2014B,609891,P3,F3,0.0,0.6777394539812069
FFF,2014B,610094,P3,F3,0.0,0.7776651909456642
FFF,2014B,610267,P3,F3,1.0,0.8986071153083561
FFF,2014B,610272,P3,F3,0.0,0.3175958474159152
FFF,2014B,610273,P3,F3,0.0,0.5783819410750066
FFF,2014B,610771,P3,F3,0.0,0.8277879633487125
FFF,2014B,610775,P3,F3,0.0,0.3642729501605544
FFF,2014B,610778,P3,F3,1.0,0.2718577287078009
FFF,2014B,610992,P3,F3,0.0,0.39408578491858176
FFF,2014B,611185,P3,F3,0.0,0.3885256748481467
FFF,2014B,611245,P3,F3,1.0,0.7058367151719002
FFF,2014B,611350,P3,F3,0.0,0.4300437560806068
FFF,2014B,611427,P3,F3,1.0,0.4053511233367402
FFF,2014B,611517,P3,F3,1.0,0.29251009946550177
FFF,2014B,611542,P3,F3,0.0,0.2822737042891868
FFF,2014B,611595,P3,F3,0.0,0.29574562145441136
FFF,2014B,611635,P3,F3,0.0,0.3811195703813482
FFF,2014B,611714,P3,F3,1.0,0.8712112324517642
FFF,2014B,611763,P3,F3,0.0,0.32549813988811366
FFF,2014B,611798,P3,F3,1.0,0.18633899802056364
FFF,2014B,611813,P3,F3,0.0,0.2597219117117921
FFF,2014B,611855,P3,F3,1.0,0.8559603084245256
FFF,2014B,611905,P3,F3,1.0,0.9791447602223757
FFF,2014B,612248,P3,F3,0.0,0.1634179242377832
FFF,2014B,612506,P3,F3,1.0,0.9429153574494923
FFF,2014B,612528,P3,F3,0.0,0.34402152724877294
FFF,2014B,612530,P3,F3,0.0,0.2952825683525814
FFF,2014B,612535,P3,F3,0.0,0.3902205579062528
FFF,2014B,612538,P3,F3,0.0,0.3555281976935314
FFF,2014B,612539,P3,F3,0.0,0.295228606248847
FFF,2014B,612540,P3,F3,0.0,0.2963849745857053
FFF,2014B,612542,P3,F3,0.0,0.3618318620292013
FFF,2014B,612543,P3,F3,0.0,0.38696858575405035
FFF,2014B,612545,P3,F3,0.0,0.4506395051600691
FFF,2014B,612547,P3,F3,0.0,0.3626713712066829
FFF,2014B,612549,P3,F3,0.0,0.4673482964919554
FFF,2014B,612598,P3,F3,1.0,0.26653134466993006
FFF,2014B,612607,P3,F3,1.0,0.3381928944611253
FFF,2014B,612638,P3,F3,1.0,0.3370666298740958
FFF,2014B,612740,P3,F3,1.0,0.35499957988082387
FFF,2014B,612743,P3,F3,1.0,0.8920247997729953
FFF,2014B,612880,P3,F3,1.0,0.7660655484115998
FFF,2014B,612982,P3,F3,1.0,0.46187023919677744
FFF,2014B,613013,P3,F3,1.0,0.3454844684141939
FFF,2014B,613152,P3,F3,1.0,0.33439617615241884
FFF,2014B,613226,P3,F3,1.0,0.5547172976265101
FFF,2014B,613255,P3,F3,0.0,0.5116493123377959
FFF,2014B,613281,P3,F3,1.0,0.8627504947244579
FFF,2014B,613417,P3,F3,1.0,0.8973505647455415
FFF,2014B,613447,P3,F3,1.0,0.751810741244423
FFF,2014B,613459,P3,F3,1.0,0.2062822558039087
FFF,2014B,613461,P3,F3,0.0,0.45656075496341997
FFF,2014B,613464,P3,F3,0.0,0.3833880937905401
FFF,2014B,613574,P3,F3,1.0,0.5010807144124134
FFF,2014B,613593,P3,F3,1.0,0.3683523455301814
FFF,2014B,613630,P3,F3,0.0,0.5294380367072803
FFF,2014B,613676,P3,F3,1.0,0.38755587455003976
FFF,2014B,613677,P3,F3,1.0,0.5988803271026273
FFF,2014B,613717,P3,F3,1.0,0.429132541979344
FFF,2014B,613865,P3,F3,0.0,0.13418037147781584
FFF,2014B,613900,P3,F3,0.0,0.3713080255885754
FFF,2014B,613928,P3,F3,1.0,0.49035105755936337
FFF,2014B,613952,P3,F3,0.0,0.29718555932841667
FFF,2014B,614059,P3,F3,1.0,0.7323051398972823
FFF,2014B,614083,P3,F3,1.0,0.36846552163361523
FFF,2014B,614163,P3,F3,0.0,0.24054008652022857
FFF,2014B,614172,P3,F3,1.0,0.5237851636391138
FFF,2014B,614181,P3,F3,0.0,0.30289320262943276
FFF,2014B,614381,P3,F3,1.0,0.37513114156681976
FFF,2014B,614599,P3,F3,1.0,0.5109483868263887
FFF,2014B,614730,P3,F3,1.0,0.5244791236841082
FFF,2014B,614733,P3,F3,1.0,0.946338008501046
FFF,2014B,614764,P3,F3,0.0,0.3417427539445535
FFF,2014B,614801,P3,F3,1.0,0.23575228981292984
FFF,2014B,614812,P3,F3,1.0,0.5150572618241243
FFF,2014B,614887,P3,F3,0.0,0.46283805539467665
FFF,2014B,614973,P3,F3,1.0,0.93552520875986
FFF,2014B,614994,P3,F3,1.0,0.7965014810144703
FFF,2014B,615225,P3,F3,0.0,0.2521820420962001
FFF,2014B,615241,P3,F3,0.0,0.5731548686488368
FFF,2014B,615426,P3,F3,1.0,0.15517838135084808
FFF,2014B,615429,P3,F3,1.0,0.5326465446924982
FFF,2014B,615439,P3,F3,0.0,0.33111350326098177
FFF,2014B,616383,P3,F3,0.0,0.1738111329876736
FFF,2014B,616453,P3,F3,1.0,0.5487190284408366
FFF,2014B,616613,P3,F3,1.0,0.5485432159539142
FFF,2014B,616646,P3,F3,0.0,0.252302265515592
FFF,2014B,616688,P3,F3,0.0,0.166872677189331
FFF,2014B,616789,P3,F3,0.0,0.30019550599279016
FFF,2014B,616794,P3,F3,1.0,0.5971821007430463
FFF,2014B,616909,P3,F3,1.0,0.579682975141162
FFF,2014B,616913,P3,F3,0.0,0.3891092395890142
FFF,2014B,617010,P3,F3,1.0,0.44070114092787877
FFF,2014B,617014,P3,F3,0.0,0.5735622406116393
FFF,2014B,617018,P3,F3,1.0,0.610258503023934
FFF,2014B,617053,P3,F3,1.0,0.660821001724001
FFF,2014B,617130,P3,F3,1.0,0.37142081722885434
FFF,2014B,617201,P3,F3,0.0,0.40327311572879526
FFF,2014B,617318,P3,F3,0.0,0.2614881204304145
FFF,2014B,617343,P3,F3,1.0,0.3132399180661449
FFF,2014B,617358,P3,F3,1.0,0.17031058150380252
FFF,2014B,617382,P3,F3,0.0,0.45720481704783217
FFF,2014B,617437,P3,F3,1.0,0.28647351354241446
FFF,2014B,617534,P3,F3,0.0,0.9076710054960048
FFF,2014B,617535,P3,F3,1.0,0.9410720813262445
FFF,2014B,617540,P3,F3,1.0,0.8858822097032438
FFF,2014B,617543,P3,F3,1.0,0.7379682243999142
FFF,2014B,617564,P3,F3,1.0,0.8960992270497818
FFF,2014B,617638,P3,F3,1.0,0.889501176269982
FFF,2014B,617678,P3,F3,0.0,0.38706267802094957
FFF,2014B,617734,P3,F3,0.0,0.3983974111106943
FFF,2014B,617740,P3,F3,0.0,0.2628418185641011
FFF,2014B,617751,P3,F3,0.0,0.349627604326301
FFF,2014B,617805,P3,F3,0.0,0.3622503811322663
FFF,2014B,617829,P3,F3,0.0,0.33150755925106623
FFF,2014B,617868,P3,F3,0.0,0.3512585920250706
FFF,2014B,617945,P3,F3,1.0,0.8930365392302009
FFF,2014B,617965,P3,F3,0.0,0.3159211821541474
FFF,2014B,617976,P3,F3,0.0,0.18269560323096729
FFF,2014B,617998,P3,F3,0.0,0.3124065687822348
FFF,2014B,618004,P3,F3,0.0,0.31649434665515785
FFF,2014B,618005,P3,F3,0.0,0.2710223339596084
FFF,2014B,618015,P3,F3,0.0,0.20246250659489265
FFF,2014B,618124,P3,F3,1.0,0.4350994844047826
FFF,2014B,618216,P3,F3,0.0,0.18974153664475732
FFF,2014B,618279,P3,F3,1.0,0.4406548244824443
FFF,2014B,618280,P3,F3,0.0,0.13467569677012306
FFF,2014B,618293,P3,F3,0.0,0.20093625209745228
FFF,2014B,618390,P3,F3,1.0,0.6182661945179938
FFF,2014B,618397,P3,F3,0.0,0.3759483431123613
FFF,2014B,618412,P3,F3,0.0,0.21174992436690757
FFF,2014B,618513,P3,F3,0.0,0.7252337455316217
FFF,2014B,618519,P3,F3,0.0,0.15650265061545363
FFF,2014B,618590,P3,F3,0.0,0.4696775305809684
FFF,2014B,618662,P3,F3,1.0,0.30809048571259595
FFF,2014B,618665,P3,F3,1.0,0.7206476032506859
FFF,2014B,618667,P3,F3,1.0,0.3815648453712841
FFF,2014B,618744,P3,F3,1.0,0.3276671083316399
FFF,2014B,618843,P3,F3,1.0,0.9389465764270123
FFF,2014B,618875,P3,F3,0.0,0.3315726769982828
FFF,2014B,618903,P3,F3,1.0,0.8512934005618594
FFF,2014B,618914,P3,F3,0.0,0.09743983826317247
FFF,2014B,618925,P3,F3,1.0,0.8691813818650829
FFF,2014B,618942,P3,F3,1.0,0.46595730803168844
FFF,2014B,619001,P3,F3,1.0,0.647791928543407
FFF,2014B,619112,P3,F3,1.0,0.3240763829879283
FFF,2014B,619118,P3,F3,1.0,0.4323424175633228
FFF,2014B,619341,P3,F3,0.0,0.38152898229431403
FFF,2014B,619410,P3,F3,0.0,0.368671266366061
FFF,2014B,619461,P3,F3,0.0,0.16344627729810082
FFF,2014B,619921,P3,F3,1.0,0.573469083774264
FFF,2014B,619974,P3,F3,1.0,0.4300180861813033
FFF,2014B,620004,P3,F3,1.0,0.370151485878325
FFF,2014B,620081,P3,F3,0.0,0.30376470230659547
FFF,2014B,620112,P3,F3,1.0,0.8805253605388966
FFF,2014B,620200,P3,F3,0.0,0.12820099146802585
FFF,2014B,620277,P3,F3,1.0,0.21378664094741673
FFF,2014B,620320,P3,F3,1.0,0.5981736136778815
FFF,2014B,620399,P3,F3,1.0,0.4559705639562779
FFF,2014B,620423,P3,F3,1.0,0.7167727988197485
FFF,2014B,620473,P3,F3,0.0,0.2030362414428852
FFF,2014B,620498,P3,F3,1.0,0.9258054752942446
FFF,2014B,620801,P3,F3,0.0,0.26779845891311993
FFF,2014B,620819,P3,F3,0.0,0.29654174454144233
FFF,2014B,620933,P3,F3,1.0,0.8673090934432003
FFF,2014B,621345,P3,F3,0.0,0.33018062822970257
FFF,2014B,621370,P3,F3,1.0,0.4336586025789017
FFF,2014B,621433,P3,F3,1.0,0.8442156280832102
FFF,2014B,621436,P3,F3,0.0,0.4437170595022754
FFF,2014B,621441,P3,F3,0.0,0.42412727749470697
FFF,2014B,621464,P3,F3,1.0,0.7809548795942762
FFF,2014B,621475,P3,F3,0.0,0.5170072283728792
FFF,2014B,621531,P3,F3,0.0,0.8056616719637548
FFF,2014B,621580,P3,F3,0.0,0.2874036503770092
FFF,2014B,621682,P3,F3,1.0,0.9142927158605836
FFF,2014B,621690,P3,F3,1.0,0.35005673364544454
FFF,2014B,621696,P3,F3,0.0,0.4104181284427471
FFF,2014B,621698,P3,F3,1.0,0.9403309759196895
FFF,2014B,621722,P3,F3,0.0,0.23130247335869608
FFF,2014B,621741,P3,F3,1.0,0.8927243084227916
FFF,2014B,621881,P3,F3,0.0,0.376160650615079
FFF,2014B,621909,P3,F3,1.0,0.9003919317495661
FFF,2014B,621952,P3,F3,0.0,0.4019402144317113
FFF,2014B,621971,P3,F3,0.0,0.2779320875011405
FFF,2014B,621998,P3,F3,0.0,0.3709405842963149
FFF,2014B,622096,P3,F3,0.0,0.47464724754953835
FFF,2014B,622130,P3,F3,1.0,0.9324523174498003
FFF,2014B,622218,P3,F3,1.0,0.551980857320873
FFF,2014B,622278,P3,F3,0.0,0.5252515792775033
FFF,2014B,622374,P3,F3,0.0,0.05483133270806951
FFF,2014B,622392,P3,F3,1.0,0.5293187528243956
FFF,2014B,622430,P3,F3,1.0,0.6611190064106715
FFF,2014B,622442,P3,F3,0.0,0.34064634767496077
FFF,2014B,622639,P3,F3,1.0,0.5392523877622852
FFF,2014B,622686,P3,F3,0.0,0.4414697425471732
FFF,2014B,622701,P3,F3,0.0,0.4738645490207848
FFF,2014B,622859,P3,F3,0.0,0.47022602871988534
FFF,2014B,622918,P3,F3,1.0,0.6129051619782806
FFF,2014B,622935,P3,F3,0.0,0.5262151942129322
FFF,2014B,622976,P3,F3,0.0,0.17817460496872975
FFF,2014B,623138,P3,F3,1.0,0.9132446724567556
FFF,2014B,623180,P3,F3,0.0,0.5775702301938218
FFF,2014B,623263,P3,F3,1.0,0.8152602367162674
FFF,2014B,623314,P3,F3,0.0,0.188665286967326
FFF,2014B,623352,P3,F3,1.0,0.8361517949432309
FFF,2014B,623366,P3,F3,1.0,0.5464604198928737
FFF,2014B,623419,P3,F3,1.0,0.7426286950589186
FFF,2014B,623433,P3,F3,0.0,0.3764120662700529
FFF,2014B,623438,P3,F3,0.0,0.3529294075858314
FFF,2014B,623456,P3,F3,1.0,0.45484759154254806
FFF,2014B,623474,P3,F3,1.0,0.3999277198269922
FFF,2014B,623496,P3,F3,1.0,0.4176546507973677
FFF,2014B,623537,P3,F3,0.0,0.10967934690915739
FFF,2014B,623542,P3,F3,1.0,0.27943488249814447
FFF,2014B,623554,P3,F3,1.0,0.3966589174492736
FFF,2014B,623568,P3,F3,1.0,0.8857897072226681
FFF,2014B,623579,P3,F3,0.0,0.8438076796814001
FFF,2014B,623687,P3,F3,0.0,0.1375259667329305
FFF,2014B,623786,P3,F3,1.0,0.7286585497833068
FFF,2014B,623924,P3,F3,0.0,0.2552943148762492
FFF,2014B,623948,P3,F3,0.0,0.20751574798695302
FFF,2014B,624014,P3,F3,1.0,0.3970755110087863
FFF,2014B,624152,P3,F3,1.0,0.3482927852329623
FFF,2014B,624178,P3,F3,0.0,0.3792156136000538
FFF,2014B,624187,P3,F3,1.0,0.6774850278732096
FFF,2014B,624197,P3,F3,0.0,0.39490351760645914
FFF,2014B,624259,P3,F3,1.0,0.9400648162691786
FFF,2014B,624344,P3,F3,0.0,0.3777880196539344
FFF,2014B,624376,P3,F3,1.0,0.38746103023392026
FFF,2014B,624499,P3,F3,1.0,0.426842531893988
FFF,2014B,624556,P3,F3,1.0,0.3364563137739362
FFF,2014B,624586,P3,F3,0.0,0.3691537703534382
FFF,2014B,624591,P3,F3,0.0,0.27032225597296533
FFF,2014B,624718,P3,F3,1.0,0.8703690025894256
FFF,2014B,624751,P3,F3,0.0,0.20719336113847758
FFF,2014B,624763,P3,F3,0.0,0.32032483234407066
FFF,2014B,624772,P3,F3,1.0,0.47388902477889944
FFF,2014B,624773,P3,F3,0.0,0.6169617611088504
FFF,2014B,624946,P3,F3,0.0,0.5349960522328371
FFF,2014B,624967,P3,F3,1.0,0.25411843256020705
FFF,2014B,624975,P3,F3,1.0,0.5979400889123604
FFF,2014B,624981,P3,F3,0.0,0.5050161293685054
FFF,2014B,625004,P3,F3,1.0,0.28993693371854085
FFF,2014B,625034,P3,F3,1.0,0.41530821829194825
FFF,2014B,625073,P3,F3,1.0,0.8946641923536656
FFF,2014B,625075,P3,F3,1.0,0.5086823266951996
FFF,2014B,625182,P3,F3,1.0,0.38475443864226794
FFF,2014B,625191,P3,F3,0.0,0.2362165344549885
FFF,2014B,625291,P3,F3,0.0,0.3336877075938629
FFF,2014B,625303,P3,F3,0.0,0.34274648808460356
FFF,2014B,625306,P3,F3,0.0,0.23706949673833044
FFF,2014B,625349,P3,F3,0.0,0.549084106922152
FFF,2014B,625361,P3,F3,1.0,0.5284126172253456
FFF,2014B,625394,P3,F3,1.0,0.31286538413529336
FFF,2014B,625406,P3,F3,0.0,0.29568720061561005
FFF,2014B,625500,P3,F3,1.0,0.792037273158344
FFF,2014B,625536,P3,F3,0.0,0.3838407081408444
FFF,2014B,625548,P3,F3,0.0,0.37781826367467936
FFF,2014B,625566,P3,F3,0.0,0.25614881832816727
FFF,2014B,625588,P3,F3,0.0,0.5312429440960023
FFF,2014B,625609,P3,F3,1.0,0.3157607788349999
FFF,2014B,625642,P3,F3,1.0,0.3024888812511202
FFF,2014B,625753,P3,F3,0.0,0.240423624725219
FFF,2014B,625793,P3,F3,1.0,0.5153231995027844
FFF,2014B,625794,P3,F3,0.0,0.24087883361709675
FFF,2014B,625800,P3,F3,1.0,0.3596341096685605
FFF,2014B,625812,P3,F3,1.0,0.9210066354676989
FFF,2014B,625828,P3,F3,1.0,0.9075109037366966
FFF,2014B,625977,P3,F3,1.0,0.4337801316825183
FFF,2014B,625995,P3,F3,1.0,0.3913879865126832
FFF,2014B,626103,P3,F3,0.0,0.19695960205820373
FFF,2014B,626128,P3,F3,0.0,0.18477458179070133
FFF,2014B,626198,P3,F3,0.0,0.41444689702381365
FFF,2014B,626231,P3,F3,0.0,0.4003069681774118
FFF,2014B,626259,P3,F3,0.0,0.5342670593141272
FFF,2014B,626320,P3,F3,1.0,0.9110984345939451
FFF,2014B,626326,P3,F3,0.0,0.24521999192160657
FFF,2014B,626349,P3,F3,1.0,0.6567213189349759
FFF,2014B,626403,P3,F3,1.0,0.5163153633181622
FFF,2014B,626419,P3,F3,0.0,0.23601926729160871
FFF,2014B,626448,P3,F3,0.0,0.2173128823939011
FFF,2014B,626469,P3,F3,1.0,0.3900266647333257
FFF,2014B,626473,P3,F3,1.0,0.23979734793940527
FFF,2014B,626530,P3,F3,1.0,0.3086782424780024
FFF,2014B,626537,P3,F3,0.0,0.22004509535227856
FFF,2014B,626539,P3,F3,1.0,0.5340288116592493
FFF,2014B,626644,P3,F3,0.0,0.3164356831893323
FFF,2014B,626692,P3,F3,1.0,0.36240206417685894
FFF,2014B,626700,P3,F3,1.0,0.3121016801487404
FFF,2014B,626765,P3,F3,0.0,0.27732014135141786
FFF,2014B,626777,P3,F3,1.0,0.8738021509848015
FFF,2014B,626778,P3,F3,0.0,0.35480001154065804
FFF,2014B,626801,P3,F3,1.0,0.24018490657172437
FFF,2014B,626828,P3,F3,0.0,0.5946458524026234
FFF,2014B,626878,P3,F3,0.0,0.2519496210881753
FFF,2014B,626881,P3,F3,0.0,0.37906422350243285
FFF,2014B,626890,P3,F3,0.0,0.6678748615247307
FFF,2014B,626987,P3,F3,0.0,0.3327451793171168
FFF,2014B,627022,P3,F3,0.0,0.22181410359575612
FFF,2014B,627026,P3,F3,1.0,0.23611848073140748
FFF,2014B,627061,P3,F3,0.0,0.2583157666943426
FFF,2014B,627067,P3,F3,0.0,0.31915528779869745
FFF,2014B,627126,P3,F3,1.0,0.6714840665723941
FFF,2014B,627145,P3,F3,0.0,0.5449967514454782
FFF,2014B,627176,P3,F3,1.0,0.5377843625582684
FFF,2014B,627238,P3,F3,1.0,0.3189502944252514
FFF,2014B,627247,P3,F3,0.0,0.22391738336896902
FFF,2014B,627280,P3,F3,1.0,0.5595450625144439
FFF,2014B,627307,P3,F3,0.0,0.10806281261897771
FFF,2014B,627366,P3,F3,1.0,0.9256934637954468
FFF,2014B,627417,P3,F3,0.0,0.14109969558956748
FFF,2014B,627442,P3,F3,0.0,0.5277014233977355
FFF,2014B,627468,P3,F3,0.0,0.5865266199405516
FFF,2014B,627521,P3,F3,0.0,0.25015139482178145
FFF,2014B,627524,P3,F3,1.0,0.5202541041245451
FFF,2014B,627569,P3,F3,1.0,0.7827944903037398
FFF,2014B,627595,P3,F3,0.0,0.05732762947428586
FFF,2014B,627620,P3,F3,0.0,0.21446741425810348
FFF,2014B,627622,P3,F3,0.0,0.615690412216617
FFF,2014B,627679,P3,F3,0.0,0.2677068842897999
FFF,2014B,627692,P3,F3,0.0,0.30470046511811544
FFF,2014B,627717,P3,F3,0.0,0.16249590736546674
FFF,2014B,627727,P3,F3,1.0,0.49376495682707033
FFF,2014B,627751,P3,F3,1.0,0.5046633354704972
FFF,2014B,627808,P3,F3,1.0,0.3537188286997844
FFF,2014B,627840,P3,F3,1.0,0.3782917866758451
FFF,2014B,627847,P3,F3,1.0,0.1942542234351375
FFF,2014B,627860,P3,F3,0.0,0.2760422341259885
FFF,2014B,627886,P3,F3,0.0,0.35238793217642206
FFF,2014B,628004,P3,F3,0.0,0.22074431314690335
FFF,2014B,628034,P3,F3,0.0,0.159135991341127
FFF,2014B,628038,P3,F3,1.0,0.6989550202085894
FFF,2014B,628058,P3,F3,0.0,0.4134169625173346
FFF,2014B,628098,P3,F3,0.0,0.39788077916536696
FFF,2014B,628110,P3,F3,1.0,0.8191020499408787
FFF,2014B,628114,P3,F3,0.0,0.26501184439447584
FFF,2014B,628117,P3,F3,0.0,0.4613398417398438
FFF,2014B,628140,P3,F3,0.0,0.16339604024791127
FFF,2014B,628141,P3,F3,1.0,0.6072505013060396
FFF,2014B,628143,P3,F3,1.0,0.2755847869068196
FFF,2014B,628152,P3,F3,0.0,0.47454058032556007
FFF,2014B,628174,P3,F3,0.0,0.4457077735941947
FFF,2014B,628307,P3,F3,1.0,0.5463813197394506
FFF,2014B,628361,P3,F3,0.0,0.0655224714501005
FFF,2014B,628370,P3,F3,1.0,0.23337941724880662
FFF,2014B,628443,P3,F3,0.0,0.43463763109692605
FFF,2014B,628476,P3,F3,1.0,0.45561182097931197
FFF,2014B,628561,P3,F3,0.0,0.4199289845394868
FFF,2014B,628720,P3,F3,0.0,0.4180326241695582
FFF,2014B,628725,P3,F3,1.0,0.6811946755185838
FFF,2014B,628803,P3,F3,1.0,0.5717712687913903
FFF,2014B,628837,P3,F3,1.0,0.28837186036796136
FFF,2014B,628841,P3,F3,0.0,0.580166840660139
FFF,2014B,628846,P3,F3,1.0,0.37129954508710905
FFF,2014B,628925,P3,F3,1.0,0.21411649408555802
FFF,2014B,628972,P3,F3,0.0,0.42523996331255914
FFF,2014B,628978,P3,F3,1.0,0.5819744786329505
FFF,2014B,628995,P3,F3,0.0,0.6956338359975998
FFF,2014B,629022,P3,F3,0.0,0.897198864488838
FFF,2014B,629096,P3,F3,0.0,0.2989328461398093
FFF,2014B,629119,P3,F3,1.0,0.9056752776531508
FFF,2014B,629120,P3,F3,1.0,0.5709996599078718
FFF,2014B,629163,P3,F3,1.0,0.5537063850167374
FFF,2014B,629182,P3,F3,1.0,0.23425836204104603
FFF,2014B,629231,P3,F3,1.0,0.9351412056881468
FFF,2014B,629244,P3,F3,0.0,0.3697329188708239
FFF,2014B,629267,P3,F3,1.0,0.258586084857826
FFF,2014B,629291,P3,F3,0.0,0.10006278262693813
FFF,2014B,629303,P3,F3,0.0,0.31876246192303487
FFF,2014B,629386,P3,F3,1.0,0.2685670398880173
FFF,2014B,629414,P3,F3,0.0,0.25368803847252996
FFF,2014B,629459,P3,F3,1.0,0.7269683258093896
FFF,2014B,629522,P3,F3,1.0,0.340670602108
FFF,2014B,629540,P3,F3,0.0,0.13526115066808997
FFF,2014B,629541,P3,F3,0.0,0.4689549998771053
FFF,2014B,629603,P3,F3,0.0,0.3617982530151645
FFF,2014B,629613,P3,F3,1.0,0.7684344083935142
FFF,2014B,629655,P3,F3,1.0,0.36142931180242177
FFF,2014B,629692,P3,F3,0.0,0.4893743411801871
FFF,2014B,629693,P3,F3,0.0,0.3865101633107917
FFF,2014B,629739,P3,F3,0.0,0.3827978960590612
FFF,2014B,629762,P3,F3,1.0,0.7887883629181903
FFF,2014B,629767,P3,F3,1.0,0.16468400396859442
FFF,2014B,629867,P3,F3,1.0,0.36328714834228687
FFF,2014B,629873,P3,F3,0.0,0.16662105127536675
FFF,2014B,629879,P3,F3,1.0,0.9289537392709181
FFF,2014B,629881,P3,F3,0.0,0.33345378273206755
FFF,2014B,629918,P3,F3,1.0,0.9250707362939767
FFF,2014B,629928,P3,F3,1.0,0.5612546001293681
FFF,2014B,629938,P3,F3,0.0,0.5024078093694961
FFF,2014B,629993,P3,F3,1.0,0.43249151985797624
FFF,2014B,630013,P3,F3,0.0,0.3078728187210575
FFF,2014B,630015,P3,F3,0.0,0.15876689914593098
FFF,2014B,630038,P3,F3,1.0,0.9368177118272458
FFF,2014B,630045,P3,F3,0.0,0.40877123966672785
FFF,2014B,630083,P3,F3,0.0,0.3170263289198751
FFF,2014B,630129,P3,F3,1.0,0.5981655271793259
FFF,2014B,630168,P3,F3,1.0,0.36217046735506664
FFF,2014B,630177,P3,F3,0.0,0.13974143316974974
FFF,2014B,630264,P3,F3,0.0,0.7313584370354951
FFF,2014B,630269,P3,F3,1.0,0.6974334288796872
FFF,2014B,630326,P3,F3,0.0,0.7519425863374755
FFF,2014B,630426,P3,F3,1.0,0.8976028447436434
FFF,2014B,630435,P3,F3,1.0,0.9681152139303898
FFF,2014B,630452,P3,F3,0.0,0.3886343899658712
FFF,2014B,630479,P3,F3,0.0,0.2410160194076257
FFF,2014B,630488,P3,F3,0.0,0.31974725381086255
FFF,2014B,630491,P3,F3,1.0,0.36708667789763333
FFF,2014B,630574,P3,F3,1.0,0.6541889079619566
FFF,2014B,630634,P3,F3,0.0,0.19582642693662644
FFF,2014B,630653,P3,F3,0.0,0.7226502698066066
FFF,2014B,630654,P3,F3,1.0,0.6473731284344411
FFF,2014B,630655,P3,F3,0.0,0.5974664989610239
FFF,2014B,630671,P3,F3,0.0,0.1406221334499969
FFF,2014B,630734,P3,F3,0.0,0.35344061530948323
FFF,2014B,630748,P3,F3,1.0,0.2608196257894168
FFF,2014B,630759,P3,F3,1.0,0.667568710315598
FFF,2014B,630804,P3,F3,1.0,0.5252103613908055
FFF,2014B,630812,P3,F3,1.0,0.45379607739563316
FFF,2014B,630830,P3,F3,0.0,0.3921194972527897
FFF,2014B,630854,P3,F3,0.0,0.6793816218447088
FFF,2014B,630859,P3,F3,0.0,0.47204863100967254
FFF,2014B,630867,P3,F3,1.0,0.930450978474507
FFF,2014B,630868,P3,F3,1.0,0.2027195441036196
FFF,2014B,630891,P3,F3,1.0,0.8223982835772234
FFF,2014B,630912,P3,F3,0.0,0.45624261015166684
FFF,2014B,630924,P3,F3,0.0,0.44236860792944
FFF,2014B,630937,P3,F3,0.0,0.2877200648503355
FFF,2014B,630966,P3,F3,0.0,0.38709062383716714
FFF,2014B,631023,P3,F3,0.0,0.3992108910409649
FFF,2014B,631075,P3,F3,1.0,0.23441773632867904
FFF,2014B,631083,P3,F3,1.0,0.20709092456464137
FFF,2014B,631099,P3,F3,1.0,0.4863273781025347
FFF,2014B,631104,P3,F3,0.0,0.36048965595743
FFF,2014B,631111,P3,F3,1.0,0.4615861413672098
FFF,2014B,631135,P3,F3,1.0,0.9176344225283595
FFF,2014B,631235,P3,F3,0.0,0.3017440721982272
FFF,2014B,631247,P3,F3,0.0,0.09391455444193512
FFF,2014B,631300,P3,F3,1.0,0.4856069642659757
FFF,2014B,631311,P3,F3,0.0,0.18199839555776307
FFF,2014B,631327,P3,F3,0.0,0.2809952561311399
FFF,2014B,631467,P3,F3,0.0,0.4080202148952425
FFF,2014B,631473,P3,F3,0.0,0.4011332552106041
FFF,2014B,631524,P3,F3,1.0,0.8085857285572302
FFF,2014B,631654,P3,F3,1.0,0.9687377043492184
FFF,2014B,631673,P3,F3,0.0,0.3228791919916278
FFF,2014B,631680,P3,F3,0.0,0.4485426344530764
FFF,2014B,631701,P3,F3,1.0,0.8357266872274877
FFF,2014B,631719,P3,F3,0.0,0.0813284764221029
FFF,2014B,631765,P3,F3,0.0,0.3539611389387324
FFF,2014B,631853,P3,F3,0.0,0.16229599606378273
FFF,2014B,631860,P3,F3,0.0,0.1475915587604919
FFF,2014B,631880,P3,F3,0.0,0.2346331233093669
FFF,2014B,631884,P3,F3,0.0,0.5179483453657155
FFF,2014B,631913,P3,F3,1.0,0.2216749388142598
FFF,2014B,631925,P3,F3,1.0,0.46792656229098284
FFF,2014B,632019,P3,F3,1.0,0.4359012429788908
FFF,2014B,632044,P3,F3,0.0,0.1301373657083486
FFF,2014B,632078,P3,F3,1.0,0.20068208432159482
FFF,2014B,632114,P3,F3,1.0,0.3419652525163086
FFF,2014B,632124,P3,F3,1.0,0.38997232231605344
FFF,2014B,632143,P3,F3,1.0,0.15372038436966196
FFF,2014B,632258,P3,F3,0.0,0.46218840018415536
FFF,2014B,632306,P3,F3,0.0,0.13477636319614614
FFF,2014B,632316,P3,F3,0.0,0.27295083986429713
FFF,2014B,632339,P3,F3,0.0,0.3038156219296136
FFF,2014B,632363,P3,F3,1.0,0.406602834827261
FFF,2014B,632379,P3,F3,0.0,0.7010424368215398
FFF,2014B,632380,P3,F3,0.0,0.2786633941039602
FFF,2014B,632402,P3,F3,0.0,0.27050185682869743
FFF,2014B,632513,P3,F3,0.0,0.22182454054165757
FFF,2014B,632544,P3,F3,0.0,0.599351916856408
FFF,2014B,632588,P3,F3,0.0,0.19973024501886497
FFF,2014B,632620,P3,F3,0.0,0.3285761774975568
FFF,2014B,632623,P3,F3,0.0,0.2028797530307199
FFF,2014B,632691,P3,F3,0.0,0.18363005071762264
FFF,2014B,632698,P3,F3,0.0,0.35028578467836696
FFF,2014B,632705,P3,F3,0.0,0.47062796355280434
FFF,2014B,632759,P3,F3,1.0,0.2239734818396748
FFF,2014B,632801,P3,F3,1.0,0.34803579687772196
FFF,2014B,632840,P3,F3,1.0,0.5301583657432561
FFF,2014B,632848,P3,F3,0.0,0.22769689460646217
FFF,2014B,632895,P3,F3,0.0,0.3589221190758292
FFF,2014B,632923,P3,F3,1.0,0.32443593955791544
FFF,2014B,632927,P3,F3,1.0,0.8352864798968188
FFF,2014B,632929,P3,F3,0.0,0.3610460027534423
FFF,2014B,632947,P3,F3,0.0,0.6508110573143663
FFF,2014B,632958,P3,F3,1.0,0.27746318033853196
FFF,2014B,632991,P3,F3,0.0,0.36499522564662595
FFF,2014B,633047,P3,F3,0.0,0.6681104456610115
FFF,2014B,633077,P3,F3,0.0,0.24462055526247517
FFF,2014B,633100,P3,F3,1.0,0.6469869067102088
FFF,2014B,633157,P3,F3,1.0,0.3886983968893129
FFF,2014B,633179,P3,F3,0.0,0.05756476687053538
FFF,2014B,633205,P3,F3,1.0,0.22835373619756363
FFF,2014B,633207,P3,F3,1.0,0.7527987584755013
FFF,2014B,633219,P3,F3,0.0,0.4137897023451943
FFF,2014B,633221,P3,F3,1.0,0.4420300247788857
FFF,2014B,633238,P3,F3,0.0,0.23298176897886122
FFF,2014B,633292,P3,F3,1.0,0.4206964308874307
FFF,2014B,633297,P3,F3,1.0,0.5123071025646058
FFF,2014B,633303,P3,F3,0.0,0.05711178277386183
FFF,2014B,633305,P3,F3,1.0,0.9162606930736786
FFF,2014B,633319,P3,F3,0.0,0.30449205104774457
FFF,2014B,633328,P3,F3,0.0,0.263722592757651
FFF,2014B,633388,P3,F3,0.0,0.190117178885442
FFF,2014B,633397,P3,F3,1.0,0.4829450010519459
FFF,2014B,633403,P3,F3,1.0,0.40228455597953916
FFF,2014B,633411,P3,F3,1.0,0.30882807017315667
FFF,2014B,633504,P3,F3,0.0,0.12063298009063478
FFF,2014B,633505,P3,F3,1.0,0.4731307456796952
FFF,2014B,633558,P3,F3,1.0,0.7804705300356871
FFF,2014B,633625,P3,F3,1.0,0.8613014247359019
FFF,2014B,633676,P3,F3,1.0,0.8368283596702197
FFF,2014B,633691,P3,F3,0.0,0.1930960861175654
FFF,2014B,633717,P3,F3,0.0,0.1524003759604173
FFF,2014B,633732,P3,F3,1.0,0.6216006209843163
FFF,2014B,633745,P3,F3,0.0,0.15085581410231866
FFF,2014B,633756,P3,F3,0.0,0.5039610783250289
FFF,2014B,633773,P3,F3,0.0,0.8766059818793297
FFF,2014B,633840,P3,F3,1.0,0.5907197709486219
FFF,2014B,633881,P3,F3,1.0,0.4864205346650802
FFF,2014B,633884,P3,F3,1.0,0.6546667855764902
FFF,2014B,633924,P3,F3,1.0,0.2259842879632328
FFF,2014B,633983,P3,F3,0.0,0.36881353218134927
FFF,2014B,634057,P3,F3,1.0,0.5789848128966343
FFF,2014B,634070,P3,F3,0.0,0.3467928508999183
FFF,2014B,634099,P3,F3,1.0,0.7032081979860948
FFF,2014B,634111,P3,F3,0.0,0.07934572405807733
FFF,2014B,634114,P3,F3,1.0,0.7668172215939334
FFF,2014B,634139,P3,F3,0.0,0.3139480868807447
FFF,2014B,634155,P3,F3,0.0,0.2925462117900866
FFF,2014B,634165,P3,F3,0.0,0.39221829681492765
FFF,2014B,634187,P3,F3,1.0,0.24464831963954703
FFF,2014B,634200,P3,F3,1.0,0.11718169474145498
FFF,2014B,634209,P3,F3,0.0,0.32923435025025993
FFF,2014B,634245,P3,F3,1.0,0.7956037523323277
FFF,2014B,634252,P3,F3,1.0,0.5551247195577205
FFF,2014B,634254,P3,F3,1.0,0.30924088471804867
FFF,2014B,634260,P3,F3,0.0,0.395155213139029
FFF,2014B,634279,P3,F3,1.0,0.5808019850035673
FFF,2014B,634292,P3,F3,1.0,0.9186781742373226
FFF,2014B,634343,P3,F3,0.0,0.41240487691839967
FFF,2014B,634349,P3,F3,1.0,0.423014583147569
FFF,2014B,634426,P3,F3,0.0,0.5035683608777095
FFF,2014B,634427,P3,F3,0.0,0.3314088086100723
FFF,2014B,634429,P3,F3,0.0,0.4566669228791
FFF,2014B,634430,P3,F3,0.0,0.24180667652830462
FFF,2014B,634431,P3,F3,0.0,0.49288957183065935
FFF,2014B,634435,P3,F3,0.0,0.37076828328360606
FFF,2014B,634479,P3,F3,1.0,0.10601407657220949
FFF,2014B,634500,P3,F3,0.0,0.7667579998106536
FFF,2014B,634536,P3,F3,0.0,0.1846447850639967
FFF,2014B,634539,P3,F3,1.0,0.41365522529730625
FFF,2014B,634616,P3,F3,0.0,0.84232777355014
FFF,2014B,634635,P3,F3,1.0,0.3344629689116166
FFF,2014B,634636,P3,F3,0.0,0.12721432136991134
FFF,2014B,634638,P3,F3,1.0,0.942658824059054
FFF,2014B,634682,P3,F3,1.0,0.9094251770800567
FFF,2014B,634701,P3,F3,1.0,0.8565382266124255
FFF,2014B,634774,P3,F3,1.0,0.5871801079974505
FFF,2014B,634784,P3,F3,1.0,0.5119288234318423
FFF,2014B,634820,P3,F3,1.0,0.8287810396189587
FFF,2014B,634859,P3,F3,1.0,0.23184558032320782
FFF,2014B,634918,P3,F3,1.0,0.6382906297790617
FFF,2014B,634919,P3,F3,0.0,0.46401208777263064
FFF,2014B,634924,P3,F3,0.0,0.09392914945487378
FFF,2014B,634946,P3,F3,1.0,0.7378545072900754
FFF,2014B,634999,P3,F3,0.0,0.8882388582863863
FFF,2014B,635034,P3,F3,0.0,0.25745274716825123
FFF,2014B,635046,P3,F3,1.0,0.8022556332822057
FFF,2014B,635079,P3,F3,1.0,0.2795921141757916
FFF,2014B,635124,P3,F3,1.0,0.4879203883739597
FFF,2014B,1006742,P3,F3,1.0,0.2877543250240453
FFF,2014B,1017773,P3,F3,1.0,0.8955015101046152
FFF,2014B,1045091,P3,F3,1.0,0.4938507229662252
FFF,2014B,1072259,P3,F3,0.0,0.33623918761437127
FFF,2014B,1340760,P3,F3,0.0,0.1834623835288266
FFF,2014B,1398489,P3,F3,0.0,0.2753413498179722
FFF,2014B,1425806,P3,F3,0.0,0.25142061033231206
FFF,2014B,1465407,P3,F3,0.0,0.42193008474414734
FFF,2014B,1498823,P3,F3,1.0,0.9759984059859769
FFF,2014B,1514245,P3,F3,1.0,0.7930594271062121
FFF,2014B,1526059,P3,F3,0.0,0.3011794681540004
FFF,2014B,1528232,P3,F3,1.0,0.8100627219982995
FFF,2014B,1548052,P3,F3,1.0,0.3899659165984265
FFF,2014B,1578222,P3,F3,0.0,0.21585248528882617
FFF,2014B,1588621,P3,F3,1.0,0.23336316237114416
FFF,2014B,1615392,P3,F3,0.0,0.28157497964519196
FFF,2014B,1627052,P3,F3,0.0,0.12188279690888303
FFF,2014B,1641117,P3,F3,0.0,0.485386879694122
FFF,2014B,1683803,P3,F3,0.0,0.49855554285732245
FFF,2014B,1738364,P3,F3,0.0,0.22489999187398974
FFF,2014B,1744817,P3,F3,0.0,0.11722134520633355
FFF,2014B,1757662,P3,F3,0.0,0.2581191905368854
FFF,2014B,1768223,P3,F3,0.0,0.45075837808103314
FFF,2014B,1799963,P3,F3,1.0,0.8489618502152928
FFF,2014B,1821249,P3,F3,1.0,0.8987399680710461
FFF,2014B,1875728,P3,F3,0.0,0.2554690441331142
FFF,2014B,1884024,P3,F3,1.0,0.6058187417675325
FFF,2014B,1892879,P3,F3,1.0,0.9496183889851593
FFF,2014B,1919240,P3,F3,0.0,0.3642566514010659
FFF,2014B,1928947,P3,F3,1.0,0.7798326635083445
FFF,2014B,1933534,P3,F3,1.0,0.197482786723175
FFF,2014B,1939193,P3,F3,1.0,0.541465510050724
FFF,2014B,1961652,P3,F3,1.0,0.8607875211173379
FFF,2014B,1962128,P3,F3,1.0,0.88985620623584
FFF,2014B,1984169,P3,F3,1.0,0.5560170485876248
FFF,2014B,1999952,P3,F3,0.0,0.3843212448286001
FFF,2014B,2010245,P3,F3,1.0,0.1525808764994572
FFF,2014B,2022750,P3,F3,1.0,0.9392173808647034
FFF,2014B,2025233,P3,F3,0.0,0.5896789558247978
FFF,2014B,2055321,P3,F3,1.0,0.4749877149607669
FFF,2014B,2058815,P3,F3,1.0,0.4445889411835363
FFF,2014B,2074627,P3,F3,0.0,0.6361799682453471
FFF,2014B,2095576,P3,F3,0.0,0.4819926972819541
FFF,2014B,2097046,P3,F3,1.0,0.42667636318358204
FFF,2014B,2114529,P3,F3,1.0,0.40485206675704605
FFF,2014B,2131008,P3,F3,0.0,0.269419367720605
FFF,2014B,2156172,P3,F3,1.0,0.6060203377887666
FFF,2014B,2161710,P3,F3,1.0,0.8595429357023314
FFF,2014B,2164266,P3,F3,1.0,0.6605351553430228
FFF,2014B,2176759,P3,F3,0.0,0.4567818651969457
FFF,2014B,2186992,P3,F3,0.0,0.2049060051214737
FFF,2014B,2222615,P3,F3,0.0,0.31667454226060254
FFF,2014B,2238019,P3,F3,1.0,0.5989823448674724
FFF,2014B,2242595,P3,F3,1.0,0.4458457033136327
FFF,2014B,2242732,P3,F3,0.0,0.3375361037492662
FFF,2014B,2244285,P3,F3,0.0,0.3299559030293416
FFF,2014B,2256318,P3,F3,0.0,0.264483777200365
FFF,2014B,2257112,P3,F3,0.0,0.3514895280491623
FFF,2014B,2264054,P3,F3,0.0,0.355913487096421
FFF,2014B,2265419,P3,F3,1.0,0.34617847877106134
FFF,2014B,2270880,P3,F3,0.0,0.3882813460795038
FFF,2014B,2299808,P3,F3,0.0,0.22766096671301211
FFF,2014B,2303413,P3,F3,0.0,0.3498004383344779
FFF,2014B,2306016,P3,F3,0.0,0.1777976828553887
FFF,2014B,2322813,P3,F3,1.0,0.8578376223392054
FFF,2014B,2327494,P3,F3,0.0,0.532373142934084
FFF,2014B,2336654,P3,F3,1.0,0.8580880341028494
FFF,2014B,2337362,P3,F3,0.0,0.432494482208176
FFF,2014B,2345438,P3,F3,0.0,0.6516051056403955
FFF,2014B,2355214,P3,F3,1.0,0.47150227733085537
FFF,2014B,2360071,P3,F3,1.0,0.8913608113373134
FFF,2014B,2383307,P3,F3,0.0,0.3433223815997623
FFF,2014B,2410519,P3,F3,0.0,0.2173042221976107
FFF,2014B,2413895,P3,F3,1.0,0.9573780485669224
FFF,2014B,2426332,P3,F3,0.0,0.314151679106982
FFF,2014B,2437930,P3,F3,0.0,0.22076963112900258
FFF,2014B,2448082,P3,F3,1.0,0.8329509752198498
FFF,2014B,2463282,P3,F3,1.0,0.9394511021523869
FFF,2014B,2480886,P3,F3,1.0,0.32812612031275223
FFF,2014B,2481482,P3,F3,0.0,0.3040007427708286
FFF,2014B,2492219,P3,F3,0.0,0.17045948196169297
FFF,2014B,2492787,P3,F3,0.0,0.6791288133730811
FFF,2014B,2494338,P3,F3,1.0,0.5541975291341109
FFF,2014B,2503799,P3,F3,1.0,0.7363563685780109
FFF,2014B,2516163,P3,F3,0.0,0.3380468824829634
FFF,2014B,2523915,P3,F3,0.0,0.9093459863311919
FFF,2014B,2525633,P3,F3,1.0,0.9095746413446729
FFF,2014B,2532785,P3,F3,0.0,0.27484622368059586
FFF,2014B,2540424,P3,F3,1.0,0.894865209919592
FFF,2014B,2543637,P3,F3,1.0,0.3650809665979809
FFF,2014B,2545629,P3,F3,0.0,0.30559627958060953
FFF,2014B,2554552,P3,F3,0.0,0.4924989509761434
FFF,2014B,2558365,P3,F3,1.0,0.2969853592412717
FFF,2014B,2561313,P3,F3,0.0,0.6080729629727383
FFF,2014B,2561862,P3,F3,0.0,0.09807129170174772
FFF,2014B,2564619,P3,F3,0.0,0.2739683575414172
FFF,2014B,2569942,P3,F3,0.0,0.3264202099418776
FFF,2014B,2570929,P3,F3,0.0,0.20995055589549572
FFF,2014B,2575119,P3,F3,1.0,0.8980277779963263
FFF,2014B,2581536,P3,F3,0.0,0.4243651605642371
FFF,2014B,2581654,P3,F3,0.0,0.9370983363045601
FFF,2014B,2583997,P3,F3,1.0,0.8304963248138109
FFF,2014B,2585330,P3,F3,0.0,0.1956793164251198
FFF,2014B,2589352,P3,F3,0.0,0.2876187649240893
FFF,2014B,2590531,P3,F3,1.0,0.5077278193509179
FFF,2014B,2595058,P3,F3,1.0,0.5281190912155983
FFF,2014B,2604975,P3,F3,0.0,0.2304648920728522
FFF,2014B,2606636,P3,F3,0.0,0.21250840932762127
FFF,2014B,2606890,P3,F3,0.0,0.3630696873625867
FFF,2014B,2609955,P3,F3,1.0,0.3583530345777486
FFF,2014B,2616978,P3,F3,0.0,0.29615287675223356
FFF,2014B,2619719,P3,F3,1.0,0.6600025879798965
FFF,2014B,2620930,P3,F3,0.0,0.23417270756316472
FFF,2014B,2625021,P3,F3,1.0,0.9210246624017888
FFF,2014B,2630284,P3,F3,1.0,0.9434863660638203
FFF,2014B,2634654,P3,F3,1.0,0.583968866176051
FFF,2014B,2652268,P3,F3,1.0,0.9402165072146027
FFF,2014B,2653007,P3,F3,1.0,0.9490717208189887
FFF,2014B,2659650,P3,F3,0.0,0.18810117797146714
FFF,2014B,2661827,P3,F3,0.0,0.4916637610254503
FFF,2014B,2666213,P3,F3,0.0,0.3217341403214143
FFF,2014B,2666831,P3,F3,0.0,0.34988369459464913
FFF,2014B,2667478,P3,F3,1.0,0.2607453693757285
FFF,2014B,2674773,P3,F3,0.0,0.7213430691101893
FFF,2014B,2675061,P3,F3,1.0,0.9580234623750784
FFF,2014B,2681270,P3,F3,0.0,0.33273162226568476
FFF,2014B,2684417,P3,F3,1.0,0.6823827974100272
FFF,2014B,2689210,P3,F3,0.0,0.3415994884010534
FFF,2014B,2697630,P3,F3,0.0,0.5543467107307971
FFF,2014B,2697885,P3,F3,0.0,0.6631270569543906
GGG,2014B,24186,P3,F3,0.0,0.5023505859875126
GGG,2014B,29985,P3,F3,0.0,0.3240859290925894
GGG,2014B,31107,P3,F3,0.0,0.2012766768580299
GGG,2014B,41414,P3,F3,0.0,0.39541692806879497
GGG,2014B,49123,P3,F3,0.0,0.47065387146712895
GGG,2014B,64901,P3,F3,0.0,0.30767767868620427
GGG,2014B,81754,P3,F3,1.0,0.28996089403018194
GGG,2014B,96423,P3,F3,0.0,0.4136002749366328
GGG,2014B,109772,P3,F3,0.0,0.5559294285840035
GGG,2014B,112441,P3,F3,0.0,0.3157567749814582
GGG,2014B,116319,P3,F3,0.0,0.6490806231166286
GGG,2014B,118474,P3,F3,0.0,0.3217123344883498
GGG,2014B,119444,P3,F3,0.0,0.34227308088343983
GGG,2014B,120611,P3,F3,1.0,0.537148804337815
GGG,2014B,122337,P3,F3,1.0,0.36430635802213734
GGG,2014B,124944,P3,F3,0.0,0.24517245207365249
GGG,2014B,131820,P3,F3,1.0,0.5279368838544266
GGG,2014B,133068,P3,F3,0.0,0.3508917723697255
GGG,2014B,134123,P3,F3,0.0,0.49273012890987516
GGG,2014B,139329,P3,F3,0.0,0.3792347346636353
GGG,2014B,145388,P3,F3,1.0,0.38030408364272517
GGG,2014B,146192,P3,F3,1.0,0.6429889222818339
GGG,2014B,152671,P3,F3,0.0,0.5564690740844586
GGG,2014B,159571,P3,F3,1.0,0.24295159560836055
GGG,2014B,160479,P3,F3,0.0,0.2934921419138746
GGG,2014B,160945,P3,F3,0.0,0.23944102832972486
GGG,2014B,164211,P3,F3,0.0,0.2892727289398185
GGG,2014B,164451,P3,F3,1.0,0.7038890297254923
GGG,2014B,165898,P3,F3,1.0,0.6469482718856163
GGG,2014B,184137,P3,F3,0.0,0.5396462037173831
GGG,2014B,198315,P3,F3,1.0,0.49070000671579667
GGG,2014B,203963,P3,F3,0.0,0.6454488061914482
GGG,2014B,204550,P3,F3,1.0,0.6419389588188037
GGG,2014B,204738,P3,F3,0.0,0.4859626505130051
GGG,2014B,233461,P3,F3,1.0,0.5510668290808952
GGG,2014B,245802,P3,F3,0.0,0.40463337883982226
GGG,2014B,254417,P3,F3,1.0,0.48154405831488206
GGG,2014B,261342,P3,F3,0.0,0.3661303878708825
GGG,2014B,278962,P3,F3,0.0,0.511742830699095
GGG,2014B,279839,P3,F3,1.0,0.5128462115294433
GGG,2014B,282388,P3,F3,1.0,0.46796831955980167
GGG,2014B,282962,P3,F3,1.0,0.6481579773995697
GGG,2014B,283035,P3,F3,1.0,0.6172420572803882
GGG,2014B,285193,P3,F3,0.0,0.4039884087307161
GGG,2014B,285223,P3,F3,1.0,0.3606544906280134
GGG,2014B,285861,P3,F3,1.0,0.533669949210077
GGG,2014B,299536,P3,F3,1.0,0.29383090106555626
GGG,2014B,301498,P3,F3,0.0,0.3793750680804757
GGG,2014B,304106,P3,F3,1.0,0.2917911180841304
GGG,2014B,305792,P3,F3,0.0,0.37025988036198065
GGG,2014B,324773,P3,F3,0.0,0.33507039584154696
GGG,2014B,344098,P3,F3,0.0,0.3732252283492196
GGG,2014B,345737,P3,F3,1.0,0.6225216085840272
GGG,2014B,345881,P3,F3,0.0,0.534067468012548
GGG,2014B,350473,P3,F3,1.0,0.5589856382061001
GGG,2014B,359645,P3,F3,1.0,0.5731263849727506
GGG,2014B,365084,P3,F3,0.0,0.42074666106685576
GGG,2014B,366371,P3,F3,1.0,0.28624983567248385
GGG,2014B,366771,P3,F3,0.0,0.29946196141825404
GGG,2014B,372837,P3,F3,1.0,0.5579335309057475
GGG,2014B,374266,P3,F3,0.0,0.5290638768531425
GGG,2014B,380238,P3,F3,0.0,0.6481125279026105
GGG,2014B,380894,P3,F3,0.0,0.23401696229945398
GGG,2014B,383420,P3,F3,0.0,0.2968143567579739
GGG,2014B,384035,P3,F3,0.0,0.28428828589949384
GGG,2014B,385228,P3,F3,0.0,0.38859904871860135
GGG,2014B,387294,P3,F3,0.0,0.2617711190792169
GGG,2014B,391937,P3,F3,0.0,0.16792275686783015
GGG,2014B,393682,P3,F3,1.0,0.5564690740844586
GGG,2014B,394024,P3,F3,0.0,0.26000129988701315
GGG,2014B,398029,P3,F3,1.0,0.4991726692510037
GGG,2014B,406751,P3,F3,0.0,0.4983838033416589
GGG,2014B,411546,P3,F3,1.0,0.7069320736699032
GGG,2014B,414668,P3,F3,0.0,0.549624139296204
GGG,2014B,414696,P3,F3,0.0,0.6477800622217765
GGG,2014B,415399,P3,F3,1.0,0.46636063674845263
GGG,2014B,415818,P3,F3,0.0,0.43643878651455253
GGG,2014B,417096,P3,F3,0.0,0.3064902292503513
GGG,2014B,425257,P3,F3,1.0,0.2819275755545453
GGG,2014B,426547,P3,F3,0.0,0.3548756024516276
GGG,2014B,441791,P3,F3,0.0,0.38167244067653583
GGG,2014B,442561,P3,F3,0.0,0.4180435792216103
GGG,2014B,442877,P3,F3,0.0,0.28748419838465683
GGG,2014B,442949,P3,F3,1.0,0.3284836640547591
GGG,2014B,443387,P3,F3,0.0,0.4148075203685058
GGG,2014B,447475,P3,F3,0.0,0.19998002878397395
GGG,2014B,469284,P3,F3,1.0,0.5574173528828452
GGG,2014B,472511,P3,F3,0.0,0.37123488808816696
GGG,2014B,480086,P3,F3,0.0,0.45734011990352147
GGG,2014B,480590,P3,F3,0.0,0.4582887048082731
GGG,2014B,481762,P3,F3,0.0,0.63324776413167
GGG,2014B,482677,P3,F3,0.0,0.7153149116141905
GGG,2014B,483582,P3,F3,1.0,0.35890151447306173
GGG,2014B,485448,P3,F3,0.0,0.5274239489544917
GGG,2014B,486279,P3,F3,0.0,0.4338766363755867
GGG,2014B,487278,P3,F3,0.0,0.596643831746383
GGG,2014B,488445,P3,F3,0.0,0.5001016047602094
GGG,2014B,491474,P3,F3,1.0,0.30599726111188225
GGG,2014B,492909,P3,F3,0.0,0.5074831614824978
GGG,2014B,495976,P3,F3,0.0,0.2961499793675716
GGG,2014B,496978,P3,F3,0.0,0.44082018595896133
GGG,2014B,497619,P3,F3,1.0,0.45317599754514004
GGG,2014B,501755,P3,F3,0.0,0.639873335811668
GGG,2014B,502182,P3,F3,0.0,0.5160358645354604
GGG,2014B,502709,P3,F3,0.0,0.3848268339602069
GGG,2014B,502763,P3,F3,1.0,0.5228501778737222
GGG,2014B,503201,P3,F3,1.0,0.5673264871009709
GGG,2014B,506533,P3,F3,0.0,0.5739064037777047
GGG,2014B,507334,P3,F3,0.0,0.5373255606717185
GGG,2014B,508573,P3,F3,0.0,0.37820932861033885
GGG,2014B,508924,P3,F3,0.0,0.20192233146695202
GGG,2014B,510874,P3,F3,0.0,0.5472779981119262
GGG,2014B,511228,P3,F3,0.0,0.408980601575046
GGG,2014B,511492,P3,F3,1.0,0.7186628218644214
GGG,2014B,515051,P3,F3,1.0,0.5471986694938152
GGG,2014B,518145,P3,F3,0.0,0.402641115748275
GGG,2014B,518661,P3,F3,0.0,0.5575730486367608
GGG,2014B,519910,P3,F3,1.0,0.44458087760223797
GGG,2014B,521644,P3,F3,0.0,0.4045806854349734
GGG,2014B,523427,P3,F3,1.0,0.41259655712107385
GGG,2014B,532441,P3,F3,1.0,0.2502049466969485
GGG,2014B,532473,P3,F3,1.0,0.32592208933255984
GGG,2014B,533054,P3,F3,0.0,0.3704062366911368
GGG,2014B,538918,P3,F3,1.0,0.5112528970456985
GGG,2014B,541044,P3,F3,1.0,0.5617507483016414
GGG,2014B,541890,P3,F3,0.0,0.43327343751058583
GGG,2014B,542562,P3,F3,0.0,0.3142180546647251
GGG,2014B,543910,P3,F3,0.0,0.41396530004966214
GGG,2014B,545665,P3,F3,0.0,0.2708682035432329
GGG,2014B,547155,P3,F3,0.0,0.6192891232246883
GGG,2014B,548578,P3,F3,1.0,0.5278051919401182
GGG,2014B,549603,P3,F3,1.0,0.5486141755342244
GGG,2014B,550515,P3,F3,0.0,0.2563175839332337
GGG,2014B,550662,P3,F3,1.0,0.6472810951942086
GGG,2014B,550758,P3,F3,0.0,0.3202818835797783
GGG,2014B,551562,P3,F3,1.0,0.5939544635537073
GGG,2014B,552486,P3,F3,0.0,0.2825006440576232
GGG,2014B,552509,P3,F3,1.0,0.3687201176331627
GGG,2014B,556406,P3,F3,0.0,0.29713070084022963
GGG,2014B,556463,P3,F3,1.0,0.4039085251389317
GGG,2014B,561441,P3,F3,1.0,0.5518565506473666
GGG,2014B,562628,P3,F3,0.0,0.5103587118343328
GGG,2014B,563301,P3,F3,1.0,0.41555605476702456
GGG,2014B,566818,P3,F3,1.0,0.5820848116579546
GGG,2014B,568863,P3,F3,1.0,0.5552096961558863
GGG,2014B,569093,P3,F3,0.0,0.5573681865842643
GGG,2014B,571089,P3,F3,0.0,0.5345900354171507
GGG,2014B,573834,P3,F3,1.0,0.34817570385905955
GGG,2014B,575199,P3,F3,0.0,0.3157465478794
GGG,2014B,575217,P3,F3,0.0,0.36676369063899694
GGG,2014B,575324,P3,F3,1.0,0.4804522980141324
GGG,2014B,575693,P3,F3,1.0,0.33298929216134576
GGG,2014B,575709,P3,F3,0.0,0.3398417566893399
GGG,2014B,576416,P3,F3,1.0,0.6397585185362397
GGG,2014B,577000,P3,F3,0.0,0.4767691421372182
GGG,2014B,577136,P3,F3,0.0,0.4445924914464125
GGG,2014B,577275,P3,F3,0.0,0.22239028652877726
GGG,2014B,577792,P3,F3,0.0,0.42426376454908504
GGG,2014B,578389,P3,F3,0.0,0.32003049846418613
GGG,2014B,578452,P3,F3,0.0,0.3694201024471349
GGG,2014B,578845,P3,F3,1.0,0.3033362279219854
GGG,2014B,579692,P3,F3,0.0,0.6685827861204978
GGG,2014B,582033,P3,F3,1.0,0.6477800622217765
GGG,2014B,582283,P3,F3,0.0,0.3647016335251133
GGG,2014B,583101,P3,F3,1.0,0.6787016808895846
GGG,2014B,583148,P3,F3,0.0,0.6441135430989386
GGG,2014B,583686,P3,F3,1.0,0.35273522250478095
GGG,2014B,583687,P3,F3,1.0,0.7547491014280584
GGG,2014B,586054,P3,F3,1.0,0.5012273493073163
GGG,2014B,586494,P3,F3,0.0,0.4029058522211538
GGG,2014B,587287,P3,F3,1.0,0.479093023956107
GGG,2014B,587613,P3,F3,1.0,0.623744359367369
GGG,2014B,588031,P3,F3,0.0,0.47825972245480713
GGG,2014B,588489,P3,F3,1.0,0.36852459383483954
GGG,2014B,588940,P3,F3,1.0,0.6296864305854983
GGG,2014B,589009,P3,F3,0.0,0.4916586593064004
GGG,2014B,589053,P3,F3,0.0,0.5462985154846588
GGG,2014B,589973,P3,F3,1.0,0.36439632659514914
GGG,2014B,590445,P3,F3,0.0,0.40229297953504284
GGG,2014B,590739,P3,F3,1.0,0.5897714787433446
GGG,2014B,590758,P3,F3,1.0,0.6351284805718499
GGG,2014B,591563,P3,F3,0.0,0.4795055089846744
GGG,2014B,592001,P3,F3,1.0,0.47890279227869087
GGG,2014B,592190,P3,F3,0.0,0.5180014371955797
GGG,2014B,593121,P3,F3,0.0,0.5791625785740245
GGG,2014B,593785,P3,F3,0.0,0.487019907230304
GGG,2014B,593965,P3,F3,0.0,0.24576653985676997
GGG,2014B,594167,P3,F3,0.0,0.3827665208895208
GGG,2014B,594723,P3,F3,0.0,0.4856832957369073
GGG,2014B,594908,P3,F3,1.0,0.6282363229490852
GGG,2014B,595102,P3,F3,0.0,0.5849175797198085
GGG,2014B,595343,P3,F3,0.0,0.4581060291635721
GGG,2014B,595572,P3,F3,0.0,0.53856260161576
GGG,2014B,596307,P3,F3,1.0,0.5754798192695633
GGG,2014B,596382,P3,F3,1.0,0.408002037999703
GGG,2014B,596513,P3,F3,0.0,0.2872798397945439
GGG,2014B,596588,P3,F3,0.0,0.6370019984953227
GGG,2014B,596751,P3,F3,0.0,0.2312503826758413
GGG,2014B,597010,P3,F3,0.0,0.5471267665172891
GGG,2014B,597037,P3,F3,1.0,0.40306540823445347
GGG,2014B,598017,P3,F3,0.0,0.22295525320849582
GGG,2014B,598127,P3,F3,1.0,0.2466293579116208
GGG,2014B,598496,P3,F3,1.0,0.6061127450888699
GGG,2014B,598564,P3,F3,1.0,0.6343668067350646
GGG,2014B,599144,P3,F3,0.0,0.3349193089313786
GGG,2014B,599276,P3,F3,0.0,0.22806719308659823
GGG,2014B,599277,P3,F3,1.0,0.5460138139057805
GGG,2014B,599467,P3,F3,0.0,0.5743970097673484
GGG,2014B,599620,P3,F3,0.0,0.2232571840317224
GGG,2014B,600035,P3,F3,0.0,0.4240603277746711
GGG,2014B,600390,P3,F3,1.0,0.5013556960581281
GGG,2014B,600714,P3,F3,0.0,0.34589468196429823
GGG,2014B,601064,P3,F3,0.0,0.3207626866030028
GGG,2014B,602045,P3,F3,0.0,0.3784736138571049
GGG,2014B,602061,P3,F3,1.0,0.6547425467368708
GGG,2014B,602616,P3,F3,1.0,0.7523000930405329
GGG,2014B,602655,P3,F3,0.0,0.38495505254030554
GGG,2014B,602858,P3,F3,1.0,0.6469259204780502
GGG,2014B,603064,P3,F3,1.0,0.3748500043034767
GGG,2014B,603612,P3,F3,1.0,0.302261018313964
GGG,2014B,603921,P3,F3,0.0,0.5113802895131149
GGG,2014B,604482,P3,F3,1.0,0.7058741101976981
GGG,2014B,604504,P3,F3,0.0,0.5231654876339928
GGG,2014B,604901,P3,F3,0.0,0.4535650136888724
GGG,2014B,605176,P3,F3,1.0,0.47712308014020416
GGG,2014B,605375,P3,F3,0.0,0.4644153215567495
GGG,2014B,605445,P3,F3,0.0,0.5725538450333932
GGG,2014B,605556,P3,F3,0.0,0.44828506802917417
GGG,2014B,605702,P3,F3,1.0,0.4072174219619178
GGG,2014B,605828,P3,F3,0.0,0.5498035484146128
GGG,2014B,606101,P3,F3,0.0,0.4507675179983226
GGG,2014B,606175,P3,F3,0.0,0.3059755745753238
GGG,2014B,606274,P3,F3,1.0,0.5994704847272708
GGG,2014B,606296,P3,F3,0.0,0.46767734281688816
GGG,2014B,606389,P3,F3,0.0,0.31283828360799326
GGG,2014B,606602,P3,F3,1.0,0.7033881368321266
GGG,2014B,606705,P3,F3,1.0,0.6395905519360424
GGG,2014B,606707,P3,F3,0.0,0.3088983949333669
GGG,2014B,606858,P3,F3,0.0,0.2421872417698322
GGG,2014B,607235,P3,F3,0.0,0.394494755983731
GGG,2014B,607530,P3,F3,0.0,0.5333769679321929
GGG,2014B,607536,P3,F3,0.0,0.3208330026258374
GGG,2014B,607547,P3,F3,0.0,0.39043577589123624
GGG,2014B,607762,P3,F3,0.0,0.2928317353724336
GGG,2014B,608109,P3,F3,0.0,0.35675074654390526
GGG,2014B,608221,P3,F3,1.0,0.4637405277799665
GGG,2014B,608263,P3,F3,0.0,0.5789883764380653
GGG,2014B,608292,P3,F3,0.0,0.2035458844705247
GGG,2014B,608596,P3,F3,0.0,0.612592032038683
GGG,2014B,608628,P3,F3,1.0,0.6477800622217765
GGG,2014B,608649,P3,F3,1.0,0.5271624067577061
GGG,2014B,608907,P3,F3,0.0,0.6458707164920945
GGG,2014B,609297,P3,F3,0.0,0.47510362995182315
GGG,2014B,609326,P3,F3,0.0,0.4660210183050857
GGG,2014B,609365,P3,F3,1.0,0.4828690624653203
GGG,2014B,609754,P3,F3,0.0,0.2299731811354807
GGG,2014B,610127,P3,F3,0.0,0.6387502069784005
GGG,2014B,610336,P3,F3,1.0,0.6352763251718557
GGG,2014B,610398,P3,F3,0.0,0.40734924581395765
GGG,2014B,610461,P3,F3,1.0,0.5712210381509147
GGG,2014B,610917,P3,F3,1.0,0.422314993912833
GGG,2014B,610967,P3,F3,1.0,0.4232785420552357
GGG,2014B,611195,P3,F3,0.0,0.3242195880884066
GGG,2014B,611489,P3,F3,0.0,0.30923745753825677
GGG,2014B,611496,P3,F3,0.0,0.2347735371606979
GGG,2014B,611534,P3,F3,1.0,0.538124671302888
GGG,2014B,611612,P3,F3,0.0,0.4387251315925997
GGG,2014B,611629,P3,F3,1.0,0.43305896872166827
GGG,2014B,611962,P3,F3,0.0,0.46150577126292575
GGG,2014B,612002,P3,F3,0.0,0.30346040564706417
GGG,2014B,612039,P3,F3,0.0,0.41633600784797
GGG,2014B,612089,P3,F3,1.0,0.4394273369232473
GGG,2014B,612149,P3,F3,1.0,0.4497904191701213
GGG,2014B,612207,P3,F3,1.0,0.6459489474475403
GGG,2014B,612319,P3,F3,0.0,0.35586015416165134
GGG,2014B,612363,P3,F3,1.0,0.4141843932200901
GGG,2014B,612385,P3,F3,1.0,0.5356990722668111
GGG,2014B,612459,P3,F3,1.0,0.6372354466470019
GGG,2014B,612565,P3,F3,0.0,0.4011017050059305
GGG,2014B,612620,P3,F3,1.0,0.5399681228385017
GGG,2014B,612621,P3,F3,0.0,0.47114368593327743
GGG,2014B,612690,P3,F3,0.0,0.42756800986696264
GGG,2014B,612711,P3,F3,1.0,0.6459489474475403
GGG,2014B,612797,P3,F3,0.0,0.3501048309335437
GGG,2014B,612870,P3,F3,0.0,0.26756568366996014
GGG,2014B,612903,P3,F3,0.0,0.4397631953964587
GGG,2014B,612929,P3,F3,1.0,0.25701004647497716
GGG,2014B,613015,P3,F3,0.0,0.3283764209602025
GGG,2014B,613039,P3,F3,1.0,0.3258584256542828
GGG,2014B,613131,P3,F3,0.0,0.3712318324258315
GGG,2014B,613227,P3,F3,1.0,0.5417371822490717
GGG,2014B,613235,P3,F3,0.0,0.5458331673306113
GGG,2014B,613300,P3,F3,0.0,0.39441366295356234
GGG,2014B,613407,P3,F3,1.0,0.4853613836881434
GGG,2014B,613611,P3,F3,1.0,0.4231358105208841
GGG,2014B,613616,P3,F3,1.0,0.42156849406441793
GGG,2014B,613639,P3,F3,1.0,0.4753730656003838
GGG,2014B,613646,P3,F3,0.0,0.4007639119206797
GGG,2014B,613675,P3,F3,1.0,0.4982018235264287
GGG,2014B,613683,P3,F3,0.0,0.3900540245994653
GGG,2014B,613691,P3,F3,0.0,0.2084624444767797
GGG,2014B,613720,P3,F3,0.0,0.6183661881528504
GGG,2014B,613972,P3,F3,1.0,0.5498271804347864
GGG,2014B,613981,P3,F3,1.0,0.4394056988740312
GGG,2014B,613988,P3,F3,0.0,0.380092272619527
GGG,2014B,613993,P3,F3,1.0,0.6365613422802218
GGG,2014B,614073,P3,F3,1.0,0.6362240886235101
GGG,2014B,614129,P3,F3,1.0,0.38915370958423406
GGG,2014B,614142,P3,F3,1.0,0.36595943565394384
GGG,2014B,614162,P3,F3,0.0,0.43044275204222315
GGG,2014B,614204,P3,F3,1.0,0.4086342987465744
GGG,2014B,614224,P3,F3,1.0,0.5333768247697518
GGG,2014B,614233,P3,F3,1.0,0.3979112452444072
GGG,2014B,614249,P3,F3,1.0,0.6325055196197532
GGG,2014B,614398,P3,F3,0.0,0.3388854543486869
GGG,2014B,614419,P3,F3,1.0,0.4270563436555751
GGG,2014B,614424,P3,F3,0.0,0.26358473717968395
GGG,2014B,614571,P3,F3,0.0,0.47031152776341156
GGG,2014B,614582,P3,F3,0.0,0.3470890337036659
GGG,2014B,614892,P3,F3,0.0,0.3545191049933382
GGG,2014B,614893,P3,F3,0.0,0.07328469753398059
GGG,2014B,615001,P3,F3,0.0,0.5727693862935235
GGG,2014B,615078,P3,F3,0.0,0.32788465113506327
GGG,2014B,615085,P3,F3,1.0,0.5542420030727334
GGG,2014B,615103,P3,F3,1.0,0.5191287812144867
GGG,2014B,615283,P3,F3,1.0,0.3307188556672649
GGG,2014B,615300,P3,F3,0.0,0.5087262057787609
GGG,2014B,615327,P3,F3,0.0,0.38071010877205025
GGG,2014B,615377,P3,F3,0.0,0.42162350044726704
GGG,2014B,615401,P3,F3,1.0,0.547639082327726
GGG,2014B,615404,P3,F3,1.0,0.5116585583489599
GGG,2014B,615425,P3,F3,0.0,0.38365819661147105
GGG,2014B,616338,P3,F3,0.0,0.5647182950420818
GGG,2014B,616457,P3,F3,0.0,0.30076114412176075
GGG,2014B,616512,P3,F3,0.0,0.2708433461579699
GGG,2014B,616595,P3,F3,0.0,0.2155071408008731
GGG,2014B,616629,P3,F3,0.0,0.20668428182190143
GGG,2014B,616672,P3,F3,0.0,0.28960515086314753
GGG,2014B,616706,P3,F3,0.0,0.1859837573262468
GGG,2014B,616727,P3,F3,0.0,0.2595000293069243
GGG,2014B,616728,P3,F3,1.0,0.4985793745421545
GGG,2014B,616742,P3,F3,0.0,0.3496959530369929
GGG,2014B,616851,P3,F3,0.0,0.20254045393032305
GGG,2014B,616866,P3,F3,0.0,0.4539590027912376
GGG,2014B,617107,P3,F3,1.0,0.5786365001058079
GGG,2014B,617114,P3,F3,1.0,0.44368342102743713
GGG,2014B,617133,P3,F3,1.0,0.5683796760336897
GGG,2014B,617238,P3,F3,1.0,0.6081663360524897
GGG,2014B,617346,P3,F3,1.0,0.4863799548631695
GGG,2014B,617347,P3,F3,1.0,0.6395905519360424
GGG,2014B,617391,P3,F3,0.0,0.4673806864563274
GGG,2014B,617470,P3,F3,0.0,0.38336976623670216
GGG,2014B,617578,P3,F3,0.0,0.401561712302585
GGG,2014B,617611,P3,F3,1.0,0.4220270578937486
GGG,2014B,617700,P3,F3,0.0,0.4821806261887163
GGG,2014B,617745,P3,F3,0.0,0.5643099018638483
GGG,2014B,617883,P3,F3,1.0,0.2969384040708703
GGG,2014B,617886,P3,F3,0.0,0.3350355256084313
GGG,2014B,617889,P3,F3,1.0,0.4559551119941643
GGG,2014B,617909,P3,F3,0.0,0.4502243927440534
GGG,2014B,618024,P3,F3,1.0,0.6484448500762386
GGG,2014B,618088,P3,F3,0.0,0.4131645406957194
GGG,2014B,618119,P3,F3,1.0,0.4530624393770208
GGG,2014B,618176,P3,F3,0.0,0.502225300640174
GGG,2014B,618244,P3,F3,0.0,0.2921269180755451
GGG,2014B,618338,P3,F3,0.0,0.501603191257848
GGG,2014B,618444,P3,F3,1.0,0.46425637136862896
GGG,2014B,618579,P3,F3,0.0,0.5216947130060254
GGG,2014B,618621,P3,F3,0.0,0.37376491223401737
GGG,2014B,618767,P3,F3,0.0,0.4527273002500599
GGG,2014B,618846,P3,F3,1.0,0.4491349678470579
GGG,2014B,618887,P3,F3,0.0,0.20263537534455156
GGG,2014B,618893,P3,F3,0.0,0.5111628478648749
GGG,2014B,619013,P3,F3,1.0,0.41185697561228113
GGG,2014B,619107,P3,F3,1.0,0.6411010169072696
GGG,2014B,619212,P3,F3,0.0,0.379711115726104
GGG,2014B,619284,P3,F3,1.0,0.6240001117431269
GGG,2014B,619363,P3,F3,0.0,0.19995342557059784
GGG,2014B,619478,P3,F3,1.0,0.5530491205040399
GGG,2014B,619481,P3,F3,0.0,0.17436070651599586
GGG,2014B,619483,P3,F3,0.0,0.3917663886240484
GGG,2014B,619520,P3,F3,1.0,0.6014726555058868
GGG,2014B,619926,P3,F3,1.0,0.53533764687286
GGG,2014B,619945,P3,F3,1.0,0.22518005174759512
GGG,2014B,619952,P3,F3,0.0,0.4217547644404113
GGG,2014B,620179,P3,F3,0.0,0.637572296802118
GGG,2014B,620190,P3,F3,0.0,0.5796941916312345
GGG,2014B,620197,P3,F3,0.0,0.2577478004791353
GGG,2014B,620218,P3,F3,1.0,0.43835460849837643
GGG,2014B,620317,P3,F3,0.0,0.2829001433955706
GGG,2014B,620460,P3,F3,0.0,0.29277674493936906
GGG,2014B,620490,P3,F3,0.0,0.6411010169072696
GGG,2014B,620522,P3,F3,0.0,0.46391623613103117
GGG,2014B,620552,P3,F3,1.0,0.4605107338954733
GGG,2014B,620561,P3,F3,0.0,0.2783451679526652
GGG,2014B,620564,P3,F3,0.0,0.5642513364228672
GGG,2014B,620590,P3,F3,0.0,0.346652967137352
GGG,2014B,620629,P3,F3,1.0,0.4241846274504542
GGG,2014B,620726,P3,F3,0.0,0.30351897958485946
GGG,2014B,620728,P3,F3,1.0,0.4223535716339922
GGG,2014B,620808,P3,F3,0.0,0.2033023045108919
GGG,2014B,620915,P3,F3,1.0,0.30005690434215526
GGG,2014B,620946,P3,F3,0.0,0.2286692711428826
GGG,2014B,620982,P3,F3,0.0,0.4028608057730467
GGG,2014B,621017,P3,F3,1.0,0.5532953097752407
GGG,2014B,621025,P3,F3,1.0,0.6139072008960057
GGG,2014B,621319,P3,F3,1.0,0.35635377371557786
GGG,2014B,621331,P3,F3,1.0,0.43765576565357694
GGG,2014B,621342,P3,F3,1.0,0.4561102909463981
GGG,2014B,621459,P3,F3,1.0,0.31131470304637177
GGG,2014B,621473,P3,F3,0.0,0.5295396434745457
GGG,2014B,621478,P3,F3,1.0,0.4766125464313746
GGG,2014B,621676,P3,F3,1.0,0.4645508075076436
GGG,2014B,621693,P3,F3,1.0,0.6022749290216721
GGG,2014B,621716,P3,F3,0.0,0.4226869830258281
GGG,2014B,621755,P3,F3,0.0,0.30167272965350184
GGG,2014B,621888,P3,F3,1.0,0.3905284156731366
GGG,2014B,621923,P3,F3,0.0,0.4468900566851546
GGG,2014B,622074,P3,F3,0.0,0.38537616658738033
GGG,2014B,622166,P3,F3,0.0,0.4423662081840206
GGG,2014B,622245,P3,F3,0.0,0.23258312944026577
GGG,2014B,622352,P3,F3,0.0,0.329148232162207
GGG,2014B,622356,P3,F3,1.0,0.5573681865842643
GGG,2014B,622382,P3,F3,0.0,0.44551326908964367
GGG,2014B,622432,P3,F3,0.0,0.32503055951133325
GGG,2014B,622433,P3,F3,0.0,0.5601416542463439
GGG,2014B,622480,P3,F3,1.0,0.3023056788262617
GGG,2014B,622500,P3,F3,0.0,0.2153151971494227
GGG,2014B,622516,P3,F3,1.0,0.3455514642109407
GGG,2014B,622570,P3,F3,0.0,0.39085298840035565
GGG,2014B,622618,P3,F3,1.0,0.4050670705474032
GGG,2014B,622646,P3,F3,1.0,0.2911812713882812
GGG,2014B,622886,P3,F3,1.0,0.35518700011573423
GGG,2014B,623010,P3,F3,0.0,0.2079032059227215
GGG,2014B,623029,P3,F3,1.0,0.6044722470689058
GGG,2014B,623072,P3,F3,0.0,0.2932362096679347
GGG,2014B,623081,P3,F3,0.0,0.3737985641189814
GGG,2014B,623322,P3,F3,1.0,0.6407655985294693
GGG,2014B,623335,P3,F3,0.0,0.5399573395983276
GGG,2014B,623416,P3,F3,0.0,0.41719537874003143
GGG,2014B,623442,P3,F3,0.0,0.42705502140779955
GGG,2014B,623457,P3,F3,0.0,0.3707898030273325
GGG,2014B,623495,P3,F3,0.0,0.40386214928297215
GGG,2014B,623575,P3,F3,0.0,0.3163095984797452
GGG,2014B,623602,P3,F3,0.0,0.3748333133485098
GGG,2014B,623778,P3,F3,0.0,0.5544569798821746
GGG,2014B,623804,P3,F3,0.0,0.42391437989179137
GGG,2014B,623831,P3,F3,0.0,0.2619875827222114
GGG,2014B,623859,P3,F3,0.0,0.24504478592214016
GGG,2014B,623903,P3,F3,0.0,0.2660928165606905
GGG,2014B,623909,P3,F3,1.0,0.6387502069784005
GGG,2014B,623919,P3,F3,0.0,0.4981685890234963
GGG,2014B,623953,P3,F3,1.0,0.40437127168109616
GGG,2014B,623988,P3,F3,0.0,0.5914597799618713
GGG,2014B,624099,P3,F3,1.0,0.5251566067339047
GGG,2014B,624199,P3,F3,1.0,0.25659236581876654
GGG,2014B,624226,P3,F3,0.0,0.33439604339995
GGG,2014B,624230,P3,F3,0.0,0.646556870280403
GGG,2014B,624321,P3,F3,1.0,0.542721136296674
GGG,2014B,624327,P3,F3,1.0,0.3348773723748964
GGG,2014B,624430,P3,F3,1.0,0.5589856382061001
GGG,2014B,624433,P3,F3,0.0,0.42362929612925837
GGG,2014B,624455,P3,F3,1.0,0.49367313770808435
GGG,2014B,624522,P3,F3,0.0,0.5530742762112594
GGG,2014B,624569,P3,F3,1.0,0.5719887220902656
GGG,2014B,624650,P3,F3,1.0,0.35997147996589746
GGG,2014B,624667,P3,F3,1.0,0.5326458598561675
GGG,2014B,624679,P3,F3,1.0,0.09858536938855399
GGG,2014B,624706,P3,F3,1.0,0.49710602404774784
GGG,2014B,624714,P3,F3,0.0,0.44874414123785655
GGG,2014B,624727,P3,F3,0.0,0.5811803185244252
GGG,2014B,624767,P3,F3,1.0,0.27673294797049036
GGG,2014B,624777,P3,F3,0.0,0.33523715495358714
GGG,2014B,624795,P3,F3,1.0,0.45811977803092396
GGG,2014B,624828,P3,F3,1.0,0.471014794006468
GGG,2014B,624906,P3,F3,0.0,0.4621850405939608
GGG,2014B,624912,P3,F3,0.0,0.297547272688587
GGG,2014B,624938,P3,F3,0.0,0.2736566129370429
GGG,2014B,625033,P3,F3,0.0,0.4846302408932683
GGG,2014B,625089,P3,F3,0.0,0.6478126565954863
GGG,2014B,625106,P3,F3,1.0,0.5013273411813832
GGG,2014B,625376,P3,F3,0.0,0.3063246445239443
GGG,2014B,625399,P3,F3,1.0,0.30944080809719937
GGG,2014B,625446,P3,F3,0.0,0.367323534988798
GGG,2014B,625494,P3,F3,0.0,0.274777990626593
GGG,2014B,625540,P3,F3,1.0,0.4943308405416447
GGG,2014B,625544,P3,F3,0.0,0.4483018000197705
GGG,2014B,625545,P3,F3,0.0,0.2224177503628796
GGG,2014B,625603,P3,F3,0.0,0.3375738324690357
GGG,2014B,625649,P3,F3,0.0,0.420450841187274
GGG,2014B,625651,P3,F3,0.0,0.2595342755994168
GGG,2014B,625676,P3,F3,1.0,0.6451152018704782
GGG,2014B,625722,P3,F3,0.0,0.40515968188229995
GGG,2014B,625775,P3,F3,1.0,0.32216448972555883
GGG,2014B,625875,P3,F3,0.0,0.39611805843736936
GGG,2014B,625903,P3,F3,0.0,0.4071241995704901
GGG,2014B,625912,P3,F3,0.0,0.49654109548189773
GGG,2014B,625930,P3,F3,1.0,0.44283092232144466
GGG,2014B,626023,P3,F3,0.0,0.25608069438294945
GGG,2014B,626091,P3,F3,0.0,0.39086899356147287
GGG,2014B,626092,P3,F3,1.0,0.6258802393314921
GGG,2014B,626096,P3,F3,1.0,0.5576071958383877
GGG,2014B,626145,P3,F3,0.0,0.5593723467173974
GGG,2014B,626159,P3,F3,0.0,0.15683459498933197
GGG,2014B,626213,P3,F3,1.0,0.5311725024624767
GGG,2014B,626256,P3,F3,0.0,0.36625541054306776
GGG,2014B,626282,P3,F3,0.0,0.3258084712587886
GGG,2014B,626287,P3,F3,0.0,0.45437794415236427
GGG,2014B,626306,P3,F3,0.0,0.48503671711085655
GGG,2014B,626307,P3,F3,1.0,0.3814809279927424
GGG,2014B,626317,P3,F3,1.0,0.2981128294970478
GGG,2014B,626372,P3,F3,0.0,0.6451152018704782
GGG,2014B,626379,P3,F3,0.0,0.27057304945365135
GGG,2014B,626585,P3,F3,0.0,0.39033719934955036
GGG,2014B,626589,P3,F3,0.0,0.38223892843017654
GGG,2014B,626618,P3,F3,1.0,0.4598387732358678
GGG,2014B,626629,P3,F3,1.0,0.37024807527294357
GGG,2014B,626667,P3,F3,1.0,0.2992145221561924
GGG,2014B,626675,P3,F3,1.0,0.5218637923473787
GGG,2014B,626708,P3,F3,0.0,0.5953700968991011
GGG,2014B,626751,P3,F3,1.0,0.4509170499116643
GGG,2014B,626927,P3,F3,1.0,0.5374173765032443
GGG,2014B,626940,P3,F3,1.0,0.5584466250170046
GGG,2014B,626982,P3,F3,0.0,0.6300410312938909
GGG,2014B,627043,P3,F3,1.0,0.50044667368423
GGG,2014B,627050,P3,F3,0.0,0.6477800622217765
GGG,2014B,627057,P3,F3,0.0,0.5569748321289386
GGG,2014B,627076,P3,F3,1.0,0.31894206175401874
GGG,2014B,627217,P3,F3,0.0,0.410104219811182
GGG,2014B,627251,P3,F3,0.0,0.4113793007373782
GGG,2014B,627264,P3,F3,0.0,0.29290157758811314
GGG,2014B,627327,P3,F3,0.0,0.5966904620675691
GGG,2014B,627330,P3,F3,0.0,0.3429450261452581
GGG,2014B,627441,P3,F3,1.0,0.38143908537420973
GGG,2014B,627530,P3,F3,0.0,0.5027867089938719
GGG,2014B,627597,P3,F3,0.0,0.2699760496740105
GGG,2014B,627661,P3,F3,0.0,0.33622620024959
GGG,2014B,627764,P3,F3,0.0,0.6246679099870599
GGG,2014B,627773,P3,F3,0.0,0.44240206916338465
GGG,2014B,627787,P3,F3,0.0,0.43689696888418816
GGG,2014B,627812,P3,F3,1.0,0.6129549793373631
GGG,2014B,627821,P3,F3,0.0,0.3888161376893946
GGG,2014B,627827,P3,F3,1.0,0.48899289776136606
GGG,2014B,627834,P3,F3,0.0,0.30512064353706875
GGG,2014B,627843,P3,F3,1.0,0.3547687995335541
GGG,2014B,627895,P3,F3,0.0,0.4604561352836752
GGG,2014B,627901,P3,F3,0.0,0.49558419508331075
GGG,2014B,627973,P3,F3,1.0,0.2917931186097668
GGG,2014B,628189,P3,F3,1.0,0.5540162641604859
GGG,2014B,628217,P3,F3,1.0,0.348762813228929
GGG,2014B,628227,P3,F3,0.0,0.543538531325199
GGG,2014B,628245,P3,F3,1.0,0.6424413084198363
GGG,2014B,628280,P3,F3,0.0,0.5425605498409346
GGG,2014B,628316,P3,F3,0.0,0.5071011657587903
GGG,2014B,628365,P3,F3,1.0,0.6472668416302642
GGG,2014B,628367,P3,F3,0.0,0.5157371708716557
GGG,2014B,628369,P3,F3,0.0,0.29442381573066995
GGG,2014B,628455,P3,F3,0.0,0.3785582150194609
GGG,2014B,628495,P3,F3,0.0,0.3284228266332943
GGG,2014B,628530,P3,F3,0.0,0.5079831946522424
GGG,2014B,628538,P3,F3,1.0,0.3995772244582302
GGG,2014B,628545,P3,F3,0.0,0.27091888291040345
GGG,2014B,628598,P3,F3,0.0,0.29768189559301983
GGG,2014B,628630,P3,F3,0.0,0.5556212377664932
GGG,2014B,628653,P3,F3,1.0,0.39576169663454197
GGG,2014B,628669,P3,F3,0.0,0.24488647896395863
GGG,2014B,628712,P3,F3,0.0,0.265265295173247
GGG,2014B,628715,P3,F3,1.0,0.4234819024498887
GGG,2014B,628722,P3,F3,1.0,0.4095441284336391
GGG,2014B,628759,P3,F3,1.0,0.3886182173266854
GGG,2014B,628849,P3,F3,1.0,0.5016307070840426
GGG,2014B,628851,P3,F3,1.0,0.6363716451987455
GGG,2014B,628869,P3,F3,0.0,0.4272113398561021
GGG,2014B,628870,P3,F3,0.0,0.260369114194896
GGG,2014B,628881,P3,F3,0.0,0.6212645408158047
GGG,2014B,628929,P3,F3,0.0,0.4042840868623667
GGG,2014B,628931,P3,F3,0.0,0.33662101928462057
GGG,2014B,629153,P3,F3,0.0,0.4100749848403617
GGG,2014B,629198,P3,F3,0.0,0.3833674707682809
GGG,2014B,629310,P3,F3,1.0,0.2714839492433645
GGG,2014B,629387,P3,F3,1.0,0.7429791994780927
GGG,2014B,629514,P3,F3,1.0,0.3930547163298942
GGG,2014B,629537,P3,F3,1.0,0.5007310155715544
GGG,2014B,629542,P3,F3,1.0,0.5547200399496235
GGG,2014B,629580,P3,F3,1.0,0.4876407042768115
GGG,2014B,629633,P3,F3,0.0,0.3339208078058391
GGG,2014B,629736,P3,F3,0.0,0.29432433446466233
GGG,2014B,629745,P3,F3,1.0,0.306269230403295
GGG,2014B,629772,P3,F3,0.0,0.5398221334683432
GGG,2014B,629777,P3,F3,0.0,0.346249446892136
GGG,2014B,629779,P3,F3,0.0,0.46226904253980033
GGG,2014B,629813,P3,F3,1.0,0.4856966840287261
GGG,2014B,629820,P3,F3,0.0,0.37227964015135423
GGG,2014B,629853,P3,F3,0.0,0.3362554622077435
GGG,2014B,629960,P3,F3,1.0,0.5434047550659151
GGG,2014B,629961,P3,F3,1.0,0.3149861995350702
GGG,2014B,629963,P3,F3,1.0,0.5300067294623075
GGG,2014B,629978,P3,F3,1.0,0.6469482718856163
GGG,2014B,629990,P3,F3,1.0,0.41571809567031376
GGG,2014B,630008,P3,F3,1.0,0.482958737634819
GGG,2014B,630099,P3,F3,0.0,0.3602935142848811
GGG,2014B,630108,P3,F3,0.0,0.23942961187195652
GGG,2014B,630133,P3,F3,1.0,0.6458050624334295
GGG,2014B,630149,P3,F3,1.0,0.6482034242126742
GGG,2014B,630156,P3,F3,1.0,0.6479463129843338
GGG,2014B,630169,P3,F3,1.0,0.6484448500762386
GGG,2014B,630203,P3,F3,1.0,0.5527483464082099
GGG,2014B,630219,P3,F3,0.0,0.37685676571187005
GGG,2014B,630221,P3,F3,0.0,0.35558777230585054
GGG,2014B,630240,P3,F3,1.0,0.5133720186664924
GGG,2014B,630242,P3,F3,1.0,0.5395815004675361
GGG,2014B,630446,P3,F3,0.0,0.419045700936947
GGG,2014B,630496,P3,F3,0.0,0.35165510871207445
GGG,2014B,630522,P3,F3,0.0,0.6496068438180853
GGG,2014B,630569,P3,F3,0.0,0.3652337911754802
GGG,2014B,630762,P3,F3,1.0,0.42457755536072245
GGG,2014B,630770,P3,F3,0.0,0.47747037600261
GGG,2014B,630776,P3,F3,1.0,0.2985021243526775
GGG,2014B,630787,P3,F3,0.0,0.31328606408873355
GGG,2014B,630788,P3,F3,0.0,0.3647007035097197
GGG,2014B,630834,P3,F3,0.0,0.34698524371086914
GGG,2014B,630841,P3,F3,0.0,0.23597663821383597
GGG,2014B,630863,P3,F3,0.0,0.6484448500762386
GGG,2014B,630881,P3,F3,0.0,0.3107845826359594
GGG,2014B,630946,P3,F3,0.0,0.2986973106039315
GGG,2014B,631033,P3,F3,0.0,0.4419302920348424
GGG,2014B,631189,P3,F3,1.0,0.30019978689571114
GGG,2014B,631201,P3,F3,0.0,0.3319334584389573
GGG,2014B,631212,P3,F3,1.0,0.40543037034199103
GGG,2014B,631277,P3,F3,0.0,0.49978556871929175
GGG,2014B,631290,P3,F3,0.0,0.28691841178191985
GGG,2014B,631392,P3,F3,0.0,0.33848119964521756
GGG,2014B,631446,P3,F3,1.0,0.46262548778374096
GGG,2014B,631454,P3,F3,0.0,0.2543200547754097
GGG,2014B,631542,P3,F3,0.0,0.19660249823332618
GGG,2014B,631693,P3,F3,1.0,0.349458190438614
GGG,2014B,631753,P3,F3,0.0,0.24164313282622307
GGG,2014B,631756,P3,F3,1.0,0.463176161483832
GGG,2014B,631786,P3,F3,0.0,0.38960767816326913
GGG,2014B,631788,P3,F3,1.0,0.6484448500762386
GGG,2014B,631935,P3,F3,0.0,0.4252290786632765
GGG,2014B,631953,P3,F3,0.0,0.29937607033496816
GGG,2014B,631978,P3,F3,1.0,0.37809705077493916
GGG,2014B,631992,P3,F3,1.0,0.6469710312025216
GGG,2014B,632152,P3,F3,1.0,0.4590878090040033
GGG,2014B,632153,P3,F3,0.0,0.5078822160515392
GGG,2014B,632210,P3,F3,1.0,0.48860311234523185
GGG,2014B,632267,P3,F3,1.0,0.4149386419505341
GGG,2014B,632475,P3,F3,0.0,0.33681655715541603
GGG,2014B,632483,P3,F3,0.0,0.2510397537679302
GGG,2014B,632485,P3,F3,0.0,0.38141555465894716
GGG,2014B,632512,P3,F3,0.0,0.3151336403535418
GGG,2014B,632514,P3,F3,0.0,0.5118091197904607
GGG,2014B,632526,P3,F3,0.0,0.46366019745962755
GGG,2014B,632543,P3,F3,0.0,0.20848177432544668
GGG,2014B,632558,P3,F3,1.0,0.39358530086087556
GGG,2014B,632559,P3,F3,0.0,0.4106981221489409
GGG,2014B,632569,P3,F3,0.0,0.5023674784964499
GGG,2014B,632577,P3,F3,1.0,0.6481125279026105
GGG,2014B,632613,P3,F3,1.0,0.5344572757651624
GGG,2014B,632619,P3,F3,0.0,0.6473038447525785
GGG,2014B,632631,P3,F3,1.0,0.4808807589011632
GGG,2014B,632638,P3,F3,1.0,0.42750191055632264
GGG,2014B,632640,P3,F3,0.0,0.4632954327281865
GGG,2014B,632667,P3,F3,0.0,0.38637180624599265
GGG,2014B,632673,P3,F3,0.0,0.3062232689219831
GGG,2014B,632675,P3,F3,0.0,0.5299343712584815
GGG,2014B,632687,P3,F3,0.0,0.6772929863721197
GGG,2014B,632936,P3,F3,0.0,0.27898747634214366
GGG,2014B,632959,P3,F3,0.0,0.400637085584153
GGG,2014B,632966,P3,F3,1.0,0.5231910017467452
GGG,2014B,632989,P3,F3,0.0,0.4062937763597307
GGG,2014B,633026,P3,F3,1.0,0.33921820219309123
GGG,2014B,633096,P3,F3,1.0,0.528458900173531
GGG,2014B,633098,P3,F3,0.0,0.5297076542252313
GGG,2014B,633118,P3,F3,0.0,0.35331068445672525
GGG,2014B,633123,P3,F3,0.0,0.3785848007387375
GGG,2014B,633209,P3,F3,0.0,0.4634715504493336
GGG,2014B,633285,P3,F3,1.0,0.5643307463197699
GGG,2014B,633389,P3,F3,1.0,0.39455492838493106
GGG,2014B,633417,P3,F3,0.0,0.2328556046150938
GGG,2014B,633429,P3,F3,0.0,0.5011066114772141
GGG,2014B,633435,P3,F3,1.0,0.37842269627768926
GGG,2014B,633436,P3,F3,1.0,0.552312600477088
GGG,2014B,633448,P3,F3,1.0,0.27466094322064005
GGG,2014B,633453,P3,F3,0.0,0.23756992010722325
GGG,2014B,633459,P3,F3,0.0,0.35685268772398926
GGG,2014B,633464,P3,F3,0.0,0.29220740596996503
GGG,2014B,633474,P3,F3,0.0,0.4021128523472593
GGG,2014B,633498,P3,F3,1.0,0.2995830275056336
GGG,2014B,633514,P3,F3,0.0,0.35804400188904817
GGG,2014B,633515,P3,F3,1.0,0.48805942432439403
GGG,2014B,633569,P3,F3,1.0,0.6496068438180853
GGG,2014B,633585,P3,F3,1.0,0.5602717768315766
GGG,2014B,633588,P3,F3,0.0,0.20692468239254735
GGG,2014B,633608,P3,F3,0.0,0.3736077790959207
GGG,2014B,633609,P3,F3,0.0,0.39739729697492676
GGG,2014B,633643,P3,F3,0.0,0.3118412497410147
GGG,2014B,633660,P3,F3,0.0,0.4000405836790196
GGG,2014B,633666,P3,F3,0.0,0.6841999863672955
GGG,2014B,633682,P3,F3,0.0,0.37087296821096866
GGG,2014B,633683,P3,F3,0.0,0.4163270973163771
GGG,2014B,633685,P3,F3,0.0,0.14612704151221412
GGG,2014B,633690,P3,F3,0.0,0.6306849180579627
GGG,2014B,633747,P3,F3,0.0,0.537721415144076
GGG,2014B,633749,P3,F3,1.0,0.6740916177149828
GGG,2014B,633923,P3,F3,0.0,0.16491075396030153
GGG,2014B,633956,P3,F3,0.0,0.267641474088471
GGG,2014B,633967,P3,F3,1.0,0.6493061907500777
GGG,2014B,633979,P3,F3,0.0,0.27259072856741295
GGG,2014B,634018,P3,F3,0.0,0.5344330264508996
GGG,2014B,634027,P3,F3,0.0,0.33994408350964306
GGG,2014B,634054,P3,F3,1.0,0.5597041060253223
GGG,2014B,634061,P3,F3,0.0,0.3864416355522979
GGG,2014B,634066,P3,F3,1.0,0.33662819015828327
GGG,2014B,634076,P3,F3,0.0,0.19548191233292278
GGG,2014B,634234,P3,F3,0.0,0.21051524387703116
GGG,2014B,634258,P3,F3,0.0,0.22772086103766165
GGG,2014B,634273,P3,F3,1.0,0.5127261584290628
GGG,2014B,634311,P3,F3,1.0,0.43932077429538247
GGG,2014B,634316,P3,F3,0.0,0.49833406184769746
GGG,2014B,634320,P3,F3,0.0,0.3280774759263004
GGG,2014B,634323,P3,F3,0.0,0.4934359952161064
GGG,2014B,634340,P3,F3,1.0,0.34160158307254695
GGG,2014B,634344,P3,F3,1.0,0.4010098798937815
GGG,2014B,634345,P3,F3,1.0,0.46425637136862896
GGG,2014B,634347,P3,F3,1.0,0.5640476217355684
GGG,2014B,634369,P3,F3,0.0,0.3913674530177471
GGG,2014B,634404,P3,F3,0.0,0.48446942728153736
GGG,2014B,634444,P3,F3,1.0,0.45559690764450267
GGG,2014B,634461,P3,F3,1.0,0.3673155980182875
GGG,2014B,634470,P3,F3,0.0,0.3061038581239121
GGG,2014B,634494,P3,F3,1.0,0.46130006765267223
GGG,2014B,634498,P3,F3,1.0,0.5595245123968373
GGG,2014B,634503,P3,F3,0.0,0.2888911127851656
GGG,2014B,634529,P3,F3,0.0,0.41278106355869876
GGG,2014B,634530,P3,F3,0.0,0.3873976477894107
GGG,2014B,634547,P3,F3,0.0,0.5532298447644427
GGG,2014B,634551,P3,F3,0.0,0.2825292561862093
GGG,2014B,634562,P3,F3,1.0,0.2950428864234532
GGG,2014B,634569,P3,F3,0.0,0.4978731834350783
GGG,2014B,634583,P3,F3,0.0,0.26293281888124737
GGG,2014B,634746,P3,F3,0.0,0.6248995324132158
GGG,2014B,634751,P3,F3,0.0,0.346485705339175
GGG,2014B,634789,P3,F3,1.0,0.2537807893916017
GGG,2014B,634822,P3,F3,1.0,0.31175854069420633
GGG,2014B,634848,P3,F3,1.0,0.3647568653619618
GGG,2014B,634899,P3,F3,1.0,0.4470208582201682
GGG,2014B,634933,P3,F3,1.0,0.40343286390619504
GGG,2014B,634968,P3,F3,1.0,0.3371220065577933
GGG,2014B,634986,P3,F3,0.0,0.2191654885315821
GGG,2014B,635035,P3,F3,0.0,0.196202911998944
GGG,2014B,635052,P3,F3,0.0,0.2640623444555121
GGG,2014B,635233,P3,F3,0.0,0.3777651636593887
GGG,2014B,635506,P3,F3,0.0,0.23388491027869712
GGG,2014B,635813,P3,F3,0.0,0.6491090628630608
GGG,2014B,635885,P3,F3,1.0,0.6486109572666308
GGG,2014B,1338955,P3,F3,1.0,0.40446648824988185
GGG,2014B,1413027,P3,F3,0.0,0.2470304983661574
GGG,2014B,1422737,P3,F3,0.0,0.3740368107077371
GGG,2014B,1860171,P3,F3,0.0,0.18856534694817567
GGG,2014B,1882021,P3,F3,0.0,0.3742530007485778
GGG,2014B,1897611,P3,F3,0.0,0.4440185202109851
GGG,2014B,1986312,P3,F3,1.0,0.5586263114481024
GGG,2014B,1994632,P3,F3,0.0,0.4173886872449006
GGG,2014B,2067555,P3,F3,0.0,0.6710223797154413
GGG,2014B,2081937,P3,F3,0.0,0.23224102480865966
GGG,2014B,2082945,P3,F3,0.0,0.3902474164400654
GGG,2014B,2135315,P3,F3,0.0,0.43351584102525664
GGG,2014B,2237813,P3,F3,1.0,0.4343591528251605
GGG,2014B,2252963,P3,F3,0.0,0.4656929811650273
GGG,2014B,2262510,P3,F3,0.0,0.47912716049678494
GGG,2014B,2264282,P3,F3,1.0,0.5283334624739248
GGG,2014B,2272474,P3,F3,0.0,0.35026785102434543
GGG,2014B,2322120,P3,F3,1.0,0.40079060033467506
GGG,2014B,2351589,P3,F3,0.0,0.3039221097727038
GGG,2014B,2392554,P3,F3,0.0,0.3670464669254875
GGG,2014B,2410140,P3,F3,1.0,0.4185117953043589
GGG,2014B,2445562,P3,F3,0.0,0.64588479650285
GGG,2014B,2452045,P3,F3,0.0,0.5910182556245563
GGG,2014B,2477545,P3,F3,1.0,0.44164604388183626
GGG,2014B,2526485,P3,F3,0.0,0.2318550283809676
GGG,2014B,2533407,P3,F3,0.0,0.13131315797078702
GGG,2014B,2546763,P3,F3,1.0,0.41544941120686946
GGG,2014B,2563715,P3,F3,0.0,0.27502061202014844
GGG,2014B,2574822,P3,F3,1.0,0.33136881512174876
GGG,2014B,2574825,P3,F3,1.0,0.3716253021140647
GGG,2014B,2577437,P3,F3,1.0,0.425076778381501
GGG,2014B,2619903,P3,F3,1.0,0.5479258580428907
GGG,2014B,2649914,P3,F3,0.0,0.5418559724905077
GGG,2014B,2658277,P3,F3,1.0,0.37150724159856496
GGG,2014B,2672138,P3,F3,0.0,0.3338546615362321
GGG,2014B,2677135,P3,F3,0.0,0.45349740908613445
GGG,2014B,2682002,P3,F3,0.0,0.6343668067350646
GGG,2014B,2689480,P3,F3,0.0,0.20291320313528163
GGG,2014B,2695362,P3,F3,0.0,0.2861740502599116
