code_module,code_presentation,id_student,period,fold,y,p_xgb
AAA,2013J,11391,P2,F1,0.0,0.48939323
AAA,2013J,28400,P2,F1,0.0,0.5246682
AAA,2013J,31604,P2,F1,0.0,0.4870793
AAA,2013J,32885,P2,F1,0.0,0.51790684
AAA,2013J,38053,P2,F1,0.0,0.41400772
AAA,2013J,45462,P2,F1,0.0,0.5280527
AAA,2013J,45642,P2,F1,0.0,0.48152208
AAA,2013J,52130,P2,F1,0.0,0.49911478
AAA,2013J,53025,P2,F1,0.0,0.4831921
AAA,2013J,57506,P2,F1,0.0,0.5021958
AAA,2013J,58873,P2,F1,0.0,0.48007315
AAA,2013J,59185,P2,F1,0.0,0.525618
AAA,2013J,62155,P2,F1,0.0,0.4673331
AAA,2013J,63400,P2,F1,0.0,0.45061812
AAA,2013J,65002,P2,F1,1.0,0.5240479
AAA,2013J,70464,P2,F1,0.0,0.5351902
AAA,2013J,71361,P2,F1,0.0,0.4043231
AAA,2013J,74372,P2,F1,1.0,0.58053946
AAA,2013J,75091,P2,F1,0.0,0.46046108
AAA,2013J,77367,P2,F1,0.0,0.49466142
AAA,2013J,91265,P2,F1,0.0,0.50444686
AAA,2013J,94961,P2,F1,1.0,0.5102624
AAA,2013J,98094,P2,F1,0.0,0.50424474
AAA,2013J,100893,P2,F1,0.0,0.4950681
AAA,2013J,101781,P2,F1,0.0,0.42660543
AAA,2013J,102806,P2,F1,0.0,0.4113225
AAA,2013J,102952,P2,F1,0.0,0.50524145
AAA,2013J,104476,P2,F1,0.0,0.6175168
AAA,2013J,106247,P2,F1,1.0,0.6363064
AAA,2013J,106577,P2,F1,0.0,0.54374284
AAA,2013J,110175,P2,F1,0.0,0.51394045
AAA,2013J,111717,P2,F1,0.0,0.40868118
AAA,2013J,113295,P2,F1,0.0,0.4212561
AAA,2013J,114017,P2,F1,0.0,0.517761
AAA,2013J,114999,P2,F1,0.0,0.4755374
AAA,2013J,116541,P2,F1,0.0,0.48453605
AAA,2013J,116692,P2,F1,0.0,0.49330273
AAA,2013J,118983,P2,F1,0.0,0.5091656
AAA,2013J,123044,P2,F1,0.0,0.52730936
AAA,2013J,127582,P2,F1,0.0,0.5157181
AAA,2013J,129955,P2,F1,1.0,0.39854935
AAA,2013J,132976,P2,F1,0.0,0.5320679
AAA,2013J,134143,P2,F1,0.0,0.4324127
AAA,2013J,135335,P2,F1,1.0,0.6404622
AAA,2013J,135400,P2,F1,1.0,0.5167971
AAA,2013J,137873,P2,F1,0.0,0.4663818
AAA,2013J,141355,P2,F1,0.0,0.48627356
AAA,2013J,141377,P2,F1,1.0,0.6414913
AAA,2013J,142326,P2,F1,0.0,0.49906632
AAA,2013J,144801,P2,F1,0.0,0.46852645
AAA,2013J,145130,P2,F1,0.0,0.49269655
AAA,2013J,146188,P2,F1,1.0,0.55800444
AAA,2013J,147756,P2,F1,1.0,0.49167183
AAA,2013J,147793,P2,F1,1.0,0.6414913
AAA,2013J,148993,P2,F1,1.0,0.5183299
AAA,2013J,151358,P2,F1,0.0,0.5478798
AAA,2013J,155550,P2,F1,0.0,0.49999487
AAA,2013J,155854,P2,F1,0.0,0.3964376
AAA,2013J,155984,P2,F1,1.0,0.49118847
AAA,2013J,157568,P2,F1,0.0,0.43720123
AAA,2013J,159954,P2,F1,1.0,0.4912976
AAA,2013J,164259,P2,F1,0.0,0.5131201
AAA,2013J,167906,P2,F1,0.0,0.5400855
AAA,2013J,168936,P2,F1,0.0,0.519818
AAA,2013J,172112,P2,F1,0.0,0.5479574
AAA,2013J,172797,P2,F1,0.0,0.54707074
AAA,2013J,174782,P2,F1,0.0,0.39647996
AAA,2013J,175392,P2,F1,0.0,0.38972655
AAA,2013J,175932,P2,F1,0.0,0.47746426
AAA,2013J,175991,P2,F1,1.0,0.55003625
AAA,2013J,180753,P2,F1,0.0,0.48706418
AAA,2013J,181316,P2,F1,1.0,0.5069843
AAA,2013J,183096,P2,F1,0.0,0.5154958
AAA,2013J,183947,P2,F1,0.0,0.54885346
AAA,2013J,184271,P2,F1,0.0,0.5143595
AAA,2013J,185439,P2,F1,1.0,0.5287948
AAA,2013J,186149,P2,F1,0.0,0.6195583
AAA,2013J,187100,P2,F1,0.0,0.3937566
AAA,2013J,188278,P2,F1,1.0,0.4960258
AAA,2013J,189879,P2,F1,0.0,0.4904705
AAA,2013J,192183,P2,F1,0.0,0.4997817
AAA,2013J,195262,P2,F1,1.0,0.6351517
AAA,2013J,200860,P2,F1,0.0,0.52605784
AAA,2013J,202635,P2,F1,1.0,0.5326475
AAA,2013J,205350,P2,F1,0.0,0.49223733
AAA,2013J,205719,P2,F1,1.0,0.51351506
AAA,2013J,227499,P2,F1,0.0,0.4059733
AAA,2013J,227517,P2,F1,1.0,0.48523614
AAA,2013J,228082,P2,F1,0.0,0.54632765
AAA,2013J,228222,P2,F1,0.0,0.5137388
AAA,2013J,229179,P2,F1,0.0,0.5017942
AAA,2013J,229361,P2,F1,0.0,0.4141441
AAA,2013J,231554,P2,F1,0.0,0.44603267
AAA,2013J,235507,P2,F1,1.0,0.49723965
AAA,2013J,236284,P2,F1,0.0,0.5545598
AAA,2013J,238007,P2,F1,0.0,0.40405077
AAA,2013J,240712,P2,F1,0.0,0.50515455
AAA,2013J,240884,P2,F1,0.0,0.52364594
AAA,2013J,241649,P2,F1,0.0,0.40724966
AAA,2013J,241729,P2,F1,1.0,0.5501033
AAA,2013J,242793,P2,F1,0.0,0.52762634
AAA,2013J,246834,P2,F1,0.0,0.5303033
AAA,2013J,248270,P2,F1,0.0,0.45985174
AAA,2013J,255548,P2,F1,0.0,0.418566
AAA,2013J,256815,P2,F1,0.0,0.6322405
AAA,2013J,258392,P2,F1,0.0,0.55561286
AAA,2013J,258894,P2,F1,0.0,0.51463854
AAA,2013J,260355,P2,F1,1.0,0.56692725
AAA,2013J,262011,P2,F1,0.0,0.53196734
AAA,2013J,262934,P2,F1,0.0,0.4125809
AAA,2013J,268073,P2,F1,1.0,0.49560323
AAA,2013J,268733,P2,F1,1.0,0.6400902
AAA,2013J,271251,P2,F1,0.0,0.40824944
AAA,2013J,277880,P2,F1,1.0,0.52008724
AAA,2013J,279572,P2,F1,0.0,0.49767372
AAA,2013J,281022,P2,F1,0.0,0.5025652
AAA,2013J,281250,P2,F1,1.0,0.5087015
AAA,2013J,281589,P2,F1,1.0,0.63341016
AAA,2013J,282821,P2,F1,0.0,0.50342274
AAA,2013J,286488,P2,F1,0.0,0.54535705
AAA,2013J,287548,P2,F1,0.0,0.5540722
AAA,2013J,290201,P2,F1,0.0,0.44723997
AAA,2013J,290757,P2,F1,0.0,0.5026366
AAA,2013J,291334,P2,F1,0.0,0.39392856
AAA,2013J,293699,P2,F1,0.0,0.6414913
AAA,2013J,294570,P2,F1,0.0,0.46903098
AAA,2013J,294594,P2,F1,0.0,0.5057868
AAA,2013J,295741,P2,F1,1.0,0.58439916
AAA,2013J,296332,P2,F1,0.0,0.4027055
AAA,2013J,298696,P2,F1,0.0,0.4721566
AAA,2013J,300398,P2,F1,0.0,0.4232033
AAA,2013J,302302,P2,F1,1.0,0.5316663
AAA,2013J,305152,P2,F1,1.0,0.5164551
AAA,2013J,305386,P2,F1,0.0,0.4852358
AAA,2013J,306107,P2,F1,0.0,0.49651986
AAA,2013J,306466,P2,F1,0.0,0.4622033
AAA,2013J,306897,P2,F1,0.0,0.45950532
AAA,2013J,307061,P2,F1,0.0,0.41938198
AAA,2013J,307866,P2,F1,0.0,0.5511984
AAA,2013J,311917,P2,F1,0.0,0.5393552
AAA,2013J,312537,P2,F1,0.0,0.3935425
AAA,2013J,312782,P2,F1,0.0,0.48456898
AAA,2013J,318933,P2,F1,0.0,0.50646865
AAA,2013J,319047,P2,F1,0.0,0.49726853
AAA,2013J,321942,P2,F1,0.0,0.40621182
AAA,2013J,324002,P2,F1,0.0,0.4170982
AAA,2013J,324084,P2,F1,0.0,0.48901212
AAA,2013J,324282,P2,F1,0.0,0.58986306
AAA,2013J,331358,P2,F1,1.0,0.4047713
AAA,2013J,332789,P2,F1,0.0,0.5215212
AAA,2013J,333059,P2,F1,0.0,0.50831085
AAA,2013J,333323,P2,F1,0.0,0.50481945
AAA,2013J,334259,P2,F1,1.0,0.5430772
AAA,2013J,334333,P2,F1,1.0,0.5837491
AAA,2013J,335764,P2,F1,1.0,0.39733568
AAA,2013J,336207,P2,F1,0.0,0.46934843
AAA,2013J,339972,P2,F1,0.0,0.5179123
AAA,2013J,342007,P2,F1,1.0,0.4933534
AAA,2013J,342514,P2,F1,0.0,0.490158
AAA,2013J,342972,P2,F1,0.0,0.5058094
AAA,2013J,343446,P2,F1,0.0,0.48213533
AAA,2013J,344282,P2,F1,1.0,0.5314936
AAA,2013J,345068,P2,F1,0.0,0.51669234
AAA,2013J,345357,P2,F1,0.0,0.4880641
AAA,2013J,346025,P2,F1,0.0,0.42572665
AAA,2013J,346843,P2,F1,1.0,0.63394654
AAA,2013J,350188,P2,F1,0.0,0.5064275
AAA,2013J,357668,P2,F1,1.0,0.5704806
AAA,2013J,364177,P2,F1,1.0,0.512669
AAA,2013J,365244,P2,F1,0.0,0.49593666
AAA,2013J,365642,P2,F1,0.0,0.4963341
AAA,2013J,366483,P2,F1,0.0,0.41070014
AAA,2013J,368194,P2,F1,0.0,0.55273974
AAA,2013J,368824,P2,F1,1.0,0.52759254
AAA,2013J,368963,P2,F1,0.0,0.549869
AAA,2013J,376439,P2,F1,0.0,0.39806506
AAA,2013J,376581,P2,F1,0.0,0.45830798
AAA,2013J,380953,P2,F1,0.0,0.4713115
AAA,2013J,383254,P2,F1,0.0,0.498813
AAA,2013J,386924,P2,F1,0.0,0.57807225
AAA,2013J,386952,P2,F1,0.0,0.5258457
AAA,2013J,388722,P2,F1,0.0,0.5480101
AAA,2013J,388885,P2,F1,0.0,0.54377425
AAA,2013J,390890,P2,F1,1.0,0.49463996
AAA,2013J,392756,P2,F1,1.0,0.56821144
AAA,2013J,392931,P2,F1,0.0,0.6225625
AAA,2013J,393207,P2,F1,0.0,0.527141
AAA,2013J,396872,P2,F1,0.0,0.5149583
AAA,2013J,398552,P2,F1,1.0,0.5674766
AAA,2013J,401869,P2,F1,0.0,0.5620557
AAA,2013J,402470,P2,F1,0.0,0.4551151
AAA,2013J,404804,P2,F1,0.0,0.56407964
AAA,2013J,405088,P2,F1,0.0,0.4379829
AAA,2013J,414117,P2,F1,0.0,0.46002805
AAA,2013J,415969,P2,F1,1.0,0.5068556
AAA,2013J,420087,P2,F1,1.0,0.5467212
AAA,2013J,429958,P2,F1,0.0,0.55397344
AAA,2013J,441018,P2,F1,0.0,0.54750186
AAA,2013J,441888,P2,F1,0.0,0.5380195
AAA,2013J,442442,P2,F1,1.0,0.57682145
AAA,2013J,444677,P2,F1,0.0,0.41885656
AAA,2013J,470588,P2,F1,1.0,0.52183104
AAA,2013J,489455,P2,F1,0.0,0.47170064
AAA,2013J,494424,P2,F1,1.0,0.638613
AAA,2013J,495284,P2,F1,0.0,0.49375325
AAA,2013J,498857,P2,F1,0.0,0.4812325
AAA,2013J,508818,P2,F1,0.0,0.5029904
AAA,2013J,512460,P2,F1,0.0,0.5521488
AAA,2013J,544103,P2,F1,0.0,0.40729442
AAA,2013J,550383,P2,F1,0.0,0.46294522
AAA,2013J,564450,P2,F1,1.0,0.5075765
AAA,2013J,568601,P2,F1,1.0,0.5036433
AAA,2013J,572652,P2,F1,0.0,0.5293128
AAA,2013J,580389,P2,F1,0.0,0.5154405
AAA,2013J,581129,P2,F1,1.0,0.6391461
AAA,2013J,588775,P2,F1,0.0,0.39789405
AAA,2013J,591774,P2,F1,0.0,0.4723627
AAA,2013J,603861,P2,F1,1.0,0.513861
AAA,2013J,606143,P2,F1,1.0,0.45678738
AAA,2013J,704156,P2,F1,0.0,0.4875006
AAA,2013J,705379,P2,F1,0.0,0.41917354
AAA,2013J,749412,P2,F1,0.0,0.4116676
AAA,2013J,760729,P2,F1,0.0,0.4067637
AAA,2013J,905042,P2,F1,0.0,0.47916174
AAA,2013J,949618,P2,F1,0.0,0.4949126
AAA,2013J,958987,P2,F1,0.0,0.4407552
AAA,2013J,968578,P2,F1,0.0,0.5415867
AAA,2013J,969076,P2,F1,1.0,0.42618915
AAA,2013J,971027,P2,F1,0.0,0.47952604
AAA,2013J,978739,P2,F1,0.0,0.4966864
AAA,2013J,1035023,P2,F1,0.0,0.48882532
AAA,2013J,1105478,P2,F1,0.0,0.40214726
AAA,2013J,1352868,P2,F1,1.0,0.5052726
AAA,2013J,1401935,P2,F1,1.0,0.5987616
AAA,2013J,1402638,P2,F1,0.0,0.48764694
AAA,2013J,1414443,P2,F1,1.0,0.6300386
AAA,2013J,1465690,P2,F1,0.0,0.4419692
AAA,2013J,1472925,P2,F1,1.0,0.638613
AAA,2013J,1488959,P2,F1,0.0,0.51633626
AAA,2013J,1518989,P2,F1,0.0,0.45427158
AAA,2013J,1618738,P2,F1,0.0,0.4951262
AAA,2013J,1620151,P2,F1,1.0,0.45880967
AAA,2013J,1626710,P2,F1,0.0,0.39443702
AAA,2013J,1640609,P2,F1,0.0,0.39760077
AAA,2013J,1686521,P2,F1,1.0,0.47945884
AAA,2013J,1729319,P2,F1,0.0,0.43290436
AAA,2013J,1746134,P2,F1,0.0,0.42425126
AAA,2013J,1758449,P2,F1,1.0,0.49368706
AAA,2013J,1765788,P2,F1,0.0,0.476673
AAA,2013J,1801229,P2,F1,0.0,0.41931635
AAA,2013J,1801641,P2,F1,0.0,0.51239485
AAA,2013J,1847830,P2,F1,0.0,0.40694886
AAA,2013J,1860318,P2,F1,0.0,0.5529955
AAA,2013J,1889511,P2,F1,0.0,0.5157406
AAA,2013J,1889577,P2,F1,0.0,0.5006773
AAA,2013J,1894188,P2,F1,0.0,0.47444448
AAA,2013J,1938355,P2,F1,0.0,0.40940696
AAA,2013J,1942396,P2,F1,0.0,0.562162
AAA,2013J,1970390,P2,F1,1.0,0.48018405
AAA,2013J,1976139,P2,F1,0.0,0.48933583
AAA,2013J,2011876,P2,F1,0.0,0.41670167
AAA,2013J,2012966,P2,F1,0.0,0.52686304
AAA,2013J,2051699,P2,F1,0.0,0.5032027
AAA,2013J,2062879,P2,F1,1.0,0.49791735
AAA,2013J,2065691,P2,F1,1.0,0.6414913
AAA,2013J,2073016,P2,F1,1.0,0.5471905
AAA,2013J,2080474,P2,F1,0.0,0.42871082
AAA,2013J,2083877,P2,F1,0.0,0.50243175
AAA,2013J,2084066,P2,F1,1.0,0.51689595
AAA,2013J,2104505,P2,F1,0.0,0.47910258
AAA,2013J,2122180,P2,F1,0.0,0.44382402
AAA,2013J,2139353,P2,F1,1.0,0.5056477
AAA,2013J,2143752,P2,F1,0.0,0.53987634
AAA,2013J,2146792,P2,F1,0.0,0.47673348
AAA,2013J,2153153,P2,F1,0.0,0.5025342
AAA,2013J,2155014,P2,F1,0.0,0.5207402
AAA,2013J,2164705,P2,F1,1.0,0.50291944
AAA,2013J,2171627,P2,F1,0.0,0.49965888
AAA,2013J,2182846,P2,F1,0.0,0.4724089
AAA,2013J,2194100,P2,F1,0.0,0.48026466
AAA,2013J,2197016,P2,F1,0.0,0.50085866
AAA,2013J,2208424,P2,F1,0.0,0.48100916
AAA,2013J,2229865,P2,F1,0.0,0.47571483
AAA,2013J,2255601,P2,F1,1.0,0.48866716
AAA,2013J,2268379,P2,F1,0.0,0.41466868
AAA,2013J,2278464,P2,F1,0.0,0.5451342
AAA,2013J,2293923,P2,F1,0.0,0.53645015
AAA,2013J,2312620,P2,F1,1.0,0.62074286
AAA,2013J,2329342,P2,F1,0.0,0.5661747
AAA,2013J,2339528,P2,F1,0.0,0.5450075
AAA,2013J,2342426,P2,F1,1.0,0.51248467
AAA,2013J,2344901,P2,F1,1.0,0.52161944
AAA,2013J,2358056,P2,F1,1.0,0.51938844
AAA,2013J,2358969,P2,F1,1.0,0.53046066
AAA,2013J,2364471,P2,F1,0.0,0.43382397
AAA,2013J,2367155,P2,F1,0.0,0.5363166
AAA,2013J,2369266,P2,F1,0.0,0.53072155
AAA,2013J,2376496,P2,F1,0.0,0.4944631
AAA,2013J,2391984,P2,F1,1.0,0.5080193
AAA,2013J,2411661,P2,F1,1.0,0.54962087
AAA,2013J,2411778,P2,F1,1.0,0.45821854
AAA,2013J,2412002,P2,F1,0.0,0.43842494
AAA,2013J,2412967,P2,F1,0.0,0.44162175
AAA,2013J,2429854,P2,F1,1.0,0.58484286
AAA,2013J,2437837,P2,F1,0.0,0.4613858
AAA,2013J,2449878,P2,F1,0.0,0.5393649
AAA,2013J,2456480,P2,F1,1.0,0.6203649
AAA,2013J,2457256,P2,F1,0.0,0.53833157
AAA,2013J,2458355,P2,F1,0.0,0.43576923
AAA,2013J,2460080,P2,F1,0.0,0.4005271
AAA,2013J,2461190,P2,F1,1.0,0.49835634
AAA,2013J,2469673,P2,F1,1.0,0.638613
AAA,2013J,2470694,P2,F1,1.0,0.6175168
AAA,2013J,2479954,P2,F1,0.0,0.49565452
AAA,2013J,2481901,P2,F1,0.0,0.43157688
AAA,2013J,2482700,P2,F1,0.0,0.4884558
AAA,2013J,2486127,P2,F1,0.0,0.501924
AAA,2013J,2498700,P2,F1,0.0,0.5323751
AAA,2013J,2516503,P2,F1,0.0,0.40449685
AAA,2013J,2518069,P2,F1,0.0,0.471163
AAA,2013J,2521459,P2,F1,0.0,0.5190086
AAA,2013J,2523736,P2,F1,0.0,0.5608658
AAA,2013J,2529279,P2,F1,0.0,0.45366368
AAA,2013J,2532302,P2,F1,0.0,0.5278619
AAA,2013J,2536991,P2,F1,0.0,0.5179097
AAA,2013J,2550279,P2,F1,0.0,0.498007
AAA,2013J,2551220,P2,F1,0.0,0.4955908
AAA,2013J,2552472,P2,F1,1.0,0.62992793
AAA,2013J,2555340,P2,F1,0.0,0.39119235
AAA,2013J,2557283,P2,F1,0.0,0.46550074
AAA,2013J,2559575,P2,F1,0.0,0.55237705
AAA,2013J,2562034,P2,F1,0.0,0.52711314
AAA,2013J,2566163,P2,F1,0.0,0.4285844
AAA,2013J,2566592,P2,F1,0.0,0.4082721
AAA,2013J,2569324,P2,F1,1.0,0.6414913
AAA,2013J,2574528,P2,F1,0.0,0.51307255
AAA,2013J,2574583,P2,F1,0.0,0.49532446
AAA,2013J,2576122,P2,F1,1.0,0.5020094
AAA,2013J,2578995,P2,F1,0.0,0.484188
AAA,2013J,2586560,P2,F1,0.0,0.49205592
AAA,2013J,2594139,P2,F1,0.0,0.43855482
AAA,2013J,2598871,P2,F1,0.0,0.47343647
AAA,2013J,2599352,P2,F1,0.0,0.518542
AAA,2013J,2600688,P2,F1,0.0,0.49623486
AAA,2013J,2606098,P2,F1,0.0,0.4896458
AAA,2013J,2613116,P2,F1,0.0,0.5089566
AAA,2013J,2617002,P2,F1,0.0,0.52501214
AAA,2013J,2620584,P2,F1,1.0,0.6374504
AAA,2013J,2639449,P2,F1,0.0,0.49888504
AAA,2013J,2639540,P2,F1,0.0,0.52189356
AAA,2013J,2639641,P2,F1,0.0,0.4956987
AAA,2013J,2641155,P2,F1,0.0,0.4455553
AAA,2013J,2643002,P2,F1,0.0,0.5263946
AAA,2013J,2645733,P2,F1,0.0,0.42501646
AAA,2013J,2649826,P2,F1,0.0,0.47928396
AAA,2013J,2650282,P2,F1,0.0,0.42676178
AAA,2013J,2664024,P2,F1,0.0,0.5923378
AAA,2013J,2666246,P2,F1,0.0,0.51010656
AAA,2013J,2669816,P2,F1,1.0,0.5140784
AAA,2013J,2671132,P2,F1,0.0,0.5029263
AAA,2013J,2676809,P2,F1,1.0,0.56258047
AAA,2013J,2678643,P2,F1,0.0,0.41288373
AAA,2013J,2685865,P2,F1,0.0,0.48128527
AAA,2013J,2688067,P2,F1,0.0,0.51793927
AAA,2013J,2689958,P2,F1,0.0,0.39119235
AAA,2013J,2691206,P2,F1,0.0,0.39930928
AAA,2013J,2691244,P2,F1,0.0,0.638613
AAA,2013J,2694424,P2,F1,0.0,0.4244342
AAA,2013J,2698257,P2,F1,0.0,0.5803091
BBB,2013J,23798,P2,F1,0.0,0.43162182
BBB,2013J,27759,P2,F1,1.0,0.51907754
BBB,2013J,30091,P2,F1,0.0,0.5153525
BBB,2013J,31014,P2,F1,1.0,0.40865064
BBB,2013J,31849,P2,F1,0.0,0.42313692
BBB,2013J,37622,P2,F1,0.0,0.5299432
BBB,2013J,38234,P2,F1,1.0,0.49834907
BBB,2013J,47855,P2,F1,1.0,0.6414913
BBB,2013J,48040,P2,F1,0.0,0.49424663
BBB,2013J,48503,P2,F1,0.0,0.46261984
BBB,2013J,51301,P2,F1,1.0,0.41470647
BBB,2013J,52797,P2,F1,0.0,0.48572192
BBB,2013J,52899,P2,F1,0.0,0.45858377
BBB,2013J,55026,P2,F1,0.0,0.5122301
BBB,2013J,56340,P2,F1,1.0,0.6414913
BBB,2013J,56789,P2,F1,0.0,0.4661986
BBB,2013J,57079,P2,F1,1.0,0.500254
BBB,2013J,63044,P2,F1,1.0,0.54624265
BBB,2013J,68556,P2,F1,1.0,0.4685284
BBB,2013J,73489,P2,F1,0.0,0.43307933
BBB,2013J,74585,P2,F1,0.0,0.40231633
BBB,2013J,78255,P2,F1,1.0,0.49979845
BBB,2013J,80717,P2,F1,0.0,0.43500817
BBB,2013J,84812,P2,F1,0.0,0.41799238
BBB,2013J,86291,P2,F1,1.0,0.6363064
BBB,2013J,90243,P2,F1,0.0,0.51738423
BBB,2013J,96475,P2,F1,0.0,0.5385175
BBB,2013J,97567,P2,F1,0.0,0.4609914
BBB,2013J,98268,P2,F1,0.0,0.46789747
BBB,2013J,98720,P2,F1,0.0,0.512519
BBB,2013J,100282,P2,F1,1.0,0.5256446
BBB,2013J,105527,P2,F1,0.0,0.44029477
BBB,2013J,105851,P2,F1,0.0,0.54200673
BBB,2013J,105883,P2,F1,0.0,0.42849532
BBB,2013J,106588,P2,F1,0.0,0.42672667
BBB,2013J,108118,P2,F1,0.0,0.46072772
BBB,2013J,108760,P2,F1,1.0,0.47263092
BBB,2013J,109372,P2,F1,0.0,0.43099427
BBB,2013J,109782,P2,F1,1.0,0.50042117
BBB,2013J,111942,P2,F1,0.0,0.42999953
BBB,2013J,119898,P2,F1,0.0,0.55139846
BBB,2013J,123716,P2,F1,0.0,0.4344929
BBB,2013J,124909,P2,F1,0.0,0.4539718
BBB,2013J,128386,P2,F1,1.0,0.6414913
BBB,2013J,128889,P2,F1,0.0,0.43623018
BBB,2013J,131051,P2,F1,0.0,0.4519911
BBB,2013J,132626,P2,F1,1.0,0.4255809
BBB,2013J,134563,P2,F1,0.0,0.43702823
BBB,2013J,138289,P2,F1,1.0,0.45695668
BBB,2013J,138920,P2,F1,1.0,0.49193868
BBB,2013J,139549,P2,F1,0.0,0.5262681
BBB,2013J,141949,P2,F1,0.0,0.44431883
BBB,2013J,146165,P2,F1,0.0,0.51351094
BBB,2013J,146600,P2,F1,0.0,0.46109465
BBB,2013J,151800,P2,F1,1.0,0.57640773
BBB,2013J,151917,P2,F1,1.0,0.5057855
BBB,2013J,153704,P2,F1,1.0,0.6405693
BBB,2013J,154011,P2,F1,0.0,0.4787394
BBB,2013J,154570,P2,F1,1.0,0.49834302
BBB,2013J,156311,P2,F1,0.0,0.4921725
BBB,2013J,156788,P2,F1,1.0,0.6414913
BBB,2013J,157060,P2,F1,0.0,0.49656984
BBB,2013J,157795,P2,F1,0.0,0.48212442
BBB,2013J,161491,P2,F1,0.0,0.45149592
BBB,2013J,162646,P2,F1,1.0,0.6414913
BBB,2013J,169213,P2,F1,0.0,0.54289216
BBB,2013J,174222,P2,F1,0.0,0.53264576
BBB,2013J,174440,P2,F1,1.0,0.5706569
BBB,2013J,174487,P2,F1,0.0,0.55717725
BBB,2013J,178738,P2,F1,1.0,0.4883594
BBB,2013J,178963,P2,F1,0.0,0.48776814
BBB,2013J,179254,P2,F1,1.0,0.5178923
BBB,2013J,182661,P2,F1,0.0,0.6414913
BBB,2013J,188026,P2,F1,1.0,0.47979254
BBB,2013J,189095,P2,F1,1.0,0.44055066
BBB,2013J,191269,P2,F1,0.0,0.46327248
BBB,2013J,193215,P2,F1,1.0,0.4280311
BBB,2013J,195096,P2,F1,0.0,0.48313904
BBB,2013J,195938,P2,F1,0.0,0.4717531
BBB,2013J,197240,P2,F1,0.0,0.44398573
BBB,2013J,197412,P2,F1,0.0,0.4803792
BBB,2013J,197759,P2,F1,0.0,0.3927816
BBB,2013J,198339,P2,F1,1.0,0.4698527
BBB,2013J,199029,P2,F1,0.0,0.49000648
BBB,2013J,199663,P2,F1,0.0,0.516474
BBB,2013J,202879,P2,F1,1.0,0.52693355
BBB,2013J,203640,P2,F1,0.0,0.49720535
BBB,2013J,205788,P2,F1,0.0,0.47105354
BBB,2013J,227416,P2,F1,1.0,0.49563175
BBB,2013J,230081,P2,F1,0.0,0.4811336
BBB,2013J,231959,P2,F1,1.0,0.5216829
BBB,2013J,233317,P2,F1,0.0,0.44037333
BBB,2013J,233752,P2,F1,0.0,0.45509303
BBB,2013J,233957,P2,F1,1.0,0.5335216
BBB,2013J,234929,P2,F1,1.0,0.5446812
BBB,2013J,240993,P2,F1,0.0,0.39610872
BBB,2013J,241338,P2,F1,1.0,0.49382353
BBB,2013J,242149,P2,F1,1.0,0.6414913
BBB,2013J,242893,P2,F1,1.0,0.48226506
BBB,2013J,243851,P2,F1,0.0,0.38885814
BBB,2013J,243909,P2,F1,1.0,0.49031448
BBB,2013J,243992,P2,F1,0.0,0.45119166
BBB,2013J,245987,P2,F1,0.0,0.5009197
BBB,2013J,247902,P2,F1,0.0,0.53633267
BBB,2013J,248653,P2,F1,0.0,0.46342757
BBB,2013J,248716,P2,F1,0.0,0.579549
BBB,2013J,248800,P2,F1,1.0,0.50077426
BBB,2013J,251815,P2,F1,1.0,0.6414913
BBB,2013J,252257,P2,F1,0.0,0.54463273
BBB,2013J,252652,P2,F1,1.0,0.49411651
BBB,2013J,253577,P2,F1,0.0,0.43927062
BBB,2013J,256998,P2,F1,0.0,0.5513138
BBB,2013J,258035,P2,F1,0.0,0.4160817
BBB,2013J,260179,P2,F1,0.0,0.5195696
BBB,2013J,261332,P2,F1,1.0,0.49090666
BBB,2013J,261466,P2,F1,0.0,0.4637295
BBB,2013J,262639,P2,F1,0.0,0.48296437
BBB,2013J,264152,P2,F1,0.0,0.4204194
BBB,2013J,264744,P2,F1,0.0,0.4823362
BBB,2013J,265170,P2,F1,1.0,0.40112367
BBB,2013J,266331,P2,F1,0.0,0.4051057
BBB,2013J,266564,P2,F1,0.0,0.49618846
BBB,2013J,266744,P2,F1,1.0,0.4297576
BBB,2013J,268589,P2,F1,0.0,0.47299522
BBB,2013J,269082,P2,F1,0.0,0.4047159
BBB,2013J,269204,P2,F1,0.0,0.48460895
BBB,2013J,270646,P2,F1,0.0,0.48548916
BBB,2013J,272172,P2,F1,1.0,0.4586044
BBB,2013J,272617,P2,F1,1.0,0.52809525
BBB,2013J,274247,P2,F1,1.0,0.47650048
BBB,2013J,274971,P2,F1,0.0,0.4758374
BBB,2013J,276925,P2,F1,1.0,0.4756523
BBB,2013J,277537,P2,F1,1.0,0.5011245
BBB,2013J,277812,P2,F1,0.0,0.42417908
BBB,2013J,278272,P2,F1,1.0,0.547235
BBB,2013J,278794,P2,F1,0.0,0.619434
BBB,2013J,280140,P2,F1,1.0,0.5999189
BBB,2013J,280151,P2,F1,1.0,0.48746887
BBB,2013J,282038,P2,F1,1.0,0.49742973
BBB,2013J,282785,P2,F1,1.0,0.5548414
BBB,2013J,284906,P2,F1,0.0,0.49457774
BBB,2013J,285050,P2,F1,1.0,0.49068066
BBB,2013J,286402,P2,F1,0.0,0.40690085
BBB,2013J,286690,P2,F1,1.0,0.52066445
BBB,2013J,287107,P2,F1,0.0,0.4436968
BBB,2013J,287309,P2,F1,0.0,0.5069648
BBB,2013J,287679,P2,F1,0.0,0.4728715
BBB,2013J,289753,P2,F1,1.0,0.5050586
BBB,2013J,289965,P2,F1,1.0,0.5136162
BBB,2013J,290089,P2,F1,0.0,0.4973765
BBB,2013J,291544,P2,F1,0.0,0.47091118
BBB,2013J,292537,P2,F1,0.0,0.5417471
BBB,2013J,293712,P2,F1,0.0,0.42941627
BBB,2013J,293754,P2,F1,0.0,0.43615937
BBB,2013J,293760,P2,F1,0.0,0.5547796
BBB,2013J,301583,P2,F1,1.0,0.4454519
BBB,2013J,301987,P2,F1,0.0,0.39389452
BBB,2013J,303331,P2,F1,1.0,0.4591684
BBB,2013J,303617,P2,F1,1.0,0.5122787
BBB,2013J,304069,P2,F1,1.0,0.55292857
BBB,2013J,305173,P2,F1,1.0,0.57184064
BBB,2013J,305812,P2,F1,1.0,0.63720703
BBB,2013J,305935,P2,F1,1.0,0.6363064
BBB,2013J,306964,P2,F1,0.0,0.55471754
BBB,2013J,307193,P2,F1,1.0,0.6414913
BBB,2013J,307230,P2,F1,1.0,0.48372656
BBB,2013J,308359,P2,F1,1.0,0.6414913
BBB,2013J,308509,P2,F1,1.0,0.6414913
BBB,2013J,308703,P2,F1,1.0,0.4716831
BBB,2013J,308852,P2,F1,1.0,0.5342025
BBB,2013J,310125,P2,F1,1.0,0.5114362
BBB,2013J,310933,P2,F1,0.0,0.4869045
BBB,2013J,314850,P2,F1,1.0,0.50164473
BBB,2013J,315105,P2,F1,0.0,0.4979099
BBB,2013J,316076,P2,F1,0.0,0.40757248
BBB,2013J,318848,P2,F1,0.0,0.47183776
BBB,2013J,319618,P2,F1,0.0,0.4574362
BBB,2013J,320051,P2,F1,0.0,0.4807174
BBB,2013J,320757,P2,F1,0.0,0.44168448
BBB,2013J,323090,P2,F1,0.0,0.4540117
BBB,2013J,323606,P2,F1,0.0,0.47079757
BBB,2013J,324236,P2,F1,1.0,0.45689565
BBB,2013J,324319,P2,F1,1.0,0.6414913
BBB,2013J,324614,P2,F1,1.0,0.5465771
BBB,2013J,325887,P2,F1,0.0,0.41772524
BBB,2013J,329030,P2,F1,1.0,0.50598276
BBB,2013J,329192,P2,F1,0.0,0.4033341
BBB,2013J,333117,P2,F1,1.0,0.4108529
BBB,2013J,333651,P2,F1,1.0,0.42772368
BBB,2013J,335136,P2,F1,1.0,0.41782677
BBB,2013J,335481,P2,F1,1.0,0.5221274
BBB,2013J,336478,P2,F1,0.0,0.48012108
BBB,2013J,336646,P2,F1,1.0,0.55174494
BBB,2013J,337151,P2,F1,0.0,0.49573472
BBB,2013J,338741,P2,F1,0.0,0.52507144
BBB,2013J,339494,P2,F1,0.0,0.4529984
BBB,2013J,339608,P2,F1,0.0,0.5479915
BBB,2013J,340911,P2,F1,0.0,0.5942931
BBB,2013J,340965,P2,F1,0.0,0.48948288
BBB,2013J,342685,P2,F1,0.0,0.51373506
BBB,2013J,344568,P2,F1,0.0,0.4847233
BBB,2013J,345083,P2,F1,1.0,0.4078024
BBB,2013J,345128,P2,F1,1.0,0.58311284
BBB,2013J,349554,P2,F1,0.0,0.40100104
BBB,2013J,349675,P2,F1,1.0,0.55334234
BBB,2013J,352112,P2,F1,0.0,0.5315585
BBB,2013J,352339,P2,F1,1.0,0.6405693
BBB,2013J,352688,P2,F1,0.0,0.44658178
BBB,2013J,354779,P2,F1,0.0,0.49449778
BBB,2013J,355591,P2,F1,1.0,0.6414913
BBB,2013J,358289,P2,F1,1.0,0.6414913
BBB,2013J,360876,P2,F1,1.0,0.5584425
BBB,2013J,364073,P2,F1,0.0,0.48217985
BBB,2013J,364666,P2,F1,1.0,0.584795
BBB,2013J,364871,P2,F1,0.0,0.5196189
BBB,2013J,365060,P2,F1,1.0,0.5671425
BBB,2013J,365169,P2,F1,0.0,0.41624784
BBB,2013J,365631,P2,F1,0.0,0.46833995
BBB,2013J,366524,P2,F1,0.0,0.4560302
BBB,2013J,367433,P2,F1,0.0,0.48192188
BBB,2013J,368077,P2,F1,0.0,0.43675536
BBB,2013J,369986,P2,F1,0.0,0.5497371
BBB,2013J,370307,P2,F1,1.0,0.47506636
BBB,2013J,370859,P2,F1,0.0,0.45140067
BBB,2013J,371530,P2,F1,0.0,0.6414913
BBB,2013J,371888,P2,F1,1.0,0.54114765
BBB,2013J,372172,P2,F1,1.0,0.5140951
BBB,2013J,372658,P2,F1,0.0,0.524824
BBB,2013J,373174,P2,F1,1.0,0.5066674
BBB,2013J,373269,P2,F1,1.0,0.5044269
BBB,2013J,373807,P2,F1,1.0,0.42075208
BBB,2013J,373848,P2,F1,0.0,0.4837643
BBB,2013J,374038,P2,F1,1.0,0.5345194
BBB,2013J,375960,P2,F1,0.0,0.54088163
BBB,2013J,378721,P2,F1,1.0,0.5237066
BBB,2013J,379210,P2,F1,1.0,0.479116
BBB,2013J,379983,P2,F1,1.0,0.6414913
BBB,2013J,380205,P2,F1,1.0,0.5729727
BBB,2013J,380240,P2,F1,1.0,0.4311313
BBB,2013J,381541,P2,F1,0.0,0.44861317
BBB,2013J,381669,P2,F1,0.0,0.48097566
BBB,2013J,382575,P2,F1,1.0,0.53009367
BBB,2013J,382920,P2,F1,0.0,0.44704124
BBB,2013J,382979,P2,F1,0.0,0.3883658
BBB,2013J,383303,P2,F1,1.0,0.47777212
BBB,2013J,383571,P2,F1,0.0,0.4803816
BBB,2013J,385040,P2,F1,1.0,0.47971097
BBB,2013J,385820,P2,F1,0.0,0.46342593
BBB,2013J,386889,P2,F1,0.0,0.47183248
BBB,2013J,387700,P2,F1,1.0,0.48113853
BBB,2013J,388052,P2,F1,0.0,0.6414913
BBB,2013J,388432,P2,F1,1.0,0.46704164
BBB,2013J,388549,P2,F1,1.0,0.45469126
BBB,2013J,388975,P2,F1,1.0,0.5388297
BBB,2013J,389101,P2,F1,0.0,0.5051082
BBB,2013J,389471,P2,F1,1.0,0.5596071
BBB,2013J,390958,P2,F1,0.0,0.47646162
BBB,2013J,392060,P2,F1,0.0,0.39899075
BBB,2013J,392281,P2,F1,1.0,0.4371599
BBB,2013J,393327,P2,F1,0.0,0.4610015
BBB,2013J,395073,P2,F1,1.0,0.6414913
BBB,2013J,395715,P2,F1,1.0,0.42057338
BBB,2013J,396114,P2,F1,0.0,0.43408987
BBB,2013J,397590,P2,F1,1.0,0.6414913
BBB,2013J,398067,P2,F1,0.0,0.47306648
BBB,2013J,398315,P2,F1,1.0,0.6363064
BBB,2013J,398525,P2,F1,0.0,0.5091347
BBB,2013J,398891,P2,F1,0.0,0.49101865
BBB,2013J,398956,P2,F1,1.0,0.5941272
BBB,2013J,402993,P2,F1,0.0,0.4061233
BBB,2013J,404269,P2,F1,0.0,0.43855545
BBB,2013J,404671,P2,F1,0.0,0.39899415
BBB,2013J,404708,P2,F1,0.0,0.4546777
BBB,2013J,405945,P2,F1,0.0,0.55555207
BBB,2013J,408106,P2,F1,1.0,0.6414913
BBB,2013J,408975,P2,F1,0.0,0.52876496
BBB,2013J,409160,P2,F1,1.0,0.4766934
BBB,2013J,409698,P2,F1,1.0,0.4733752
BBB,2013J,409930,P2,F1,0.0,0.42330465
BBB,2013J,409945,P2,F1,0.0,0.4768793
BBB,2013J,410052,P2,F1,0.0,0.5436089
BBB,2013J,410281,P2,F1,1.0,0.4415649
BBB,2013J,410357,P2,F1,0.0,0.41023418
BBB,2013J,410537,P2,F1,0.0,0.46486646
BBB,2013J,410842,P2,F1,0.0,0.4727813
BBB,2013J,411126,P2,F1,1.0,0.6414913
BBB,2013J,411226,P2,F1,1.0,0.5233918
BBB,2013J,411642,P2,F1,0.0,0.5183451
BBB,2013J,413248,P2,F1,1.0,0.6363064
BBB,2013J,414028,P2,F1,0.0,0.3957525
BBB,2013J,414350,P2,F1,0.0,0.48345292
BBB,2013J,414495,P2,F1,0.0,0.4026781
BBB,2013J,415216,P2,F1,0.0,0.47328082
BBB,2013J,415546,P2,F1,1.0,0.5771253
BBB,2013J,415698,P2,F1,1.0,0.6414913
BBB,2013J,417657,P2,F1,1.0,0.5294438
BBB,2013J,417785,P2,F1,1.0,0.6414913
BBB,2013J,419375,P2,F1,0.0,0.43425626
BBB,2013J,420163,P2,F1,0.0,0.44803032
BBB,2013J,420724,P2,F1,1.0,0.55116117
BBB,2013J,421018,P2,F1,0.0,0.6363064
BBB,2013J,422223,P2,F1,1.0,0.6414913
BBB,2013J,422479,P2,F1,0.0,0.5189894
BBB,2013J,423399,P2,F1,0.0,0.638613
BBB,2013J,424539,P2,F1,0.0,0.5003074
BBB,2013J,424637,P2,F1,1.0,0.5126063
BBB,2013J,425817,P2,F1,1.0,0.6414913
BBB,2013J,426458,P2,F1,0.0,0.5075409
BBB,2013J,427683,P2,F1,1.0,0.5492621
BBB,2013J,427921,P2,F1,0.0,0.435249
BBB,2013J,428323,P2,F1,0.0,0.45689356
BBB,2013J,428653,P2,F1,0.0,0.50080216
BBB,2013J,429610,P2,F1,0.0,0.45171478
BBB,2013J,430392,P2,F1,0.0,0.50783634
BBB,2013J,430708,P2,F1,0.0,0.47684512
BBB,2013J,431071,P2,F1,1.0,0.6414913
BBB,2013J,432144,P2,F1,0.0,0.41305807
BBB,2013J,432237,P2,F1,0.0,0.5097518
BBB,2013J,433280,P2,F1,0.0,0.5141653
BBB,2013J,433864,P2,F1,0.0,0.45712084
BBB,2013J,434397,P2,F1,0.0,0.43717873
BBB,2013J,434585,P2,F1,0.0,0.6414913
BBB,2013J,438068,P2,F1,0.0,0.44957685
BBB,2013J,438551,P2,F1,0.0,0.4590068
BBB,2013J,439182,P2,F1,0.0,0.46995497
BBB,2013J,439294,P2,F1,1.0,0.5210475
BBB,2013J,440225,P2,F1,0.0,0.5276566
BBB,2013J,440563,P2,F1,0.0,0.3968157
BBB,2013J,440593,P2,F1,0.0,0.6414913
BBB,2013J,440765,P2,F1,1.0,0.51950014
BBB,2013J,442910,P2,F1,0.0,0.48137057
BBB,2013J,443108,P2,F1,1.0,0.6414913
BBB,2013J,443923,P2,F1,1.0,0.5048429
BBB,2013J,444225,P2,F1,1.0,0.638613
BBB,2013J,444821,P2,F1,0.0,0.44636723
BBB,2013J,444960,P2,F1,1.0,0.62808126
BBB,2013J,445351,P2,F1,1.0,0.6414913
BBB,2013J,445760,P2,F1,0.0,0.50587684
BBB,2013J,446345,P2,F1,1.0,0.48504794
BBB,2013J,446873,P2,F1,1.0,0.51942205
BBB,2013J,447086,P2,F1,0.0,0.55511767
BBB,2013J,447516,P2,F1,0.0,0.4893971
BBB,2013J,464525,P2,F1,0.0,0.47360727
BBB,2013J,465730,P2,F1,1.0,0.6414913
BBB,2013J,466202,P2,F1,0.0,0.49542427
BBB,2013J,466477,P2,F1,0.0,0.51270217
BBB,2013J,466800,P2,F1,0.0,0.6414913
BBB,2013J,466854,P2,F1,1.0,0.42411536
BBB,2013J,467179,P2,F1,1.0,0.6376878
BBB,2013J,467606,P2,F1,1.0,0.4159334
BBB,2013J,468187,P2,F1,1.0,0.6414913
BBB,2013J,468482,P2,F1,1.0,0.54707885
BBB,2013J,469878,P2,F1,0.0,0.39527932
BBB,2013J,470869,P2,F1,0.0,0.50423217
BBB,2013J,471196,P2,F1,0.0,0.46467456
BBB,2013J,471434,P2,F1,1.0,0.49943557
BBB,2013J,471711,P2,F1,0.0,0.624831
BBB,2013J,472262,P2,F1,1.0,0.49633375
BBB,2013J,472327,P2,F1,0.0,0.5470231
BBB,2013J,474071,P2,F1,1.0,0.48360002
BBB,2013J,475215,P2,F1,1.0,0.47648412
BBB,2013J,475241,P2,F1,1.0,0.5413579
BBB,2013J,475594,P2,F1,1.0,0.430016
BBB,2013J,476278,P2,F1,0.0,0.47310534
BBB,2013J,476816,P2,F1,1.0,0.4872153
BBB,2013J,477319,P2,F1,1.0,0.52983844
BBB,2013J,477825,P2,F1,0.0,0.5174675
BBB,2013J,478069,P2,F1,0.0,0.6414913
BBB,2013J,478718,P2,F1,1.0,0.6414913
BBB,2013J,478967,P2,F1,1.0,0.6345581
BBB,2013J,479020,P2,F1,0.0,0.5138099
BBB,2013J,479170,P2,F1,0.0,0.3964133
BBB,2013J,479305,P2,F1,0.0,0.51793724
BBB,2013J,479853,P2,F1,0.0,0.40971944
BBB,2013J,480667,P2,F1,1.0,0.5273509
BBB,2013J,480888,P2,F1,0.0,0.464653
BBB,2013J,481448,P2,F1,1.0,0.6414913
BBB,2013J,482356,P2,F1,0.0,0.4784424
BBB,2013J,482680,P2,F1,0.0,0.46825707
BBB,2013J,482810,P2,F1,0.0,0.46743822
BBB,2013J,483646,P2,F1,0.0,0.51128685
BBB,2013J,483703,P2,F1,1.0,0.41597146
BBB,2013J,483744,P2,F1,1.0,0.46228856
BBB,2013J,483876,P2,F1,0.0,0.49587277
BBB,2013J,484135,P2,F1,0.0,0.6363064
BBB,2013J,484301,P2,F1,0.0,0.48621112
BBB,2013J,484412,P2,F1,0.0,0.42371112
BBB,2013J,485006,P2,F1,0.0,0.48194137
BBB,2013J,485439,P2,F1,1.0,0.5361183
BBB,2013J,485534,P2,F1,0.0,0.4078662
BBB,2013J,485762,P2,F1,0.0,0.5046098
BBB,2013J,485772,P2,F1,1.0,0.4656018
BBB,2013J,486004,P2,F1,0.0,0.48858148
BBB,2013J,486457,P2,F1,0.0,0.49349856
BBB,2013J,487214,P2,F1,1.0,0.46727505
BBB,2013J,487371,P2,F1,0.0,0.48608297
BBB,2013J,487681,P2,F1,0.0,0.4614268
BBB,2013J,488176,P2,F1,1.0,0.6414913
BBB,2013J,488195,P2,F1,0.0,0.46874076
BBB,2013J,488427,P2,F1,0.0,0.54164886
BBB,2013J,489320,P2,F1,0.0,0.5290797
BBB,2013J,489889,P2,F1,0.0,0.53568065
BBB,2013J,490500,P2,F1,1.0,0.53936815
BBB,2013J,490677,P2,F1,0.0,0.41000202
BBB,2013J,490894,P2,F1,1.0,0.53179985
BBB,2013J,491097,P2,F1,1.0,0.55958366
BBB,2013J,491279,P2,F1,0.0,0.619434
BBB,2013J,491907,P2,F1,1.0,0.5255287
BBB,2013J,491966,P2,F1,0.0,0.6414913
BBB,2013J,492153,P2,F1,0.0,0.47053596
BBB,2013J,492286,P2,F1,0.0,0.49032584
BBB,2013J,492478,P2,F1,1.0,0.44433117
BBB,2013J,492726,P2,F1,0.0,0.46980548
BBB,2013J,493453,P2,F1,0.0,0.5323254
BBB,2013J,493465,P2,F1,0.0,0.5873391
BBB,2013J,493999,P2,F1,1.0,0.5335329
BBB,2013J,494214,P2,F1,0.0,0.3910488
BBB,2013J,494471,P2,F1,1.0,0.44385016
BBB,2013J,494789,P2,F1,0.0,0.39184386
BBB,2013J,494896,P2,F1,1.0,0.48971772
BBB,2013J,494960,P2,F1,0.0,0.4054004
BBB,2013J,495035,P2,F1,0.0,0.51073474
BBB,2013J,495449,P2,F1,0.0,0.4561033
BBB,2013J,495509,P2,F1,0.0,0.5058319
BBB,2013J,495625,P2,F1,0.0,0.4400512
BBB,2013J,495875,P2,F1,1.0,0.6414913
BBB,2013J,495879,P2,F1,0.0,0.6414913
BBB,2013J,495913,P2,F1,0.0,0.52693754
BBB,2013J,496091,P2,F1,1.0,0.48265252
BBB,2013J,496334,P2,F1,1.0,0.47898325
BBB,2013J,496442,P2,F1,0.0,0.4976656
BBB,2013J,496764,P2,F1,0.0,0.40892056
BBB,2013J,497130,P2,F1,0.0,0.449174
BBB,2013J,497632,P2,F1,0.0,0.638613
BBB,2013J,498543,P2,F1,0.0,0.6414913
BBB,2013J,498635,P2,F1,0.0,0.47585106
BBB,2013J,498755,P2,F1,0.0,0.4661914
BBB,2013J,498841,P2,F1,1.0,0.5160118
BBB,2013J,498892,P2,F1,1.0,0.511627
BBB,2013J,499624,P2,F1,1.0,0.48432758
BBB,2013J,499822,P2,F1,1.0,0.55294317
BBB,2013J,500016,P2,F1,0.0,0.5211145
BBB,2013J,500135,P2,F1,1.0,0.41230017
BBB,2013J,500279,P2,F1,1.0,0.6414913
BBB,2013J,500552,P2,F1,0.0,0.47472912
BBB,2013J,500668,P2,F1,0.0,0.39747348
BBB,2013J,501053,P2,F1,1.0,0.6414913
BBB,2013J,501208,P2,F1,0.0,0.6414913
BBB,2013J,501637,P2,F1,0.0,0.43314096
BBB,2013J,501862,P2,F1,1.0,0.6414913
BBB,2013J,501945,P2,F1,1.0,0.43616673
BBB,2013J,502391,P2,F1,1.0,0.6363064
BBB,2013J,503322,P2,F1,0.0,0.48965645
BBB,2013J,503516,P2,F1,1.0,0.51173174
BBB,2013J,503804,P2,F1,0.0,0.5163733
BBB,2013J,503878,P2,F1,1.0,0.638613
BBB,2013J,504013,P2,F1,0.0,0.5119092
BBB,2013J,504022,P2,F1,0.0,0.5059672
BBB,2013J,504466,P2,F1,0.0,0.47188038
BBB,2013J,504635,P2,F1,0.0,0.45394275
BBB,2013J,505413,P2,F1,0.0,0.48108864
BBB,2013J,505595,P2,F1,1.0,0.6414913
BBB,2013J,506185,P2,F1,1.0,0.48145288
BBB,2013J,506248,P2,F1,1.0,0.46731895
BBB,2013J,506804,P2,F1,0.0,0.59410566
BBB,2013J,506980,P2,F1,1.0,0.6376878
BBB,2013J,507016,P2,F1,0.0,0.50393945
BBB,2013J,507279,P2,F1,1.0,0.5478767
BBB,2013J,507387,P2,F1,1.0,0.5013532
BBB,2013J,507389,P2,F1,1.0,0.6414913
BBB,2013J,507676,P2,F1,1.0,0.5096047
BBB,2013J,508028,P2,F1,0.0,0.41938326
BBB,2013J,508047,P2,F1,1.0,0.5257178
BBB,2013J,508079,P2,F1,0.0,0.4683334
BBB,2013J,508414,P2,F1,1.0,0.6414913
BBB,2013J,508422,P2,F1,1.0,0.5133975
BBB,2013J,508517,P2,F1,1.0,0.5150925
BBB,2013J,508759,P2,F1,1.0,0.40344572
BBB,2013J,509036,P2,F1,1.0,0.49360904
BBB,2013J,509236,P2,F1,1.0,0.6374504
BBB,2013J,509258,P2,F1,1.0,0.5318576
BBB,2013J,509390,P2,F1,1.0,0.6414913
BBB,2013J,509607,P2,F1,0.0,0.41456917
BBB,2013J,509845,P2,F1,1.0,0.57414234
BBB,2013J,509913,P2,F1,1.0,0.51467925
BBB,2013J,510149,P2,F1,1.0,0.46789172
BBB,2013J,510438,P2,F1,1.0,0.6414913
BBB,2013J,510776,P2,F1,1.0,0.6414913
BBB,2013J,510868,P2,F1,1.0,0.55585796
BBB,2013J,511678,P2,F1,0.0,0.46874428
BBB,2013J,512417,P2,F1,0.0,0.4039084
BBB,2013J,512581,P2,F1,1.0,0.44268188
BBB,2013J,512775,P2,F1,0.0,0.48033193
BBB,2013J,512839,P2,F1,1.0,0.5227474
BBB,2013J,512883,P2,F1,1.0,0.6414913
BBB,2013J,512940,P2,F1,0.0,0.4559607
BBB,2013J,512977,P2,F1,0.0,0.4946734
BBB,2013J,513076,P2,F1,1.0,0.54529804
BBB,2013J,513836,P2,F1,1.0,0.48673165
BBB,2013J,514043,P2,F1,0.0,0.546467
BBB,2013J,514074,P2,F1,1.0,0.5607097
BBB,2013J,514302,P2,F1,0.0,0.47366172
BBB,2013J,514445,P2,F1,0.0,0.46915314
BBB,2013J,514776,P2,F1,1.0,0.5869848
BBB,2013J,514864,P2,F1,0.0,0.443261
BBB,2013J,515203,P2,F1,1.0,0.5500761
BBB,2013J,515417,P2,F1,1.0,0.6363064
BBB,2013J,515646,P2,F1,0.0,0.5574509
BBB,2013J,515676,P2,F1,0.0,0.49706876
BBB,2013J,516364,P2,F1,1.0,0.5431277
BBB,2013J,516926,P2,F1,1.0,0.49728894
BBB,2013J,517000,P2,F1,0.0,0.40812087
BBB,2013J,517016,P2,F1,1.0,0.638613
BBB,2013J,517231,P2,F1,0.0,0.3906686
BBB,2013J,517352,P2,F1,0.0,0.45921576
BBB,2013J,517553,P2,F1,1.0,0.6345581
BBB,2013J,518126,P2,F1,0.0,0.5613358
BBB,2013J,518223,P2,F1,0.0,0.47754702
BBB,2013J,518258,P2,F1,0.0,0.45083278
BBB,2013J,518496,P2,F1,0.0,0.48410767
BBB,2013J,519294,P2,F1,0.0,0.53755045
BBB,2013J,519584,P2,F1,0.0,0.42054644
BBB,2013J,519622,P2,F1,1.0,0.63414234
BBB,2013J,520002,P2,F1,0.0,0.4833216
BBB,2013J,520006,P2,F1,0.0,0.4894982
BBB,2013J,520024,P2,F1,1.0,0.54607356
BBB,2013J,520100,P2,F1,1.0,0.500067
BBB,2013J,520286,P2,F1,0.0,0.4419468
BBB,2013J,520325,P2,F1,1.0,0.48668954
BBB,2013J,521341,P2,F1,0.0,0.42832866
BBB,2013J,521509,P2,F1,0.0,0.5511247
BBB,2013J,521590,P2,F1,0.0,0.41832906
BBB,2013J,521666,P2,F1,1.0,0.6414913
BBB,2013J,521895,P2,F1,0.0,0.6414913
BBB,2013J,521957,P2,F1,1.0,0.5474172
BBB,2013J,522426,P2,F1,0.0,0.4377953
BBB,2013J,522434,P2,F1,0.0,0.44245216
BBB,2013J,522441,P2,F1,0.0,0.49760884
BBB,2013J,522443,P2,F1,1.0,0.42339972
BBB,2013J,522446,P2,F1,0.0,0.4734015
BBB,2013J,522529,P2,F1,0.0,0.39410356
BBB,2013J,522622,P2,F1,0.0,0.5703625
BBB,2013J,522650,P2,F1,1.0,0.49685314
BBB,2013J,522714,P2,F1,0.0,0.43553275
BBB,2013J,522792,P2,F1,0.0,0.45449463
BBB,2013J,522889,P2,F1,1.0,0.5033741
BBB,2013J,522891,P2,F1,0.0,0.42687127
BBB,2013J,522894,P2,F1,0.0,0.39394343
BBB,2013J,522899,P2,F1,1.0,0.40929532
BBB,2013J,523331,P2,F1,1.0,0.6414913
BBB,2013J,523398,P2,F1,1.0,0.6414913
BBB,2013J,523466,P2,F1,0.0,0.46305627
BBB,2013J,523545,P2,F1,0.0,0.47684947
BBB,2013J,523655,P2,F1,0.0,0.6414913
BBB,2013J,523757,P2,F1,1.0,0.59755886
BBB,2013J,523857,P2,F1,0.0,0.47191563
BBB,2013J,523875,P2,F1,0.0,0.402929
BBB,2013J,523928,P2,F1,0.0,0.49778873
BBB,2013J,524076,P2,F1,1.0,0.5367282
BBB,2013J,524496,P2,F1,1.0,0.638613
BBB,2013J,524790,P2,F1,0.0,0.38956267
BBB,2013J,525877,P2,F1,1.0,0.5721745
BBB,2013J,525885,P2,F1,1.0,0.46178728
BBB,2013J,525974,P2,F1,0.0,0.43863928
BBB,2013J,526088,P2,F1,1.0,0.55700636
BBB,2013J,526177,P2,F1,0.0,0.49087575
BBB,2013J,526810,P2,F1,1.0,0.40886635
BBB,2013J,527393,P2,F1,0.0,0.44935718
BBB,2013J,527580,P2,F1,0.0,0.4879256
BBB,2013J,527636,P2,F1,1.0,0.5144159
BBB,2013J,527689,P2,F1,1.0,0.6414913
BBB,2013J,527799,P2,F1,1.0,0.5737864
BBB,2013J,528056,P2,F1,1.0,0.48667428
BBB,2013J,528464,P2,F1,0.0,0.5661968
BBB,2013J,529000,P2,F1,1.0,0.6414913
BBB,2013J,529597,P2,F1,1.0,0.5629888
BBB,2013J,529795,P2,F1,1.0,0.48553097
BBB,2013J,530021,P2,F1,1.0,0.5390159
BBB,2013J,530112,P2,F1,1.0,0.6414913
BBB,2013J,530487,P2,F1,0.0,0.40672868
BBB,2013J,530514,P2,F1,0.0,0.52866
BBB,2013J,530753,P2,F1,1.0,0.504253
BBB,2013J,530841,P2,F1,0.0,0.4607604
BBB,2013J,531384,P2,F1,0.0,0.41478235
BBB,2013J,531643,P2,F1,0.0,0.38905054
BBB,2013J,532114,P2,F1,1.0,0.5417718
BBB,2013J,532335,P2,F1,0.0,0.5144717
BBB,2013J,532477,P2,F1,0.0,0.43342015
BBB,2013J,532615,P2,F1,0.0,0.43383306
BBB,2013J,532739,P2,F1,0.0,0.49357256
BBB,2013J,532750,P2,F1,0.0,0.45277745
BBB,2013J,532839,P2,F1,1.0,0.52785116
BBB,2013J,532868,P2,F1,1.0,0.47030646
BBB,2013J,532869,P2,F1,0.0,0.49281186
BBB,2013J,533091,P2,F1,0.0,0.5195543
BBB,2013J,533164,P2,F1,1.0,0.52223706
BBB,2013J,533301,P2,F1,0.0,0.4987461
BBB,2013J,534133,P2,F1,0.0,0.5351603
BBB,2013J,534323,P2,F1,0.0,0.46735254
BBB,2013J,534816,P2,F1,1.0,0.50149524
BBB,2013J,534946,P2,F1,0.0,0.5729061
BBB,2013J,534998,P2,F1,0.0,0.4659494
BBB,2013J,535269,P2,F1,1.0,0.6414913
BBB,2013J,535379,P2,F1,0.0,0.4710472
BBB,2013J,535833,P2,F1,0.0,0.5456337
BBB,2013J,536318,P2,F1,0.0,0.40146565
BBB,2013J,536632,P2,F1,0.0,0.46520263
BBB,2013J,536649,P2,F1,1.0,0.49420825
BBB,2013J,536660,P2,F1,0.0,0.54190373
BBB,2013J,536663,P2,F1,1.0,0.47701085
BBB,2013J,536664,P2,F1,1.0,0.6414913
BBB,2013J,536666,P2,F1,0.0,0.52484196
BBB,2013J,536852,P2,F1,1.0,0.4758061
BBB,2013J,536992,P2,F1,0.0,0.50002414
BBB,2013J,537271,P2,F1,1.0,0.4915888
BBB,2013J,538210,P2,F1,0.0,0.5163566
BBB,2013J,539426,P2,F1,1.0,0.6414913
BBB,2013J,539670,P2,F1,1.0,0.5670368
BBB,2013J,540005,P2,F1,0.0,0.6414913
BBB,2013J,540249,P2,F1,1.0,0.52620244
BBB,2013J,540293,P2,F1,0.0,0.52848536
BBB,2013J,540521,P2,F1,0.0,0.5354772
BBB,2013J,540602,P2,F1,0.0,0.4836207
BBB,2013J,540682,P2,F1,0.0,0.4622677
BBB,2013J,541171,P2,F1,1.0,0.49208695
BBB,2013J,541274,P2,F1,0.0,0.41866657
BBB,2013J,541586,P2,F1,0.0,0.39802736
BBB,2013J,541702,P2,F1,0.0,0.45934087
BBB,2013J,542296,P2,F1,0.0,0.5351841
BBB,2013J,542472,P2,F1,1.0,0.6414913
BBB,2013J,542574,P2,F1,0.0,0.49906304
BBB,2013J,542707,P2,F1,1.0,0.5111821
BBB,2013J,543021,P2,F1,1.0,0.4978075
BBB,2013J,543279,P2,F1,1.0,0.59470123
BBB,2013J,543418,P2,F1,1.0,0.49440983
BBB,2013J,543428,P2,F1,0.0,0.48016873
BBB,2013J,544122,P2,F1,0.0,0.42870334
BBB,2013J,544627,P2,F1,1.0,0.6414913
BBB,2013J,545200,P2,F1,0.0,0.5274124
BBB,2013J,545247,P2,F1,1.0,0.6414913
BBB,2013J,545297,P2,F1,1.0,0.5285096
BBB,2013J,545298,P2,F1,0.0,0.51913863
BBB,2013J,545443,P2,F1,0.0,0.58148223
BBB,2013J,545462,P2,F1,0.0,0.42603523
BBB,2013J,546195,P2,F1,1.0,0.53802997
BBB,2013J,546196,P2,F1,0.0,0.4785833
BBB,2013J,546941,P2,F1,0.0,0.40617692
BBB,2013J,547311,P2,F1,1.0,0.43196607
BBB,2013J,547718,P2,F1,1.0,0.45027718
BBB,2013J,547979,P2,F1,1.0,0.6414913
BBB,2013J,548197,P2,F1,0.0,0.4994445
BBB,2013J,548899,P2,F1,0.0,0.48064247
BBB,2013J,549129,P2,F1,0.0,0.5193072
BBB,2013J,549226,P2,F1,1.0,0.4712994
BBB,2013J,549445,P2,F1,0.0,0.5386975
BBB,2013J,549586,P2,F1,0.0,0.47796386
BBB,2013J,549745,P2,F1,1.0,0.55448884
BBB,2013J,549873,P2,F1,1.0,0.6414913
BBB,2013J,549918,P2,F1,1.0,0.42418373
BBB,2013J,550412,P2,F1,0.0,0.54344976
BBB,2013J,550559,P2,F1,1.0,0.5256256
BBB,2013J,550880,P2,F1,0.0,0.46204758
BBB,2013J,550941,P2,F1,0.0,0.43936002
BBB,2013J,551031,P2,F1,1.0,0.43880403
BBB,2013J,551136,P2,F1,1.0,0.6414913
BBB,2013J,551205,P2,F1,0.0,0.49698123
BBB,2013J,551219,P2,F1,0.0,0.4435644
BBB,2013J,551234,P2,F1,0.0,0.43145558
BBB,2013J,551347,P2,F1,0.0,0.48085877
BBB,2013J,551515,P2,F1,1.0,0.6414913
BBB,2013J,551802,P2,F1,1.0,0.512301
BBB,2013J,551836,P2,F1,0.0,0.45006594
BBB,2013J,552116,P2,F1,0.0,0.6361473
BBB,2013J,552177,P2,F1,1.0,0.4974716
BBB,2013J,552205,P2,F1,0.0,0.5008227
BBB,2013J,552339,P2,F1,0.0,0.41522655
BBB,2013J,552399,P2,F1,0.0,0.41688454
BBB,2013J,552515,P2,F1,0.0,0.4521175
BBB,2013J,552622,P2,F1,0.0,0.45077533
BBB,2013J,552883,P2,F1,1.0,0.58103055
BBB,2013J,553078,P2,F1,0.0,0.450031
BBB,2013J,553825,P2,F1,0.0,0.49925232
BBB,2013J,553856,P2,F1,0.0,0.43324423
BBB,2013J,553893,P2,F1,1.0,0.5946433
BBB,2013J,554243,P2,F1,1.0,0.53316253
BBB,2013J,554297,P2,F1,1.0,0.6112232
BBB,2013J,554314,P2,F1,1.0,0.4583703
BBB,2013J,554540,P2,F1,0.0,0.46663344
BBB,2013J,555061,P2,F1,1.0,0.5556377
BBB,2013J,555346,P2,F1,0.0,0.50510037
BBB,2013J,555614,P2,F1,0.0,0.42003727
BBB,2013J,555721,P2,F1,0.0,0.47860393
BBB,2013J,556062,P2,F1,1.0,0.6414913
BBB,2013J,556089,P2,F1,0.0,0.49356365
BBB,2013J,556175,P2,F1,0.0,0.5690245
BBB,2013J,556228,P2,F1,0.0,0.44137532
BBB,2013J,556427,P2,F1,1.0,0.50832474
BBB,2013J,556592,P2,F1,0.0,0.42070076
BBB,2013J,556738,P2,F1,1.0,0.638613
BBB,2013J,556972,P2,F1,0.0,0.47329655
BBB,2013J,557652,P2,F1,1.0,0.61087245
BBB,2013J,558035,P2,F1,1.0,0.4087307
BBB,2013J,558333,P2,F1,0.0,0.4967844
BBB,2013J,558533,P2,F1,0.0,0.4365815
BBB,2013J,558661,P2,F1,1.0,0.5148451
BBB,2013J,558755,P2,F1,1.0,0.5456768
BBB,2013J,558962,P2,F1,0.0,0.4585432
BBB,2013J,558983,P2,F1,1.0,0.3948188
BBB,2013J,559139,P2,F1,1.0,0.42297202
BBB,2013J,559168,P2,F1,0.0,0.468532
BBB,2013J,559382,P2,F1,0.0,0.54076266
BBB,2013J,559414,P2,F1,0.0,0.48590863
BBB,2013J,559584,P2,F1,0.0,0.4626566
BBB,2013J,559685,P2,F1,1.0,0.5401979
BBB,2013J,559851,P2,F1,0.0,0.48035794
BBB,2013J,560030,P2,F1,1.0,0.6321061
BBB,2013J,560074,P2,F1,0.0,0.39882815
BBB,2013J,560430,P2,F1,1.0,0.5199053
BBB,2013J,560567,P2,F1,0.0,0.49888727
BBB,2013J,560676,P2,F1,1.0,0.6414913
BBB,2013J,560773,P2,F1,0.0,0.40534577
BBB,2013J,560920,P2,F1,1.0,0.4946134
BBB,2013J,561312,P2,F1,0.0,0.41240817
BBB,2013J,561457,P2,F1,0.0,0.44764885
BBB,2013J,561534,P2,F1,0.0,0.47682285
BBB,2013J,561549,P2,F1,1.0,0.4089983
BBB,2013J,561591,P2,F1,0.0,0.45010197
BBB,2013J,561640,P2,F1,0.0,0.45110855
BBB,2013J,561674,P2,F1,1.0,0.6414913
BBB,2013J,561841,P2,F1,0.0,0.45430198
BBB,2013J,561932,P2,F1,1.0,0.6363064
BBB,2013J,562090,P2,F1,0.0,0.632729
BBB,2013J,562270,P2,F1,0.0,0.638613
BBB,2013J,562456,P2,F1,1.0,0.41264403
BBB,2013J,563174,P2,F1,1.0,0.5230169
BBB,2013J,563374,P2,F1,1.0,0.5136183
BBB,2013J,563706,P2,F1,0.0,0.4695875
BBB,2013J,563733,P2,F1,0.0,0.5142906
BBB,2013J,563735,P2,F1,0.0,0.47081622
BBB,2013J,563769,P2,F1,1.0,0.5887117
BBB,2013J,563794,P2,F1,0.0,0.47668266
BBB,2013J,564105,P2,F1,0.0,0.42048332
BBB,2013J,564129,P2,F1,0.0,0.6414913
BBB,2013J,564144,P2,F1,0.0,0.48904845
BBB,2013J,564245,P2,F1,0.0,0.4600974
BBB,2013J,564268,P2,F1,0.0,0.45773384
BBB,2013J,564596,P2,F1,1.0,0.63720703
BBB,2013J,564626,P2,F1,1.0,0.53565615
BBB,2013J,564792,P2,F1,1.0,0.39624432
BBB,2013J,564898,P2,F1,0.0,0.52636284
BBB,2013J,564958,P2,F1,0.0,0.42384368
BBB,2013J,565035,P2,F1,1.0,0.6414913
BBB,2013J,565393,P2,F1,1.0,0.5024981
BBB,2013J,565513,P2,F1,0.0,0.39801195
BBB,2013J,565582,P2,F1,0.0,0.47166142
BBB,2013J,565607,P2,F1,0.0,0.43741515
BBB,2013J,565715,P2,F1,0.0,0.4081243
BBB,2013J,565888,P2,F1,0.0,0.5219364
BBB,2013J,565919,P2,F1,0.0,0.46336225
BBB,2013J,566133,P2,F1,0.0,0.49537897
BBB,2013J,566339,P2,F1,0.0,0.5812702
BBB,2013J,566346,P2,F1,0.0,0.44677472
BBB,2013J,566358,P2,F1,1.0,0.45258507
BBB,2013J,566369,P2,F1,0.0,0.40253997
BBB,2013J,566392,P2,F1,1.0,0.47263107
BBB,2013J,566407,P2,F1,0.0,0.4104377
BBB,2013J,566415,P2,F1,0.0,0.5496285
BBB,2013J,566720,P2,F1,0.0,0.48335782
BBB,2013J,566813,P2,F1,0.0,0.5030902
BBB,2013J,566814,P2,F1,0.0,0.47702995
BBB,2013J,567013,P2,F1,1.0,0.59504753
BBB,2013J,567033,P2,F1,0.0,0.43795502
BBB,2013J,567160,P2,F1,1.0,0.5487994
BBB,2013J,567262,P2,F1,0.0,0.48999926
BBB,2013J,567363,P2,F1,0.0,0.48915675
BBB,2013J,567402,P2,F1,0.0,0.5385684
BBB,2013J,567429,P2,F1,0.0,0.503221
BBB,2013J,567500,P2,F1,0.0,0.42358497
BBB,2013J,567627,P2,F1,0.0,0.4888571
BBB,2013J,567754,P2,F1,0.0,0.4308051
BBB,2013J,567915,P2,F1,1.0,0.5926756
BBB,2013J,567929,P2,F1,1.0,0.4126897
BBB,2013J,567958,P2,F1,0.0,0.52711195
BBB,2013J,567979,P2,F1,0.0,0.49312612
BBB,2013J,568074,P2,F1,0.0,0.45330393
BBB,2013J,568370,P2,F1,1.0,0.44906932
BBB,2013J,568474,P2,F1,0.0,0.4957857
BBB,2013J,568502,P2,F1,0.0,0.57394046
BBB,2013J,568533,P2,F1,0.0,0.50453794
BBB,2013J,568609,P2,F1,1.0,0.45872265
BBB,2013J,568775,P2,F1,1.0,0.5742751
BBB,2013J,569035,P2,F1,0.0,0.39692375
BBB,2013J,569141,P2,F1,0.0,0.5220599
BBB,2013J,569334,P2,F1,1.0,0.638613
BBB,2013J,569854,P2,F1,0.0,0.47050938
BBB,2013J,569862,P2,F1,0.0,0.46032265
BBB,2013J,569930,P2,F1,0.0,0.40678382
BBB,2013J,570137,P2,F1,0.0,0.4345964
BBB,2013J,570157,P2,F1,0.0,0.45311242
BBB,2013J,570168,P2,F1,0.0,0.4314625
BBB,2013J,570271,P2,F1,0.0,0.42581913
BBB,2013J,570287,P2,F1,0.0,0.5326639
BBB,2013J,570351,P2,F1,0.0,0.6414913
BBB,2013J,570519,P2,F1,1.0,0.5931181
BBB,2013J,570623,P2,F1,0.0,0.3965755
BBB,2013J,570759,P2,F1,0.0,0.42552668
BBB,2013J,570783,P2,F1,0.0,0.46882218
BBB,2013J,570864,P2,F1,0.0,0.4457502
BBB,2013J,571083,P2,F1,0.0,0.4650158
BBB,2013J,571143,P2,F1,1.0,0.6414913
BBB,2013J,571441,P2,F1,0.0,0.44786063
BBB,2013J,571503,P2,F1,0.0,0.49967787
BBB,2013J,571516,P2,F1,0.0,0.39314747
BBB,2013J,571554,P2,F1,0.0,0.4229667
BBB,2013J,571672,P2,F1,1.0,0.6414913
BBB,2013J,571681,P2,F1,0.0,0.4261086
BBB,2013J,571693,P2,F1,1.0,0.50489897
BBB,2013J,571779,P2,F1,0.0,0.49443436
BBB,2013J,571871,P2,F1,0.0,0.48213726
BBB,2013J,571885,P2,F1,0.0,0.44408587
BBB,2013J,571907,P2,F1,0.0,0.4752254
BBB,2013J,572051,P2,F1,0.0,0.48227564
BBB,2013J,572067,P2,F1,0.0,0.45305163
BBB,2013J,572103,P2,F1,0.0,0.42234865
BBB,2013J,572131,P2,F1,1.0,0.6414913
BBB,2013J,572163,P2,F1,1.0,0.4909389
BBB,2013J,572173,P2,F1,1.0,0.6414913
BBB,2013J,572277,P2,F1,1.0,0.49782002
BBB,2013J,572302,P2,F1,1.0,0.51649755
BBB,2013J,572416,P2,F1,0.0,0.47005937
BBB,2013J,572436,P2,F1,0.0,0.4426792
BBB,2013J,572447,P2,F1,0.0,0.5105169
BBB,2013J,572495,P2,F1,1.0,0.42964768
BBB,2013J,572504,P2,F1,0.0,0.46823144
BBB,2013J,572508,P2,F1,0.0,0.4588732
BBB,2013J,572514,P2,F1,1.0,0.50331235
BBB,2013J,572733,P2,F1,0.0,0.43122965
BBB,2013J,572739,P2,F1,1.0,0.4989026
BBB,2013J,572752,P2,F1,0.0,0.47781238
BBB,2013J,572765,P2,F1,0.0,0.4857949
BBB,2013J,572770,P2,F1,1.0,0.6414913
BBB,2013J,572898,P2,F1,0.0,0.45866647
BBB,2013J,572918,P2,F1,1.0,0.45621565
BBB,2013J,572937,P2,F1,1.0,0.54226375
BBB,2013J,573043,P2,F1,0.0,0.46198413
BBB,2013J,573063,P2,F1,0.0,0.5114986
BBB,2013J,573159,P2,F1,1.0,0.47072744
BBB,2013J,573208,P2,F1,0.0,0.47967154
BBB,2013J,573217,P2,F1,1.0,0.52719766
BBB,2013J,573223,P2,F1,1.0,0.6414913
BBB,2013J,573225,P2,F1,1.0,0.49985418
BBB,2013J,573275,P2,F1,1.0,0.6414913
BBB,2013J,573321,P2,F1,1.0,0.6414913
BBB,2013J,573411,P2,F1,0.0,0.40468755
BBB,2013J,573433,P2,F1,0.0,0.43722653
BBB,2013J,573441,P2,F1,1.0,0.51568323
BBB,2013J,573453,P2,F1,0.0,0.4471981
BBB,2013J,573487,P2,F1,1.0,0.5777042
BBB,2013J,573519,P2,F1,0.0,0.489387
BBB,2013J,573578,P2,F1,0.0,0.4503436
BBB,2013J,573654,P2,F1,0.0,0.40230215
BBB,2013J,573694,P2,F1,1.0,0.4858556
BBB,2013J,573777,P2,F1,0.0,0.39514965
BBB,2013J,573790,P2,F1,0.0,0.45333922
BBB,2013J,573821,P2,F1,0.0,0.4440161
BBB,2013J,573831,P2,F1,0.0,0.46080172
BBB,2013J,573893,P2,F1,1.0,0.5463458
BBB,2013J,573986,P2,F1,0.0,0.49468955
BBB,2013J,574002,P2,F1,1.0,0.50993675
BBB,2013J,574051,P2,F1,1.0,0.5806945
BBB,2013J,574065,P2,F1,0.0,0.50153464
BBB,2013J,574125,P2,F1,0.0,0.4716886
BBB,2013J,574194,P2,F1,0.0,0.4781113
BBB,2013J,574212,P2,F1,0.0,0.39135522
BBB,2013J,574250,P2,F1,0.0,0.44429234
BBB,2013J,574320,P2,F1,0.0,0.40108678
BBB,2013J,574348,P2,F1,0.0,0.3944272
BBB,2013J,574549,P2,F1,0.0,0.48750377
BBB,2013J,574648,P2,F1,0.0,0.478691
BBB,2013J,574708,P2,F1,1.0,0.49842426
BBB,2013J,574766,P2,F1,1.0,0.5351862
BBB,2013J,574810,P2,F1,1.0,0.52419883
BBB,2013J,574973,P2,F1,0.0,0.42731836
BBB,2013J,575018,P2,F1,0.0,0.48749974
BBB,2013J,575089,P2,F1,1.0,0.47800994
BBB,2013J,575100,P2,F1,1.0,0.5532495
BBB,2013J,575124,P2,F1,0.0,0.4221781
BBB,2013J,575281,P2,F1,1.0,0.5002161
BBB,2013J,575290,P2,F1,0.0,0.4988966
BBB,2013J,575387,P2,F1,0.0,0.44165534
BBB,2013J,575423,P2,F1,1.0,0.6361473
BBB,2013J,575480,P2,F1,1.0,0.638613
BBB,2013J,575560,P2,F1,0.0,0.44153008
BBB,2013J,575681,P2,F1,0.0,0.45387125
BBB,2013J,575897,P2,F1,1.0,0.6414913
BBB,2013J,575927,P2,F1,1.0,0.41396874
BBB,2013J,575929,P2,F1,1.0,0.5394086
BBB,2013J,575930,P2,F1,0.0,0.46874535
BBB,2013J,575982,P2,F1,1.0,0.49615097
BBB,2013J,576158,P2,F1,0.0,0.4745276
BBB,2013J,576226,P2,F1,1.0,0.4995373
BBB,2013J,576483,P2,F1,0.0,0.49257624
BBB,2013J,576524,P2,F1,1.0,0.46382734
BBB,2013J,576600,P2,F1,0.0,0.43629605
BBB,2013J,576714,P2,F1,1.0,0.4637223
BBB,2013J,576815,P2,F1,1.0,0.55935854
BBB,2013J,576841,P2,F1,0.0,0.42167947
BBB,2013J,576882,P2,F1,1.0,0.50399506
BBB,2013J,576935,P2,F1,1.0,0.43406373
BBB,2013J,576940,P2,F1,0.0,0.4361711
BBB,2013J,576946,P2,F1,0.0,0.4078601
BBB,2013J,576947,P2,F1,1.0,0.5331706
BBB,2013J,576981,P2,F1,0.0,0.4411983
BBB,2013J,576983,P2,F1,1.0,0.48520577
BBB,2013J,576996,P2,F1,1.0,0.6414913
BBB,2013J,577007,P2,F1,1.0,0.6414913
BBB,2013J,577049,P2,F1,1.0,0.6414913
BBB,2013J,577069,P2,F1,0.0,0.476669
BBB,2013J,577096,P2,F1,0.0,0.3970635
BBB,2013J,577099,P2,F1,0.0,0.44399884
BBB,2013J,577256,P2,F1,0.0,0.5247523
BBB,2013J,577280,P2,F1,0.0,0.46353936
BBB,2013J,577286,P2,F1,0.0,0.49189776
BBB,2013J,577347,P2,F1,1.0,0.6414913
BBB,2013J,577376,P2,F1,0.0,0.40303576
BBB,2013J,577498,P2,F1,1.0,0.45481268
BBB,2013J,577648,P2,F1,1.0,0.51581264
BBB,2013J,577659,P2,F1,1.0,0.57989585
BBB,2013J,577680,P2,F1,0.0,0.4353164
BBB,2013J,577692,P2,F1,1.0,0.49161318
BBB,2013J,577824,P2,F1,0.0,0.47995713
BBB,2013J,577905,P2,F1,1.0,0.5657252
BBB,2013J,577914,P2,F1,0.0,0.41294575
BBB,2013J,577915,P2,F1,0.0,0.52373016
BBB,2013J,577949,P2,F1,1.0,0.6414913
BBB,2013J,577980,P2,F1,0.0,0.5007091
BBB,2013J,578030,P2,F1,0.0,0.45698565
BBB,2013J,578057,P2,F1,1.0,0.50705624
BBB,2013J,578062,P2,F1,1.0,0.50388366
BBB,2013J,578109,P2,F1,0.0,0.45313215
BBB,2013J,578197,P2,F1,0.0,0.471855
BBB,2013J,578362,P2,F1,1.0,0.4387574
BBB,2013J,578447,P2,F1,0.0,0.5065262
BBB,2013J,578520,P2,F1,1.0,0.6414913
BBB,2013J,578546,P2,F1,0.0,0.5090224
BBB,2013J,578578,P2,F1,0.0,0.48341346
BBB,2013J,578600,P2,F1,0.0,0.49456057
BBB,2013J,578676,P2,F1,1.0,0.49796802
BBB,2013J,578717,P2,F1,0.0,0.48090693
BBB,2013J,578739,P2,F1,1.0,0.6414913
BBB,2013J,578854,P2,F1,1.0,0.4499299
BBB,2013J,579255,P2,F1,1.0,0.46393925
BBB,2013J,579279,P2,F1,0.0,0.4687264
BBB,2013J,579316,P2,F1,0.0,0.47828162
BBB,2013J,579486,P2,F1,1.0,0.6374504
BBB,2013J,579549,P2,F1,0.0,0.4477139
BBB,2013J,579571,P2,F1,0.0,0.5260016
BBB,2013J,579575,P2,F1,0.0,0.5407469
BBB,2013J,579619,P2,F1,0.0,0.456197
BBB,2013J,579718,P2,F1,1.0,0.6414913
BBB,2013J,579762,P2,F1,0.0,0.4644232
BBB,2013J,580094,P2,F1,0.0,0.39855498
BBB,2013J,580314,P2,F1,1.0,0.6414913
BBB,2013J,580346,P2,F1,0.0,0.40188614
BBB,2013J,580360,P2,F1,0.0,0.5043697
BBB,2013J,580412,P2,F1,1.0,0.48033628
BBB,2013J,580540,P2,F1,0.0,0.518658
BBB,2013J,580592,P2,F1,1.0,0.5430011
BBB,2013J,580612,P2,F1,0.0,0.4365999
BBB,2013J,580646,P2,F1,0.0,0.41991463
BBB,2013J,580684,P2,F1,1.0,0.47867352
BBB,2013J,580880,P2,F1,0.0,0.45702845
BBB,2013J,580883,P2,F1,0.0,0.44044814
BBB,2013J,580960,P2,F1,0.0,0.4346988
BBB,2013J,580975,P2,F1,1.0,0.4521024
BBB,2013J,581027,P2,F1,1.0,0.63720703
BBB,2013J,581038,P2,F1,1.0,0.51244086
BBB,2013J,581139,P2,F1,0.0,0.49797288
BBB,2013J,581235,P2,F1,1.0,0.453882
BBB,2013J,581305,P2,F1,1.0,0.48660767
BBB,2013J,581431,P2,F1,1.0,0.6414913
BBB,2013J,581530,P2,F1,0.0,0.5226108
BBB,2013J,581586,P2,F1,0.0,0.48296586
BBB,2013J,581625,P2,F1,1.0,0.47394723
BBB,2013J,581657,P2,F1,0.0,0.48176655
BBB,2013J,581826,P2,F1,1.0,0.6404622
BBB,2013J,582093,P2,F1,1.0,0.5494358
BBB,2013J,582123,P2,F1,0.0,0.4964154
BBB,2013J,582182,P2,F1,1.0,0.6414913
BBB,2013J,582184,P2,F1,1.0,0.4522579
BBB,2013J,582190,P2,F1,1.0,0.48178786
BBB,2013J,582218,P2,F1,1.0,0.5628789
BBB,2013J,582243,P2,F1,1.0,0.5332319
BBB,2013J,582301,P2,F1,1.0,0.46331176
BBB,2013J,582305,P2,F1,0.0,0.41970643
BBB,2013J,582333,P2,F1,0.0,0.39389452
BBB,2013J,582390,P2,F1,0.0,0.43860406
BBB,2013J,582394,P2,F1,0.0,0.48337698
BBB,2013J,582406,P2,F1,0.0,0.5059566
BBB,2013J,582439,P2,F1,1.0,0.6414913
BBB,2013J,582446,P2,F1,0.0,0.477542
BBB,2013J,582474,P2,F1,0.0,0.4596016
BBB,2013J,582574,P2,F1,0.0,0.4457854
BBB,2013J,582578,P2,F1,0.0,0.46402764
BBB,2013J,582591,P2,F1,1.0,0.45457268
BBB,2013J,582636,P2,F1,0.0,0.5909077
BBB,2013J,582650,P2,F1,0.0,0.43226993
BBB,2013J,582833,P2,F1,1.0,0.5353054
BBB,2013J,582878,P2,F1,0.0,0.4837952
BBB,2013J,582940,P2,F1,0.0,0.48010594
BBB,2013J,582958,P2,F1,0.0,0.43669495
BBB,2013J,582975,P2,F1,0.0,0.44613194
BBB,2013J,583007,P2,F1,1.0,0.6414913
BBB,2013J,583012,P2,F1,0.0,0.5163625
BBB,2013J,583021,P2,F1,1.0,0.6414913
BBB,2013J,583039,P2,F1,0.0,0.44432712
BBB,2013J,583098,P2,F1,1.0,0.5818929
BBB,2013J,583113,P2,F1,1.0,0.4168728
BBB,2013J,583142,P2,F1,1.0,0.48817307
BBB,2013J,583170,P2,F1,0.0,0.39474347
BBB,2013J,583191,P2,F1,0.0,0.51691765
BBB,2013J,583240,P2,F1,1.0,0.4664287
BBB,2013J,583255,P2,F1,1.0,0.4990621
BBB,2013J,583301,P2,F1,1.0,0.6414913
BBB,2013J,583367,P2,F1,1.0,0.6414913
BBB,2013J,583433,P2,F1,0.0,0.45842555
BBB,2013J,583459,P2,F1,0.0,0.49992454
BBB,2013J,583473,P2,F1,0.0,0.52034616
BBB,2013J,583534,P2,F1,1.0,0.6414913
BBB,2013J,583598,P2,F1,1.0,0.50090873
BBB,2013J,583609,P2,F1,0.0,0.45018288
BBB,2013J,583645,P2,F1,0.0,0.4511049
BBB,2013J,583708,P2,F1,0.0,0.4563966
BBB,2013J,583873,P2,F1,0.0,0.5137354
BBB,2013J,583964,P2,F1,0.0,0.58934647
BBB,2013J,583970,P2,F1,0.0,0.44752184
BBB,2013J,583977,P2,F1,1.0,0.6008086
BBB,2013J,584042,P2,F1,0.0,0.45114592
BBB,2013J,584178,P2,F1,0.0,0.48638985
BBB,2013J,584238,P2,F1,1.0,0.5429002
BBB,2013J,584325,P2,F1,1.0,0.5090857
BBB,2013J,584408,P2,F1,1.0,0.49087432
BBB,2013J,584580,P2,F1,0.0,0.5856525
BBB,2013J,584611,P2,F1,1.0,0.5789896
BBB,2013J,584735,P2,F1,1.0,0.5097215
BBB,2013J,584762,P2,F1,1.0,0.41856936
BBB,2013J,584766,P2,F1,0.0,0.46968496
BBB,2013J,584813,P2,F1,0.0,0.45065978
BBB,2013J,585074,P2,F1,1.0,0.5335541
BBB,2013J,585170,P2,F1,0.0,0.5378848
BBB,2013J,585200,P2,F1,0.0,0.47157902
BBB,2013J,585212,P2,F1,0.0,0.44153506
BBB,2013J,585355,P2,F1,1.0,0.6414913
BBB,2013J,585406,P2,F1,0.0,0.56207377
BBB,2013J,585603,P2,F1,0.0,0.4874069
BBB,2013J,585611,P2,F1,0.0,0.4396019
BBB,2013J,585644,P2,F1,0.0,0.5474164
BBB,2013J,585652,P2,F1,0.0,0.50338733
BBB,2013J,585693,P2,F1,0.0,0.44920555
BBB,2013J,585779,P2,F1,0.0,0.44338048
BBB,2013J,585790,P2,F1,1.0,0.6363064
BBB,2013J,585816,P2,F1,1.0,0.50469863
BBB,2013J,585915,P2,F1,1.0,0.6414913
BBB,2013J,585963,P2,F1,1.0,0.5255146
BBB,2013J,586072,P2,F1,1.0,0.5850431
BBB,2013J,586078,P2,F1,0.0,0.5529017
BBB,2013J,586145,P2,F1,1.0,0.5003609
BBB,2013J,586165,P2,F1,1.0,0.51615196
BBB,2013J,586346,P2,F1,0.0,0.42496008
BBB,2013J,586393,P2,F1,1.0,0.6414913
BBB,2013J,586407,P2,F1,1.0,0.48929885
BBB,2013J,586416,P2,F1,0.0,0.47473675
BBB,2013J,586440,P2,F1,0.0,0.48329508
BBB,2013J,586490,P2,F1,1.0,0.5684676
BBB,2013J,586516,P2,F1,1.0,0.40567926
BBB,2013J,586535,P2,F1,0.0,0.4154932
BBB,2013J,586581,P2,F1,0.0,0.39675963
BBB,2013J,586720,P2,F1,1.0,0.52689344
BBB,2013J,586742,P2,F1,0.0,0.51941884
BBB,2013J,586836,P2,F1,1.0,0.55978596
BBB,2013J,586843,P2,F1,0.0,0.40871686
BBB,2013J,586882,P2,F1,1.0,0.50159115
BBB,2013J,586928,P2,F1,1.0,0.46173298
BBB,2013J,586996,P2,F1,0.0,0.4191457
BBB,2013J,587051,P2,F1,1.0,0.48524085
BBB,2013J,587071,P2,F1,1.0,0.6414913
BBB,2013J,587192,P2,F1,0.0,0.4394684
BBB,2013J,587194,P2,F1,1.0,0.49183074
BBB,2013J,587219,P2,F1,1.0,0.47324732
BBB,2013J,587223,P2,F1,0.0,0.48208785
BBB,2013J,587297,P2,F1,0.0,0.40322018
BBB,2013J,587409,P2,F1,0.0,0.6414913
BBB,2013J,587418,P2,F1,0.0,0.41608024
BBB,2013J,587423,P2,F1,0.0,0.43875438
BBB,2013J,587564,P2,F1,0.0,0.59377044
BBB,2013J,587702,P2,F1,0.0,0.45508265
BBB,2013J,587722,P2,F1,0.0,0.46113944
BBB,2013J,587732,P2,F1,0.0,0.45180795
BBB,2013J,587754,P2,F1,0.0,0.5242344
BBB,2013J,587755,P2,F1,0.0,0.5205763
BBB,2013J,587810,P2,F1,0.0,0.48027578
BBB,2013J,587824,P2,F1,1.0,0.48267618
BBB,2013J,587838,P2,F1,1.0,0.54024124
BBB,2013J,587923,P2,F1,0.0,0.46767533
BBB,2013J,587961,P2,F1,1.0,0.6414913
BBB,2013J,587985,P2,F1,0.0,0.47429317
BBB,2013J,588117,P2,F1,0.0,0.42226115
BBB,2013J,588265,P2,F1,0.0,0.5060693
BBB,2013J,588321,P2,F1,1.0,0.53526
BBB,2013J,588355,P2,F1,0.0,0.48696318
BBB,2013J,588432,P2,F1,1.0,0.4903351
BBB,2013J,588642,P2,F1,0.0,0.45260635
BBB,2013J,588691,P2,F1,1.0,0.6414913
BBB,2013J,588713,P2,F1,1.0,0.6414913
BBB,2013J,588883,P2,F1,0.0,0.49406704
BBB,2013J,588910,P2,F1,0.0,0.41540018
BBB,2013J,589067,P2,F1,0.0,0.4783559
BBB,2013J,589123,P2,F1,0.0,0.49344346
BBB,2013J,589154,P2,F1,1.0,0.57343745
BBB,2013J,589296,P2,F1,0.0,0.4318643
BBB,2013J,589302,P2,F1,0.0,0.42790288
BBB,2013J,589411,P2,F1,0.0,0.51441216
BBB,2013J,589471,P2,F1,1.0,0.44779938
BBB,2013J,589508,P2,F1,0.0,0.39873555
BBB,2013J,589509,P2,F1,0.0,0.44826525
BBB,2013J,589903,P2,F1,0.0,0.5385862
BBB,2013J,589950,P2,F1,0.0,0.5446917
BBB,2013J,590107,P2,F1,1.0,0.5356939
BBB,2013J,590202,P2,F1,0.0,0.42872533
BBB,2013J,590231,P2,F1,0.0,0.49403408
BBB,2013J,590305,P2,F1,1.0,0.63341016
BBB,2013J,590308,P2,F1,1.0,0.53215563
BBB,2013J,590325,P2,F1,0.0,0.49217772
BBB,2013J,590360,P2,F1,1.0,0.5080894
BBB,2013J,590362,P2,F1,0.0,0.4670867
BBB,2013J,590365,P2,F1,1.0,0.4248488
BBB,2013J,590372,P2,F1,0.0,0.46037474
BBB,2013J,590502,P2,F1,1.0,0.44331393
BBB,2013J,590625,P2,F1,0.0,0.4638264
BBB,2013J,590667,P2,F1,0.0,0.4412376
BBB,2013J,590668,P2,F1,1.0,0.593214
BBB,2013J,590812,P2,F1,1.0,0.5661284
BBB,2013J,590867,P2,F1,1.0,0.63720703
BBB,2013J,590923,P2,F1,1.0,0.5397697
BBB,2013J,590931,P2,F1,0.0,0.40428865
BBB,2013J,590994,P2,F1,0.0,0.46359307
BBB,2013J,591030,P2,F1,0.0,0.4986012
BBB,2013J,591034,P2,F1,1.0,0.50427365
BBB,2013J,591223,P2,F1,0.0,0.4050532
BBB,2013J,591257,P2,F1,1.0,0.4798339
BBB,2013J,591273,P2,F1,0.0,0.4386535
BBB,2013J,591299,P2,F1,0.0,0.45222333
BBB,2013J,591410,P2,F1,1.0,0.53429633
BBB,2013J,591414,P2,F1,0.0,0.40302
BBB,2013J,591420,P2,F1,0.0,0.4665938
BBB,2013J,591440,P2,F1,1.0,0.638613
BBB,2013J,591501,P2,F1,0.0,0.44350886
BBB,2013J,591518,P2,F1,0.0,0.43767932
BBB,2013J,591558,P2,F1,0.0,0.48730564
BBB,2013J,591574,P2,F1,0.0,0.3990002
BBB,2013J,591589,P2,F1,0.0,0.5065072
BBB,2013J,591591,P2,F1,1.0,0.5358137
BBB,2013J,591608,P2,F1,1.0,0.6414913
BBB,2013J,591785,P2,F1,1.0,0.635224
BBB,2013J,591787,P2,F1,0.0,0.5461154
BBB,2013J,591820,P2,F1,0.0,0.41070914
BBB,2013J,591895,P2,F1,1.0,0.54293317
BBB,2013J,591978,P2,F1,1.0,0.5248184
BBB,2013J,592081,P2,F1,1.0,0.51108587
BBB,2013J,592147,P2,F1,0.0,0.44904932
BBB,2013J,592205,P2,F1,0.0,0.60009015
BBB,2013J,592256,P2,F1,1.0,0.6331454
BBB,2013J,592290,P2,F1,0.0,0.52435815
BBB,2013J,592317,P2,F1,0.0,0.4629257
BBB,2013J,592322,P2,F1,0.0,0.4237681
BBB,2013J,592406,P2,F1,1.0,0.6414913
BBB,2013J,592441,P2,F1,0.0,0.41999453
BBB,2013J,592471,P2,F1,0.0,0.41309616
BBB,2013J,592480,P2,F1,0.0,0.49845755
BBB,2013J,592496,P2,F1,0.0,0.425852
BBB,2013J,592618,P2,F1,0.0,0.42326912
BBB,2013J,592624,P2,F1,0.0,0.52661616
BBB,2013J,592772,P2,F1,0.0,0.5268761
BBB,2013J,592815,P2,F1,1.0,0.40595093
BBB,2013J,592854,P2,F1,0.0,0.45444986
BBB,2013J,592900,P2,F1,0.0,0.4772714
BBB,2013J,592949,P2,F1,1.0,0.5028995
BBB,2013J,593023,P2,F1,0.0,0.5194607
BBB,2013J,593081,P2,F1,0.0,0.47124767
BBB,2013J,593189,P2,F1,1.0,0.6414913
BBB,2013J,593281,P2,F1,1.0,0.47752514
BBB,2013J,593299,P2,F1,1.0,0.59684527
BBB,2013J,593385,P2,F1,0.0,0.40719983
BBB,2013J,593421,P2,F1,0.0,0.49579725
BBB,2013J,593427,P2,F1,0.0,0.5011636
BBB,2013J,593440,P2,F1,1.0,0.50516486
BBB,2013J,593441,P2,F1,1.0,0.4964208
BBB,2013J,593443,P2,F1,1.0,0.63628024
BBB,2013J,593444,P2,F1,0.0,0.47049946
BBB,2013J,593510,P2,F1,0.0,0.553128
BBB,2013J,593513,P2,F1,0.0,0.5497842
BBB,2013J,593514,P2,F1,1.0,0.47802946
BBB,2013J,593593,P2,F1,0.0,0.4747789
BBB,2013J,593613,P2,F1,1.0,0.4468761
BBB,2013J,593631,P2,F1,0.0,0.44331563
BBB,2013J,593685,P2,F1,0.0,0.49200353
BBB,2013J,593692,P2,F1,0.0,0.54323894
BBB,2013J,593694,P2,F1,0.0,0.40890813
BBB,2013J,593695,P2,F1,0.0,0.54430664
BBB,2013J,593706,P2,F1,1.0,0.6414913
BBB,2013J,593707,P2,F1,1.0,0.6199648
BBB,2013J,593709,P2,F1,1.0,0.46793088
BBB,2013J,593711,P2,F1,0.0,0.6414913
BBB,2013J,593712,P2,F1,0.0,0.46467465
BBB,2013J,593715,P2,F1,0.0,0.511198
BBB,2013J,593727,P2,F1,0.0,0.5435293
BBB,2013J,593743,P2,F1,0.0,0.48132914
BBB,2013J,593798,P2,F1,0.0,0.46217293
BBB,2013J,593871,P2,F1,0.0,0.47716856
BBB,2013J,593875,P2,F1,0.0,0.39233774
BBB,2013J,593898,P2,F1,0.0,0.41479343
BBB,2013J,593900,P2,F1,0.0,0.45170286
BBB,2013J,593930,P2,F1,1.0,0.638613
BBB,2013J,594015,P2,F1,0.0,0.43217298
BBB,2013J,594038,P2,F1,1.0,0.59777486
BBB,2013J,594043,P2,F1,1.0,0.4517198
BBB,2013J,594056,P2,F1,0.0,0.3949029
BBB,2013J,594456,P2,F1,0.0,0.42972484
BBB,2013J,594468,P2,F1,0.0,0.48255575
BBB,2013J,594497,P2,F1,1.0,0.50603354
BBB,2013J,594529,P2,F1,0.0,0.44397253
BBB,2013J,594607,P2,F1,1.0,0.6414913
BBB,2013J,594677,P2,F1,0.0,0.47369564
BBB,2013J,594693,P2,F1,0.0,0.46454394
BBB,2013J,594697,P2,F1,1.0,0.49536026
BBB,2013J,594762,P2,F1,0.0,0.47863847
BBB,2013J,594774,P2,F1,1.0,0.6414913
BBB,2013J,594776,P2,F1,0.0,0.41166326
BBB,2013J,594845,P2,F1,1.0,0.5319422
BBB,2013J,594928,P2,F1,0.0,0.46004763
BBB,2013J,595010,P2,F1,1.0,0.49138883
BBB,2013J,595094,P2,F1,1.0,0.50827193
BBB,2013J,595103,P2,F1,0.0,0.4693924
BBB,2013J,595138,P2,F1,0.0,0.50414664
BBB,2013J,595232,P2,F1,1.0,0.4637388
BBB,2013J,595241,P2,F1,1.0,0.55830723
BBB,2013J,595295,P2,F1,0.0,0.48860675
BBB,2013J,595298,P2,F1,1.0,0.6414913
BBB,2013J,595345,P2,F1,0.0,0.49773383
BBB,2013J,595436,P2,F1,0.0,0.44311002
BBB,2013J,595499,P2,F1,1.0,0.4811525
BBB,2013J,595509,P2,F1,1.0,0.6414913
BBB,2013J,595570,P2,F1,1.0,0.6244528
BBB,2013J,595672,P2,F1,1.0,0.42491156
BBB,2013J,595678,P2,F1,0.0,0.47322202
BBB,2013J,595711,P2,F1,1.0,0.54194355
BBB,2013J,595816,P2,F1,1.0,0.6414913
BBB,2013J,595818,P2,F1,0.0,0.44012278
BBB,2013J,595854,P2,F1,0.0,0.51075166
BBB,2013J,595874,P2,F1,0.0,0.47355574
BBB,2013J,595877,P2,F1,1.0,0.4844257
BBB,2013J,595925,P2,F1,0.0,0.42538917
BBB,2013J,595959,P2,F1,1.0,0.6414913
BBB,2013J,596016,P2,F1,1.0,0.5823934
BBB,2013J,596017,P2,F1,0.0,0.43997863
BBB,2013J,596041,P2,F1,1.0,0.4983051
BBB,2013J,596100,P2,F1,1.0,0.6405693
BBB,2013J,596107,P2,F1,0.0,0.5290407
BBB,2013J,596108,P2,F1,0.0,0.638613
BBB,2013J,596114,P2,F1,0.0,0.42059907
BBB,2013J,596144,P2,F1,0.0,0.44224662
BBB,2013J,596242,P2,F1,0.0,0.5353262
BBB,2013J,596275,P2,F1,1.0,0.54745615
BBB,2013J,596305,P2,F1,0.0,0.47611594
BBB,2013J,596360,P2,F1,1.0,0.63782704
BBB,2013J,596372,P2,F1,0.0,0.4213015
BBB,2013J,596390,P2,F1,0.0,0.5085815
BBB,2013J,596417,P2,F1,0.0,0.44982603
BBB,2013J,596451,P2,F1,0.0,0.39816254
BBB,2013J,596535,P2,F1,0.0,0.45913416
BBB,2013J,596583,P2,F1,1.0,0.6414913
BBB,2013J,596596,P2,F1,1.0,0.39945364
BBB,2013J,596677,P2,F1,1.0,0.51056075
BBB,2013J,596814,P2,F1,1.0,0.6414913
BBB,2013J,596820,P2,F1,1.0,0.6414913
BBB,2013J,596847,P2,F1,0.0,0.49861062
BBB,2013J,596849,P2,F1,1.0,0.47561526
BBB,2013J,596892,P2,F1,1.0,0.54538214
BBB,2013J,596897,P2,F1,0.0,0.4752834
BBB,2013J,596961,P2,F1,1.0,0.46439946
BBB,2013J,596964,P2,F1,0.0,0.47280163
BBB,2013J,597033,P2,F1,1.0,0.55037516
BBB,2013J,597050,P2,F1,0.0,0.44243386
BBB,2013J,597078,P2,F1,1.0,0.46662775
BBB,2013J,597102,P2,F1,0.0,0.43015987
BBB,2013J,597142,P2,F1,1.0,0.6414913
BBB,2013J,597255,P2,F1,1.0,0.45863917
BBB,2013J,597286,P2,F1,0.0,0.50141394
BBB,2013J,597301,P2,F1,0.0,0.4316737
BBB,2013J,597321,P2,F1,1.0,0.6414913
BBB,2013J,597451,P2,F1,1.0,0.5022282
BBB,2013J,597532,P2,F1,1.0,0.50742126
BBB,2013J,597582,P2,F1,1.0,0.4981967
BBB,2013J,597689,P2,F1,1.0,0.4728055
BBB,2013J,597742,P2,F1,0.0,0.48738876
BBB,2013J,597790,P2,F1,0.0,0.44007826
BBB,2013J,597866,P2,F1,1.0,0.54528826
BBB,2013J,597878,P2,F1,0.0,0.41412285
BBB,2013J,597886,P2,F1,0.0,0.42916295
BBB,2013J,597894,P2,F1,0.0,0.43959796
BBB,2013J,598000,P2,F1,0.0,0.47638682
BBB,2013J,598202,P2,F1,1.0,0.5038575
BBB,2013J,598230,P2,F1,0.0,0.451606
BBB,2013J,598243,P2,F1,0.0,0.49518862
BBB,2013J,598252,P2,F1,0.0,0.5451912
BBB,2013J,598253,P2,F1,0.0,0.5201828
BBB,2013J,598260,P2,F1,1.0,0.5815655
BBB,2013J,598315,P2,F1,1.0,0.6414913
BBB,2013J,598351,P2,F1,0.0,0.4963194
BBB,2013J,598462,P2,F1,0.0,0.53529334
BBB,2013J,598503,P2,F1,1.0,0.48870492
BBB,2013J,598538,P2,F1,1.0,0.55694413
BBB,2013J,598562,P2,F1,1.0,0.6023764
BBB,2013J,598623,P2,F1,0.0,0.4377477
BBB,2013J,598709,P2,F1,0.0,0.45809168
BBB,2013J,598760,P2,F1,0.0,0.45383754
BBB,2013J,598865,P2,F1,0.0,0.5425598
BBB,2013J,598883,P2,F1,0.0,0.40730184
BBB,2013J,598907,P2,F1,0.0,0.39402816
BBB,2013J,598914,P2,F1,0.0,0.46953115
BBB,2013J,598969,P2,F1,0.0,0.4523293
BBB,2013J,598986,P2,F1,1.0,0.5250851
BBB,2013J,599016,P2,F1,0.0,0.6414913
BBB,2013J,599037,P2,F1,0.0,0.49579924
BBB,2013J,599161,P2,F1,1.0,0.6414913
BBB,2013J,599230,P2,F1,0.0,0.4195318
BBB,2013J,599292,P2,F1,0.0,0.43008453
BBB,2013J,599402,P2,F1,0.0,0.54463947
BBB,2013J,599423,P2,F1,1.0,0.5086232
BBB,2013J,599427,P2,F1,1.0,0.6414913
BBB,2013J,599432,P2,F1,1.0,0.55352503
BBB,2013J,599434,P2,F1,1.0,0.4877704
BBB,2013J,599639,P2,F1,1.0,0.41751796
BBB,2013J,599640,P2,F1,1.0,0.4981626
BBB,2013J,599644,P2,F1,1.0,0.5800504
BBB,2013J,599709,P2,F1,1.0,0.42957297
BBB,2013J,599739,P2,F1,0.0,0.533478
BBB,2013J,599748,P2,F1,0.0,0.48533365
BBB,2013J,599785,P2,F1,0.0,0.4826839
BBB,2013J,599787,P2,F1,0.0,0.47215343
BBB,2013J,599794,P2,F1,0.0,0.43680647
BBB,2013J,599802,P2,F1,1.0,0.429011
BBB,2013J,599836,P2,F1,0.0,0.4538734
BBB,2013J,599840,P2,F1,1.0,0.4772563
BBB,2013J,599895,P2,F1,0.0,0.42930874
BBB,2013J,599908,P2,F1,0.0,0.51021355
BBB,2013J,599960,P2,F1,1.0,0.5116896
BBB,2013J,600121,P2,F1,0.0,0.42845204
BBB,2013J,600211,P2,F1,1.0,0.6414913
BBB,2013J,600263,P2,F1,1.0,0.638613
BBB,2013J,600279,P2,F1,0.0,0.45158398
BBB,2013J,600370,P2,F1,0.0,0.4753012
BBB,2013J,600428,P2,F1,1.0,0.6414913
BBB,2013J,600449,P2,F1,1.0,0.49302167
BBB,2013J,600470,P2,F1,1.0,0.46906456
BBB,2013J,600476,P2,F1,1.0,0.63720703
BBB,2013J,600490,P2,F1,0.0,0.46277145
BBB,2013J,600541,P2,F1,1.0,0.6405693
BBB,2013J,600579,P2,F1,1.0,0.5538433
BBB,2013J,600684,P2,F1,0.0,0.39933416
BBB,2013J,600740,P2,F1,0.0,0.45205373
BBB,2013J,600749,P2,F1,1.0,0.50275093
BBB,2013J,600770,P2,F1,1.0,0.55437386
BBB,2013J,600771,P2,F1,0.0,0.45738357
BBB,2013J,600833,P2,F1,1.0,0.6414913
BBB,2013J,600845,P2,F1,1.0,0.502048
BBB,2013J,600856,P2,F1,0.0,0.4199744
BBB,2013J,600966,P2,F1,0.0,0.4231937
BBB,2013J,600967,P2,F1,1.0,0.5443565
BBB,2013J,600999,P2,F1,1.0,0.49697006
BBB,2013J,601243,P2,F1,0.0,0.50013345
BBB,2013J,601251,P2,F1,0.0,0.39668417
BBB,2013J,601269,P2,F1,0.0,0.48425606
BBB,2013J,601346,P2,F1,0.0,0.48067006
BBB,2013J,601455,P2,F1,0.0,0.51228076
BBB,2013J,601472,P2,F1,1.0,0.49991482
BBB,2013J,601497,P2,F1,0.0,0.44596836
BBB,2013J,601499,P2,F1,0.0,0.5092238
BBB,2013J,601504,P2,F1,0.0,0.45552018
BBB,2013J,601505,P2,F1,1.0,0.47324935
BBB,2013J,601551,P2,F1,1.0,0.5093922
BBB,2013J,601558,P2,F1,1.0,0.4996475
BBB,2013J,601635,P2,F1,0.0,0.49485606
BBB,2013J,601655,P2,F1,0.0,0.47800407
BBB,2013J,601706,P2,F1,1.0,0.4438858
BBB,2013J,601885,P2,F1,0.0,0.6414913
BBB,2013J,601887,P2,F1,0.0,0.4926962
BBB,2013J,601896,P2,F1,1.0,0.5286254
BBB,2013J,601934,P2,F1,1.0,0.5921395
BBB,2013J,601951,P2,F1,1.0,0.447145
BBB,2013J,602009,P2,F1,0.0,0.4723349
BBB,2013J,602011,P2,F1,1.0,0.6414913
BBB,2013J,602014,P2,F1,0.0,0.48899892
BBB,2013J,602032,P2,F1,1.0,0.55137604
BBB,2013J,602066,P2,F1,0.0,0.4684668
BBB,2013J,602147,P2,F1,0.0,0.46967122
BBB,2013J,602245,P2,F1,0.0,0.44452617
BBB,2013J,602324,P2,F1,1.0,0.50164574
BBB,2013J,602395,P2,F1,0.0,0.46119502
BBB,2013J,602458,P2,F1,0.0,0.41119048
BBB,2013J,602483,P2,F1,1.0,0.5596156
BBB,2013J,602496,P2,F1,0.0,0.4792448
BBB,2013J,602598,P2,F1,1.0,0.6414913
BBB,2013J,602652,P2,F1,1.0,0.5367475
BBB,2013J,602739,P2,F1,1.0,0.4912609
BBB,2013J,602767,P2,F1,1.0,0.63720703
BBB,2013J,602826,P2,F1,1.0,0.427443
BBB,2013J,602863,P2,F1,1.0,0.6414913
BBB,2013J,603012,P2,F1,0.0,0.461009
BBB,2013J,603035,P2,F1,0.0,0.50840944
BBB,2013J,603036,P2,F1,0.0,0.42181244
BBB,2013J,603038,P2,F1,0.0,0.5151082
BBB,2013J,603123,P2,F1,0.0,0.5171465
BBB,2013J,603165,P2,F1,0.0,0.47561526
BBB,2013J,603210,P2,F1,0.0,0.5190686
BBB,2013J,603265,P2,F1,1.0,0.48941904
BBB,2013J,603270,P2,F1,1.0,0.475587
BBB,2013J,603287,P2,F1,0.0,0.48863107
BBB,2013J,603398,P2,F1,0.0,0.43902865
BBB,2013J,603440,P2,F1,0.0,0.5623702
BBB,2013J,603446,P2,F1,0.0,0.52299356
BBB,2013J,603601,P2,F1,0.0,0.47322297
BBB,2013J,603627,P2,F1,0.0,0.48503822
BBB,2013J,603661,P2,F1,0.0,0.4222529
BBB,2013J,603818,P2,F1,1.0,0.57918423
BBB,2013J,603908,P2,F1,0.0,0.4685295
BBB,2013J,603910,P2,F1,1.0,0.5927017
BBB,2013J,603912,P2,F1,0.0,0.50295335
BBB,2013J,604095,P2,F1,1.0,0.58893675
BBB,2013J,604116,P2,F1,0.0,0.49469626
BBB,2013J,604118,P2,F1,1.0,0.6363064
BBB,2013J,604147,P2,F1,1.0,0.48489872
BBB,2013J,604151,P2,F1,0.0,0.47260317
BBB,2013J,604154,P2,F1,0.0,0.5312379
BBB,2013J,604187,P2,F1,0.0,0.4028467
BBB,2013J,604196,P2,F1,0.0,0.45132947
BBB,2013J,604200,P2,F1,0.0,0.42560437
BBB,2013J,604204,P2,F1,0.0,0.44526032
BBB,2013J,604238,P2,F1,0.0,0.5077315
BBB,2013J,604292,P2,F1,0.0,0.43937632
BBB,2013J,604315,P2,F1,0.0,0.42556268
BBB,2013J,604356,P2,F1,0.0,0.45209724
BBB,2013J,604543,P2,F1,0.0,0.5344584
BBB,2013J,604556,P2,F1,0.0,0.50855166
BBB,2013J,604731,P2,F1,1.0,0.50415486
BBB,2013J,604752,P2,F1,1.0,0.5330002
BBB,2013J,604916,P2,F1,0.0,0.5836544
BBB,2013J,604917,P2,F1,0.0,0.44563973
BBB,2013J,604919,P2,F1,0.0,0.4710261
BBB,2013J,604921,P2,F1,1.0,0.56598693
BBB,2013J,604923,P2,F1,1.0,0.59939045
BBB,2013J,604932,P2,F1,0.0,0.5385857
BBB,2013J,604939,P2,F1,1.0,0.47385406
BBB,2013J,604942,P2,F1,0.0,0.5551507
BBB,2013J,604951,P2,F1,1.0,0.5769813
BBB,2013J,604962,P2,F1,1.0,0.63720703
BBB,2013J,604966,P2,F1,0.0,0.40818435
BBB,2013J,604982,P2,F1,0.0,0.5393851
BBB,2013J,605009,P2,F1,0.0,0.45191413
BBB,2013J,605102,P2,F1,0.0,0.50762945
BBB,2013J,605207,P2,F1,0.0,0.4311734
BBB,2013J,605246,P2,F1,0.0,0.573806
BBB,2013J,605255,P2,F1,1.0,0.42614046
BBB,2013J,605309,P2,F1,1.0,0.45214266
BBB,2013J,605327,P2,F1,1.0,0.48396584
BBB,2013J,605390,P2,F1,0.0,0.48666134
BBB,2013J,605438,P2,F1,0.0,0.39461547
BBB,2013J,605494,P2,F1,1.0,0.6414913
BBB,2013J,605505,P2,F1,1.0,0.638613
BBB,2013J,605594,P2,F1,1.0,0.54882133
BBB,2013J,605595,P2,F1,1.0,0.54484653
BBB,2013J,605679,P2,F1,0.0,0.54201245
BBB,2013J,605832,P2,F1,0.0,0.4799746
BBB,2013J,605854,P2,F1,1.0,0.5586383
BBB,2013J,605882,P2,F1,1.0,0.55599654
BBB,2013J,605916,P2,F1,0.0,0.43731153
BBB,2013J,605930,P2,F1,0.0,0.55118203
BBB,2013J,606063,P2,F1,1.0,0.5141062
BBB,2013J,606097,P2,F1,0.0,0.44066197
BBB,2013J,606179,P2,F1,0.0,0.4151725
BBB,2013J,606194,P2,F1,0.0,0.43694946
BBB,2013J,606229,P2,F1,0.0,0.5068909
BBB,2013J,606355,P2,F1,1.0,0.4358998
BBB,2013J,606377,P2,F1,0.0,0.48516834
BBB,2013J,606388,P2,F1,1.0,0.49438465
BBB,2013J,606410,P2,F1,0.0,0.52516425
BBB,2013J,606412,P2,F1,0.0,0.5081964
BBB,2013J,606414,P2,F1,0.0,0.42537856
BBB,2013J,606420,P2,F1,0.0,0.50216395
BBB,2013J,606422,P2,F1,0.0,0.49164736
BBB,2013J,606450,P2,F1,0.0,0.47102046
BBB,2013J,606458,P2,F1,0.0,0.53812087
BBB,2013J,606465,P2,F1,0.0,0.48812366
BBB,2013J,606477,P2,F1,1.0,0.638613
BBB,2013J,606546,P2,F1,0.0,0.4753195
BBB,2013J,606562,P2,F1,0.0,0.3996359
BBB,2013J,606572,P2,F1,0.0,0.43695045
BBB,2013J,606607,P2,F1,1.0,0.6414913
BBB,2013J,606651,P2,F1,1.0,0.5540272
BBB,2013J,606685,P2,F1,0.0,0.4444395
BBB,2013J,606697,P2,F1,0.0,0.55765545
BBB,2013J,606736,P2,F1,1.0,0.4766547
BBB,2013J,606762,P2,F1,1.0,0.52110773
BBB,2013J,606827,P2,F1,1.0,0.52832717
BBB,2013J,606972,P2,F1,1.0,0.6414913
BBB,2013J,607062,P2,F1,1.0,0.6414913
BBB,2013J,607097,P2,F1,0.0,0.42299098
BBB,2013J,607286,P2,F1,1.0,0.5481064
BBB,2013J,607300,P2,F1,1.0,0.5242697
BBB,2013J,607309,P2,F1,1.0,0.4326565
BBB,2013J,607382,P2,F1,1.0,0.5900465
BBB,2013J,607398,P2,F1,1.0,0.45702058
BBB,2013J,607493,P2,F1,0.0,0.4668848
BBB,2013J,607642,P2,F1,0.0,0.6363064
BBB,2013J,607699,P2,F1,1.0,0.52835566
BBB,2013J,607725,P2,F1,0.0,0.4792142
BBB,2013J,607735,P2,F1,0.0,0.4420351
BBB,2013J,607778,P2,F1,0.0,0.4786019
BBB,2013J,607804,P2,F1,0.0,0.50396943
BBB,2013J,607808,P2,F1,1.0,0.5109017
BBB,2013J,607848,P2,F1,1.0,0.4819007
BBB,2013J,607887,P2,F1,0.0,0.49206367
BBB,2013J,607889,P2,F1,0.0,0.45074758
BBB,2013J,607892,P2,F1,0.0,0.5090369
BBB,2013J,607909,P2,F1,0.0,0.48478314
BBB,2013J,607914,P2,F1,0.0,0.41594833
BBB,2013J,607937,P2,F1,0.0,0.40151048
BBB,2013J,608000,P2,F1,0.0,0.4172676
BBB,2013J,608041,P2,F1,0.0,0.4293552
BBB,2013J,608047,P2,F1,0.0,0.51682913
BBB,2013J,608197,P2,F1,1.0,0.6414913
BBB,2013J,608264,P2,F1,0.0,0.48991874
BBB,2013J,608419,P2,F1,0.0,0.45205298
BBB,2013J,608497,P2,F1,1.0,0.5097759
BBB,2013J,608564,P2,F1,1.0,0.5203385
BBB,2013J,608578,P2,F1,0.0,0.47246104
BBB,2013J,608623,P2,F1,0.0,0.5432375
BBB,2013J,608647,P2,F1,0.0,0.49008766
BBB,2013J,608719,P2,F1,1.0,0.51991427
BBB,2013J,608738,P2,F1,1.0,0.45707512
BBB,2013J,608766,P2,F1,0.0,0.42478198
BBB,2013J,608939,P2,F1,1.0,0.4760165
BBB,2013J,608942,P2,F1,1.0,0.6414913
BBB,2013J,609010,P2,F1,0.0,0.47552866
BBB,2013J,609046,P2,F1,0.0,0.43682268
BBB,2013J,609047,P2,F1,1.0,0.41227618
BBB,2013J,609193,P2,F1,1.0,0.49274766
BBB,2013J,609230,P2,F1,1.0,0.47058347
BBB,2013J,609307,P2,F1,0.0,0.4773342
BBB,2013J,609422,P2,F1,1.0,0.4606391
BBB,2013J,609510,P2,F1,1.0,0.51187396
BBB,2013J,609679,P2,F1,0.0,0.46989495
BBB,2013J,609704,P2,F1,0.0,0.43158543
BBB,2013J,609764,P2,F1,1.0,0.5050633
BBB,2013J,609804,P2,F1,1.0,0.48023227
BBB,2013J,609811,P2,F1,0.0,0.397562
BBB,2013J,609812,P2,F1,0.0,0.58416325
BBB,2013J,609815,P2,F1,0.0,0.4941504
BBB,2013J,609817,P2,F1,0.0,0.5509602
BBB,2013J,609850,P2,F1,1.0,0.55504376
BBB,2013J,609864,P2,F1,0.0,0.56224644
BBB,2013J,609871,P2,F1,0.0,0.58078456
BBB,2013J,609873,P2,F1,1.0,0.4849582
BBB,2013J,609887,P2,F1,1.0,0.57118654
BBB,2013J,610032,P2,F1,0.0,0.4427515
BBB,2013J,610059,P2,F1,0.0,0.46919888
BBB,2013J,610118,P2,F1,1.0,0.6414913
BBB,2013J,610260,P2,F1,0.0,0.4507969
BBB,2013J,610362,P2,F1,0.0,0.5391699
BBB,2013J,610423,P2,F1,1.0,0.5112411
BBB,2013J,610428,P2,F1,0.0,0.4814068
BBB,2013J,610553,P2,F1,0.0,0.4480824
BBB,2013J,610700,P2,F1,1.0,0.49807712
BBB,2013J,610725,P2,F1,0.0,0.6414913
BBB,2013J,610731,P2,F1,1.0,0.52466345
BBB,2013J,610740,P2,F1,1.0,0.6414913
BBB,2013J,610744,P2,F1,1.0,0.6414913
BBB,2013J,610745,P2,F1,0.0,0.4423829
BBB,2013J,610748,P2,F1,1.0,0.6414913
BBB,2013J,610750,P2,F1,0.0,0.4620531
BBB,2013J,610751,P2,F1,1.0,0.6414913
BBB,2013J,610763,P2,F1,0.0,0.45210785
BBB,2013J,610772,P2,F1,1.0,0.6363064
BBB,2013J,610776,P2,F1,1.0,0.6405693
BBB,2013J,610780,P2,F1,1.0,0.48833948
BBB,2013J,610802,P2,F1,1.0,0.49157718
BBB,2013J,610804,P2,F1,1.0,0.48605424
BBB,2013J,610906,P2,F1,0.0,0.53600204
BBB,2013J,611004,P2,F1,1.0,0.49841514
BBB,2013J,611012,P2,F1,0.0,0.45601216
BBB,2013J,611017,P2,F1,0.0,0.44037148
BBB,2013J,611023,P2,F1,0.0,0.5103323
BBB,2013J,611048,P2,F1,1.0,0.5672992
BBB,2013J,611051,P2,F1,1.0,0.5774216
BBB,2013J,611060,P2,F1,0.0,0.5370013
BBB,2013J,611096,P2,F1,1.0,0.6414913
BBB,2013J,611182,P2,F1,1.0,0.5162238
BBB,2013J,611228,P2,F1,0.0,0.47164005
BBB,2013J,611268,P2,F1,1.0,0.5027149
BBB,2013J,611315,P2,F1,0.0,0.44068083
BBB,2013J,611345,P2,F1,1.0,0.6414913
BBB,2013J,611383,P2,F1,0.0,0.46434316
BBB,2013J,611531,P2,F1,0.0,0.4295034
BBB,2013J,611688,P2,F1,0.0,0.6246259
BBB,2013J,611690,P2,F1,0.0,0.4953973
BBB,2013J,612210,P2,F1,0.0,0.4715242
BBB,2013J,612217,P2,F1,0.0,0.49273774
BBB,2013J,612252,P2,F1,0.0,0.48332533
BBB,2013J,612255,P2,F1,0.0,0.49611923
BBB,2013J,612355,P2,F1,0.0,0.43968004
BBB,2013J,612361,P2,F1,0.0,0.45204985
BBB,2013J,612484,P2,F1,0.0,0.39176825
BBB,2013J,612488,P2,F1,0.0,0.43395972
BBB,2013J,612517,P2,F1,0.0,0.4837913
BBB,2013J,612656,P2,F1,0.0,0.42927715
BBB,2013J,612658,P2,F1,0.0,0.40264997
BBB,2013J,612661,P2,F1,0.0,0.44531816
BBB,2013J,612684,P2,F1,0.0,0.4955688
BBB,2013J,612757,P2,F1,0.0,0.4280945
BBB,2013J,612891,P2,F1,0.0,0.53050256
BBB,2013J,613051,P2,F1,1.0,0.6414913
BBB,2013J,613158,P2,F1,0.0,0.4556321
BBB,2013J,613160,P2,F1,0.0,0.48971248
BBB,2013J,613162,P2,F1,1.0,0.54626995
BBB,2013J,613164,P2,F1,0.0,0.48351064
BBB,2013J,613171,P2,F1,0.0,0.5014024
BBB,2013J,613173,P2,F1,0.0,0.49881846
BBB,2013J,613175,P2,F1,1.0,0.50258183
BBB,2013J,613177,P2,F1,0.0,0.4153606
BBB,2013J,613191,P2,F1,1.0,0.5156398
BBB,2013J,613196,P2,F1,0.0,0.50311196
BBB,2013J,613199,P2,F1,1.0,0.4655345
BBB,2013J,613200,P2,F1,0.0,0.4896419
BBB,2013J,613203,P2,F1,0.0,0.43154934
BBB,2013J,613208,P2,F1,0.0,0.48777828
BBB,2013J,613293,P2,F1,0.0,0.4894196
BBB,2013J,613298,P2,F1,1.0,0.51783174
BBB,2013J,613416,P2,F1,0.0,0.5293171
BBB,2013J,613418,P2,F1,0.0,0.45540413
BBB,2013J,613735,P2,F1,0.0,0.4236669
BBB,2013J,613738,P2,F1,0.0,0.39618054
BBB,2013J,614013,P2,F1,0.0,0.6414913
BBB,2013J,614064,P2,F1,0.0,0.638613
BBB,2013J,614068,P2,F1,1.0,0.49488398
BBB,2013J,614072,P2,F1,0.0,0.42979485
BBB,2013J,614148,P2,F1,1.0,0.5384234
BBB,2013J,614495,P2,F1,0.0,0.45525122
BBB,2013J,614546,P2,F1,0.0,0.4004706
BBB,2013J,614556,P2,F1,0.0,0.4586064
BBB,2013J,615127,P2,F1,0.0,0.46333858
BBB,2013J,615148,P2,F1,1.0,0.4924845
BBB,2013J,616342,P2,F1,0.0,0.39837396
BBB,2013J,616502,P2,F1,1.0,0.6414913
BBB,2013J,616735,P2,F1,0.0,0.46657696
BBB,2013J,617116,P2,F1,0.0,0.4729118
BBB,2013J,617472,P2,F1,0.0,0.48398018
BBB,2013J,619082,P2,F1,0.0,0.47658864
BBB,2013J,619941,P2,F1,0.0,0.42615604
BBB,2013J,1018682,P2,F1,1.0,0.6363064
BBB,2013J,1105438,P2,F1,0.0,0.4929322
BBB,2013J,1340766,P2,F1,0.0,0.4564203
BBB,2013J,1399285,P2,F1,0.0,0.4826446
BBB,2013J,1405594,P2,F1,0.0,0.4226389
BBB,2013J,1411627,P2,F1,0.0,0.45713183
BBB,2013J,1413989,P2,F1,1.0,0.6322405
BBB,2013J,1421720,P2,F1,0.0,0.4334156
BBB,2013J,1440341,P2,F1,0.0,0.45319104
BBB,2013J,1467014,P2,F1,0.0,0.45009878
BBB,2013J,1503056,P2,F1,0.0,0.5550699
BBB,2013J,1521687,P2,F1,1.0,0.47668493
BBB,2013J,1536774,P2,F1,0.0,0.44462013
BBB,2013J,1541133,P2,F1,1.0,0.4117097
BBB,2013J,1594621,P2,F1,0.0,0.47183174
BBB,2013J,1624707,P2,F1,0.0,0.4100251
BBB,2013J,1627017,P2,F1,0.0,0.5044331
BBB,2013J,1695710,P2,F1,0.0,0.4768032
BBB,2013J,1726951,P2,F1,0.0,0.45783147
BBB,2013J,1731564,P2,F1,0.0,0.43678993
BBB,2013J,1759851,P2,F1,1.0,0.54622793
BBB,2013J,1771053,P2,F1,1.0,0.638613
BBB,2013J,1778145,P2,F1,0.0,0.46582457
BBB,2013J,1781804,P2,F1,1.0,0.6414913
BBB,2013J,1797168,P2,F1,0.0,0.5715199
BBB,2013J,1866742,P2,F1,1.0,0.51779467
BBB,2013J,1886295,P2,F1,0.0,0.41462556
BBB,2013J,1889565,P2,F1,0.0,0.48475546
BBB,2013J,1903677,P2,F1,0.0,0.48483816
BBB,2013J,1910175,P2,F1,0.0,0.44510022
BBB,2013J,1935487,P2,F1,1.0,0.48467794
BBB,2013J,1939695,P2,F1,0.0,0.48899183
BBB,2013J,1941248,P2,F1,0.0,0.4309443
BBB,2013J,1946308,P2,F1,0.0,0.45874885
BBB,2013J,1963287,P2,F1,1.0,0.57438695
BBB,2013J,1990650,P2,F1,1.0,0.5209816
BBB,2013J,1993672,P2,F1,1.0,0.638613
BBB,2013J,1998790,P2,F1,1.0,0.48297033
BBB,2013J,2001687,P2,F1,0.0,0.4658984
BBB,2013J,2002046,P2,F1,0.0,0.46536985
BBB,2013J,2006283,P2,F1,0.0,0.51756275
BBB,2013J,2023561,P2,F1,1.0,0.50688905
BBB,2013J,2029037,P2,F1,0.0,0.45043096
BBB,2013J,2034300,P2,F1,0.0,0.5170642
BBB,2013J,2044036,P2,F1,1.0,0.638613
BBB,2013J,2056947,P2,F1,1.0,0.49299437
BBB,2013J,2061889,P2,F1,0.0,0.6414913
BBB,2013J,2062995,P2,F1,0.0,0.46720034
BBB,2013J,2072166,P2,F1,1.0,0.5230334
BBB,2013J,2078479,P2,F1,0.0,0.4012264
BBB,2013J,2078768,P2,F1,0.0,0.48023215
BBB,2013J,2083576,P2,F1,0.0,0.48638013
BBB,2013J,2095379,P2,F1,0.0,0.53163064
BBB,2013J,2111015,P2,F1,0.0,0.47648743
BBB,2013J,2111666,P2,F1,1.0,0.5348642
BBB,2013J,2115711,P2,F1,0.0,0.4785371
BBB,2013J,2128304,P2,F1,0.0,0.5187079
BBB,2013J,2132966,P2,F1,0.0,0.4859472
BBB,2013J,2140444,P2,F1,1.0,0.43267715
BBB,2013J,2147687,P2,F1,1.0,0.46234438
BBB,2013J,2147929,P2,F1,0.0,0.5002098
BBB,2013J,2153026,P2,F1,1.0,0.5049241
BBB,2013J,2160453,P2,F1,0.0,0.43941647
BBB,2013J,2164944,P2,F1,1.0,0.4813392
BBB,2013J,2174835,P2,F1,0.0,0.49911934
BBB,2013J,2187146,P2,F1,0.0,0.4203372
BBB,2013J,2192113,P2,F1,1.0,0.6319956
BBB,2013J,2196054,P2,F1,0.0,0.4807131
BBB,2013J,2210666,P2,F1,1.0,0.6414913
BBB,2013J,2211448,P2,F1,1.0,0.6405693
BBB,2013J,2211630,P2,F1,1.0,0.49939194
BBB,2013J,2214631,P2,F1,0.0,0.44509748
BBB,2013J,2225190,P2,F1,1.0,0.6414913
BBB,2013J,2226301,P2,F1,0.0,0.5164701
BBB,2013J,2227004,P2,F1,1.0,0.59648913
BBB,2013J,2229783,P2,F1,1.0,0.51922464
BBB,2013J,2239140,P2,F1,1.0,0.4686501
BBB,2013J,2242290,P2,F1,1.0,0.5036959
BBB,2013J,2262671,P2,F1,1.0,0.638613
BBB,2013J,2266650,P2,F1,1.0,0.5566748
BBB,2013J,2271644,P2,F1,0.0,0.47140816
BBB,2013J,2273256,P2,F1,1.0,0.44595832
BBB,2013J,2280314,P2,F1,0.0,0.41774884
BBB,2013J,2282129,P2,F1,1.0,0.5771181
BBB,2013J,2284583,P2,F1,0.0,0.44549006
BBB,2013J,2294490,P2,F1,1.0,0.48416707
BBB,2013J,2299338,P2,F1,0.0,0.43590963
BBB,2013J,2318763,P2,F1,1.0,0.62578475
BBB,2013J,2320306,P2,F1,0.0,0.40343034
BBB,2013J,2334319,P2,F1,0.0,0.42213008
BBB,2013J,2338586,P2,F1,0.0,0.50690985
BBB,2013J,2346025,P2,F1,1.0,0.59013677
BBB,2013J,2349825,P2,F1,1.0,0.520184
BBB,2013J,2356809,P2,F1,0.0,0.4167385
BBB,2013J,2363875,P2,F1,0.0,0.47607386
BBB,2013J,2382253,P2,F1,1.0,0.50035435
BBB,2013J,2390117,P2,F1,0.0,0.4184634
BBB,2013J,2392824,P2,F1,0.0,0.47450313
BBB,2013J,2396786,P2,F1,1.0,0.46951792
BBB,2013J,2400851,P2,F1,0.0,0.48559687
BBB,2013J,2411595,P2,F1,0.0,0.48939076
BBB,2013J,2415414,P2,F1,0.0,0.4446516
BBB,2013J,2416774,P2,F1,0.0,0.43525344
BBB,2013J,2420909,P2,F1,0.0,0.4523139
BBB,2013J,2421929,P2,F1,1.0,0.53441805
BBB,2013J,2425156,P2,F1,0.0,0.5090745
BBB,2013J,2444641,P2,F1,1.0,0.46949288
BBB,2013J,2451269,P2,F1,0.0,0.48757184
BBB,2013J,2452289,P2,F1,0.0,0.5326159
BBB,2013J,2453657,P2,F1,1.0,0.55349964
BBB,2013J,2455066,P2,F1,0.0,0.4950835
BBB,2013J,2455578,P2,F1,0.0,0.5262615
BBB,2013J,2459051,P2,F1,1.0,0.6405693
BBB,2013J,2460002,P2,F1,1.0,0.4934135
BBB,2013J,2463213,P2,F1,0.0,0.40404618
BBB,2013J,2463950,P2,F1,0.0,0.5189347
BBB,2013J,2464683,P2,F1,0.0,0.47183728
BBB,2013J,2465209,P2,F1,1.0,0.4155802
BBB,2013J,2468280,P2,F1,0.0,0.47715065
BBB,2013J,2468706,P2,F1,0.0,0.45951843
BBB,2013J,2473780,P2,F1,0.0,0.39709568
BBB,2013J,2509297,P2,F1,1.0,0.6363064
BBB,2013J,2510414,P2,F1,1.0,0.56455255
BBB,2013J,2512392,P2,F1,0.0,0.6414913
BBB,2013J,2514379,P2,F1,1.0,0.49127424
BBB,2013J,2528352,P2,F1,1.0,0.55051965
BBB,2013J,2529306,P2,F1,1.0,0.51369935
BBB,2013J,2532647,P2,F1,1.0,0.54239005
BBB,2013J,2539817,P2,F1,1.0,0.6414913
BBB,2013J,2539858,P2,F1,0.0,0.4315051
BBB,2013J,2540724,P2,F1,0.0,0.44202736
BBB,2013J,2544448,P2,F1,1.0,0.51496905
BBB,2013J,2545488,P2,F1,1.0,0.5284109
BBB,2013J,2550290,P2,F1,1.0,0.53049916
BBB,2013J,2553890,P2,F1,0.0,0.4981032
BBB,2013J,2557885,P2,F1,1.0,0.4390462
BBB,2013J,2564744,P2,F1,0.0,0.4937074
BBB,2013J,2567158,P2,F1,0.0,0.49755558
BBB,2013J,2573353,P2,F1,1.0,0.55614454
BBB,2013J,2575994,P2,F1,1.0,0.4886958
BBB,2013J,2578802,P2,F1,0.0,0.5009513
BBB,2013J,2579673,P2,F1,1.0,0.5285921
BBB,2013J,2583791,P2,F1,1.0,0.5629991
BBB,2013J,2584834,P2,F1,0.0,0.5265723
BBB,2013J,2585937,P2,F1,0.0,0.5053576
BBB,2013J,2587329,P2,F1,0.0,0.4447503
BBB,2013J,2588742,P2,F1,0.0,0.4892782
BBB,2013J,2591421,P2,F1,0.0,0.6414913
BBB,2013J,2607641,P2,F1,0.0,0.46808732
BBB,2013J,2617839,P2,F1,0.0,0.46649435
BBB,2013J,2619107,P2,F1,0.0,0.45592943
BBB,2013J,2620279,P2,F1,1.0,0.52029335
BBB,2013J,2625315,P2,F1,1.0,0.48988312
BBB,2013J,2631545,P2,F1,1.0,0.6345581
BBB,2013J,2638377,P2,F1,0.0,0.4172077
BBB,2013J,2638818,P2,F1,0.0,0.48121378
BBB,2013J,2642717,P2,F1,0.0,0.43143207
BBB,2013J,2650236,P2,F1,1.0,0.5176653
BBB,2013J,2656860,P2,F1,1.0,0.51940346
BBB,2013J,2657960,P2,F1,1.0,0.6414913
BBB,2013J,2662716,P2,F1,1.0,0.5129903
BBB,2013J,2664036,P2,F1,1.0,0.56857127
BBB,2013J,2680344,P2,F1,0.0,0.40030846
BBB,2013J,2680885,P2,F1,0.0,0.5076064
BBB,2013J,2691100,P2,F1,0.0,0.5169018
BBB,2013J,2691566,P2,F1,1.0,0.57706785
DDD,2013J,8462,P2,F1,1.0,0.6117532
DDD,2013J,27417,P2,F1,1.0,0.638613
DDD,2013J,27935,P2,F1,1.0,0.51539105
DDD,2013J,28046,P2,F1,1.0,0.5652006
DDD,2013J,29411,P2,F1,0.0,0.4877755
DDD,2013J,30549,P2,F1,1.0,0.6140872
DDD,2013J,31173,P2,F1,1.0,0.44449636
DDD,2013J,33387,P2,F1,1.0,0.52839696
DDD,2013J,33681,P2,F1,1.0,0.52025986
DDD,2013J,33897,P2,F1,1.0,0.5853414
DDD,2013J,33930,P2,F1,0.0,0.4204444
DDD,2013J,34087,P2,F1,1.0,0.638613
DDD,2013J,34653,P2,F1,1.0,0.6374504
DDD,2013J,35859,P2,F1,1.0,0.6414913
DDD,2013J,39411,P2,F1,1.0,0.52614224
DDD,2013J,39427,P2,F1,1.0,0.5252359
DDD,2013J,40184,P2,F1,0.0,0.3905689
DDD,2013J,40419,P2,F1,0.0,0.53479797
DDD,2013J,40563,P2,F1,0.0,0.39504516
DDD,2013J,42818,P2,F1,1.0,0.61038977
DDD,2013J,47063,P2,F1,1.0,0.6363064
DDD,2013J,48152,P2,F1,0.0,0.54906416
DDD,2013J,50610,P2,F1,1.0,0.6414913
DDD,2013J,51163,P2,F1,0.0,0.45897213
DDD,2013J,57227,P2,F1,0.0,0.47651327
DDD,2013J,57818,P2,F1,0.0,0.40715647
DDD,2013J,59275,P2,F1,1.0,0.5657903
DDD,2013J,59370,P2,F1,0.0,0.43733704
DDD,2013J,63566,P2,F1,1.0,0.4738954
DDD,2013J,63856,P2,F1,0.0,0.50038767
DDD,2013J,66047,P2,F1,1.0,0.5860294
DDD,2013J,66577,P2,F1,1.0,0.6339673
DDD,2013J,67471,P2,F1,0.0,0.53010535
DDD,2013J,67505,P2,F1,1.0,0.54117125
DDD,2013J,68011,P2,F1,1.0,0.47783068
DDD,2013J,68376,P2,F1,0.0,0.4607925
DDD,2013J,69489,P2,F1,1.0,0.63006634
DDD,2013J,71209,P2,F1,0.0,0.5136878
DDD,2013J,74502,P2,F1,0.0,0.48144484
DDD,2013J,77241,P2,F1,1.0,0.56025267
DDD,2013J,78170,P2,F1,1.0,0.41896003
DDD,2013J,80329,P2,F1,1.0,0.49978408
DDD,2013J,80868,P2,F1,0.0,0.5523906
DDD,2013J,82088,P2,F1,1.0,0.39797598
DDD,2013J,83588,P2,F1,1.0,0.6363064
DDD,2013J,84605,P2,F1,1.0,0.48449537
DDD,2013J,85325,P2,F1,1.0,0.6414913
DDD,2013J,89188,P2,F1,0.0,0.46936616
DDD,2013J,89727,P2,F1,1.0,0.5700777
DDD,2013J,90979,P2,F1,1.0,0.5544899
DDD,2013J,91354,P2,F1,1.0,0.6414913
DDD,2013J,92312,P2,F1,1.0,0.6414913
DDD,2013J,92391,P2,F1,1.0,0.6239778
DDD,2013J,102850,P2,F1,0.0,0.48421028
DDD,2013J,103800,P2,F1,0.0,0.5107955
DDD,2013J,104643,P2,F1,0.0,0.44024223
DDD,2013J,104772,P2,F1,1.0,0.5053078
DDD,2013J,105523,P2,F1,0.0,0.4792573
DDD,2013J,108789,P2,F1,1.0,0.6261325
DDD,2013J,111360,P2,F1,1.0,0.53401697
DDD,2013J,111548,P2,F1,1.0,0.57913405
DDD,2013J,111926,P2,F1,1.0,0.62558585
DDD,2013J,114558,P2,F1,0.0,0.42081928
DDD,2013J,118887,P2,F1,1.0,0.6414913
DDD,2013J,120999,P2,F1,0.0,0.58201927
DDD,2013J,122739,P2,F1,1.0,0.5346945
DDD,2013J,123497,P2,F1,1.0,0.44848073
DDD,2013J,123598,P2,F1,0.0,0.6414913
DDD,2013J,123957,P2,F1,1.0,0.5747447
DDD,2013J,124006,P2,F1,0.0,0.52872384
DDD,2013J,124387,P2,F1,1.0,0.6363064
DDD,2013J,126394,P2,F1,0.0,0.525912
DDD,2013J,126812,P2,F1,0.0,0.5216874
DDD,2013J,127988,P2,F1,0.0,0.5135937
DDD,2013J,128656,P2,F1,0.0,0.50676364
DDD,2013J,128965,P2,F1,0.0,0.52816886
DDD,2013J,130467,P2,F1,0.0,0.407742
DDD,2013J,130671,P2,F1,0.0,0.5299564
DDD,2013J,130837,P2,F1,1.0,0.6405693
DDD,2013J,131222,P2,F1,0.0,0.44510508
DDD,2013J,132401,P2,F1,1.0,0.4621378
DDD,2013J,135385,P2,F1,0.0,0.6278076
DDD,2013J,138715,P2,F1,1.0,0.5409314
DDD,2013J,139843,P2,F1,1.0,0.6002585
DDD,2013J,140807,P2,F1,0.0,0.4336865
DDD,2013J,141301,P2,F1,1.0,0.47406742
DDD,2013J,144895,P2,F1,0.0,0.46872205
DDD,2013J,146485,P2,F1,1.0,0.4370773
DDD,2013J,146666,P2,F1,1.0,0.56573284
DDD,2013J,148008,P2,F1,1.0,0.52395374
DDD,2013J,148515,P2,F1,1.0,0.6414913
DDD,2013J,156783,P2,F1,0.0,0.4322897
DDD,2013J,157310,P2,F1,0.0,0.50532097
DDD,2013J,158611,P2,F1,0.0,0.5712258
DDD,2013J,162337,P2,F1,1.0,0.5080932
DDD,2013J,164935,P2,F1,0.0,0.5295122
DDD,2013J,165178,P2,F1,1.0,0.5323379
DDD,2013J,169079,P2,F1,0.0,0.41397643
DDD,2013J,169700,P2,F1,1.0,0.6414913
DDD,2013J,173004,P2,F1,1.0,0.6363064
DDD,2013J,173370,P2,F1,0.0,0.52414423
DDD,2013J,177354,P2,F1,0.0,0.520362
DDD,2013J,178020,P2,F1,0.0,0.5239385
DDD,2013J,179718,P2,F1,1.0,0.4776746
DDD,2013J,179904,P2,F1,1.0,0.484785
DDD,2013J,180651,P2,F1,0.0,0.48303974
DDD,2013J,184025,P2,F1,1.0,0.6317161
DDD,2013J,185024,P2,F1,1.0,0.6226161
DDD,2013J,185127,P2,F1,0.0,0.4855366
DDD,2013J,188875,P2,F1,1.0,0.58275485
DDD,2013J,189624,P2,F1,0.0,0.43437338
DDD,2013J,191445,P2,F1,1.0,0.46506903
DDD,2013J,202489,P2,F1,1.0,0.5669615
DDD,2013J,203066,P2,F1,0.0,0.4432493
DDD,2013J,204182,P2,F1,0.0,0.47078282
DDD,2013J,204505,P2,F1,0.0,0.48986894
DDD,2013J,205417,P2,F1,1.0,0.619434
DDD,2013J,205442,P2,F1,0.0,0.42827478
DDD,2013J,227020,P2,F1,1.0,0.4417703
DDD,2013J,228695,P2,F1,1.0,0.51080185
DDD,2013J,228888,P2,F1,0.0,0.4311149
DDD,2013J,230510,P2,F1,1.0,0.6201642
DDD,2013J,231572,P2,F1,0.0,0.5173368
DDD,2013J,232078,P2,F1,1.0,0.60525215
DDD,2013J,234406,P2,F1,0.0,0.49213907
DDD,2013J,234827,P2,F1,1.0,0.6405693
DDD,2013J,235777,P2,F1,1.0,0.5859051
DDD,2013J,236857,P2,F1,0.0,0.5614196
DDD,2013J,236953,P2,F1,0.0,0.41267744
DDD,2013J,237506,P2,F1,1.0,0.6414913
DDD,2013J,237602,P2,F1,0.0,0.45278546
DDD,2013J,237808,P2,F1,1.0,0.5792529
DDD,2013J,238800,P2,F1,1.0,0.5176478
DDD,2013J,238983,P2,F1,0.0,0.45646077
DDD,2013J,240641,P2,F1,0.0,0.5005341
DDD,2013J,242472,P2,F1,1.0,0.4570252
DDD,2013J,243372,P2,F1,0.0,0.43608797
DDD,2013J,244738,P2,F1,0.0,0.41128975
DDD,2013J,245653,P2,F1,1.0,0.49787155
DDD,2013J,245946,P2,F1,0.0,0.6345802
DDD,2013J,248252,P2,F1,1.0,0.6097744
DDD,2013J,248695,P2,F1,1.0,0.47504282
DDD,2013J,248961,P2,F1,0.0,0.43092906
DDD,2013J,249704,P2,F1,1.0,0.627036
DDD,2013J,250163,P2,F1,0.0,0.40089402
DDD,2013J,250644,P2,F1,1.0,0.4751638
DDD,2013J,253579,P2,F1,1.0,0.5641033
DDD,2013J,255622,P2,F1,1.0,0.6363064
DDD,2013J,257167,P2,F1,0.0,0.42012015
DDD,2013J,258010,P2,F1,0.0,0.6405693
DDD,2013J,258042,P2,F1,0.0,0.4014792
DDD,2013J,259060,P2,F1,0.0,0.52626896
DDD,2013J,259641,P2,F1,0.0,0.40987313
DDD,2013J,259951,P2,F1,0.0,0.6035721
DDD,2013J,261495,P2,F1,1.0,0.5222088
DDD,2013J,263524,P2,F1,1.0,0.6414913
DDD,2013J,266286,P2,F1,0.0,0.5408163
DDD,2013J,266558,P2,F1,0.0,0.6414913
DDD,2013J,267871,P2,F1,0.0,0.6374504
DDD,2013J,268817,P2,F1,1.0,0.4816756
DDD,2013J,269065,P2,F1,1.0,0.6230483
DDD,2013J,270393,P2,F1,0.0,0.43830624
DDD,2013J,270493,P2,F1,1.0,0.6400902
DDD,2013J,271206,P2,F1,1.0,0.4929147
DDD,2013J,271526,P2,F1,0.0,0.5806074
DDD,2013J,273106,P2,F1,1.0,0.6414913
DDD,2013J,274712,P2,F1,1.0,0.6322405
DDD,2013J,274964,P2,F1,1.0,0.4731548
DDD,2013J,275232,P2,F1,0.0,0.49673745
DDD,2013J,276857,P2,F1,0.0,0.45269194
DDD,2013J,277412,P2,F1,1.0,0.5590383
DDD,2013J,277596,P2,F1,0.0,0.6317161
DDD,2013J,277729,P2,F1,1.0,0.49390134
DDD,2013J,279868,P2,F1,0.0,0.518257
DDD,2013J,280541,P2,F1,1.0,0.5186437
DDD,2013J,282317,P2,F1,0.0,0.39562532
DDD,2013J,283535,P2,F1,1.0,0.5972688
DDD,2013J,284540,P2,F1,1.0,0.6338078
DDD,2013J,285085,P2,F1,1.0,0.6133778
DDD,2013J,285557,P2,F1,0.0,0.49196285
DDD,2013J,286449,P2,F1,1.0,0.5853004
DDD,2013J,286842,P2,F1,0.0,0.45137274
DDD,2013J,287783,P2,F1,0.0,0.42075706
DDD,2013J,289009,P2,F1,0.0,0.5209463
DDD,2013J,290371,P2,F1,1.0,0.5959896
DDD,2013J,292694,P2,F1,1.0,0.44693014
DDD,2013J,293853,P2,F1,0.0,0.49386162
DDD,2013J,294364,P2,F1,1.0,0.4401878
DDD,2013J,296849,P2,F1,1.0,0.6414913
DDD,2013J,298402,P2,F1,0.0,0.4041679
DDD,2013J,298911,P2,F1,1.0,0.638613
DDD,2013J,299473,P2,F1,1.0,0.58251536
DDD,2013J,303582,P2,F1,0.0,0.6404622
DDD,2013J,305702,P2,F1,1.0,0.5889063
DDD,2013J,307932,P2,F1,1.0,0.6229849
DDD,2013J,308231,P2,F1,1.0,0.58303666
DDD,2013J,308707,P2,F1,1.0,0.52150565
DDD,2013J,311117,P2,F1,1.0,0.6321842
DDD,2013J,311474,P2,F1,1.0,0.638613
DDD,2013J,311877,P2,F1,1.0,0.574244
DDD,2013J,314956,P2,F1,0.0,0.40678737
DDD,2013J,315388,P2,F1,1.0,0.54909855
DDD,2013J,315625,P2,F1,0.0,0.4931309
DDD,2013J,315730,P2,F1,0.0,0.495614
DDD,2013J,315909,P2,F1,1.0,0.5233071
DDD,2013J,317096,P2,F1,0.0,0.50624204
DDD,2013J,318794,P2,F1,0.0,0.5072893
DDD,2013J,318977,P2,F1,1.0,0.5680135
DDD,2013J,320963,P2,F1,0.0,0.62292796
DDD,2013J,325497,P2,F1,1.0,0.6007472
DDD,2013J,328173,P2,F1,1.0,0.5278832
DDD,2013J,331315,P2,F1,0.0,0.4490082
DDD,2013J,331404,P2,F1,0.0,0.5047675
DDD,2013J,332309,P2,F1,0.0,0.41995695
DDD,2013J,332436,P2,F1,0.0,0.43399286
DDD,2013J,332726,P2,F1,1.0,0.46918115
DDD,2013J,333155,P2,F1,1.0,0.6414913
DDD,2013J,334255,P2,F1,0.0,0.56543964
DDD,2013J,334257,P2,F1,0.0,0.45151156
DDD,2013J,335018,P2,F1,1.0,0.6414913
DDD,2013J,335405,P2,F1,0.0,0.41931954
DDD,2013J,336037,P2,F1,0.0,0.41205373
DDD,2013J,338034,P2,F1,1.0,0.40783706
DDD,2013J,339739,P2,F1,1.0,0.49966583
DDD,2013J,339924,P2,F1,1.0,0.6270105
DDD,2013J,341854,P2,F1,1.0,0.4768073
DDD,2013J,341855,P2,F1,1.0,0.6175813
DDD,2013J,342100,P2,F1,0.0,0.43942282
DDD,2013J,342387,P2,F1,1.0,0.5159388
DDD,2013J,342483,P2,F1,1.0,0.44177243
DDD,2013J,342697,P2,F1,1.0,0.6414913
DDD,2013J,342949,P2,F1,1.0,0.49132788
DDD,2013J,343238,P2,F1,0.0,0.5041146
DDD,2013J,343781,P2,F1,0.0,0.40479863
DDD,2013J,343911,P2,F1,1.0,0.48794195
DDD,2013J,344474,P2,F1,1.0,0.4886018
DDD,2013J,346333,P2,F1,0.0,0.5060581
DDD,2013J,348050,P2,F1,0.0,0.4705725
DDD,2013J,348547,P2,F1,1.0,0.43675727
DDD,2013J,349182,P2,F1,1.0,0.63810945
DDD,2013J,349710,P2,F1,1.0,0.5284266
DDD,2013J,350164,P2,F1,1.0,0.6376878
DDD,2013J,350644,P2,F1,1.0,0.4943448
DDD,2013J,350929,P2,F1,0.0,0.40741995
DDD,2013J,350949,P2,F1,1.0,0.4825744
DDD,2013J,352051,P2,F1,0.0,0.6414913
DDD,2013J,352771,P2,F1,0.0,0.42057943
DDD,2013J,355510,P2,F1,0.0,0.42049664
DDD,2013J,356274,P2,F1,1.0,0.6405693
DDD,2013J,358504,P2,F1,0.0,0.49781105
DDD,2013J,359855,P2,F1,1.0,0.43682575
DDD,2013J,359943,P2,F1,0.0,0.6414913
DDD,2013J,361243,P2,F1,0.0,0.59064347
DDD,2013J,361282,P2,F1,1.0,0.6414913
DDD,2013J,361889,P2,F1,1.0,0.43786696
DDD,2013J,362647,P2,F1,1.0,0.5075274
DDD,2013J,363990,P2,F1,1.0,0.6097702
DDD,2013J,364239,P2,F1,0.0,0.44011584
DDD,2013J,364547,P2,F1,0.0,0.53184533
DDD,2013J,364770,P2,F1,0.0,0.45662796
DDD,2013J,365239,P2,F1,1.0,0.6268314
DDD,2013J,365893,P2,F1,1.0,0.5447399
DDD,2013J,365939,P2,F1,1.0,0.6331454
DDD,2013J,366267,P2,F1,1.0,0.6414913
DDD,2013J,366449,P2,F1,0.0,0.49698055
DDD,2013J,366987,P2,F1,0.0,0.49026036
DDD,2013J,368106,P2,F1,1.0,0.5703414
DDD,2013J,368436,P2,F1,0.0,0.45587432
DDD,2013J,369319,P2,F1,0.0,0.5251883
DDD,2013J,370294,P2,F1,1.0,0.62864643
DDD,2013J,370336,P2,F1,1.0,0.6414913
DDD,2013J,370367,P2,F1,1.0,0.6291355
DDD,2013J,373237,P2,F1,1.0,0.571958
DDD,2013J,373280,P2,F1,1.0,0.53282034
DDD,2013J,374636,P2,F1,0.0,0.4488727
DDD,2013J,378825,P2,F1,0.0,0.48085997
DDD,2013J,379023,P2,F1,1.0,0.48173535
DDD,2013J,379124,P2,F1,0.0,0.48138967
DDD,2013J,380138,P2,F1,1.0,0.61505336
DDD,2013J,380239,P2,F1,0.0,0.401813
DDD,2013J,380253,P2,F1,0.0,0.4825452
DDD,2013J,380429,P2,F1,0.0,0.6310425
DDD,2013J,380662,P2,F1,0.0,0.541436
DDD,2013J,381539,P2,F1,1.0,0.6414913
DDD,2013J,382378,P2,F1,0.0,0.50395125
DDD,2013J,382742,P2,F1,1.0,0.57347125
DDD,2013J,382879,P2,F1,1.0,0.63537866
DDD,2013J,383694,P2,F1,0.0,0.49633527
DDD,2013J,383785,P2,F1,1.0,0.63473725
DDD,2013J,383978,P2,F1,0.0,0.6405693
DDD,2013J,384153,P2,F1,1.0,0.49168897
DDD,2013J,384999,P2,F1,1.0,0.41150692
DDD,2013J,385218,P2,F1,1.0,0.48577884
DDD,2013J,385495,P2,F1,1.0,0.4133684
DDD,2013J,385937,P2,F1,0.0,0.44953373
DDD,2013J,387359,P2,F1,1.0,0.43747875
DDD,2013J,388947,P2,F1,0.0,0.4235572
DDD,2013J,389025,P2,F1,1.0,0.47413602
DDD,2013J,389362,P2,F1,1.0,0.49913543
DDD,2013J,389639,P2,F1,0.0,0.4360123
DDD,2013J,390029,P2,F1,0.0,0.44222587
DDD,2013J,390556,P2,F1,1.0,0.49125525
DDD,2013J,390690,P2,F1,0.0,0.4420679
DDD,2013J,391537,P2,F1,0.0,0.6199278
DDD,2013J,391578,P2,F1,1.0,0.50712943
DDD,2013J,391638,P2,F1,1.0,0.6414913
DDD,2013J,392626,P2,F1,1.0,0.5206975
DDD,2013J,392664,P2,F1,0.0,0.43812978
DDD,2013J,392713,P2,F1,1.0,0.6414913
DDD,2013J,392890,P2,F1,0.0,0.45065576
DDD,2013J,394076,P2,F1,1.0,0.6345581
DDD,2013J,394384,P2,F1,1.0,0.5732189
DDD,2013J,394951,P2,F1,1.0,0.51541215
DDD,2013J,396028,P2,F1,1.0,0.6414913
DDD,2013J,396210,P2,F1,0.0,0.53632444
DDD,2013J,396292,P2,F1,0.0,0.40979528
DDD,2013J,396668,P2,F1,0.0,0.44506815
DDD,2013J,398529,P2,F1,1.0,0.6414913
DDD,2013J,399203,P2,F1,1.0,0.61701685
DDD,2013J,399453,P2,F1,0.0,0.4985012
DDD,2013J,399794,P2,F1,1.0,0.5068361
DDD,2013J,399843,P2,F1,1.0,0.57284474
DDD,2013J,399935,P2,F1,1.0,0.50962037
DDD,2013J,400942,P2,F1,1.0,0.5829853
DDD,2013J,401947,P2,F1,1.0,0.52981997
DDD,2013J,402210,P2,F1,0.0,0.50244737
DDD,2013J,402433,P2,F1,1.0,0.5088902
DDD,2013J,405336,P2,F1,1.0,0.6374504
DDD,2013J,405784,P2,F1,1.0,0.48395044
DDD,2013J,406224,P2,F1,0.0,0.5820571
DDD,2013J,406498,P2,F1,0.0,0.6414913
DDD,2013J,407374,P2,F1,0.0,0.44572362
DDD,2013J,408061,P2,F1,1.0,0.54102635
DDD,2013J,408239,P2,F1,0.0,0.45657888
DDD,2013J,408817,P2,F1,1.0,0.6414913
DDD,2013J,409056,P2,F1,1.0,0.63341016
DDD,2013J,409105,P2,F1,1.0,0.6414913
DDD,2013J,409794,P2,F1,1.0,0.6414913
DDD,2013J,409880,P2,F1,0.0,0.4441093
DDD,2013J,409953,P2,F1,0.0,0.5527158
DDD,2013J,410084,P2,F1,1.0,0.6414913
DDD,2013J,410767,P2,F1,1.0,0.4294675
DDD,2013J,411707,P2,F1,0.0,0.42964274
DDD,2013J,412175,P2,F1,1.0,0.4787649
DDD,2013J,412618,P2,F1,0.0,0.4550795
DDD,2013J,414247,P2,F1,1.0,0.42487973
DDD,2013J,415151,P2,F1,1.0,0.63179743
DDD,2013J,415187,P2,F1,1.0,0.6374504
DDD,2013J,416243,P2,F1,0.0,0.5682801
DDD,2013J,416500,P2,F1,1.0,0.50653327
DDD,2013J,418159,P2,F1,1.0,0.5275742
DDD,2013J,418397,P2,F1,0.0,0.40147093
DDD,2013J,419192,P2,F1,0.0,0.51555145
DDD,2013J,419517,P2,F1,0.0,0.46008196
DDD,2013J,420650,P2,F1,1.0,0.6376289
DDD,2013J,421301,P2,F1,1.0,0.5795865
DDD,2013J,422276,P2,F1,0.0,0.51251394
DDD,2013J,422534,P2,F1,1.0,0.5359705
DDD,2013J,423147,P2,F1,0.0,0.53256494
DDD,2013J,423876,P2,F1,1.0,0.63341016
DDD,2013J,425543,P2,F1,1.0,0.62355715
DDD,2013J,426059,P2,F1,0.0,0.48301566
DDD,2013J,426887,P2,F1,0.0,0.41423622
DDD,2013J,427248,P2,F1,1.0,0.60590947
DDD,2013J,427344,P2,F1,1.0,0.616852
DDD,2013J,428321,P2,F1,1.0,0.6391461
DDD,2013J,429212,P2,F1,0.0,0.49488539
DDD,2013J,429854,P2,F1,0.0,0.5145968
DDD,2013J,430356,P2,F1,0.0,0.5249758
DDD,2013J,431005,P2,F1,0.0,0.63903415
DDD,2013J,432624,P2,F1,1.0,0.638613
DDD,2013J,432862,P2,F1,1.0,0.48372912
DDD,2013J,432968,P2,F1,1.0,0.58863795
DDD,2013J,433508,P2,F1,0.0,0.5308439
DDD,2013J,433748,P2,F1,0.0,0.44465232
DDD,2013J,434159,P2,F1,1.0,0.5202984
DDD,2013J,435587,P2,F1,0.0,0.53515583
DDD,2013J,437923,P2,F1,0.0,0.58741754
DDD,2013J,438290,P2,F1,1.0,0.5248973
DDD,2013J,438751,P2,F1,0.0,0.40843898
DDD,2013J,439568,P2,F1,0.0,0.39708328
DDD,2013J,439713,P2,F1,1.0,0.47223282
DDD,2013J,439855,P2,F1,0.0,0.46252322
DDD,2013J,440003,P2,F1,0.0,0.5870806
DDD,2013J,441342,P2,F1,0.0,0.4364522
DDD,2013J,441444,P2,F1,0.0,0.511252
DDD,2013J,441885,P2,F1,1.0,0.638613
DDD,2013J,441892,P2,F1,1.0,0.5082538
DDD,2013J,442547,P2,F1,1.0,0.6366539
DDD,2013J,442589,P2,F1,0.0,0.49583337
DDD,2013J,442590,P2,F1,1.0,0.4102674
DDD,2013J,442878,P2,F1,1.0,0.4206944
DDD,2013J,442924,P2,F1,0.0,0.42378744
DDD,2013J,443400,P2,F1,1.0,0.6414913
DDD,2013J,443438,P2,F1,1.0,0.63498133
DDD,2013J,443540,P2,F1,1.0,0.61434495
DDD,2013J,443731,P2,F1,0.0,0.4596149
DDD,2013J,444063,P2,F1,1.0,0.6414913
DDD,2013J,444317,P2,F1,0.0,0.5228523
DDD,2013J,444375,P2,F1,0.0,0.39672977
DDD,2013J,444541,P2,F1,1.0,0.61626095
DDD,2013J,444847,P2,F1,1.0,0.6361473
DDD,2013J,444909,P2,F1,1.0,0.63720703
DDD,2013J,445109,P2,F1,1.0,0.42622945
DDD,2013J,445386,P2,F1,0.0,0.5010012
DDD,2013J,445749,P2,F1,1.0,0.49435925
DDD,2013J,445785,P2,F1,1.0,0.49927518
DDD,2013J,445917,P2,F1,0.0,0.43626457
DDD,2013J,445930,P2,F1,0.0,0.5484599
DDD,2013J,446246,P2,F1,0.0,0.3996889
DDD,2013J,446279,P2,F1,0.0,0.4140909
DDD,2013J,446448,P2,F1,1.0,0.4816085
DDD,2013J,447059,P2,F1,0.0,0.41536108
DDD,2013J,464924,P2,F1,0.0,0.3954395
DDD,2013J,465441,P2,F1,0.0,0.41747287
DDD,2013J,465629,P2,F1,1.0,0.4642637
DDD,2013J,466539,P2,F1,0.0,0.41365692
DDD,2013J,466880,P2,F1,0.0,0.42244604
DDD,2013J,467776,P2,F1,1.0,0.5954744
DDD,2013J,468657,P2,F1,1.0,0.638613
DDD,2013J,468927,P2,F1,0.0,0.44351888
DDD,2013J,469389,P2,F1,1.0,0.58298326
DDD,2013J,469465,P2,F1,0.0,0.6414913
DDD,2013J,469553,P2,F1,0.0,0.48876664
DDD,2013J,470403,P2,F1,1.0,0.56000435
DDD,2013J,471373,P2,F1,0.0,0.39508837
DDD,2013J,472000,P2,F1,0.0,0.5148309
DDD,2013J,472060,P2,F1,1.0,0.52807397
DDD,2013J,473104,P2,F1,0.0,0.5083278
DDD,2013J,473340,P2,F1,1.0,0.5224751
DDD,2013J,473378,P2,F1,1.0,0.42161614
DDD,2013J,473509,P2,F1,1.0,0.6405693
DDD,2013J,473640,P2,F1,1.0,0.61054754
DDD,2013J,474246,P2,F1,1.0,0.4600655
DDD,2013J,474385,P2,F1,1.0,0.6345581
DDD,2013J,474495,P2,F1,0.0,0.46691272
DDD,2013J,474508,P2,F1,1.0,0.5385687
DDD,2013J,474902,P2,F1,1.0,0.4562447
DDD,2013J,476144,P2,F1,0.0,0.44058847
DDD,2013J,476170,P2,F1,1.0,0.50308955
DDD,2013J,476355,P2,F1,1.0,0.5868531
DDD,2013J,476822,P2,F1,1.0,0.6405693
DDD,2013J,477120,P2,F1,0.0,0.4471285
DDD,2013J,477128,P2,F1,0.0,0.40420786
DDD,2013J,477161,P2,F1,1.0,0.44828105
DDD,2013J,477348,P2,F1,0.0,0.40705913
DDD,2013J,477412,P2,F1,0.0,0.6363064
DDD,2013J,478238,P2,F1,0.0,0.6414913
DDD,2013J,478244,P2,F1,0.0,0.51466566
DDD,2013J,478289,P2,F1,1.0,0.4726793
DDD,2013J,479141,P2,F1,0.0,0.5232482
DDD,2013J,479457,P2,F1,0.0,0.47901213
DDD,2013J,479848,P2,F1,0.0,0.5021042
DDD,2013J,479977,P2,F1,0.0,0.40482178
DDD,2013J,480716,P2,F1,0.0,0.46527544
DDD,2013J,480938,P2,F1,0.0,0.50730956
DDD,2013J,481538,P2,F1,0.0,0.44615385
DDD,2013J,481667,P2,F1,0.0,0.46853808
DDD,2013J,481863,P2,F1,1.0,0.45545596
DDD,2013J,482083,P2,F1,0.0,0.53639865
DDD,2013J,482173,P2,F1,1.0,0.41895187
DDD,2013J,482635,P2,F1,1.0,0.6374504
DDD,2013J,482868,P2,F1,0.0,0.50756603
DDD,2013J,483362,P2,F1,1.0,0.5060129
DDD,2013J,483934,P2,F1,1.0,0.52106446
DDD,2013J,484355,P2,F1,1.0,0.60966134
DDD,2013J,484423,P2,F1,0.0,0.42331377
DDD,2013J,484436,P2,F1,0.0,0.5514963
DDD,2013J,484999,P2,F1,1.0,0.5745811
DDD,2013J,485195,P2,F1,1.0,0.44496915
DDD,2013J,485506,P2,F1,0.0,0.5566293
DDD,2013J,485519,P2,F1,0.0,0.4787693
DDD,2013J,485594,P2,F1,1.0,0.4822064
DDD,2013J,485734,P2,F1,1.0,0.49321026
DDD,2013J,485791,P2,F1,0.0,0.42400554
DDD,2013J,486533,P2,F1,0.0,0.6226161
DDD,2013J,486877,P2,F1,0.0,0.42438552
DDD,2013J,486890,P2,F1,0.0,0.49208337
DDD,2013J,487293,P2,F1,0.0,0.5759884
DDD,2013J,487556,P2,F1,1.0,0.5116997
DDD,2013J,488198,P2,F1,1.0,0.6414913
DDD,2013J,488550,P2,F1,1.0,0.6324793
DDD,2013J,488575,P2,F1,1.0,0.50649893
DDD,2013J,488680,P2,F1,0.0,0.6345581
DDD,2013J,489084,P2,F1,1.0,0.5102145
DDD,2013J,489209,P2,F1,0.0,0.47994196
DDD,2013J,489410,P2,F1,0.0,0.4650127
DDD,2013J,489990,P2,F1,1.0,0.55549306
DDD,2013J,490164,P2,F1,1.0,0.6414913
DDD,2013J,490297,P2,F1,1.0,0.5432316
DDD,2013J,490530,P2,F1,1.0,0.5616416
DDD,2013J,490738,P2,F1,1.0,0.61626095
DDD,2013J,491081,P2,F1,1.0,0.41049346
DDD,2013J,491110,P2,F1,1.0,0.3950563
DDD,2013J,491874,P2,F1,1.0,0.42237213
DDD,2013J,491875,P2,F1,1.0,0.5523914
DDD,2013J,491926,P2,F1,0.0,0.40902942
DDD,2013J,492552,P2,F1,1.0,0.6329736
DDD,2013J,492635,P2,F1,0.0,0.43592578
DDD,2013J,492740,P2,F1,0.0,0.41004038
DDD,2013J,493207,P2,F1,1.0,0.5219908
DDD,2013J,493404,P2,F1,0.0,0.4388074
DDD,2013J,493725,P2,F1,1.0,0.47550693
DDD,2013J,493876,P2,F1,1.0,0.63524467
DDD,2013J,493879,P2,F1,1.0,0.6376878
DDD,2013J,494389,P2,F1,1.0,0.48879284
DDD,2013J,494667,P2,F1,0.0,0.4783534
DDD,2013J,494722,P2,F1,1.0,0.5212171
DDD,2013J,494728,P2,F1,1.0,0.59291947
DDD,2013J,496154,P2,F1,1.0,0.6414913
DDD,2013J,496185,P2,F1,1.0,0.5938964
DDD,2013J,496315,P2,F1,1.0,0.6414913
DDD,2013J,497229,P2,F1,1.0,0.5379719
DDD,2013J,497475,P2,F1,1.0,0.5536655
DDD,2013J,497590,P2,F1,0.0,0.48491013
DDD,2013J,497809,P2,F1,1.0,0.6331454
DDD,2013J,497994,P2,F1,0.0,0.6414913
DDD,2013J,498793,P2,F1,1.0,0.6027406
DDD,2013J,498821,P2,F1,0.0,0.40281585
DDD,2013J,499392,P2,F1,1.0,0.5989553
DDD,2013J,499469,P2,F1,1.0,0.4892549
DDD,2013J,500283,P2,F1,0.0,0.5104007
DDD,2013J,500339,P2,F1,1.0,0.627036
DDD,2013J,500521,P2,F1,1.0,0.6414913
DDD,2013J,500581,P2,F1,0.0,0.6202405
DDD,2013J,500707,P2,F1,1.0,0.62547386
DDD,2013J,500785,P2,F1,1.0,0.6414913
DDD,2013J,501203,P2,F1,1.0,0.4968622
DDD,2013J,501488,P2,F1,1.0,0.6414913
DDD,2013J,501723,P2,F1,1.0,0.4584863
DDD,2013J,501867,P2,F1,0.0,0.39346626
DDD,2013J,502051,P2,F1,1.0,0.5643378
DDD,2013J,502207,P2,F1,1.0,0.63720703
DDD,2013J,502466,P2,F1,1.0,0.6019994
DDD,2013J,502477,P2,F1,0.0,0.4037724
DDD,2013J,502638,P2,F1,0.0,0.5541989
DDD,2013J,502642,P2,F1,1.0,0.6370361
DDD,2013J,503023,P2,F1,0.0,0.52316624
DDD,2013J,503783,P2,F1,0.0,0.45534322
DDD,2013J,503838,P2,F1,1.0,0.544097
DDD,2013J,504034,P2,F1,1.0,0.5469377
DDD,2013J,504234,P2,F1,0.0,0.43085194
DDD,2013J,504368,P2,F1,1.0,0.571057
DDD,2013J,504429,P2,F1,0.0,0.5069014
DDD,2013J,504552,P2,F1,1.0,0.6405693
DDD,2013J,504596,P2,F1,1.0,0.45873058
DDD,2013J,504602,P2,F1,1.0,0.6322405
DDD,2013J,504862,P2,F1,1.0,0.5551442
DDD,2013J,505142,P2,F1,1.0,0.55652744
DDD,2013J,505209,P2,F1,1.0,0.57157826
DDD,2013J,505561,P2,F1,1.0,0.4745225
DDD,2013J,505856,P2,F1,0.0,0.48138896
DDD,2013J,506476,P2,F1,1.0,0.6374504
DDD,2013J,506582,P2,F1,0.0,0.3883658
DDD,2013J,506829,P2,F1,1.0,0.50781167
DDD,2013J,507113,P2,F1,0.0,0.4324508
DDD,2013J,507115,P2,F1,1.0,0.4467019
DDD,2013J,507257,P2,F1,1.0,0.6414913
DDD,2013J,507285,P2,F1,0.0,0.41783842
DDD,2013J,507344,P2,F1,0.0,0.41398978
DDD,2013J,507478,P2,F1,1.0,0.572493
DDD,2013J,508025,P2,F1,0.0,0.40813816
DDD,2013J,508246,P2,F1,1.0,0.6414913
DDD,2013J,508601,P2,F1,1.0,0.58868504
DDD,2013J,508615,P2,F1,1.0,0.52582514
DDD,2013J,508637,P2,F1,0.0,0.39407343
DDD,2013J,508785,P2,F1,1.0,0.54990816
DDD,2013J,509102,P2,F1,0.0,0.43181902
DDD,2013J,509279,P2,F1,0.0,0.51076645
DDD,2013J,509327,P2,F1,0.0,0.5220806
DDD,2013J,509501,P2,F1,1.0,0.58174133
DDD,2013J,509610,P2,F1,0.0,0.5022449
DDD,2013J,509929,P2,F1,0.0,0.39365128
DDD,2013J,510182,P2,F1,0.0,0.44889116
DDD,2013J,510864,P2,F1,0.0,0.5638938
DDD,2013J,510873,P2,F1,0.0,0.54160947
DDD,2013J,511282,P2,F1,0.0,0.47133192
DDD,2013J,511453,P2,F1,0.0,0.5186858
DDD,2013J,512050,P2,F1,1.0,0.6414913
DDD,2013J,512259,P2,F1,0.0,0.42696235
DDD,2013J,512525,P2,F1,1.0,0.5571499
DDD,2013J,512706,P2,F1,1.0,0.48564622
DDD,2013J,513007,P2,F1,1.0,0.6135245
DDD,2013J,513204,P2,F1,1.0,0.57152236
DDD,2013J,513349,P2,F1,1.0,0.39346626
DDD,2013J,513356,P2,F1,1.0,0.55550826
DDD,2013J,513482,P2,F1,1.0,0.5221007
DDD,2013J,513499,P2,F1,0.0,0.45878688
DDD,2013J,513853,P2,F1,0.0,0.42553625
DDD,2013J,513954,P2,F1,1.0,0.5352069
DDD,2013J,514125,P2,F1,0.0,0.6223012
DDD,2013J,514852,P2,F1,1.0,0.6405693
DDD,2013J,515056,P2,F1,0.0,0.42539805
DDD,2013J,515247,P2,F1,1.0,0.55927336
DDD,2013J,515520,P2,F1,0.0,0.53559965
DDD,2013J,516343,P2,F1,1.0,0.6414913
DDD,2013J,516653,P2,F1,1.0,0.533481
DDD,2013J,516946,P2,F1,1.0,0.4142241
DDD,2013J,517093,P2,F1,0.0,0.39119235
DDD,2013J,517416,P2,F1,0.0,0.4260528
DDD,2013J,518709,P2,F1,1.0,0.6376878
DDD,2013J,518731,P2,F1,1.0,0.51381975
DDD,2013J,518951,P2,F1,1.0,0.5026621
DDD,2013J,519100,P2,F1,1.0,0.5142392
DDD,2013J,519211,P2,F1,1.0,0.56987166
DDD,2013J,519358,P2,F1,1.0,0.52775395
DDD,2013J,519552,P2,F1,0.0,0.5845384
DDD,2013J,519961,P2,F1,1.0,0.6376878
DDD,2013J,520150,P2,F1,0.0,0.4781213
DDD,2013J,520891,P2,F1,0.0,0.41358602
DDD,2013J,522312,P2,F1,0.0,0.45391703
DDD,2013J,522363,P2,F1,1.0,0.4036985
DDD,2013J,522473,P2,F1,0.0,0.46266302
DDD,2013J,522538,P2,F1,1.0,0.6414913
DDD,2013J,522777,P2,F1,0.0,0.5349702
DDD,2013J,523047,P2,F1,1.0,0.605194
DDD,2013J,523248,P2,F1,0.0,0.5033711
DDD,2013J,523275,P2,F1,1.0,0.49972317
DDD,2013J,523583,P2,F1,1.0,0.47497186
DDD,2013J,523834,P2,F1,1.0,0.6405693
DDD,2013J,524261,P2,F1,1.0,0.6355088
DDD,2013J,524575,P2,F1,0.0,0.41703817
DDD,2013J,524711,P2,F1,0.0,0.5286535
DDD,2013J,524791,P2,F1,1.0,0.63628024
DDD,2013J,525189,P2,F1,1.0,0.53898793
DDD,2013J,525456,P2,F1,0.0,0.5392122
DDD,2013J,525472,P2,F1,0.0,0.43441916
DDD,2013J,525800,P2,F1,1.0,0.50380766
DDD,2013J,526098,P2,F1,1.0,0.42415798
DDD,2013J,526158,P2,F1,0.0,0.52329713
DDD,2013J,526242,P2,F1,0.0,0.40570444
DDD,2013J,526679,P2,F1,0.0,0.44233757
DDD,2013J,527427,P2,F1,0.0,0.54688424
DDD,2013J,527574,P2,F1,0.0,0.45040163
DDD,2013J,527751,P2,F1,1.0,0.55513644
DDD,2013J,527954,P2,F1,1.0,0.49475497
DDD,2013J,528467,P2,F1,0.0,0.6226161
DDD,2013J,528551,P2,F1,0.0,0.456708
DDD,2013J,528892,P2,F1,0.0,0.4720914
DDD,2013J,528971,P2,F1,1.0,0.44550788
DDD,2013J,529073,P2,F1,1.0,0.5568847
DDD,2013J,529226,P2,F1,1.0,0.5456126
DDD,2013J,529522,P2,F1,1.0,0.50072783
DDD,2013J,529868,P2,F1,0.0,0.41174716
DDD,2013J,530519,P2,F1,1.0,0.53278023
DDD,2013J,530967,P2,F1,0.0,0.49613154
DDD,2013J,531234,P2,F1,1.0,0.4398654
DDD,2013J,531402,P2,F1,0.0,0.42686725
DDD,2013J,531888,P2,F1,1.0,0.6414913
DDD,2013J,532020,P2,F1,0.0,0.45795998
DDD,2013J,532116,P2,F1,0.0,0.4846115
DDD,2013J,532144,P2,F1,0.0,0.6414913
DDD,2013J,532683,P2,F1,1.0,0.6042222
DDD,2013J,532859,P2,F1,1.0,0.6363064
DDD,2013J,532863,P2,F1,1.0,0.62894565
DDD,2013J,532941,P2,F1,1.0,0.61416614
DDD,2013J,533988,P2,F1,0.0,0.5587043
DDD,2013J,534093,P2,F1,0.0,0.39770958
DDD,2013J,535161,P2,F1,0.0,0.4831461
DDD,2013J,535220,P2,F1,1.0,0.63720703
DDD,2013J,535351,P2,F1,1.0,0.5262548
DDD,2013J,535632,P2,F1,1.0,0.6405693
DDD,2013J,535707,P2,F1,1.0,0.5397075
DDD,2013J,535794,P2,F1,1.0,0.5931456
DDD,2013J,536199,P2,F1,0.0,0.5146181
DDD,2013J,536210,P2,F1,1.0,0.638613
DDD,2013J,536979,P2,F1,1.0,0.5116071
DDD,2013J,537747,P2,F1,0.0,0.40487406
DDD,2013J,537811,P2,F1,0.0,0.39429036
DDD,2013J,537918,P2,F1,1.0,0.6405693
DDD,2013J,537962,P2,F1,0.0,0.5074765
DDD,2013J,538863,P2,F1,0.0,0.40092713
DDD,2013J,538903,P2,F1,0.0,0.49750873
DDD,2013J,539872,P2,F1,1.0,0.42229193
DDD,2013J,540806,P2,F1,0.0,0.42190966
DDD,2013J,540947,P2,F1,0.0,0.47371972
DDD,2013J,541108,P2,F1,0.0,0.5186471
DDD,2013J,541482,P2,F1,0.0,0.5483876
DDD,2013J,542180,P2,F1,0.0,0.48792854
DDD,2013J,542558,P2,F1,0.0,0.4083843
DDD,2013J,543481,P2,F1,1.0,0.5259858
DDD,2013J,543648,P2,F1,1.0,0.6374504
DDD,2013J,543683,P2,F1,1.0,0.6414913
DDD,2013J,543723,P2,F1,0.0,0.46390244
DDD,2013J,543788,P2,F1,0.0,0.42918065
DDD,2013J,543825,P2,F1,0.0,0.5361805
DDD,2013J,544031,P2,F1,1.0,0.50583386
DDD,2013J,544499,P2,F1,1.0,0.6414913
DDD,2013J,544576,P2,F1,0.0,0.6226161
DDD,2013J,544594,P2,F1,0.0,0.4170191
DDD,2013J,544649,P2,F1,1.0,0.52668387
DDD,2013J,544982,P2,F1,1.0,0.5374324
DDD,2013J,545093,P2,F1,0.0,0.4027346
DDD,2013J,545124,P2,F1,1.0,0.6414913
DDD,2013J,545179,P2,F1,1.0,0.52493733
DDD,2013J,545211,P2,F1,0.0,0.5036463
DDD,2013J,545255,P2,F1,0.0,0.47421896
DDD,2013J,545769,P2,F1,0.0,0.46138653
DDD,2013J,545991,P2,F1,1.0,0.43597242
DDD,2013J,546293,P2,F1,1.0,0.6363064
DDD,2013J,546722,P2,F1,0.0,0.51036656
DDD,2013J,546809,P2,F1,1.0,0.638613
DDD,2013J,546852,P2,F1,0.0,0.42304635
DDD,2013J,547378,P2,F1,1.0,0.54555416
DDD,2013J,547448,P2,F1,0.0,0.4299839
DDD,2013J,547584,P2,F1,1.0,0.5132602
DDD,2013J,547737,P2,F1,0.0,0.6274985
DDD,2013J,547784,P2,F1,1.0,0.50241333
DDD,2013J,548027,P2,F1,0.0,0.49370524
DDD,2013J,548173,P2,F1,1.0,0.5221303
DDD,2013J,548301,P2,F1,0.0,0.4631495
DDD,2013J,548825,P2,F1,1.0,0.57387966
DDD,2013J,549032,P2,F1,0.0,0.4699312
DDD,2013J,549113,P2,F1,0.0,0.45165163
DDD,2013J,549337,P2,F1,1.0,0.5457681
DDD,2013J,549424,P2,F1,1.0,0.63341016
DDD,2013J,549601,P2,F1,1.0,0.41272384
DDD,2013J,550331,P2,F1,0.0,0.50179076
DDD,2013J,550380,P2,F1,1.0,0.50932264
DDD,2013J,550814,P2,F1,0.0,0.50507647
DDD,2013J,551126,P2,F1,0.0,0.528989
DDD,2013J,551214,P2,F1,0.0,0.446747
DDD,2013J,551456,P2,F1,1.0,0.5267642
DDD,2013J,551760,P2,F1,1.0,0.58128333
DDD,2013J,551774,P2,F1,1.0,0.6414913
DDD,2013J,552282,P2,F1,1.0,0.56483996
DDD,2013J,552313,P2,F1,0.0,0.49702558
DDD,2013J,552537,P2,F1,0.0,0.4407728
DDD,2013J,552747,P2,F1,0.0,0.406175
DDD,2013J,552898,P2,F1,0.0,0.45085248
DDD,2013J,553280,P2,F1,0.0,0.43697622
DDD,2013J,553301,P2,F1,0.0,0.40115726
DDD,2013J,553353,P2,F1,1.0,0.6414913
DDD,2013J,553719,P2,F1,0.0,0.4333548
DDD,2013J,553832,P2,F1,1.0,0.51741433
DDD,2013J,554283,P2,F1,0.0,0.50153154
DDD,2013J,554356,P2,F1,0.0,0.40945002
DDD,2013J,554691,P2,F1,0.0,0.63524467
DDD,2013J,555239,P2,F1,0.0,0.39575422
DDD,2013J,555316,P2,F1,1.0,0.59848607
DDD,2013J,555644,P2,F1,1.0,0.5684371
DDD,2013J,555791,P2,F1,1.0,0.49579772
DDD,2013J,556539,P2,F1,0.0,0.44121927
DDD,2013J,556751,P2,F1,1.0,0.5828603
DDD,2013J,557247,P2,F1,1.0,0.63628024
DDD,2013J,557474,P2,F1,1.0,0.6370361
DDD,2013J,558021,P2,F1,0.0,0.423743
DDD,2013J,558052,P2,F1,1.0,0.6414913
DDD,2013J,558140,P2,F1,1.0,0.46495906
DDD,2013J,558610,P2,F1,1.0,0.638613
DDD,2013J,558765,P2,F1,1.0,0.5164199
DDD,2013J,559096,P2,F1,0.0,0.49675593
DDD,2013J,559123,P2,F1,0.0,0.5591372
DDD,2013J,559140,P2,F1,0.0,0.417838
DDD,2013J,559540,P2,F1,1.0,0.5810162
DDD,2013J,559680,P2,F1,0.0,0.4819874
DDD,2013J,559735,P2,F1,1.0,0.5776134
DDD,2013J,559855,P2,F1,1.0,0.4609183
DDD,2013J,559908,P2,F1,0.0,0.5142905
DDD,2013J,559992,P2,F1,0.0,0.63690096
DDD,2013J,560015,P2,F1,1.0,0.5857701
DDD,2013J,560243,P2,F1,0.0,0.43717554
DDD,2013J,560423,P2,F1,1.0,0.61268324
DDD,2013J,560458,P2,F1,0.0,0.47076625
DDD,2013J,560486,P2,F1,0.0,0.44498396
DDD,2013J,560493,P2,F1,0.0,0.4300148
DDD,2013J,560759,P2,F1,0.0,0.40693665
DDD,2013J,560870,P2,F1,1.0,0.49766326
DDD,2013J,560879,P2,F1,0.0,0.41379407
DDD,2013J,560948,P2,F1,1.0,0.63625956
DDD,2013J,561072,P2,F1,0.0,0.4253792
DDD,2013J,561195,P2,F1,0.0,0.43500552
DDD,2013J,561272,P2,F1,1.0,0.6203052
DDD,2013J,561476,P2,F1,0.0,0.45167726
DDD,2013J,561515,P2,F1,0.0,0.49347308
DDD,2013J,561734,P2,F1,0.0,0.6414913
DDD,2013J,561807,P2,F1,0.0,0.40379825
DDD,2013J,561810,P2,F1,0.0,0.41603342
DDD,2013J,561819,P2,F1,0.0,0.3950621
DDD,2013J,561823,P2,F1,1.0,0.49939632
DDD,2013J,561881,P2,F1,0.0,0.3962003
DDD,2013J,561905,P2,F1,1.0,0.5361215
DDD,2013J,561955,P2,F1,0.0,0.4530488
DDD,2013J,562064,P2,F1,1.0,0.5074776
DDD,2013J,562100,P2,F1,1.0,0.58468145
DDD,2013J,562437,P2,F1,0.0,0.49426323
DDD,2013J,562490,P2,F1,1.0,0.5273169
DDD,2013J,562585,P2,F1,1.0,0.5782225
DDD,2013J,562728,P2,F1,0.0,0.41842517
DDD,2013J,562929,P2,F1,1.0,0.63031703
DDD,2013J,563016,P2,F1,0.0,0.39508012
DDD,2013J,563675,P2,F1,0.0,0.4330551
DDD,2013J,563718,P2,F1,1.0,0.63720703
DDD,2013J,563770,P2,F1,1.0,0.63720703
DDD,2013J,563819,P2,F1,0.0,0.5138004
DDD,2013J,563847,P2,F1,1.0,0.6361726
DDD,2013J,563862,P2,F1,1.0,0.4591482
DDD,2013J,563888,P2,F1,1.0,0.5754136
DDD,2013J,563971,P2,F1,0.0,0.4278197
DDD,2013J,564213,P2,F1,0.0,0.6140547
DDD,2013J,564325,P2,F1,1.0,0.5274355
DDD,2013J,564356,P2,F1,0.0,0.39948717
DDD,2013J,564454,P2,F1,1.0,0.5225148
DDD,2013J,565175,P2,F1,0.0,0.5174363
DDD,2013J,565301,P2,F1,0.0,0.4505168
DDD,2013J,565570,P2,F1,1.0,0.53199923
DDD,2013J,565657,P2,F1,0.0,0.44418368
DDD,2013J,566134,P2,F1,1.0,0.6350937
DDD,2013J,566185,P2,F1,0.0,0.42325813
DDD,2013J,566381,P2,F1,1.0,0.49080256
DDD,2013J,566482,P2,F1,1.0,0.5854354
DDD,2013J,566553,P2,F1,1.0,0.6310633
DDD,2013J,566795,P2,F1,1.0,0.6363064
DDD,2013J,566810,P2,F1,1.0,0.6414913
DDD,2013J,566979,P2,F1,0.0,0.42697078
DDD,2013J,567152,P2,F1,0.0,0.4202836
DDD,2013J,567167,P2,F1,0.0,0.47450083
DDD,2013J,567176,P2,F1,1.0,0.6243326
DDD,2013J,567292,P2,F1,0.0,0.3944317
DDD,2013J,567304,P2,F1,0.0,0.47888246
DDD,2013J,567417,P2,F1,0.0,0.41017425
DDD,2013J,567451,P2,F1,0.0,0.47128832
DDD,2013J,567970,P2,F1,1.0,0.4498879
DDD,2013J,568043,P2,F1,1.0,0.6414913
DDD,2013J,568068,P2,F1,1.0,0.63720703
DDD,2013J,568196,P2,F1,0.0,0.40588835
DDD,2013J,568223,P2,F1,0.0,0.4576124
DDD,2013J,568422,P2,F1,1.0,0.6414913
DDD,2013J,568566,P2,F1,0.0,0.4226536
DDD,2013J,568578,P2,F1,1.0,0.4071156
DDD,2013J,568598,P2,F1,0.0,0.45699492
DDD,2013J,568668,P2,F1,1.0,0.6414913
DDD,2013J,568741,P2,F1,1.0,0.49340224
DDD,2013J,568835,P2,F1,1.0,0.5504723
DDD,2013J,568948,P2,F1,0.0,0.42676395
DDD,2013J,568963,P2,F1,0.0,0.46330124
DDD,2013J,569279,P2,F1,1.0,0.6391667
DDD,2013J,569857,P2,F1,1.0,0.43054828
DDD,2013J,569928,P2,F1,0.0,0.43239814
DDD,2013J,569935,P2,F1,0.0,0.4222073
DDD,2013J,569978,P2,F1,0.0,0.46473262
DDD,2013J,570237,P2,F1,0.0,0.4813012
DDD,2013J,570403,P2,F1,0.0,0.42864344
DDD,2013J,570531,P2,F1,0.0,0.3974417
DDD,2013J,570630,P2,F1,0.0,0.52853733
DDD,2013J,570671,P2,F1,0.0,0.4613169
DDD,2013J,570871,P2,F1,0.0,0.5069439
DDD,2013J,570872,P2,F1,0.0,0.41005546
DDD,2013J,570896,P2,F1,0.0,0.41710356
DDD,2013J,571055,P2,F1,1.0,0.42178422
DDD,2013J,571131,P2,F1,0.0,0.46188676
DDD,2013J,571242,P2,F1,0.0,0.47154027
DDD,2013J,571451,P2,F1,0.0,0.41434819
DDD,2013J,571512,P2,F1,0.0,0.45576584
DDD,2013J,571640,P2,F1,1.0,0.43966234
DDD,2013J,571716,P2,F1,1.0,0.48056787
DDD,2013J,571765,P2,F1,0.0,0.4915074
DDD,2013J,571776,P2,F1,0.0,0.39611363
DDD,2013J,571808,P2,F1,0.0,0.4750823
DDD,2013J,571921,P2,F1,0.0,0.3892012
DDD,2013J,571950,P2,F1,1.0,0.5553702
DDD,2013J,571951,P2,F1,0.0,0.4219822
DDD,2013J,572060,P2,F1,0.0,0.43683746
DDD,2013J,572087,P2,F1,1.0,0.49855164
DDD,2013J,572134,P2,F1,1.0,0.6321061
DDD,2013J,572143,P2,F1,1.0,0.527172
DDD,2013J,572149,P2,F1,0.0,0.45448324
DDD,2013J,572231,P2,F1,0.0,0.47962156
DDD,2013J,572233,P2,F1,0.0,0.4935459
DDD,2013J,572241,P2,F1,1.0,0.42511132
DDD,2013J,572280,P2,F1,0.0,0.4516831
DDD,2013J,572338,P2,F1,0.0,0.49811387
DDD,2013J,572348,P2,F1,0.0,0.40410304
DDD,2013J,572382,P2,F1,0.0,0.46913528
DDD,2013J,572431,P2,F1,0.0,0.42576164
DDD,2013J,572452,P2,F1,1.0,0.40286955
DDD,2013J,572457,P2,F1,0.0,0.39328519
DDD,2013J,572460,P2,F1,1.0,0.46025905
DDD,2013J,572470,P2,F1,1.0,0.6414913
DDD,2013J,572567,P2,F1,1.0,0.53470296
DDD,2013J,572648,P2,F1,1.0,0.62864643
DDD,2013J,572688,P2,F1,0.0,0.4462129
DDD,2013J,572697,P2,F1,0.0,0.39818072
DDD,2013J,572730,P2,F1,0.0,0.54122055
DDD,2013J,572735,P2,F1,0.0,0.44614276
DDD,2013J,572751,P2,F1,1.0,0.6158267
DDD,2013J,572754,P2,F1,0.0,0.4087846
DDD,2013J,572774,P2,F1,0.0,0.4641403
DDD,2013J,572806,P2,F1,0.0,0.47953865
DDD,2013J,572854,P2,F1,0.0,0.40538934
DDD,2013J,572874,P2,F1,0.0,0.42035323
DDD,2013J,572880,P2,F1,1.0,0.5741459
DDD,2013J,572909,P2,F1,1.0,0.6404622
DDD,2013J,572949,P2,F1,1.0,0.50369155
DDD,2013J,572976,P2,F1,0.0,0.50240904
DDD,2013J,573235,P2,F1,1.0,0.41577643
DDD,2013J,573307,P2,F1,1.0,0.6414913
DDD,2013J,573473,P2,F1,0.0,0.48766854
DDD,2013J,573602,P2,F1,1.0,0.4668464
DDD,2013J,573646,P2,F1,1.0,0.41636875
DDD,2013J,573689,P2,F1,0.0,0.619434
DDD,2013J,573712,P2,F1,1.0,0.62275505
DDD,2013J,573780,P2,F1,0.0,0.48167396
DDD,2013J,573845,P2,F1,0.0,0.49862182
DDD,2013J,574035,P2,F1,0.0,0.39674726
DDD,2013J,574088,P2,F1,0.0,0.46646112
DDD,2013J,574098,P2,F1,0.0,0.5135172
DDD,2013J,574099,P2,F1,1.0,0.5254017
DDD,2013J,574310,P2,F1,0.0,0.5374887
DDD,2013J,574330,P2,F1,1.0,0.45111108
DDD,2013J,574498,P2,F1,0.0,0.4011246
DDD,2013J,574529,P2,F1,1.0,0.4849356
DDD,2013J,574623,P2,F1,1.0,0.56025517
DDD,2013J,574627,P2,F1,1.0,0.6153221
DDD,2013J,574705,P2,F1,0.0,0.40718436
DDD,2013J,574720,P2,F1,0.0,0.53684217
DDD,2013J,574730,P2,F1,1.0,0.6414913
DDD,2013J,574743,P2,F1,1.0,0.543142
DDD,2013J,574819,P2,F1,1.0,0.52413553
DDD,2013J,574842,P2,F1,0.0,0.5120927
DDD,2013J,574866,P2,F1,1.0,0.5018986
DDD,2013J,574873,P2,F1,0.0,0.39669487
DDD,2013J,574895,P2,F1,0.0,0.4723259
DDD,2013J,574938,P2,F1,0.0,0.39987865
DDD,2013J,575192,P2,F1,0.0,0.52463806
DDD,2013J,575213,P2,F1,1.0,0.5561073
DDD,2013J,575258,P2,F1,0.0,0.46233815
DDD,2013J,575337,P2,F1,1.0,0.62136096
DDD,2013J,575376,P2,F1,0.0,0.4691432
DDD,2013J,575385,P2,F1,0.0,0.41501907
DDD,2013J,575431,P2,F1,0.0,0.39487153
DDD,2013J,575493,P2,F1,1.0,0.46893257
DDD,2013J,575766,P2,F1,0.0,0.43964115
DDD,2013J,575773,P2,F1,1.0,0.6374504
DDD,2013J,575798,P2,F1,0.0,0.4441415
DDD,2013J,575811,P2,F1,1.0,0.5210906
DDD,2013J,575962,P2,F1,1.0,0.6414913
DDD,2013J,575999,P2,F1,1.0,0.6361726
DDD,2013J,576083,P2,F1,0.0,0.3996772
DDD,2013J,576131,P2,F1,1.0,0.583418
DDD,2013J,576233,P2,F1,0.0,0.4129713
DDD,2013J,576251,P2,F1,0.0,0.4083686
DDD,2013J,576314,P2,F1,1.0,0.5000547
DDD,2013J,576368,P2,F1,1.0,0.53051937
DDD,2013J,576383,P2,F1,0.0,0.40902495
DDD,2013J,576413,P2,F1,0.0,0.40053463
DDD,2013J,576453,P2,F1,0.0,0.3925378
DDD,2013J,576492,P2,F1,1.0,0.56318873
DDD,2013J,576767,P2,F1,0.0,0.46126476
DDD,2013J,576847,P2,F1,0.0,0.45578942
DDD,2013J,576879,P2,F1,1.0,0.43719822
DDD,2013J,576949,P2,F1,0.0,0.41817084
DDD,2013J,577035,P2,F1,0.0,0.5023586
DDD,2013J,577126,P2,F1,0.0,0.49809137
DDD,2013J,577196,P2,F1,1.0,0.4353567
DDD,2013J,577200,P2,F1,1.0,0.6111135
DDD,2013J,577212,P2,F1,1.0,0.56976235
DDD,2013J,577279,P2,F1,0.0,0.43345186
DDD,2013J,577401,P2,F1,1.0,0.6374504
DDD,2013J,577414,P2,F1,0.0,0.45477846
DDD,2013J,577464,P2,F1,0.0,0.38997185
DDD,2013J,577570,P2,F1,1.0,0.61929244
DDD,2013J,577638,P2,F1,1.0,0.47150835
DDD,2013J,577652,P2,F1,1.0,0.57858276
DDD,2013J,578026,P2,F1,1.0,0.4675158
DDD,2013J,578117,P2,F1,1.0,0.637088
DDD,2013J,578150,P2,F1,1.0,0.5726182
DDD,2013J,578303,P2,F1,0.0,0.48580968
DDD,2013J,578427,P2,F1,1.0,0.56948364
DDD,2013J,578644,P2,F1,0.0,0.49815658
DDD,2013J,578697,P2,F1,0.0,0.56286216
DDD,2013J,578823,P2,F1,0.0,0.46351206
DDD,2013J,578850,P2,F1,0.0,0.4632059
DDD,2013J,578906,P2,F1,0.0,0.4720857
DDD,2013J,578943,P2,F1,0.0,0.40363595
DDD,2013J,578956,P2,F1,0.0,0.4477728
DDD,2013J,579105,P2,F1,0.0,0.39693332
DDD,2013J,579112,P2,F1,1.0,0.6051942
DDD,2013J,579151,P2,F1,0.0,0.40754753
DDD,2013J,579303,P2,F1,1.0,0.6331564
DDD,2013J,579325,P2,F1,0.0,0.4591896
DDD,2013J,579367,P2,F1,0.0,0.40458304
DDD,2013J,579372,P2,F1,1.0,0.51583034
DDD,2013J,579470,P2,F1,1.0,0.5170222
DDD,2013J,579567,P2,F1,0.0,0.53858334
DDD,2013J,579717,P2,F1,0.0,0.6332644
DDD,2013J,580393,P2,F1,0.0,0.46137843
DDD,2013J,580415,P2,F1,0.0,0.40086126
DDD,2013J,580441,P2,F1,1.0,0.5095825
DDD,2013J,580468,P2,F1,0.0,0.45607156
DDD,2013J,580516,P2,F1,0.0,0.48896754
DDD,2013J,580534,P2,F1,1.0,0.562742
DDD,2013J,580642,P2,F1,0.0,0.43883038
DDD,2013J,580706,P2,F1,1.0,0.6321061
DDD,2013J,580714,P2,F1,0.0,0.40161777
DDD,2013J,580916,P2,F1,0.0,0.4939267
DDD,2013J,581138,P2,F1,1.0,0.5347654
DDD,2013J,581320,P2,F1,1.0,0.5236797
DDD,2013J,581552,P2,F1,0.0,0.42037436
DDD,2013J,581593,P2,F1,0.0,0.42601082
DDD,2013J,581697,P2,F1,0.0,0.46707267
DDD,2013J,581755,P2,F1,1.0,0.55055547
DDD,2013J,581818,P2,F1,1.0,0.63352394
DDD,2013J,581922,P2,F1,0.0,0.4941456
DDD,2013J,582026,P2,F1,1.0,0.5904403
DDD,2013J,582160,P2,F1,1.0,0.5000624
DDD,2013J,582227,P2,F1,1.0,0.6223012
DDD,2013J,582302,P2,F1,1.0,0.6414913
DDD,2013J,582320,P2,F1,0.0,0.5092469
DDD,2013J,582373,P2,F1,1.0,0.41699
DDD,2013J,582416,P2,F1,0.0,0.40106124
DDD,2013J,582452,P2,F1,0.0,0.47518983
DDD,2013J,582464,P2,F1,0.0,0.43504405
DDD,2013J,582554,P2,F1,1.0,0.44479868
DDD,2013J,582848,P2,F1,1.0,0.6361726
DDD,2013J,582879,P2,F1,0.0,0.41120672
DDD,2013J,582931,P2,F1,1.0,0.5142652
DDD,2013J,583037,P2,F1,1.0,0.48349258
DDD,2013J,583198,P2,F1,0.0,0.6414913
DDD,2013J,583215,P2,F1,1.0,0.46638253
DDD,2013J,583247,P2,F1,1.0,0.48847246
DDD,2013J,583293,P2,F1,0.0,0.4077537
DDD,2013J,583335,P2,F1,1.0,0.43478456
DDD,2013J,583514,P2,F1,0.0,0.3987028
DDD,2013J,583540,P2,F1,0.0,0.6414913
DDD,2013J,583570,P2,F1,1.0,0.6414913
DDD,2013J,583580,P2,F1,1.0,0.6374504
DDD,2013J,583606,P2,F1,1.0,0.5757525
DDD,2013J,583775,P2,F1,1.0,0.49314386
DDD,2013J,583871,P2,F1,0.0,0.51909775
DDD,2013J,583946,P2,F1,0.0,0.43400624
DDD,2013J,583955,P2,F1,0.0,0.45541877
DDD,2013J,584077,P2,F1,1.0,0.5850747
DDD,2013J,584082,P2,F1,1.0,0.6374504
DDD,2013J,584132,P2,F1,0.0,0.513476
DDD,2013J,584183,P2,F1,0.0,0.41587287
DDD,2013J,584315,P2,F1,1.0,0.58881587
DDD,2013J,584433,P2,F1,0.0,0.510087
DDD,2013J,584455,P2,F1,1.0,0.638613
DDD,2013J,584495,P2,F1,0.0,0.4582164
DDD,2013J,584586,P2,F1,1.0,0.49274278
DDD,2013J,584591,P2,F1,1.0,0.62355715
DDD,2013J,584615,P2,F1,1.0,0.6363064
DDD,2013J,584640,P2,F1,0.0,0.6374504
DDD,2013J,584914,P2,F1,0.0,0.49239242
DDD,2013J,584918,P2,F1,1.0,0.48476237
DDD,2013J,584932,P2,F1,1.0,0.6414913
DDD,2013J,584943,P2,F1,0.0,0.46971825
DDD,2013J,585098,P2,F1,0.0,0.6317161
DDD,2013J,585134,P2,F1,0.0,0.40610102
DDD,2013J,585208,P2,F1,1.0,0.49456707
DDD,2013J,585210,P2,F1,1.0,0.6414913
DDD,2013J,585326,P2,F1,0.0,0.40640622
DDD,2013J,585359,P2,F1,1.0,0.55837005
DDD,2013J,585422,P2,F1,0.0,0.41805848
DDD,2013J,585525,P2,F1,1.0,0.6131921
DDD,2013J,585695,P2,F1,0.0,0.41743207
DDD,2013J,585998,P2,F1,1.0,0.48700055
DDD,2013J,586022,P2,F1,1.0,0.47854894
DDD,2013J,586113,P2,F1,1.0,0.48448434
DDD,2013J,586128,P2,F1,0.0,0.39431542
DDD,2013J,586243,P2,F1,0.0,0.41014457
DDD,2013J,586257,P2,F1,0.0,0.40858915
DDD,2013J,586470,P2,F1,1.0,0.43320608
DDD,2013J,586497,P2,F1,0.0,0.43292895
DDD,2013J,586526,P2,F1,0.0,0.46002373
DDD,2013J,586550,P2,F1,0.0,0.5245213
DDD,2013J,586609,P2,F1,1.0,0.4901829
DDD,2013J,586625,P2,F1,1.0,0.4325394
DDD,2013J,586707,P2,F1,1.0,0.5192056
DDD,2013J,586762,P2,F1,0.0,0.49742216
DDD,2013J,586800,P2,F1,0.0,0.3944144
DDD,2013J,586912,P2,F1,0.0,0.47714847
DDD,2013J,587002,P2,F1,0.0,0.44290957
DDD,2013J,587006,P2,F1,1.0,0.5725019
DDD,2013J,587576,P2,F1,1.0,0.63006634
DDD,2013J,587641,P2,F1,0.0,0.502173
DDD,2013J,587862,P2,F1,0.0,0.40740922
DDD,2013J,587989,P2,F1,0.0,0.3933314
DDD,2013J,588013,P2,F1,1.0,0.47886223
DDD,2013J,588033,P2,F1,0.0,0.42907727
DDD,2013J,588086,P2,F1,0.0,0.3996167
DDD,2013J,588132,P2,F1,0.0,0.39578956
DDD,2013J,588146,P2,F1,1.0,0.49851692
DDD,2013J,588178,P2,F1,0.0,0.391471
DDD,2013J,588197,P2,F1,1.0,0.6331454
DDD,2013J,588208,P2,F1,0.0,0.43549448
DDD,2013J,588219,P2,F1,0.0,0.5632418
DDD,2013J,588293,P2,F1,0.0,0.44384584
DDD,2013J,588352,P2,F1,0.0,0.39119235
DDD,2013J,588430,P2,F1,0.0,0.45165938
DDD,2013J,588460,P2,F1,1.0,0.4182838
DDD,2013J,588482,P2,F1,0.0,0.48908204
DDD,2013J,588493,P2,F1,0.0,0.39238614
DDD,2013J,588537,P2,F1,1.0,0.55574816
DDD,2013J,588540,P2,F1,0.0,0.38982332
DDD,2013J,588556,P2,F1,0.0,0.55940074
DDD,2013J,588566,P2,F1,0.0,0.50741786
DDD,2013J,588707,P2,F1,0.0,0.43632367
DDD,2013J,588824,P2,F1,0.0,0.46866915
DDD,2013J,588850,P2,F1,0.0,0.41217566
DDD,2013J,588884,P2,F1,1.0,0.4939402
DDD,2013J,589007,P2,F1,1.0,0.638613
DDD,2013J,589019,P2,F1,0.0,0.46033564
DDD,2013J,589171,P2,F1,1.0,0.567266
DDD,2013J,589220,P2,F1,0.0,0.40289593
DDD,2013J,589458,P2,F1,0.0,0.45761597
DDD,2013J,589503,P2,F1,0.0,0.4770728
DDD,2013J,589531,P2,F1,0.0,0.4807965
DDD,2013J,589557,P2,F1,0.0,0.4357552
DDD,2013J,589582,P2,F1,1.0,0.58373034
DDD,2013J,589584,P2,F1,1.0,0.4955161
DDD,2013J,589723,P2,F1,0.0,0.41640723
DDD,2013J,589875,P2,F1,0.0,0.5388317
DDD,2013J,589932,P2,F1,1.0,0.49837238
DDD,2013J,589956,P2,F1,0.0,0.47796413
DDD,2013J,590184,P2,F1,1.0,0.6374504
DDD,2013J,590235,P2,F1,1.0,0.6414913
DDD,2013J,590370,P2,F1,1.0,0.60738784
DDD,2013J,590392,P2,F1,0.0,0.4399228
DDD,2013J,590397,P2,F1,0.0,0.62864643
DDD,2013J,590402,P2,F1,1.0,0.604755
DDD,2013J,590420,P2,F1,1.0,0.6374504
DDD,2013J,590443,P2,F1,0.0,0.39526314
DDD,2013J,590482,P2,F1,0.0,0.49958703
DDD,2013J,590676,P2,F1,0.0,0.5214147
DDD,2013J,590762,P2,F1,1.0,0.42728275
DDD,2013J,590789,P2,F1,0.0,0.40345177
DDD,2013J,590811,P2,F1,1.0,0.44157857
DDD,2013J,590828,P2,F1,1.0,0.6248595
DDD,2013J,590886,P2,F1,1.0,0.47974685
DDD,2013J,590918,P2,F1,1.0,0.5908423
DDD,2013J,590920,P2,F1,1.0,0.5600497
DDD,2013J,590921,P2,F1,1.0,0.391471
DDD,2013J,590951,P2,F1,1.0,0.6414913
DDD,2013J,591071,P2,F1,0.0,0.40980086
DDD,2013J,591163,P2,F1,1.0,0.5102472
DDD,2013J,591193,P2,F1,0.0,0.4190546
DDD,2013J,591202,P2,F1,0.0,0.46710926
DDD,2013J,591210,P2,F1,0.0,0.5786763
DDD,2013J,591230,P2,F1,0.0,0.40458304
DDD,2013J,591593,P2,F1,0.0,0.49825594
DDD,2013J,591648,P2,F1,1.0,0.5191458
DDD,2013J,591650,P2,F1,1.0,0.52667236
DDD,2013J,591694,P2,F1,1.0,0.63549215
DDD,2013J,591845,P2,F1,1.0,0.6414913
DDD,2013J,591891,P2,F1,0.0,0.40675795
DDD,2013J,591980,P2,F1,1.0,0.6363064
DDD,2013J,592093,P2,F1,0.0,0.45893282
DDD,2013J,592189,P2,F1,0.0,0.45595068
DDD,2013J,592252,P2,F1,0.0,0.46776366
DDD,2013J,592284,P2,F1,1.0,0.6414913
DDD,2013J,592315,P2,F1,0.0,0.5240088
DDD,2013J,592382,P2,F1,0.0,0.6250908
DDD,2013J,592486,P2,F1,1.0,0.6414913
DDD,2013J,592494,P2,F1,0.0,0.42434925
DDD,2013J,592577,P2,F1,0.0,0.3959011
DDD,2013J,592625,P2,F1,0.0,0.6405693
DDD,2013J,592709,P2,F1,1.0,0.47268274
DDD,2013J,592749,P2,F1,1.0,0.62894565
DDD,2013J,592950,P2,F1,0.0,0.47726172
DDD,2013J,593103,P2,F1,0.0,0.39298555
DDD,2013J,593303,P2,F1,1.0,0.58103627
DDD,2013J,593338,P2,F1,0.0,0.49009207
DDD,2013J,593475,P2,F1,1.0,0.525274
DDD,2013J,593594,P2,F1,1.0,0.6370361
DDD,2013J,593654,P2,F1,0.0,0.48885575
DDD,2013J,593903,P2,F1,1.0,0.5444928
DDD,2013J,593973,P2,F1,0.0,0.49633086
DDD,2013J,594011,P2,F1,0.0,0.40021652
DDD,2013J,594052,P2,F1,0.0,0.49550685
DDD,2013J,594081,P2,F1,1.0,0.4618606
DDD,2013J,594086,P2,F1,1.0,0.5687311
DDD,2013J,594164,P2,F1,1.0,0.5808208
DDD,2013J,594201,P2,F1,0.0,0.42822397
DDD,2013J,594407,P2,F1,1.0,0.4887327
DDD,2013J,594414,P2,F1,1.0,0.5302293
DDD,2013J,594419,P2,F1,0.0,0.51808673
DDD,2013J,594507,P2,F1,0.0,0.43969136
DDD,2013J,594578,P2,F1,1.0,0.6345581
DDD,2013J,594869,P2,F1,1.0,0.4915225
DDD,2013J,594925,P2,F1,0.0,0.44160146
DDD,2013J,594963,P2,F1,0.0,0.43555644
DDD,2013J,595008,P2,F1,1.0,0.5483618
DDD,2013J,595079,P2,F1,0.0,0.5821036
DDD,2013J,595319,P2,F1,0.0,0.39068094
DDD,2013J,595396,P2,F1,1.0,0.55384666
DDD,2013J,595495,P2,F1,0.0,0.4792524
DDD,2013J,595601,P2,F1,1.0,0.58249754
DDD,2013J,595659,P2,F1,0.0,0.49587303
DDD,2013J,595685,P2,F1,0.0,0.45676515
DDD,2013J,595687,P2,F1,0.0,0.5035531
DDD,2013J,595723,P2,F1,1.0,0.6414913
DDD,2013J,595940,P2,F1,1.0,0.42081362
DDD,2013J,595963,P2,F1,1.0,0.5821658
DDD,2013J,595986,P2,F1,0.0,0.4490514
DDD,2013J,595988,P2,F1,0.0,0.39927554
DDD,2013J,596093,P2,F1,0.0,0.44419217
DDD,2013J,596104,P2,F1,1.0,0.52305806
DDD,2013J,596204,P2,F1,1.0,0.51214737
DDD,2013J,596270,P2,F1,0.0,0.42339444
DDD,2013J,596292,P2,F1,1.0,0.48768845
DDD,2013J,596306,P2,F1,1.0,0.63179743
DDD,2013J,596441,P2,F1,0.0,0.51173615
DDD,2013J,596473,P2,F1,1.0,0.6363064
DDD,2013J,596542,P2,F1,1.0,0.6400902
DDD,2013J,596570,P2,F1,0.0,0.45588952
DDD,2013J,596589,P2,F1,1.0,0.42947918
DDD,2013J,596620,P2,F1,1.0,0.6414913
DDD,2013J,596629,P2,F1,1.0,0.63537866
DDD,2013J,596731,P2,F1,0.0,0.4664016
DDD,2013J,596845,P2,F1,0.0,0.4005812
DDD,2013J,596846,P2,F1,0.0,0.4065069
DDD,2013J,597178,P2,F1,1.0,0.63625956
DDD,2013J,597235,P2,F1,1.0,0.4119476
DDD,2013J,597243,P2,F1,0.0,0.61980647
DDD,2013J,597365,P2,F1,0.0,0.39778048
DDD,2013J,597403,P2,F1,0.0,0.4202258
DDD,2013J,597428,P2,F1,0.0,0.440398
DDD,2013J,597433,P2,F1,0.0,0.45898438
DDD,2013J,597443,P2,F1,1.0,0.6405693
DDD,2013J,597560,P2,F1,0.0,0.48635808
DDD,2013J,597571,P2,F1,0.0,0.45606342
DDD,2013J,597602,P2,F1,0.0,0.42584014
DDD,2013J,597726,P2,F1,1.0,0.63562745
DDD,2013J,597755,P2,F1,0.0,0.42378312
DDD,2013J,597770,P2,F1,0.0,0.46160147
DDD,2013J,597871,P2,F1,0.0,0.39798474
DDD,2013J,597938,P2,F1,0.0,0.40370515
DDD,2013J,597968,P2,F1,0.0,0.51269925
DDD,2013J,598052,P2,F1,0.0,0.43671942
DDD,2013J,598064,P2,F1,0.0,0.4549249
DDD,2013J,598089,P2,F1,1.0,0.6083637
DDD,2013J,598123,P2,F1,1.0,0.6376878
DDD,2013J,598246,P2,F1,0.0,0.41866675
DDD,2013J,598323,P2,F1,1.0,0.632729
DDD,2013J,598501,P2,F1,0.0,0.48709947
DDD,2013J,598516,P2,F1,0.0,0.40442532
DDD,2013J,598536,P2,F1,1.0,0.60349107
DDD,2013J,598637,P2,F1,0.0,0.42784056
DDD,2013J,598650,P2,F1,1.0,0.6414913
DDD,2013J,598664,P2,F1,0.0,0.47219476
DDD,2013J,598665,P2,F1,0.0,0.4769501
DDD,2013J,598701,P2,F1,1.0,0.6324793
DDD,2013J,598842,P2,F1,1.0,0.6405693
DDD,2013J,598860,P2,F1,0.0,0.40363595
DDD,2013J,598949,P2,F1,1.0,0.6414913
DDD,2013J,598989,P2,F1,0.0,0.42997634
DDD,2013J,599049,P2,F1,0.0,0.46397594
DDD,2013J,599068,P2,F1,0.0,0.39597416
DDD,2013J,599109,P2,F1,0.0,0.3964423
DDD,2013J,599146,P2,F1,0.0,0.4562851
DDD,2013J,599169,P2,F1,0.0,0.6400902
DDD,2013J,599177,P2,F1,0.0,0.4891887
DDD,2013J,599206,P2,F1,1.0,0.59285927
DDD,2013J,599314,P2,F1,0.0,0.48228773
DDD,2013J,599425,P2,F1,0.0,0.48334423
DDD,2013J,599577,P2,F1,0.0,0.39793164
DDD,2013J,599585,P2,F1,0.0,0.4664986
DDD,2013J,599615,P2,F1,1.0,0.6375803
DDD,2013J,599655,P2,F1,1.0,0.638613
DDD,2013J,599658,P2,F1,1.0,0.6405693
DDD,2013J,599711,P2,F1,1.0,0.6000168
DDD,2013J,599725,P2,F1,0.0,0.44149777
DDD,2013J,599737,P2,F1,0.0,0.41686028
DDD,2013J,599741,P2,F1,1.0,0.6108059
DDD,2013J,599742,P2,F1,1.0,0.5096471
DDD,2013J,599837,P2,F1,1.0,0.63533175
DDD,2013J,599854,P2,F1,0.0,0.555281
DDD,2013J,599947,P2,F1,0.0,0.43526793
DDD,2013J,600067,P2,F1,0.0,0.39451295
DDD,2013J,600094,P2,F1,1.0,0.47271365
DDD,2013J,600242,P2,F1,0.0,0.50076044
DDD,2013J,600365,P2,F1,0.0,0.5587453
DDD,2013J,600478,P2,F1,0.0,0.42927518
DDD,2013J,600635,P2,F1,0.0,0.40202627
DDD,2013J,600648,P2,F1,1.0,0.52519065
DDD,2013J,600671,P2,F1,0.0,0.4341463
DDD,2013J,600686,P2,F1,0.0,0.43514812
DDD,2013J,600796,P2,F1,0.0,0.42105466
DDD,2013J,600817,P2,F1,0.0,0.40346837
DDD,2013J,600859,P2,F1,1.0,0.63341016
DDD,2013J,600963,P2,F1,1.0,0.5658968
DDD,2013J,601048,P2,F1,1.0,0.49410796
DDD,2013J,601088,P2,F1,1.0,0.52417344
DDD,2013J,601092,P2,F1,0.0,0.41874284
DDD,2013J,601133,P2,F1,1.0,0.48669925
DDD,2013J,601204,P2,F1,1.0,0.57301766
DDD,2013J,601230,P2,F1,0.0,0.58900905
DDD,2013J,601234,P2,F1,0.0,0.4742126
DDD,2013J,601263,P2,F1,0.0,0.47570282
DDD,2013J,601286,P2,F1,1.0,0.42049488
DDD,2013J,601289,P2,F1,1.0,0.6363064
DDD,2013J,601293,P2,F1,0.0,0.45735103
DDD,2013J,601310,P2,F1,1.0,0.623631
DDD,2013J,601380,P2,F1,0.0,0.5275631
DDD,2013J,601467,P2,F1,1.0,0.5150339
DDD,2013J,601566,P2,F1,0.0,0.39983138
DDD,2013J,601579,P2,F1,0.0,0.43448266
DDD,2013J,601731,P2,F1,1.0,0.6414913
DDD,2013J,601857,P2,F1,0.0,0.43888953
DDD,2013J,602302,P2,F1,0.0,0.4428067
DDD,2013J,602312,P2,F1,1.0,0.6361726
DDD,2013J,602356,P2,F1,0.0,0.48845404
DDD,2013J,602404,P2,F1,0.0,0.43212548
DDD,2013J,602452,P2,F1,1.0,0.6376878
DDD,2013J,602453,P2,F1,1.0,0.5579275
DDD,2013J,602595,P2,F1,0.0,0.42827252
DDD,2013J,602725,P2,F1,1.0,0.5077815
DDD,2013J,602729,P2,F1,1.0,0.5286828
DDD,2013J,602783,P2,F1,0.0,0.39402893
DDD,2013J,602856,P2,F1,0.0,0.39456856
DDD,2013J,602902,P2,F1,0.0,0.48206478
DDD,2013J,602986,P2,F1,1.0,0.6414913
DDD,2013J,603034,P2,F1,0.0,0.428448
DDD,2013J,603049,P2,F1,0.0,0.4763588
DDD,2013J,603302,P2,F1,1.0,0.6226161
DDD,2013J,603325,P2,F1,0.0,0.40709588
DDD,2013J,603410,P2,F1,1.0,0.49289498
DDD,2013J,603431,P2,F1,0.0,0.48249444
DDD,2013J,603469,P2,F1,1.0,0.5377702
DDD,2013J,603498,P2,F1,1.0,0.5036377
DDD,2013J,603513,P2,F1,0.0,0.41459653
DDD,2013J,603730,P2,F1,1.0,0.6405693
DDD,2013J,603803,P2,F1,1.0,0.4323014
DDD,2013J,604055,P2,F1,0.0,0.50057095
DDD,2013J,604072,P2,F1,0.0,0.40505874
DDD,2013J,604156,P2,F1,0.0,0.4078555
DDD,2013J,604281,P2,F1,0.0,0.41579247
DDD,2013J,604317,P2,F1,0.0,0.53006405
DDD,2013J,604462,P2,F1,1.0,0.61493033
DDD,2013J,604546,P2,F1,1.0,0.6414913
DDD,2013J,604559,P2,F1,1.0,0.54006207
DDD,2013J,604574,P2,F1,1.0,0.45524138
DDD,2013J,604627,P2,F1,0.0,0.5019398
DDD,2013J,604641,P2,F1,1.0,0.6414913
DDD,2013J,604655,P2,F1,1.0,0.632729
DDD,2013J,604692,P2,F1,1.0,0.5401706
DDD,2013J,604723,P2,F1,0.0,0.5069511
DDD,2013J,604854,P2,F1,0.0,0.4023605
DDD,2013J,604952,P2,F1,1.0,0.6414913
DDD,2013J,605070,P2,F1,1.0,0.6226161
DDD,2013J,605105,P2,F1,1.0,0.56756705
DDD,2013J,605118,P2,F1,1.0,0.53208256
DDD,2013J,605144,P2,F1,0.0,0.42274064
DDD,2013J,605191,P2,F1,1.0,0.6414913
DDD,2013J,605245,P2,F1,1.0,0.41197067
DDD,2013J,605266,P2,F1,0.0,0.40935066
DDD,2013J,605313,P2,F1,1.0,0.6055948
DDD,2013J,605476,P2,F1,0.0,0.48727614
DDD,2013J,605540,P2,F1,0.0,0.39053008
DDD,2013J,605561,P2,F1,1.0,0.5016662
DDD,2013J,605652,P2,F1,1.0,0.6414913
DDD,2013J,605703,P2,F1,0.0,0.51573104
DDD,2013J,605859,P2,F1,1.0,0.45303842
DDD,2013J,605885,P2,F1,1.0,0.484931
DDD,2013J,605941,P2,F1,0.0,0.43838465
DDD,2013J,606082,P2,F1,0.0,0.45173788
DDD,2013J,606270,P2,F1,1.0,0.6414913
DDD,2013J,606319,P2,F1,0.0,0.50134826
DDD,2013J,606322,P2,F1,0.0,0.42950162
DDD,2013J,606344,P2,F1,0.0,0.5213721
DDD,2013J,606492,P2,F1,1.0,0.63562745
DDD,2013J,606513,P2,F1,1.0,0.6414913
DDD,2013J,606593,P2,F1,1.0,0.5387776
DDD,2013J,606665,P2,F1,0.0,0.43364078
DDD,2013J,606788,P2,F1,0.0,0.40924677
DDD,2013J,606908,P2,F1,0.0,0.44788986
DDD,2013J,607061,P2,F1,0.0,0.47390032
DDD,2013J,607073,P2,F1,0.0,0.5129848
DDD,2013J,607110,P2,F1,1.0,0.5041376
DDD,2013J,607151,P2,F1,0.0,0.46842346
DDD,2013J,607196,P2,F1,0.0,0.5271505
DDD,2013J,607231,P2,F1,1.0,0.6166584
DDD,2013J,607316,P2,F1,0.0,0.45597437
DDD,2013J,607427,P2,F1,1.0,0.63720703
DDD,2013J,607485,P2,F1,0.0,0.4257817
DDD,2013J,607498,P2,F1,1.0,0.4405409
DDD,2013J,607555,P2,F1,0.0,0.502349
DDD,2013J,607622,P2,F1,1.0,0.5226687
DDD,2013J,607670,P2,F1,1.0,0.49444312
DDD,2013J,607800,P2,F1,0.0,0.49111214
DDD,2013J,607854,P2,F1,1.0,0.44498235
DDD,2013J,607900,P2,F1,0.0,0.39068094
DDD,2013J,607927,P2,F1,0.0,0.621592
DDD,2013J,607966,P2,F1,1.0,0.45261887
DDD,2013J,608062,P2,F1,0.0,0.5769157
DDD,2013J,608178,P2,F1,1.0,0.6271583
DDD,2013J,608206,P2,F1,1.0,0.5717128
DDD,2013J,608217,P2,F1,0.0,0.40695792
DDD,2013J,608238,P2,F1,0.0,0.4374484
DDD,2013J,608267,P2,F1,0.0,0.48983285
DDD,2013J,608284,P2,F1,1.0,0.42622936
DDD,2013J,608417,P2,F1,0.0,0.49391234
DDD,2013J,608449,P2,F1,0.0,0.4104866
DDD,2013J,608630,P2,F1,1.0,0.5840313
DDD,2013J,608638,P2,F1,1.0,0.43365678
DDD,2013J,608643,P2,F1,0.0,0.440021
DDD,2013J,608733,P2,F1,0.0,0.47587502
DDD,2013J,608745,P2,F1,0.0,0.40336767
DDD,2013J,608815,P2,F1,0.0,0.44190392
DDD,2013J,608923,P2,F1,0.0,0.5968115
DDD,2013J,608983,P2,F1,0.0,0.4096525
DDD,2013J,609031,P2,F1,0.0,0.46729028
DDD,2013J,609044,P2,F1,1.0,0.48136216
DDD,2013J,609089,P2,F1,1.0,0.6405693
DDD,2013J,609242,P2,F1,1.0,0.57629323
DDD,2013J,609480,P2,F1,1.0,0.6414913
DDD,2013J,609488,P2,F1,1.0,0.56747514
DDD,2013J,609593,P2,F1,0.0,0.5066417
DDD,2013J,609797,P2,F1,1.0,0.61143523
DDD,2013J,609932,P2,F1,0.0,0.5092071
DDD,2013J,609969,P2,F1,0.0,0.46804866
DDD,2013J,610019,P2,F1,0.0,0.487592
DDD,2013J,610106,P2,F1,1.0,0.638613
DDD,2013J,610170,P2,F1,1.0,0.5363136
DDD,2013J,610220,P2,F1,0.0,0.49001107
DDD,2013J,610257,P2,F1,0.0,0.39202583
DDD,2013J,610279,P2,F1,0.0,0.46926597
DDD,2013J,610393,P2,F1,1.0,0.6414913
DDD,2013J,610402,P2,F1,1.0,0.6167272
DDD,2013J,610469,P2,F1,1.0,0.45438904
DDD,2013J,610537,P2,F1,1.0,0.6165878
DDD,2013J,610595,P2,F1,0.0,0.4661675
DDD,2013J,610603,P2,F1,0.0,0.54976654
DDD,2013J,610701,P2,F1,1.0,0.60139173
DDD,2013J,610830,P2,F1,1.0,0.6414913
DDD,2013J,610838,P2,F1,1.0,0.6414913
DDD,2013J,610870,P2,F1,0.0,0.53651476
DDD,2013J,611162,P2,F1,0.0,0.45148253
DDD,2013J,611244,P2,F1,1.0,0.5162802
DDD,2013J,611259,P2,F1,0.0,0.5716557
DDD,2013J,611271,P2,F1,1.0,0.44453678
DDD,2013J,611284,P2,F1,0.0,0.4111315
DDD,2013J,611408,P2,F1,0.0,0.6361726
DDD,2013J,611418,P2,F1,1.0,0.51172644
DDD,2013J,611464,P2,F1,0.0,0.45465654
DDD,2013J,611478,P2,F1,0.0,0.4155084
DDD,2013J,611593,P2,F1,0.0,0.39346626
DDD,2013J,925553,P2,F1,1.0,0.6322405
DDD,2013J,983970,P2,F1,0.0,0.52010715
DDD,2013J,1080206,P2,F1,0.0,0.41921726
DDD,2013J,1103608,P2,F1,0.0,0.40288156
DDD,2013J,1187586,P2,F1,0.0,0.4540812
DDD,2013J,1282596,P2,F1,1.0,0.4470247
DDD,2013J,1345808,P2,F1,0.0,0.5107211
DDD,2013J,1346966,P2,F1,1.0,0.58346635
DDD,2013J,1355699,P2,F1,0.0,0.62342
DDD,2013J,1375851,P2,F1,0.0,0.45098093
DDD,2013J,1440467,P2,F1,0.0,0.51759595
DDD,2013J,1442991,P2,F1,0.0,0.513241
DDD,2013J,1449692,P2,F1,0.0,0.4066542
DDD,2013J,1485105,P2,F1,1.0,0.6376289
DDD,2013J,1497480,P2,F1,1.0,0.5066332
DDD,2013J,1507503,P2,F1,0.0,0.45598522
DDD,2013J,1509881,P2,F1,1.0,0.63524467
DDD,2013J,1522631,P2,F1,1.0,0.4736444
DDD,2013J,1530521,P2,F1,0.0,0.4665624
DDD,2013J,1563203,P2,F1,1.0,0.6363064
DDD,2013J,1564630,P2,F1,0.0,0.63179743
DDD,2013J,1569426,P2,F1,0.0,0.40267053
DDD,2013J,1580084,P2,F1,1.0,0.5225893
DDD,2013J,1581243,P2,F1,0.0,0.5065553
DDD,2013J,1610188,P2,F1,1.0,0.6374504
DDD,2013J,1644266,P2,F1,1.0,0.5741479
DDD,2013J,1644568,P2,F1,1.0,0.6414913
DDD,2013J,1678800,P2,F1,0.0,0.55420554
DDD,2013J,1679727,P2,F1,0.0,0.4273813
DDD,2013J,1679862,P2,F1,1.0,0.49453703
DDD,2013J,1684787,P2,F1,1.0,0.42426774
DDD,2013J,1687996,P2,F1,1.0,0.61982656
DDD,2013J,1689069,P2,F1,0.0,0.40124497
DDD,2013J,1713615,P2,F1,0.0,0.451489
DDD,2013J,1716492,P2,F1,1.0,0.44259018
DDD,2013J,1721891,P2,F1,1.0,0.50550795
DDD,2013J,1723019,P2,F1,1.0,0.43211088
DDD,2013J,1753235,P2,F1,1.0,0.49815333
DDD,2013J,1756165,P2,F1,0.0,0.40240365
DDD,2013J,1766513,P2,F1,0.0,0.507325
DDD,2013J,1777511,P2,F1,0.0,0.5058449
DDD,2013J,1782581,P2,F1,1.0,0.4640663
DDD,2013J,1818677,P2,F1,1.0,0.39823592
DDD,2013J,1819994,P2,F1,0.0,0.39294335
DDD,2013J,1830562,P2,F1,1.0,0.63341016
DDD,2013J,1835411,P2,F1,0.0,0.4010511
DDD,2013J,1847481,P2,F1,0.0,0.46928772
DDD,2013J,1868389,P2,F1,1.0,0.619434
DDD,2013J,1874363,P2,F1,0.0,0.44328687
DDD,2013J,1877732,P2,F1,1.0,0.6363064
DDD,2013J,1887928,P2,F1,0.0,0.470198
DDD,2013J,1894634,P2,F1,0.0,0.6324793
DDD,2013J,1901764,P2,F1,1.0,0.6241254
DDD,2013J,1903131,P2,F1,1.0,0.6332644
DDD,2013J,1903477,P2,F1,0.0,0.41072628
DDD,2013J,1913872,P2,F1,1.0,0.42028043
DDD,2013J,1935774,P2,F1,1.0,0.6374504
DDD,2013J,1957728,P2,F1,1.0,0.6331454
DDD,2013J,1963677,P2,F1,0.0,0.45096192
DDD,2013J,1982833,P2,F1,1.0,0.4273848
DDD,2013J,2014252,P2,F1,1.0,0.5695363
DDD,2013J,2032057,P2,F1,0.0,0.41470107
DDD,2013J,2032882,P2,F1,1.0,0.6414913
DDD,2013J,2034802,P2,F1,0.0,0.43318287
DDD,2013J,2039190,P2,F1,0.0,0.40356225
DDD,2013J,2039810,P2,F1,1.0,0.4056711
DDD,2013J,2043916,P2,F1,1.0,0.54776436
DDD,2013J,2045139,P2,F1,1.0,0.5894906
DDD,2013J,2068627,P2,F1,1.0,0.5508302
DDD,2013J,2082180,P2,F1,1.0,0.5195571
DDD,2013J,2089582,P2,F1,0.0,0.40514976
DDD,2013J,2094546,P2,F1,1.0,0.6414913
DDD,2013J,2098405,P2,F1,0.0,0.39301708
DDD,2013J,2112088,P2,F1,0.0,0.5044709
DDD,2013J,2134578,P2,F1,1.0,0.6414913
DDD,2013J,2157412,P2,F1,0.0,0.40894696
DDD,2013J,2175266,P2,F1,1.0,0.5411495
DDD,2013J,2195479,P2,F1,1.0,0.49139035
DDD,2013J,2198952,P2,F1,0.0,0.4160121
DDD,2013J,2198970,P2,F1,1.0,0.44065088
DDD,2013J,2202076,P2,F1,0.0,0.47300225
DDD,2013J,2204293,P2,F1,0.0,0.4716922
DDD,2013J,2215898,P2,F1,0.0,0.4304802
DDD,2013J,2221869,P2,F1,1.0,0.6324793
DDD,2013J,2232218,P2,F1,0.0,0.6414913
DDD,2013J,2239650,P2,F1,0.0,0.4231637
DDD,2013J,2252750,P2,F1,0.0,0.5113295
DDD,2013J,2253576,P2,F1,1.0,0.638613
DDD,2013J,2281870,P2,F1,1.0,0.6374504
DDD,2013J,2282040,P2,F1,0.0,0.43182653
DDD,2013J,2284294,P2,F1,0.0,0.40989077
DDD,2013J,2288599,P2,F1,1.0,0.6345581
DDD,2013J,2289847,P2,F1,0.0,0.4583462
DDD,2013J,2292724,P2,F1,0.0,0.51090896
DDD,2013J,2296163,P2,F1,0.0,0.4758575
DDD,2013J,2305957,P2,F1,1.0,0.63537866
DDD,2013J,2314761,P2,F1,1.0,0.3904572
DDD,2013J,2325606,P2,F1,1.0,0.6345581
DDD,2013J,2327045,P2,F1,0.0,0.3936566
DDD,2013J,2327472,P2,F1,0.0,0.43210134
DDD,2013J,2336922,P2,F1,1.0,0.48370066
DDD,2013J,2337441,P2,F1,1.0,0.5271717
DDD,2013J,2339150,P2,F1,1.0,0.6414913
DDD,2013J,2340230,P2,F1,0.0,0.42355865
DDD,2013J,2340786,P2,F1,0.0,0.40095904
DDD,2013J,2342399,P2,F1,0.0,0.48949826
DDD,2013J,2355555,P2,F1,1.0,0.61893106
DDD,2013J,2356801,P2,F1,0.0,0.44509345
DDD,2013J,2358707,P2,F1,0.0,0.39630663
DDD,2013J,2359191,P2,F1,0.0,0.43212208
DDD,2013J,2365438,P2,F1,1.0,0.6363064
DDD,2013J,2366024,P2,F1,1.0,0.4058514
DDD,2013J,2375123,P2,F1,0.0,0.5375515
DDD,2013J,2375627,P2,F1,0.0,0.4938753
DDD,2013J,2377769,P2,F1,0.0,0.42333144
DDD,2013J,2382048,P2,F1,0.0,0.39756963
DDD,2013J,2383036,P2,F1,0.0,0.49171206
DDD,2013J,2388030,P2,F1,1.0,0.49780726
DDD,2013J,2404530,P2,F1,1.0,0.5185332
DDD,2013J,2411981,P2,F1,1.0,0.61986756
DDD,2013J,2416024,P2,F1,1.0,0.483172
DDD,2013J,2421961,P2,F1,1.0,0.57907337
DDD,2013J,2430070,P2,F1,0.0,0.40768445
DDD,2013J,2430405,P2,F1,0.0,0.4792248
DDD,2013J,2434369,P2,F1,0.0,0.42965543
DDD,2013J,2437065,P2,F1,0.0,0.63628024
DDD,2013J,2446109,P2,F1,0.0,0.49426517
DDD,2013J,2452902,P2,F1,1.0,0.5116793
DDD,2013J,2457907,P2,F1,0.0,0.4569958
DDD,2013J,2461936,P2,F1,0.0,0.587157
DDD,2013J,2462628,P2,F1,0.0,0.4018803
DDD,2013J,2472145,P2,F1,0.0,0.51123077
DDD,2013J,2473456,P2,F1,0.0,0.47166908
DDD,2013J,2474436,P2,F1,1.0,0.5372892
DDD,2013J,2477052,P2,F1,0.0,0.43787745
DDD,2013J,2477792,P2,F1,1.0,0.41235816
DDD,2013J,2479086,P2,F1,1.0,0.6376878
DDD,2013J,2485582,P2,F1,0.0,0.42484978
DDD,2013J,2486769,P2,F1,1.0,0.50740814
DDD,2013J,2494999,P2,F1,1.0,0.45247388
DDD,2013J,2495352,P2,F1,1.0,0.6376878
DDD,2013J,2505859,P2,F1,0.0,0.39899212
DDD,2013J,2520868,P2,F1,0.0,0.44616106
DDD,2013J,2522932,P2,F1,1.0,0.5201647
DDD,2013J,2539092,P2,F1,1.0,0.6414913
DDD,2013J,2540195,P2,F1,1.0,0.5706796
DDD,2013J,2542803,P2,F1,1.0,0.5160441
DDD,2013J,2546792,P2,F1,1.0,0.59004706
DDD,2013J,2546976,P2,F1,1.0,0.5898838
DDD,2013J,2547032,P2,F1,1.0,0.6170202
DDD,2013J,2550054,P2,F1,1.0,0.48643667
DDD,2013J,2552672,P2,F1,0.0,0.4069638
DDD,2013J,2554973,P2,F1,1.0,0.63628024
DDD,2013J,2555596,P2,F1,0.0,0.44090596
DDD,2013J,2556345,P2,F1,1.0,0.4414256
DDD,2013J,2560868,P2,F1,0.0,0.44228244
DDD,2013J,2561282,P2,F1,1.0,0.5531606
DDD,2013J,2561811,P2,F1,1.0,0.49723157
DDD,2013J,2569051,P2,F1,1.0,0.6222319
DDD,2013J,2569416,P2,F1,0.0,0.48382163
DDD,2013J,2569653,P2,F1,1.0,0.50970477
DDD,2013J,2570253,P2,F1,0.0,0.40363595
DDD,2013J,2574281,P2,F1,1.0,0.63625956
DDD,2013J,2576298,P2,F1,1.0,0.6345581
DDD,2013J,2577480,P2,F1,1.0,0.46853006
DDD,2013J,2579683,P2,F1,1.0,0.6374504
DDD,2013J,2581779,P2,F1,0.0,0.42032164
DDD,2013J,2581822,P2,F1,0.0,0.45666993
DDD,2013J,2585270,P2,F1,0.0,0.619434
DDD,2013J,2585395,P2,F1,1.0,0.6374504
DDD,2013J,2588379,P2,F1,1.0,0.6414913
DDD,2013J,2588655,P2,F1,1.0,0.54786354
DDD,2013J,2589096,P2,F1,1.0,0.6225466
DDD,2013J,2597673,P2,F1,1.0,0.6363064
DDD,2013J,2602235,P2,F1,1.0,0.5801625
DDD,2013J,2606871,P2,F1,1.0,0.48481554
DDD,2013J,2612561,P2,F1,0.0,0.42687762
DDD,2013J,2613296,P2,F1,0.0,0.4547732
DDD,2013J,2615169,P2,F1,1.0,0.48010176
DDD,2013J,2615761,P2,F1,1.0,0.6414913
DDD,2013J,2618352,P2,F1,1.0,0.45191523
DDD,2013J,2624040,P2,F1,0.0,0.53737235
DDD,2013J,2627449,P2,F1,0.0,0.44341752
DDD,2013J,2631225,P2,F1,1.0,0.5004228
DDD,2013J,2635163,P2,F1,0.0,0.43917203
DDD,2013J,2636885,P2,F1,1.0,0.6376878
DDD,2013J,2639310,P2,F1,0.0,0.4152644
DDD,2013J,2643555,P2,F1,0.0,0.40880513
DDD,2013J,2646291,P2,F1,0.0,0.4170048
DDD,2013J,2648317,P2,F1,1.0,0.5881614
DDD,2013J,2650741,P2,F1,0.0,0.4593794
DDD,2013J,2654602,P2,F1,1.0,0.6324793
DDD,2013J,2658898,P2,F1,0.0,0.44162455
DDD,2013J,2662178,P2,F1,0.0,0.4888097
DDD,2013J,2663010,P2,F1,0.0,0.6374504
DDD,2013J,2668945,P2,F1,1.0,0.63179743
DDD,2013J,2671469,P2,F1,0.0,0.48387823
DDD,2013J,2677097,P2,F1,0.0,0.48583972
DDD,2013J,2681198,P2,F1,1.0,0.4356617
DDD,2013J,2681471,P2,F1,1.0,0.53602487
DDD,2013J,2686578,P2,F1,0.0,0.43184748
DDD,2013J,2688422,P2,F1,1.0,0.5127239
DDD,2013J,2691780,P2,F1,1.0,0.6414913
DDD,2013J,2692186,P2,F1,0.0,0.45360273
DDD,2013J,2695608,P2,F1,0.0,0.40510416
EEE,2013J,26915,P2,F1,1.0,0.6266013
EEE,2013J,35355,P2,F1,0.0,0.6163711
EEE,2013J,42638,P2,F1,0.0,0.62206954
EEE,2013J,43564,P2,F1,0.0,0.6171942
EEE,2013J,54062,P2,F1,0.0,0.623731
EEE,2013J,63112,P2,F1,0.0,0.62081695
EEE,2013J,66713,P2,F1,0.0,0.614536
EEE,2013J,70214,P2,F1,0.0,0.6210694
EEE,2013J,76579,P2,F1,1.0,0.62081796
EEE,2013J,88568,P2,F1,0.0,0.6075471
EEE,2013J,96873,P2,F1,1.0,0.6256729
EEE,2013J,105168,P2,F1,1.0,0.62364614
EEE,2013J,107339,P2,F1,0.0,0.60698175
EEE,2013J,113698,P2,F1,1.0,0.6298577
EEE,2013J,113824,P2,F1,1.0,0.62399006
EEE,2013J,117197,P2,F1,0.0,0.6260131
EEE,2013J,126337,P2,F1,1.0,0.60266703
EEE,2013J,128929,P2,F1,0.0,0.6256729
EEE,2013J,132123,P2,F1,0.0,0.6194009
EEE,2013J,134982,P2,F1,0.0,0.61748105
EEE,2013J,140060,P2,F1,0.0,0.6162341
EEE,2013J,140518,P2,F1,1.0,0.6227412
EEE,2013J,143711,P2,F1,0.0,0.6133494
EEE,2013J,144448,P2,F1,0.0,0.60787773
EEE,2013J,146125,P2,F1,1.0,0.6158466
EEE,2013J,146974,P2,F1,0.0,0.62145877
EEE,2013J,153788,P2,F1,1.0,0.6208949
EEE,2013J,160536,P2,F1,0.0,0.6158227
EEE,2013J,164968,P2,F1,0.0,0.6210951
EEE,2013J,165509,P2,F1,0.0,0.6203297
EEE,2013J,173710,P2,F1,0.0,0.60406005
EEE,2013J,173834,P2,F1,0.0,0.61739385
EEE,2013J,174010,P2,F1,1.0,0.6110518
EEE,2013J,176086,P2,F1,1.0,0.61812294
EEE,2013J,188273,P2,F1,0.0,0.60789984
EEE,2013J,189629,P2,F1,0.0,0.616412
EEE,2013J,191000,P2,F1,1.0,0.6275227
EEE,2013J,195234,P2,F1,1.0,0.6218708
EEE,2013J,197486,P2,F1,0.0,0.60574746
EEE,2013J,200095,P2,F1,0.0,0.61860144
EEE,2013J,202677,P2,F1,0.0,0.6158262
EEE,2013J,205425,P2,F1,0.0,0.6134488
EEE,2013J,227192,P2,F1,0.0,0.6223328
EEE,2013J,233311,P2,F1,0.0,0.61431414
EEE,2013J,233771,P2,F1,0.0,0.61555237
EEE,2013J,234311,P2,F1,0.0,0.6182435
EEE,2013J,238249,P2,F1,1.0,0.63353926
EEE,2013J,242778,P2,F1,0.0,0.62402594
EEE,2013J,242858,P2,F1,0.0,0.61754346
EEE,2013J,245316,P2,F1,1.0,0.6202962
EEE,2013J,245494,P2,F1,0.0,0.6047157
EEE,2013J,245605,P2,F1,0.0,0.61631244
EEE,2013J,246060,P2,F1,0.0,0.6207744
EEE,2013J,248734,P2,F1,1.0,0.63353926
EEE,2013J,250047,P2,F1,0.0,0.6164472
EEE,2013J,255449,P2,F1,1.0,0.62849754
EEE,2013J,259662,P2,F1,0.0,0.44137356
EEE,2013J,265769,P2,F1,0.0,0.6227902
EEE,2013J,266915,P2,F1,1.0,0.6305258
EEE,2013J,269764,P2,F1,0.0,0.6099611
EEE,2013J,270638,P2,F1,0.0,0.617423
EEE,2013J,275162,P2,F1,1.0,0.62060606
EEE,2013J,280017,P2,F1,0.0,0.61739385
EEE,2013J,281656,P2,F1,1.0,0.6243371
EEE,2013J,282585,P2,F1,1.0,0.631175
EEE,2013J,283133,P2,F1,0.0,0.6031159
EEE,2013J,286262,P2,F1,1.0,0.6254297
EEE,2013J,286527,P2,F1,1.0,0.63353926
EEE,2013J,288282,P2,F1,0.0,0.6154845
EEE,2013J,290382,P2,F1,0.0,0.62100303
EEE,2013J,297853,P2,F1,0.0,0.6211433
EEE,2013J,300592,P2,F1,0.0,0.6186251
EEE,2013J,305036,P2,F1,0.0,0.6304232
EEE,2013J,305783,P2,F1,0.0,0.61962414
EEE,2013J,306150,P2,F1,0.0,0.6153569
EEE,2013J,311845,P2,F1,0.0,0.61965597
EEE,2013J,313501,P2,F1,0.0,0.62439054
EEE,2013J,324332,P2,F1,0.0,0.60789984
EEE,2013J,328844,P2,F1,0.0,0.61554486
EEE,2013J,328942,P2,F1,0.0,0.46152434
EEE,2013J,329673,P2,F1,0.0,0.6099381
EEE,2013J,330530,P2,F1,1.0,0.62810576
EEE,2013J,333493,P2,F1,0.0,0.628904
EEE,2013J,333976,P2,F1,1.0,0.6265005
EEE,2013J,334154,P2,F1,0.0,0.6094223
EEE,2013J,336277,P2,F1,1.0,0.63353926
EEE,2013J,336402,P2,F1,0.0,0.6297688
EEE,2013J,338894,P2,F1,0.0,0.6262359
EEE,2013J,339640,P2,F1,0.0,0.60302746
EEE,2013J,339785,P2,F1,0.0,0.6217673
EEE,2013J,342962,P2,F1,0.0,0.605799
EEE,2013J,343543,P2,F1,0.0,0.6212381
EEE,2013J,344676,P2,F1,0.0,0.6161222
EEE,2013J,347518,P2,F1,0.0,0.6209114
EEE,2013J,348351,P2,F1,0.0,0.61986077
EEE,2013J,348655,P2,F1,0.0,0.62333775
EEE,2013J,356568,P2,F1,0.0,0.6062422
EEE,2013J,357493,P2,F1,1.0,0.6316768
EEE,2013J,359590,P2,F1,1.0,0.6184148
EEE,2013J,363939,P2,F1,0.0,0.6201999
EEE,2013J,365222,P2,F1,0.0,0.62496555
EEE,2013J,365405,P2,F1,1.0,0.6259635
EEE,2013J,365762,P2,F1,1.0,0.6322803
EEE,2013J,368483,P2,F1,1.0,0.623286
EEE,2013J,369119,P2,F1,1.0,0.6237988
EEE,2013J,374192,P2,F1,0.0,0.6193399
EEE,2013J,374739,P2,F1,0.0,0.62242985
EEE,2013J,378920,P2,F1,0.0,0.62386566
EEE,2013J,379528,P2,F1,0.0,0.6353074
EEE,2013J,384797,P2,F1,0.0,0.61303157
EEE,2013J,387537,P2,F1,0.0,0.6268511
EEE,2013J,387648,P2,F1,0.0,0.6146248
EEE,2013J,388252,P2,F1,1.0,0.6259835
EEE,2013J,388912,P2,F1,1.0,0.6318005
EEE,2013J,388923,P2,F1,0.0,0.6233145
EEE,2013J,390029,P2,F1,0.0,0.6078585
EEE,2013J,391466,P2,F1,0.0,0.6135631
EEE,2013J,392994,P2,F1,0.0,0.6160542
EEE,2013J,394060,P2,F1,0.0,0.62831956
EEE,2013J,396631,P2,F1,0.0,0.6133494
EEE,2013J,397149,P2,F1,0.0,0.62592417
EEE,2013J,397557,P2,F1,0.0,0.6240433
EEE,2013J,397797,P2,F1,1.0,0.6252402
EEE,2013J,398877,P2,F1,0.0,0.6190593
EEE,2013J,401011,P2,F1,0.0,0.6267726
EEE,2013J,401296,P2,F1,0.0,0.61860144
EEE,2013J,402808,P2,F1,1.0,0.6177249
EEE,2013J,404050,P2,F1,1.0,0.62204134
EEE,2013J,404449,P2,F1,0.0,0.62194026
EEE,2013J,406121,P2,F1,0.0,0.62834436
EEE,2013J,406549,P2,F1,0.0,0.6177741
EEE,2013J,407453,P2,F1,0.0,0.6072248
EEE,2013J,407876,P2,F1,1.0,0.6297688
EEE,2013J,411381,P2,F1,1.0,0.63353926
EEE,2013J,412911,P2,F1,0.0,0.62638307
EEE,2013J,413190,P2,F1,1.0,0.63369435
EEE,2013J,413702,P2,F1,1.0,0.62834436
EEE,2013J,416420,P2,F1,0.0,0.61854434
EEE,2013J,417724,P2,F1,0.0,0.63285744
EEE,2013J,418900,P2,F1,0.0,0.6249612
EEE,2013J,419223,P2,F1,0.0,0.6156741
EEE,2013J,420173,P2,F1,0.0,0.6216998
EEE,2013J,425274,P2,F1,0.0,0.6266981
EEE,2013J,425714,P2,F1,1.0,0.6281957
EEE,2013J,427413,P2,F1,0.0,0.6124607
EEE,2013J,431014,P2,F1,1.0,0.6105481
EEE,2013J,434562,P2,F1,0.0,0.6075471
EEE,2013J,434573,P2,F1,1.0,0.6316522
EEE,2013J,434759,P2,F1,0.0,0.614536
EEE,2013J,435277,P2,F1,0.0,0.4089914
EEE,2013J,438283,P2,F1,1.0,0.6196842
EEE,2013J,440610,P2,F1,0.0,0.6309917
EEE,2013J,441540,P2,F1,0.0,0.6125477
EEE,2013J,441858,P2,F1,0.0,0.6318005
EEE,2013J,442807,P2,F1,0.0,0.61913973
EEE,2013J,442937,P2,F1,1.0,0.628904
EEE,2013J,443181,P2,F1,0.0,0.62251014
EEE,2013J,444403,P2,F1,0.0,0.61773384
EEE,2013J,444925,P2,F1,1.0,0.6262359
EEE,2013J,445972,P2,F1,0.0,0.62006795
EEE,2013J,446324,P2,F1,0.0,0.6168775
EEE,2013J,446397,P2,F1,1.0,0.6192322
EEE,2013J,465392,P2,F1,0.0,0.6271889
EEE,2013J,465564,P2,F1,0.0,0.61924726
EEE,2013J,465619,P2,F1,1.0,0.62481594
EEE,2013J,465777,P2,F1,0.0,0.62426305
EEE,2013J,466961,P2,F1,0.0,0.6297688
EEE,2013J,467302,P2,F1,0.0,0.6162341
EEE,2013J,467363,P2,F1,1.0,0.62299114
EEE,2013J,468902,P2,F1,0.0,0.61898553
EEE,2013J,469113,P2,F1,0.0,0.6099015
EEE,2013J,469281,P2,F1,0.0,0.61124873
EEE,2013J,469959,P2,F1,1.0,0.61631244
EEE,2013J,470534,P2,F1,1.0,0.6275076
EEE,2013J,471580,P2,F1,0.0,0.61920357
EEE,2013J,472087,P2,F1,0.0,0.6041826
EEE,2013J,472290,P2,F1,0.0,0.614536
EEE,2013J,472336,P2,F1,0.0,0.6151937
EEE,2013J,472857,P2,F1,0.0,0.62831956
EEE,2013J,473706,P2,F1,1.0,0.60985065
EEE,2013J,473739,P2,F1,0.0,0.6274153
EEE,2013J,473943,P2,F1,1.0,0.6225812
EEE,2013J,475370,P2,F1,0.0,0.6113221
EEE,2013J,475893,P2,F1,0.0,0.6297688
EEE,2013J,478212,P2,F1,1.0,0.62167174
EEE,2013J,478435,P2,F1,1.0,0.6353074
EEE,2013J,478562,P2,F1,0.0,0.6133494
EEE,2013J,479753,P2,F1,0.0,0.6109739
EEE,2013J,480115,P2,F1,0.0,0.60752594
EEE,2013J,482012,P2,F1,0.0,0.62622774
EEE,2013J,482406,P2,F1,0.0,0.6316522
EEE,2013J,482726,P2,F1,0.0,0.61804885
EEE,2013J,483108,P2,F1,0.0,0.61303157
EEE,2013J,483706,P2,F1,0.0,0.60787773
EEE,2013J,484361,P2,F1,1.0,0.6353074
EEE,2013J,485374,P2,F1,0.0,0.6258843
EEE,2013J,485582,P2,F1,0.0,0.6188856
EEE,2013J,485898,P2,F1,0.0,0.6125193
EEE,2013J,485909,P2,F1,0.0,0.6099252
EEE,2013J,486545,P2,F1,0.0,0.6284223
EEE,2013J,486964,P2,F1,1.0,0.62834436
EEE,2013J,487588,P2,F1,0.0,0.6075471
EEE,2013J,487621,P2,F1,0.0,0.61989784
EEE,2013J,490081,P2,F1,0.0,0.61919534
EEE,2013J,490327,P2,F1,1.0,0.6316522
EEE,2013J,490768,P2,F1,0.0,0.6206876
EEE,2013J,491578,P2,F1,0.0,0.6322803
EEE,2013J,491771,P2,F1,0.0,0.6228819
EEE,2013J,493876,P2,F1,0.0,0.62051284
EEE,2013J,493988,P2,F1,0.0,0.61860144
EEE,2013J,494211,P2,F1,0.0,0.6210151
EEE,2013J,495887,P2,F1,0.0,0.61352783
EEE,2013J,499400,P2,F1,0.0,0.6127863
EEE,2013J,499881,P2,F1,0.0,0.6306945
EEE,2013J,500189,P2,F1,0.0,0.61737406
EEE,2013J,500779,P2,F1,0.0,0.62922645
EEE,2013J,501918,P2,F1,1.0,0.6297688
EEE,2013J,501921,P2,F1,0.0,0.6154063
EEE,2013J,502303,P2,F1,1.0,0.63353926
EEE,2013J,502393,P2,F1,0.0,0.62576044
EEE,2013J,502479,P2,F1,1.0,0.63097036
EEE,2013J,502833,P2,F1,1.0,0.6222249
EEE,2013J,503015,P2,F1,1.0,0.61781573
EEE,2013J,504404,P2,F1,0.0,0.62465
EEE,2013J,504492,P2,F1,0.0,0.6142992
EEE,2013J,505700,P2,F1,0.0,0.6305258
EEE,2013J,505722,P2,F1,0.0,0.6062428
EEE,2013J,505727,P2,F1,0.0,0.6255004
EEE,2013J,506504,P2,F1,0.0,0.6338959
EEE,2013J,506618,P2,F1,1.0,0.61718124
EEE,2013J,507300,P2,F1,1.0,0.6233683
EEE,2013J,507375,P2,F1,0.0,0.48806578
EEE,2013J,507844,P2,F1,0.0,0.6228372
EEE,2013J,508244,P2,F1,0.0,0.6238609
EEE,2013J,508829,P2,F1,1.0,0.63353926
EEE,2013J,509156,P2,F1,1.0,0.62076265
EEE,2013J,509402,P2,F1,1.0,0.63369435
EEE,2013J,510169,P2,F1,1.0,0.63039136
EEE,2013J,510401,P2,F1,0.0,0.62345463
EEE,2013J,510460,P2,F1,0.0,0.6215655
EEE,2013J,510694,P2,F1,0.0,0.624861
EEE,2013J,515774,P2,F1,0.0,0.6041826
EEE,2013J,515821,P2,F1,1.0,0.62496555
EEE,2013J,516047,P2,F1,1.0,0.6260623
EEE,2013J,519684,P2,F1,0.0,0.6135631
EEE,2013J,521542,P2,F1,1.0,0.63353926
EEE,2013J,522484,P2,F1,0.0,0.6288893
EEE,2013J,522994,P2,F1,0.0,0.62439054
EEE,2013J,523169,P2,F1,0.0,0.62589985
EEE,2013J,524631,P2,F1,1.0,0.62405765
EEE,2013J,525246,P2,F1,0.0,0.62854224
EEE,2013J,525703,P2,F1,0.0,0.61974365
EEE,2013J,526073,P2,F1,0.0,0.6153645
EEE,2013J,528021,P2,F1,0.0,0.6218708
EEE,2013J,528083,P2,F1,0.0,0.6179316
EEE,2013J,528961,P2,F1,1.0,0.62849754
EEE,2013J,529509,P2,F1,1.0,0.6222655
EEE,2013J,529512,P2,F1,0.0,0.62024087
EEE,2013J,530172,P2,F1,1.0,0.6338959
EEE,2013J,530360,P2,F1,1.0,0.6179967
EEE,2013J,530765,P2,F1,0.0,0.6297688
EEE,2013J,531097,P2,F1,1.0,0.6297688
EEE,2013J,532491,P2,F1,0.0,0.6130329
EEE,2013J,533012,P2,F1,1.0,0.62251353
EEE,2013J,533311,P2,F1,0.0,0.6176067
EEE,2013J,534371,P2,F1,0.0,0.6133494
EEE,2013J,535259,P2,F1,0.0,0.6186795
EEE,2013J,537929,P2,F1,0.0,0.61860144
EEE,2013J,538040,P2,F1,1.0,0.61518604
EEE,2013J,538887,P2,F1,0.0,0.6338959
EEE,2013J,539063,P2,F1,0.0,0.62021273
EEE,2013J,539695,P2,F1,1.0,0.61943007
EEE,2013J,539775,P2,F1,1.0,0.6316522
EEE,2013J,539990,P2,F1,0.0,0.6338959
EEE,2013J,541040,P2,F1,1.0,0.61992574
EEE,2013J,541174,P2,F1,0.0,0.6228819
EEE,2013J,543417,P2,F1,0.0,0.6274863
EEE,2013J,543474,P2,F1,0.0,0.63353926
EEE,2013J,543576,P2,F1,1.0,0.6276285
EEE,2013J,544383,P2,F1,0.0,0.6238427
EEE,2013J,544791,P2,F1,0.0,0.6226136
EEE,2013J,545740,P2,F1,0.0,0.6124367
EEE,2013J,545758,P2,F1,0.0,0.620715
EEE,2013J,546604,P2,F1,0.0,0.6039813
EEE,2013J,547173,P2,F1,0.0,0.6206064
EEE,2013J,547424,P2,F1,0.0,0.61631244
EEE,2013J,548861,P2,F1,0.0,0.6227488
EEE,2013J,548992,P2,F1,1.0,0.6318005
EEE,2013J,548994,P2,F1,0.0,0.62332535
EEE,2013J,549262,P2,F1,0.0,0.6253535
EEE,2013J,549681,P2,F1,0.0,0.6193572
EEE,2013J,549960,P2,F1,0.0,0.62222475
EEE,2013J,550025,P2,F1,0.0,0.6256206
EEE,2013J,550059,P2,F1,1.0,0.6198149
EEE,2013J,550393,P2,F1,0.0,0.6237913
EEE,2013J,551017,P2,F1,0.0,0.6316522
EEE,2013J,551182,P2,F1,1.0,0.6326557
EEE,2013J,551430,P2,F1,1.0,0.6305258
EEE,2013J,552485,P2,F1,1.0,0.6262359
EEE,2013J,552795,P2,F1,0.0,0.6212381
EEE,2013J,553568,P2,F1,1.0,0.6133494
EEE,2013J,553943,P2,F1,1.0,0.6254415
EEE,2013J,554052,P2,F1,0.0,0.6145061
EEE,2013J,554132,P2,F1,1.0,0.62696993
EEE,2013J,554235,P2,F1,1.0,0.62185097
EEE,2013J,554459,P2,F1,1.0,0.61765426
EEE,2013J,554583,P2,F1,0.0,0.6169646
EEE,2013J,554999,P2,F1,1.0,0.6316522
EEE,2013J,555228,P2,F1,0.0,0.6241
EEE,2013J,555447,P2,F1,0.0,0.6211787
EEE,2013J,556109,P2,F1,0.0,0.62281704
EEE,2013J,556177,P2,F1,0.0,0.616671
EEE,2013J,556211,P2,F1,0.0,0.6195463
EEE,2013J,556231,P2,F1,1.0,0.6257693
EEE,2013J,556450,P2,F1,1.0,0.6283689
EEE,2013J,556521,P2,F1,0.0,0.6186795
EEE,2013J,556645,P2,F1,0.0,0.62004703
EEE,2013J,556709,P2,F1,1.0,0.60925144
EEE,2013J,556742,P2,F1,1.0,0.6221596
EEE,2013J,557147,P2,F1,0.0,0.620284
EEE,2013J,557415,P2,F1,0.0,0.62143874
EEE,2013J,557490,P2,F1,1.0,0.63025945
EEE,2013J,558054,P2,F1,0.0,0.6204629
EEE,2013J,558444,P2,F1,1.0,0.6218708
EEE,2013J,558463,P2,F1,0.0,0.62039137
EEE,2013J,559519,P2,F1,1.0,0.62780476
EEE,2013J,559551,P2,F1,1.0,0.62938076
EEE,2013J,559617,P2,F1,0.0,0.6186099
EEE,2013J,559645,P2,F1,1.0,0.61680377
EEE,2013J,559758,P2,F1,0.0,0.62791353
EEE,2013J,559912,P2,F1,0.0,0.6190593
EEE,2013J,560326,P2,F1,1.0,0.6322803
EEE,2013J,560502,P2,F1,1.0,0.6186795
EEE,2013J,560723,P2,F1,0.0,0.6188236
EEE,2013J,560734,P2,F1,1.0,0.6195463
EEE,2013J,560784,P2,F1,0.0,0.61454237
EEE,2013J,560876,P2,F1,0.0,0.62834436
EEE,2013J,560924,P2,F1,1.0,0.6250921
EEE,2013J,560928,P2,F1,0.0,0.6197093
EEE,2013J,561054,P2,F1,1.0,0.62583643
EEE,2013J,561192,P2,F1,0.0,0.62390214
EEE,2013J,561208,P2,F1,1.0,0.6214559
EEE,2013J,561519,P2,F1,1.0,0.60580426
EEE,2013J,561740,P2,F1,1.0,0.6259835
EEE,2013J,561826,P2,F1,0.0,0.6184224
EEE,2013J,563418,P2,F1,0.0,0.421625
EEE,2013J,563666,P2,F1,0.0,0.62123406
EEE,2013J,563967,P2,F1,0.0,0.6174642
EEE,2013J,563990,P2,F1,1.0,0.62937075
EEE,2013J,564700,P2,F1,0.0,0.6289216
EEE,2013J,564714,P2,F1,0.0,0.6078105
EEE,2013J,564894,P2,F1,0.0,0.62938076
EEE,2013J,565561,P2,F1,1.0,0.63097036
EEE,2013J,565883,P2,F1,0.0,0.606111
EEE,2013J,566071,P2,F1,1.0,0.6305258
EEE,2013J,566201,P2,F1,0.0,0.6067165
EEE,2013J,566310,P2,F1,0.0,0.62006795
EEE,2013J,566664,P2,F1,0.0,0.6111842
EEE,2013J,567752,P2,F1,0.0,0.6241
EEE,2013J,567779,P2,F1,1.0,0.6303005
EEE,2013J,567892,P2,F1,1.0,0.61246216
EEE,2013J,567950,P2,F1,1.0,0.6162341
EEE,2013J,568813,P2,F1,0.0,0.6118772
EEE,2013J,569342,P2,F1,0.0,0.62386566
EEE,2013J,569358,P2,F1,0.0,0.6284223
EEE,2013J,569560,P2,F1,0.0,0.6098921
EEE,2013J,569694,P2,F1,0.0,0.6170516
EEE,2013J,569706,P2,F1,0.0,0.45108366
EEE,2013J,570377,P2,F1,1.0,0.6156336
EEE,2013J,570414,P2,F1,1.0,0.62280947
EEE,2013J,570448,P2,F1,1.0,0.6315624
EEE,2013J,570453,P2,F1,0.0,0.6297688
EEE,2013J,570488,P2,F1,1.0,0.6151843
EEE,2013J,570626,P2,F1,0.0,0.6281957
EEE,2013J,571186,P2,F1,0.0,0.61303157
EEE,2013J,571443,P2,F1,0.0,0.61215925
EEE,2013J,571448,P2,F1,0.0,0.6318005
EEE,2013J,571595,P2,F1,1.0,0.6150574
EEE,2013J,571610,P2,F1,0.0,0.6247334
EEE,2013J,571620,P2,F1,0.0,0.6225373
EEE,2013J,571686,P2,F1,0.0,0.62168276
EEE,2013J,571711,P2,F1,1.0,0.62671864
EEE,2013J,571818,P2,F1,0.0,0.618302
EEE,2013J,571992,P2,F1,1.0,0.6229051
EEE,2013J,572021,P2,F1,1.0,0.62468547
EEE,2013J,572024,P2,F1,0.0,0.61363506
EEE,2013J,572080,P2,F1,1.0,0.6297688
EEE,2013J,572146,P2,F1,1.0,0.6259835
EEE,2013J,572154,P2,F1,1.0,0.6078666
EEE,2013J,572168,P2,F1,1.0,0.6118861
EEE,2013J,572279,P2,F1,1.0,0.6322803
EEE,2013J,572303,P2,F1,0.0,0.61451274
EEE,2013J,572396,P2,F1,0.0,0.62390214
EEE,2013J,572403,P2,F1,1.0,0.63353926
EEE,2013J,572515,P2,F1,0.0,0.6196458
EEE,2013J,572570,P2,F1,0.0,0.6103524
EEE,2013J,572602,P2,F1,0.0,0.6040774
EEE,2013J,572659,P2,F1,1.0,0.628904
EEE,2013J,572891,P2,F1,0.0,0.61619186
EEE,2013J,572944,P2,F1,1.0,0.6197804
EEE,2013J,573110,P2,F1,1.0,0.63369435
EEE,2013J,573153,P2,F1,0.0,0.6081004
EEE,2013J,573200,P2,F1,0.0,0.613169
EEE,2013J,573214,P2,F1,0.0,0.62129974
EEE,2013J,573292,P2,F1,0.0,0.6154063
EEE,2013J,573336,P2,F1,0.0,0.6157235
EEE,2013J,573377,P2,F1,0.0,0.6179453
EEE,2013J,573440,P2,F1,0.0,0.61232287
EEE,2013J,573462,P2,F1,1.0,0.62573564
EEE,2013J,573550,P2,F1,0.0,0.62443393
EEE,2013J,573593,P2,F1,0.0,0.6213761
EEE,2013J,573662,P2,F1,0.0,0.61509347
EEE,2013J,573701,P2,F1,1.0,0.63369435
EEE,2013J,573742,P2,F1,0.0,0.6237988
EEE,2013J,573920,P2,F1,0.0,0.62799793
EEE,2013J,574038,P2,F1,0.0,0.6114411
EEE,2013J,574101,P2,F1,1.0,0.63369435
EEE,2013J,574259,P2,F1,0.0,0.61087185
EEE,2013J,574399,P2,F1,1.0,0.63369435
EEE,2013J,574507,P2,F1,0.0,0.620707
EEE,2013J,574586,P2,F1,0.0,0.6106579
EEE,2013J,574608,P2,F1,0.0,0.60461783
EEE,2013J,574830,P2,F1,0.0,0.60880506
EEE,2013J,574888,P2,F1,1.0,0.63369435
EEE,2013J,574983,P2,F1,0.0,0.6338959
EEE,2013J,575047,P2,F1,0.0,0.6058818
EEE,2013J,575166,P2,F1,0.0,0.6157235
EEE,2013J,575208,P2,F1,1.0,0.6353074
EEE,2013J,575241,P2,F1,0.0,0.60760987
EEE,2013J,575318,P2,F1,1.0,0.62907773
EEE,2013J,575336,P2,F1,0.0,0.6160542
EEE,2013J,575343,P2,F1,1.0,0.6219576
EEE,2013J,575401,P2,F1,0.0,0.62251014
EEE,2013J,575419,P2,F1,1.0,0.62175965
EEE,2013J,575545,P2,F1,0.0,0.6192348
EEE,2013J,575553,P2,F1,0.0,0.6195463
EEE,2013J,575601,P2,F1,1.0,0.6194893
EEE,2013J,575703,P2,F1,0.0,0.61739415
EEE,2013J,575733,P2,F1,0.0,0.6160542
EEE,2013J,575745,P2,F1,0.0,0.604639
EEE,2013J,575762,P2,F1,0.0,0.6228372
EEE,2013J,575763,P2,F1,0.0,0.62589985
EEE,2013J,575764,P2,F1,0.0,0.61631244
EEE,2013J,576036,P2,F1,0.0,0.6199424
EEE,2013J,576191,P2,F1,1.0,0.6213357
EEE,2013J,576202,P2,F1,1.0,0.6250618
EEE,2013J,576292,P2,F1,1.0,0.63369435
EEE,2013J,576405,P2,F1,0.0,0.62149215
EEE,2013J,576439,P2,F1,0.0,0.61693597
EEE,2013J,576481,P2,F1,1.0,0.63369435
EEE,2013J,576516,P2,F1,0.0,0.6168775
EEE,2013J,576606,P2,F1,1.0,0.6195463
EEE,2013J,576631,P2,F1,1.0,0.6318005
EEE,2013J,576750,P2,F1,0.0,0.6184893
EEE,2013J,576909,P2,F1,0.0,0.60578114
EEE,2013J,576962,P2,F1,1.0,0.63321525
EEE,2013J,577148,P2,F1,1.0,0.6172642
EEE,2013J,577235,P2,F1,0.0,0.61756814
EEE,2013J,577352,P2,F1,1.0,0.63369435
EEE,2013J,577427,P2,F1,0.0,0.44909483
EEE,2013J,577551,P2,F1,0.0,0.6174174
EEE,2013J,577560,P2,F1,1.0,0.6221957
EEE,2013J,577686,P2,F1,0.0,0.6217607
EEE,2013J,577735,P2,F1,0.0,0.6047157
EEE,2013J,577784,P2,F1,0.0,0.61893237
EEE,2013J,577887,P2,F1,1.0,0.6297688
EEE,2013J,577995,P2,F1,0.0,0.6160542
EEE,2013J,578000,P2,F1,0.0,0.6224363
EEE,2013J,578034,P2,F1,0.0,0.6154063
EEE,2013J,578056,P2,F1,1.0,0.62874055
EEE,2013J,578438,P2,F1,0.0,0.6289335
EEE,2013J,578450,P2,F1,1.0,0.6204635
EEE,2013J,578472,P2,F1,1.0,0.6233218
EEE,2013J,578623,P2,F1,1.0,0.6268511
EEE,2013J,578654,P2,F1,1.0,0.6269168
EEE,2013J,578725,P2,F1,1.0,0.6213677
EEE,2013J,578736,P2,F1,0.0,0.62242186
EEE,2013J,578820,P2,F1,0.0,0.6139805
EEE,2013J,579011,P2,F1,0.0,0.43199283
EEE,2013J,579027,P2,F1,1.0,0.62143874
EEE,2013J,579130,P2,F1,0.0,0.61971056
EEE,2013J,579199,P2,F1,1.0,0.63369435
EEE,2013J,579206,P2,F1,1.0,0.614536
EEE,2013J,579340,P2,F1,0.0,0.6199309
EEE,2013J,579343,P2,F1,0.0,0.6162341
EEE,2013J,579499,P2,F1,1.0,0.63369435
EEE,2013J,579604,P2,F1,1.0,0.63369435
EEE,2013J,579723,P2,F1,0.0,0.61964864
EEE,2013J,580372,P2,F1,1.0,0.6271889
EEE,2013J,580689,P2,F1,1.0,0.62260145
EEE,2013J,580719,P2,F1,0.0,0.6133494
EEE,2013J,580774,P2,F1,1.0,0.6304232
EEE,2013J,580970,P2,F1,0.0,0.6228819
EEE,2013J,581011,P2,F1,1.0,0.60289174
EEE,2013J,581123,P2,F1,0.0,0.6207419
EEE,2013J,581179,P2,F1,0.0,0.62255555
EEE,2013J,581234,P2,F1,0.0,0.6125193
EEE,2013J,581340,P2,F1,0.0,0.61870575
EEE,2013J,581438,P2,F1,0.0,0.6077791
EEE,2013J,581439,P2,F1,1.0,0.63097036
EEE,2013J,581533,P2,F1,0.0,0.6240433
EEE,2013J,581708,P2,F1,0.0,0.6297688
EEE,2013J,581716,P2,F1,0.0,0.48950443
EEE,2013J,581744,P2,F1,0.0,0.6258772
EEE,2013J,581914,P2,F1,0.0,0.6196649
EEE,2013J,582087,P2,F1,0.0,0.6146394
EEE,2013J,582514,P2,F1,0.0,0.62831956
EEE,2013J,582723,P2,F1,0.0,0.6081879
EEE,2013J,582768,P2,F1,1.0,0.62849754
EEE,2013J,582827,P2,F1,0.0,0.6178033
EEE,2013J,582913,P2,F1,0.0,0.48271596
EEE,2013J,582983,P2,F1,1.0,0.6278626
EEE,2013J,583032,P2,F1,0.0,0.6077791
EEE,2013J,583052,P2,F1,0.0,0.61013806
EEE,2013J,583186,P2,F1,1.0,0.628904
EEE,2013J,583192,P2,F1,0.0,0.6142992
EEE,2013J,583238,P2,F1,0.0,0.6207744
EEE,2013J,583714,P2,F1,0.0,0.6184893
EEE,2013J,583833,P2,F1,1.0,0.63216585
EEE,2013J,583839,P2,F1,1.0,0.61938286
EEE,2013J,583855,P2,F1,0.0,0.6214878
EEE,2013J,583933,P2,F1,1.0,0.6304232
EEE,2013J,584191,P2,F1,0.0,0.6162341
EEE,2013J,584386,P2,F1,0.0,0.6153645
EEE,2013J,584414,P2,F1,0.0,0.6288893
EEE,2013J,584443,P2,F1,0.0,0.61819446
EEE,2013J,584514,P2,F1,1.0,0.62671864
EEE,2013J,584553,P2,F1,0.0,0.628228
EEE,2013J,584567,P2,F1,1.0,0.62937075
EEE,2013J,584913,P2,F1,1.0,0.6297688
EEE,2013J,584923,P2,F1,1.0,0.61469746
EEE,2013J,585011,P2,F1,0.0,0.61881375
EEE,2013J,585279,P2,F1,0.0,0.6162341
EEE,2013J,585433,P2,F1,0.0,0.6171942
EEE,2013J,585455,P2,F1,0.0,0.4153978
EEE,2013J,585464,P2,F1,0.0,0.61209965
EEE,2013J,585471,P2,F1,0.0,0.6072248
EEE,2013J,585681,P2,F1,1.0,0.6061546
EEE,2013J,585758,P2,F1,1.0,0.63369435
EEE,2013J,585769,P2,F1,1.0,0.61861634
EEE,2013J,585837,P2,F1,0.0,0.60094464
EEE,2013J,586046,P2,F1,0.0,0.6271889
EEE,2013J,586047,P2,F1,0.0,0.604639
EEE,2013J,586060,P2,F1,1.0,0.61623865
EEE,2013J,586132,P2,F1,1.0,0.62149215
EEE,2013J,586137,P2,F1,0.0,0.6194009
EEE,2013J,586236,P2,F1,0.0,0.61631244
EEE,2013J,586261,P2,F1,0.0,0.61825365
EEE,2013J,586314,P2,F1,1.0,0.63353926
EEE,2013J,586473,P2,F1,1.0,0.6231596
EEE,2013J,586476,P2,F1,0.0,0.62507457
EEE,2013J,586621,P2,F1,0.0,0.6174174
EEE,2013J,586668,P2,F1,0.0,0.61860144
EEE,2013J,586716,P2,F1,0.0,0.62723994
EEE,2013J,586750,P2,F1,0.0,0.6074254
EEE,2013J,586838,P2,F1,0.0,0.61468065
EEE,2013J,586921,P2,F1,0.0,0.60342383
EEE,2013J,586962,P2,F1,0.0,0.6086863
EEE,2013J,586979,P2,F1,1.0,0.6243933
EEE,2013J,587014,P2,F1,1.0,0.6143105
EEE,2013J,587122,P2,F1,1.0,0.6177741
EEE,2013J,587226,P2,F1,1.0,0.63369435
EEE,2013J,587319,P2,F1,0.0,0.6262359
EEE,2013J,587346,P2,F1,0.0,0.6172642
EEE,2013J,587382,P2,F1,1.0,0.62345463
EEE,2013J,587547,P2,F1,0.0,0.6109739
EEE,2013J,587616,P2,F1,0.0,0.6212381
EEE,2013J,587621,P2,F1,1.0,0.6259835
EEE,2013J,587677,P2,F1,1.0,0.6263711
EEE,2013J,587682,P2,F1,0.0,0.62365186
EEE,2013J,587714,P2,F1,0.0,0.618768
EEE,2013J,587884,P2,F1,1.0,0.6201999
EEE,2013J,587906,P2,F1,0.0,0.40030855
EEE,2013J,587911,P2,F1,0.0,0.6153645
EEE,2013J,588125,P2,F1,0.0,0.6178156
EEE,2013J,588231,P2,F1,0.0,0.6260401
EEE,2013J,588280,P2,F1,0.0,0.6127957
EEE,2013J,588402,P2,F1,0.0,0.62629294
EEE,2013J,588442,P2,F1,0.0,0.6322803
EEE,2013J,588502,P2,F1,0.0,0.6068566
EEE,2013J,588524,P2,F1,0.0,0.61045754
EEE,2013J,588583,P2,F1,1.0,0.6306454
EEE,2013J,588628,P2,F1,0.0,0.6125193
EEE,2013J,588676,P2,F1,0.0,0.61718124
EEE,2013J,588710,P2,F1,0.0,0.44295418
EEE,2013J,588835,P2,F1,0.0,0.63123995
EEE,2013J,588942,P2,F1,1.0,0.6213357
EEE,2013J,589018,P2,F1,1.0,0.6353074
EEE,2013J,589023,P2,F1,1.0,0.6268511
EEE,2013J,589055,P2,F1,1.0,0.6198027
EEE,2013J,589211,P2,F1,0.0,0.61884123
EEE,2013J,589327,P2,F1,0.0,0.61739385
EEE,2013J,589380,P2,F1,0.0,0.6042038
EEE,2013J,589506,P2,F1,1.0,0.6262359
EEE,2013J,589517,P2,F1,1.0,0.61215925
EEE,2013J,589799,P2,F1,1.0,0.62441766
EEE,2013J,589856,P2,F1,1.0,0.6177276
EEE,2013J,589894,P2,F1,0.0,0.61215925
EEE,2013J,589902,P2,F1,0.0,0.60465014
EEE,2013J,590017,P2,F1,0.0,0.6271889
EEE,2013J,590072,P2,F1,1.0,0.6316522
EEE,2013J,590436,P2,F1,1.0,0.623373
EEE,2013J,590626,P2,F1,0.0,0.60580426
EEE,2013J,590744,P2,F1,0.0,0.42302582
EEE,2013J,590877,P2,F1,0.0,0.6158262
EEE,2013J,590882,P2,F1,0.0,0.62186277
EEE,2013J,590961,P2,F1,1.0,0.6130171
EEE,2013J,591021,P2,F1,0.0,0.6074346
EEE,2013J,591165,P2,F1,1.0,0.61839426
EEE,2013J,591375,P2,F1,0.0,0.6194893
EEE,2013J,591388,P2,F1,0.0,0.6154063
EEE,2013J,591424,P2,F1,1.0,0.6197093
EEE,2013J,591566,P2,F1,0.0,0.6187633
EEE,2013J,591719,P2,F1,1.0,0.61860144
EEE,2013J,591869,P2,F1,0.0,0.61860144
EEE,2013J,591942,P2,F1,0.0,0.6201915
EEE,2013J,591944,P2,F1,1.0,0.5299589
EEE,2013J,591958,P2,F1,0.0,0.617291
EEE,2013J,591995,P2,F1,0.0,0.6191808
EEE,2013J,592003,P2,F1,0.0,0.6172937
EEE,2013J,592051,P2,F1,0.0,0.62004703
EEE,2013J,592172,P2,F1,1.0,0.63025945
EEE,2013J,592250,P2,F1,0.0,0.6188771
EEE,2013J,592609,P2,F1,0.0,0.62228984
EEE,2013J,592787,P2,F1,0.0,0.61514467
EEE,2013J,592791,P2,F1,1.0,0.62355024
EEE,2013J,592842,P2,F1,1.0,0.6190982
EEE,2013J,592895,P2,F1,0.0,0.61991024
EEE,2013J,592961,P2,F1,0.0,0.61860144
EEE,2013J,592997,P2,F1,0.0,0.6231209
EEE,2013J,593348,P2,F1,1.0,0.62861115
EEE,2013J,593362,P2,F1,1.0,0.617668
EEE,2013J,593400,P2,F1,1.0,0.62544495
EEE,2013J,593487,P2,F1,0.0,0.62345463
EEE,2013J,593534,P2,F1,0.0,0.62761056
EEE,2013J,593587,P2,F1,0.0,0.62230086
EEE,2013J,593787,P2,F1,1.0,0.6274198
EEE,2013J,593845,P2,F1,1.0,0.6206064
EEE,2013J,593924,P2,F1,0.0,0.61860144
EEE,2013J,594111,P2,F1,0.0,0.6194118
EEE,2013J,594157,P2,F1,0.0,0.6195183
EEE,2013J,594199,P2,F1,0.0,0.62006795
EEE,2013J,594233,P2,F1,1.0,0.6278626
EEE,2013J,594246,P2,F1,1.0,0.6253687
EEE,2013J,594399,P2,F1,0.0,0.6078768
EEE,2013J,594431,P2,F1,0.0,0.61662185
EEE,2013J,594452,P2,F1,1.0,0.6255004
EEE,2013J,594458,P2,F1,1.0,0.6316768
EEE,2013J,594517,P2,F1,0.0,0.63353926
EEE,2013J,594602,P2,F1,1.0,0.62783474
EEE,2013J,594851,P2,F1,1.0,0.6250921
EEE,2013J,594864,P2,F1,1.0,0.61949134
EEE,2013J,594976,P2,F1,0.0,0.6170768
EEE,2013J,595182,P2,F1,0.0,0.4097511
EEE,2013J,595189,P2,F1,0.0,0.6162341
EEE,2013J,595244,P2,F1,0.0,0.6072248
EEE,2013J,595492,P2,F1,0.0,0.6268756
EEE,2013J,595515,P2,F1,1.0,0.63353926
EEE,2013J,595553,P2,F1,0.0,0.6063119
EEE,2013J,595781,P2,F1,0.0,0.62379354
EEE,2013J,595938,P2,F1,0.0,0.6184559
EEE,2013J,596002,P2,F1,1.0,0.47692126
EEE,2013J,596137,P2,F1,1.0,0.6338959
EEE,2013J,596319,P2,F1,0.0,0.60910577
EEE,2013J,596321,P2,F1,1.0,0.6238318
EEE,2013J,596361,P2,F1,0.0,0.62175924
EEE,2013J,596404,P2,F1,1.0,0.63216585
EEE,2013J,596432,P2,F1,1.0,0.61751264
EEE,2013J,596526,P2,F1,0.0,0.62017643
EEE,2013J,596614,P2,F1,1.0,0.6099664
EEE,2013J,596676,P2,F1,1.0,0.61739415
EEE,2013J,596789,P2,F1,0.0,0.6092368
EEE,2013J,596812,P2,F1,0.0,0.62466294
EEE,2013J,596931,P2,F1,1.0,0.61765224
EEE,2013J,597181,P2,F1,1.0,0.63353926
EEE,2013J,597206,P2,F1,0.0,0.62242985
EEE,2013J,597319,P2,F1,0.0,0.6316768
EEE,2013J,597335,P2,F1,0.0,0.6297688
EEE,2013J,597363,P2,F1,0.0,0.62163925
EEE,2013J,597376,P2,F1,0.0,0.6043159
EEE,2013J,597459,P2,F1,0.0,0.61131847
EEE,2013J,597573,P2,F1,0.0,0.6318005
EEE,2013J,597948,P2,F1,0.0,0.614541
EEE,2013J,598028,P2,F1,0.0,0.6142992
EEE,2013J,598074,P2,F1,0.0,0.61965597
EEE,2013J,598321,P2,F1,0.0,0.61860716
EEE,2013J,598547,P2,F1,1.0,0.6353074
EEE,2013J,598662,P2,F1,0.0,0.62081796
EEE,2013J,598809,P2,F1,1.0,0.6223328
EEE,2013J,598819,P2,F1,1.0,0.6226453
EEE,2013J,598924,P2,F1,1.0,0.6318005
EEE,2013J,598963,P2,F1,0.0,0.6141661
EEE,2013J,598973,P2,F1,0.0,0.6164472
EEE,2013J,599176,P2,F1,0.0,0.6142992
EEE,2013J,599284,P2,F1,1.0,0.6256256
EEE,2013J,599452,P2,F1,0.0,0.6271889
EEE,2013J,599478,P2,F1,0.0,0.6164469
EEE,2013J,599479,P2,F1,0.0,0.6318005
EEE,2013J,599542,P2,F1,1.0,0.62734336
EEE,2013J,599588,P2,F1,1.0,0.61739385
EEE,2013J,599768,P2,F1,0.0,0.6234776
EEE,2013J,599893,P2,F1,1.0,0.62005496
EEE,2013J,599902,P2,F1,0.0,0.62481594
EEE,2013J,599942,P2,F1,1.0,0.6228901
EEE,2013J,599958,P2,F1,0.0,0.61860144
EEE,2013J,600071,P2,F1,0.0,0.41717383
EEE,2013J,600077,P2,F1,1.0,0.6353074
EEE,2013J,600127,P2,F1,1.0,0.62638307
EEE,2013J,600142,P2,F1,0.0,0.6261325
EEE,2013J,600187,P2,F1,0.0,0.62183386
EEE,2013J,600198,P2,F1,0.0,0.6042038
EEE,2013J,600335,P2,F1,0.0,0.6284223
EEE,2013J,600350,P2,F1,0.0,0.61466247
EEE,2013J,600509,P2,F1,0.0,0.6318005
EEE,2013J,600547,P2,F1,0.0,0.61860144
EEE,2013J,600816,P2,F1,1.0,0.6288341
EEE,2013J,600869,P2,F1,0.0,0.6338959
EEE,2013J,600916,P2,F1,1.0,0.62171715
EEE,2013J,600938,P2,F1,0.0,0.6133494
EEE,2013J,600945,P2,F1,0.0,0.41513073
EEE,2013J,601054,P2,F1,1.0,0.62780476
EEE,2013J,601157,P2,F1,1.0,0.6263517
EEE,2013J,601175,P2,F1,0.0,0.616671
EEE,2013J,601182,P2,F1,0.0,0.6062821
EEE,2013J,601223,P2,F1,1.0,0.6338959
EEE,2013J,601224,P2,F1,0.0,0.61098015
EEE,2013J,601248,P2,F1,1.0,0.6283723
EEE,2013J,601407,P2,F1,1.0,0.632316
EEE,2013J,601433,P2,F1,1.0,0.62783474
EEE,2013J,601653,P2,F1,0.0,0.62573564
EEE,2013J,601757,P2,F1,0.0,0.60634786
EEE,2013J,601827,P2,F1,1.0,0.61662173
EEE,2013J,601873,P2,F1,0.0,0.6238425
EEE,2013J,602007,P2,F1,0.0,0.6135631
EEE,2013J,602133,P2,F1,0.0,0.62206954
EEE,2013J,602233,P2,F1,0.0,0.6164472
EEE,2013J,602244,P2,F1,1.0,0.63097036
EEE,2013J,602268,P2,F1,0.0,0.6135631
EEE,2013J,602269,P2,F1,0.0,0.6260623
EEE,2013J,602275,P2,F1,0.0,0.6078666
EEE,2013J,602288,P2,F1,0.0,0.61773384
EEE,2013J,602389,P2,F1,1.0,0.6177823
EEE,2013J,602398,P2,F1,1.0,0.6156938
EEE,2013J,602424,P2,F1,0.0,0.6210632
EEE,2013J,602663,P2,F1,0.0,0.61943007
EEE,2013J,602703,P2,F1,0.0,0.6142992
EEE,2013J,602718,P2,F1,0.0,0.62603235
EEE,2013J,602816,P2,F1,1.0,0.6231596
EEE,2013J,602827,P2,F1,0.0,0.61819226
EEE,2013J,602944,P2,F1,1.0,0.6292756
EEE,2013J,603053,P2,F1,1.0,0.63353926
EEE,2013J,603222,P2,F1,0.0,0.6223328
EEE,2013J,603309,P2,F1,0.0,0.61677116
EEE,2013J,603455,P2,F1,0.0,0.62077206
EEE,2013J,603477,P2,F1,0.0,0.61773384
EEE,2013J,603503,P2,F1,0.0,0.62337095
EEE,2013J,603565,P2,F1,1.0,0.6305258
EEE,2013J,603639,P2,F1,0.0,0.6078105
EEE,2013J,604050,P2,F1,0.0,0.620284
EEE,2013J,604378,P2,F1,0.0,0.62047595
EEE,2013J,604393,P2,F1,0.0,0.62131506
EEE,2013J,604517,P2,F1,0.0,0.6141134
EEE,2013J,604685,P2,F1,0.0,0.607113
EEE,2013J,604906,P2,F1,0.0,0.624359
EEE,2013J,605111,P2,F1,0.0,0.6068291
EEE,2013J,605180,P2,F1,1.0,0.6214878
EEE,2013J,605264,P2,F1,0.0,0.62246364
EEE,2013J,605361,P2,F1,0.0,0.4135094
EEE,2013J,605480,P2,F1,1.0,0.6225969
EEE,2013J,605545,P2,F1,1.0,0.62573564
EEE,2013J,605587,P2,F1,1.0,0.6204212
EEE,2013J,605908,P2,F1,1.0,0.63245106
EEE,2013J,606047,P2,F1,0.0,0.41141275
EEE,2013J,606206,P2,F1,0.0,0.616671
EEE,2013J,606373,P2,F1,0.0,0.6142498
EEE,2013J,606606,P2,F1,1.0,0.62874055
EEE,2013J,606724,P2,F1,0.0,0.6227756
EEE,2013J,606743,P2,F1,0.0,0.6309917
EEE,2013J,606918,P2,F1,0.0,0.6197585
EEE,2013J,607060,P2,F1,1.0,0.6288341
EEE,2013J,607085,P2,F1,0.0,0.62696993
EEE,2013J,607143,P2,F1,0.0,0.6074346
EEE,2013J,607178,P2,F1,0.0,0.61860144
EEE,2013J,607442,P2,F1,1.0,0.6304232
EEE,2013J,607600,P2,F1,0.0,0.6214942
EEE,2013J,607609,P2,F1,1.0,0.6338959
EEE,2013J,607636,P2,F1,0.0,0.62081796
EEE,2013J,607814,P2,F1,1.0,0.62054914
EEE,2013J,607835,P2,F1,0.0,0.62456125
EEE,2013J,607947,P2,F1,0.0,0.6135631
EEE,2013J,608024,P2,F1,0.0,0.6064373
EEE,2013J,608130,P2,F1,0.0,0.62646174
EEE,2013J,608243,P2,F1,0.0,0.6247852
EEE,2013J,608459,P2,F1,1.0,0.6211188
EEE,2013J,608472,P2,F1,0.0,0.6307492
EEE,2013J,608504,P2,F1,0.0,0.61662173
EEE,2013J,608669,P2,F1,1.0,0.62247676
EEE,2013J,608744,P2,F1,0.0,0.60634786
EEE,2013J,608884,P2,F1,0.0,0.62228894
EEE,2013J,608967,P2,F1,1.0,0.6338959
EEE,2013J,609025,P2,F1,0.0,0.6227683
EEE,2013J,609192,P2,F1,0.0,0.6279856
EEE,2013J,609527,P2,F1,0.0,0.62217784
EEE,2013J,609583,P2,F1,1.0,0.6185522
EEE,2013J,609682,P2,F1,0.0,0.6228496
EEE,2013J,609748,P2,F1,1.0,0.61827147
EEE,2013J,610025,P2,F1,0.0,0.6072248
EEE,2013J,610143,P2,F1,1.0,0.62831956
EEE,2013J,610158,P2,F1,0.0,0.6214485
EEE,2013J,610188,P2,F1,0.0,0.6153645
EEE,2013J,610453,P2,F1,0.0,0.424042
EEE,2013J,610503,P2,F1,0.0,0.6077791
EEE,2013J,610549,P2,F1,0.0,0.61773384
EEE,2013J,610575,P2,F1,0.0,0.62029487
EEE,2013J,610855,P2,F1,0.0,0.6176919
EEE,2013J,610873,P2,F1,0.0,0.61943007
EEE,2013J,610888,P2,F1,1.0,0.6245209
EEE,2013J,610979,P2,F1,1.0,0.6244581
EEE,2013J,611033,P2,F1,0.0,0.6157235
EEE,2013J,611049,P2,F1,0.0,0.6255758
EEE,2013J,611062,P2,F1,1.0,0.6153645
EEE,2013J,611202,P2,F1,0.0,0.6213677
EEE,2013J,611206,P2,F1,1.0,0.6196441
EEE,2013J,611255,P2,F1,0.0,0.41282243
EEE,2013J,611344,P2,F1,0.0,0.6176607
EEE,2013J,611402,P2,F1,0.0,0.6164469
EEE,2013J,611561,P2,F1,1.0,0.6188771
EEE,2013J,611564,P2,F1,0.0,0.62193394
EEE,2013J,611639,P2,F1,1.0,0.61983097
EEE,2013J,612048,P2,F1,0.0,0.63353926
EEE,2013J,612177,P2,F1,0.0,0.6255004
EEE,2013J,612183,P2,F1,0.0,0.607113
EEE,2013J,612187,P2,F1,0.0,0.6164472
EEE,2013J,612191,P2,F1,1.0,0.6254135
EEE,2013J,612199,P2,F1,1.0,0.62426305
EEE,2013J,943374,P2,F1,0.0,0.6192021
EEE,2013J,965763,P2,F1,0.0,0.62800837
EEE,2013J,991843,P2,F1,0.0,0.6154063
EEE,2013J,1053702,P2,F1,0.0,0.6042038
EEE,2013J,1073766,P2,F1,0.0,0.62004703
EEE,2013J,1487084,P2,F1,0.0,0.47450045
EEE,2013J,1529371,P2,F1,1.0,0.6293108
EEE,2013J,1541906,P2,F1,1.0,0.6146394
EEE,2013J,1561750,P2,F1,0.0,0.6150536
EEE,2013J,1567505,P2,F1,0.0,0.61860144
EEE,2013J,1622944,P2,F1,1.0,0.6268511
EEE,2013J,1638548,P2,F1,0.0,0.614536
EEE,2013J,1667346,P2,F1,0.0,0.6171052
EEE,2013J,1725109,P2,F1,0.0,0.6070919
EEE,2013J,1762336,P2,F1,1.0,0.6163332
EEE,2013J,1781834,P2,F1,0.0,0.61860144
EEE,2013J,1837015,P2,F1,1.0,0.6316768
EEE,2013J,1850818,P2,F1,0.0,0.6254415
EEE,2013J,1861793,P2,F1,0.0,0.6231733
EEE,2013J,1896088,P2,F1,1.0,0.61860144
EEE,2013J,1902240,P2,F1,0.0,0.6154063
EEE,2013J,1915408,P2,F1,0.0,0.62364614
EEE,2013J,1924641,P2,F1,0.0,0.62251353
EEE,2013J,1930644,P2,F1,0.0,0.6221596
EEE,2013J,1951925,P2,F1,1.0,0.62051284
EEE,2013J,1954230,P2,F1,0.0,0.61767834
EEE,2013J,1976350,P2,F1,0.0,0.62051284
EEE,2013J,1991903,P2,F1,0.0,0.62643415
EEE,2013J,1993955,P2,F1,0.0,0.62292016
EEE,2013J,1994610,P2,F1,1.0,0.61076623
EEE,2013J,1995239,P2,F1,1.0,0.62386566
EEE,2013J,1995532,P2,F1,0.0,0.62345463
EEE,2013J,2028474,P2,F1,1.0,0.6156741
EEE,2013J,2033951,P2,F1,0.0,0.6284223
EEE,2013J,2046324,P2,F1,1.0,0.6219576
EEE,2013J,2056643,P2,F1,0.0,0.61860144
EEE,2013J,2080916,P2,F1,1.0,0.6200259
EEE,2013J,2094849,P2,F1,1.0,0.6268511
EEE,2013J,2109119,P2,F1,0.0,0.6072248
EEE,2013J,2134237,P2,F1,0.0,0.62431115
EEE,2013J,2134304,P2,F1,0.0,0.6210288
EEE,2013J,2137413,P2,F1,1.0,0.62304556
EEE,2013J,2138146,P2,F1,0.0,0.6258804
EEE,2013J,2171834,P2,F1,0.0,0.4121479
EEE,2013J,2187588,P2,F1,1.0,0.6153645
EEE,2013J,2199455,P2,F1,0.0,0.61284035
EEE,2013J,2252437,P2,F1,0.0,0.61077636
EEE,2013J,2255516,P2,F1,0.0,0.60880506
EEE,2013J,2274938,P2,F1,1.0,0.62777525
EEE,2013J,2326597,P2,F1,0.0,0.61865
EEE,2013J,2331750,P2,F1,0.0,0.6155425
EEE,2013J,2389754,P2,F1,0.0,0.6099015
EEE,2013J,2408307,P2,F1,0.0,0.616412
EEE,2013J,2418732,P2,F1,0.0,0.61754346
EEE,2013J,2435726,P2,F1,0.0,0.6164469
EEE,2013J,2451726,P2,F1,0.0,0.6218265
EEE,2013J,2474006,P2,F1,0.0,0.62194026
EEE,2013J,2474995,P2,F1,0.0,0.61303157
EEE,2013J,2485655,P2,F1,0.0,0.6072248
EEE,2013J,2487990,P2,F1,0.0,0.62081796
EEE,2013J,2505299,P2,F1,0.0,0.62054914
EEE,2013J,2513333,P2,F1,1.0,0.6297688
EEE,2013J,2518880,P2,F1,1.0,0.63097036
EEE,2013J,2537898,P2,F1,0.0,0.6110311
EEE,2013J,2541992,P2,F1,1.0,0.61929166
EEE,2013J,2542645,P2,F1,1.0,0.622451
EEE,2013J,2562704,P2,F1,1.0,0.6253535
EEE,2013J,2564333,P2,F1,0.0,0.60925144
EEE,2013J,2569834,P2,F1,0.0,0.6041826
EEE,2013J,2574909,P2,F1,0.0,0.6210151
EEE,2013J,2588201,P2,F1,0.0,0.6282815
EEE,2013J,2590189,P2,F1,0.0,0.6220459
EEE,2013J,2598509,P2,F1,0.0,0.6197352
EEE,2013J,2598961,P2,F1,0.0,0.6212232
EEE,2013J,2604856,P2,F1,1.0,0.6189992
EEE,2013J,2607824,P2,F1,0.0,0.6164031
EEE,2013J,2608828,P2,F1,0.0,0.6228372
EEE,2013J,2614546,P2,F1,1.0,0.6247334
EEE,2013J,2615849,P2,F1,0.0,0.6166931
EEE,2013J,2616950,P2,F1,0.0,0.6213677
EEE,2013J,2617635,P2,F1,0.0,0.61155385
EEE,2013J,2619025,P2,F1,0.0,0.61739415
EEE,2013J,2623263,P2,F1,0.0,0.41108367
EEE,2013J,2623960,P2,F1,1.0,0.61709017
EEE,2013J,2625693,P2,F1,0.0,0.6274863
EEE,2013J,2634238,P2,F1,1.0,0.62480414
EEE,2013J,2641254,P2,F1,0.0,0.6160542
EEE,2013J,2641364,P2,F1,0.0,0.61860144
EEE,2013J,2657915,P2,F1,0.0,0.6225088
EEE,2013J,2670012,P2,F1,1.0,0.63353926
EEE,2013J,2698535,P2,F1,0.0,0.61677366
FFF,2013J,26247,P2,F1,1.0,0.4180345
FFF,2013J,29335,P2,F1,0.0,0.3966704
FFF,2013J,29769,P2,F1,1.0,0.4102797
FFF,2013J,32221,P2,F1,1.0,0.4362893
FFF,2013J,33600,P2,F1,1.0,0.47194335
FFF,2013J,34731,P2,F1,1.0,0.48470515
FFF,2013J,42616,P2,F1,0.0,0.49173895
FFF,2013J,43958,P2,F1,1.0,0.39959967
FFF,2013J,47924,P2,F1,1.0,0.61570925
FFF,2013J,50487,P2,F1,0.0,0.5080301
FFF,2013J,51485,P2,F1,0.0,0.5285196
FFF,2013J,51576,P2,F1,0.0,0.53484976
FFF,2013J,53166,P2,F1,0.0,0.50620955
FFF,2013J,53626,P2,F1,1.0,0.6363064
FFF,2013J,54882,P2,F1,1.0,0.5293574
FFF,2013J,55013,P2,F1,1.0,0.52955574
FFF,2013J,55419,P2,F1,1.0,0.4507699
FFF,2013J,57844,P2,F1,0.0,0.4867134
FFF,2013J,58077,P2,F1,1.0,0.6414913
FFF,2013J,58640,P2,F1,0.0,0.481713
FFF,2013J,63295,P2,F1,0.0,0.45733806
FFF,2013J,64388,P2,F1,1.0,0.45794344
FFF,2013J,66451,P2,F1,0.0,0.45822743
FFF,2013J,68107,P2,F1,0.0,0.42472872
FFF,2013J,69346,P2,F1,1.0,0.48522037
FFF,2013J,70495,P2,F1,0.0,0.4213054
FFF,2013J,71252,P2,F1,0.0,0.48886484
FFF,2013J,72864,P2,F1,0.0,0.50857055
FFF,2013J,77744,P2,F1,0.0,0.51433057
FFF,2013J,77746,P2,F1,1.0,0.6414913
FFF,2013J,79261,P2,F1,0.0,0.42045045
FFF,2013J,81536,P2,F1,1.0,0.5112475
FFF,2013J,86669,P2,F1,0.0,0.498402
FFF,2013J,88781,P2,F1,1.0,0.49938658
FFF,2013J,90901,P2,F1,0.0,0.44023326
FFF,2013J,91629,P2,F1,1.0,0.4912934
FFF,2013J,95746,P2,F1,0.0,0.6414913
FFF,2013J,100064,P2,F1,0.0,0.619434
FFF,2013J,100788,P2,F1,0.0,0.43320346
FFF,2013J,101217,P2,F1,1.0,0.5771166
FFF,2013J,101420,P2,F1,0.0,0.43183717
FFF,2013J,102028,P2,F1,0.0,0.42551258
FFF,2013J,102343,P2,F1,0.0,0.46267813
FFF,2013J,104213,P2,F1,0.0,0.41764113
FFF,2013J,105629,P2,F1,0.0,0.44571838
FFF,2013J,107028,P2,F1,1.0,0.5217951
FFF,2013J,107084,P2,F1,1.0,0.56252795
FFF,2013J,110881,P2,F1,0.0,0.4051093
FFF,2013J,111678,P2,F1,1.0,0.6414913
FFF,2013J,113565,P2,F1,0.0,0.48582456
FFF,2013J,114500,P2,F1,1.0,0.62190306
FFF,2013J,116290,P2,F1,1.0,0.47545
FFF,2013J,116499,P2,F1,1.0,0.6391667
FFF,2013J,116529,P2,F1,1.0,0.44891304
FFF,2013J,116631,P2,F1,1.0,0.5056869
FFF,2013J,116808,P2,F1,0.0,0.4025304
FFF,2013J,117232,P2,F1,0.0,0.493906
FFF,2013J,118050,P2,F1,0.0,0.47310522
FFF,2013J,124379,P2,F1,1.0,0.6391461
FFF,2013J,126074,P2,F1,1.0,0.6012859
FFF,2013J,127642,P2,F1,0.0,0.46526185
FFF,2013J,130658,P2,F1,0.0,0.43801758
FFF,2013J,132453,P2,F1,0.0,0.5156034
FFF,2013J,133019,P2,F1,0.0,0.5065889
FFF,2013J,133185,P2,F1,0.0,0.40155652
FFF,2013J,133718,P2,F1,1.0,0.5304746
FFF,2013J,134847,P2,F1,1.0,0.5528487
FFF,2013J,136894,P2,F1,0.0,0.41946545
FFF,2013J,137903,P2,F1,0.0,0.48473844
FFF,2013J,139190,P2,F1,0.0,0.48563498
FFF,2013J,139278,P2,F1,1.0,0.45167825
FFF,2013J,139701,P2,F1,1.0,0.47567594
FFF,2013J,141648,P2,F1,0.0,0.39721602
FFF,2013J,144562,P2,F1,1.0,0.5031856
FFF,2013J,144959,P2,F1,1.0,0.47342446
FFF,2013J,146738,P2,F1,0.0,0.4249239
FFF,2013J,148328,P2,F1,1.0,0.4050986
FFF,2013J,152587,P2,F1,0.0,0.4485964
FFF,2013J,152887,P2,F1,1.0,0.49272513
FFF,2013J,154057,P2,F1,1.0,0.45531663
FFF,2013J,154059,P2,F1,0.0,0.5264275
FFF,2013J,154191,P2,F1,0.0,0.47657803
FFF,2013J,155298,P2,F1,0.0,0.4975593
FFF,2013J,156171,P2,F1,0.0,0.45729148
FFF,2013J,157647,P2,F1,1.0,0.6345581
FFF,2013J,160310,P2,F1,1.0,0.5401125
FFF,2013J,160934,P2,F1,1.0,0.51279163
FFF,2013J,160946,P2,F1,0.0,0.48738572
FFF,2013J,162809,P2,F1,0.0,0.39856732
FFF,2013J,163120,P2,F1,0.0,0.395519
FFF,2013J,168229,P2,F1,0.0,0.41826594
FFF,2013J,169908,P2,F1,1.0,0.48251966
FFF,2013J,170030,P2,F1,0.0,0.4871912
FFF,2013J,170943,P2,F1,0.0,0.45432028
FFF,2013J,171304,P2,F1,1.0,0.508483
FFF,2013J,171549,P2,F1,1.0,0.40059102
FFF,2013J,171692,P2,F1,1.0,0.40526435
FFF,2013J,173412,P2,F1,1.0,0.40537727
FFF,2013J,174468,P2,F1,1.0,0.6414913
FFF,2013J,175453,P2,F1,0.0,0.47426662
FFF,2013J,177568,P2,F1,0.0,0.5601219
FFF,2013J,178118,P2,F1,1.0,0.42204854
FFF,2013J,180974,P2,F1,0.0,0.6268709
FFF,2013J,184473,P2,F1,0.0,0.5962188
FFF,2013J,184627,P2,F1,1.0,0.63352394
FFF,2013J,184720,P2,F1,1.0,0.5642656
FFF,2013J,187199,P2,F1,0.0,0.47650287
FFF,2013J,188524,P2,F1,1.0,0.58970857
FFF,2013J,190910,P2,F1,1.0,0.41937542
FFF,2013J,192680,P2,F1,0.0,0.43244863
FFF,2013J,198691,P2,F1,1.0,0.6179415
FFF,2013J,199361,P2,F1,0.0,0.4065394
FFF,2013J,200278,P2,F1,1.0,0.57867736
FFF,2013J,202713,P2,F1,1.0,0.6391461
FFF,2013J,206342,P2,F1,1.0,0.4945901
FFF,2013J,206599,P2,F1,0.0,0.4009205
FFF,2013J,227254,P2,F1,1.0,0.6414913
FFF,2013J,228695,P2,F1,0.0,0.5114848
FFF,2013J,229417,P2,F1,1.0,0.53662527
FFF,2013J,231024,P2,F1,0.0,0.5267196
FFF,2013J,231320,P2,F1,1.0,0.45291054
FFF,2013J,231606,P2,F1,1.0,0.4866015
FFF,2013J,232347,P2,F1,0.0,0.43994752
FFF,2013J,232660,P2,F1,0.0,0.39315507
FFF,2013J,232764,P2,F1,0.0,0.6249138
FFF,2013J,232856,P2,F1,0.0,0.41545126
FFF,2013J,233087,P2,F1,0.0,0.40933856
FFF,2013J,234068,P2,F1,1.0,0.49932832
FFF,2013J,235131,P2,F1,1.0,0.63341016
FFF,2013J,235670,P2,F1,0.0,0.4969624
FFF,2013J,235706,P2,F1,1.0,0.46665817
FFF,2013J,235978,P2,F1,0.0,0.40631643
FFF,2013J,237387,P2,F1,1.0,0.4013835
FFF,2013J,238150,P2,F1,0.0,0.39338213
FFF,2013J,241039,P2,F1,0.0,0.46800157
FFF,2013J,242491,P2,F1,0.0,0.42805538
FFF,2013J,243396,P2,F1,1.0,0.48119295
FFF,2013J,244205,P2,F1,0.0,0.4582047
FFF,2013J,245283,P2,F1,0.0,0.4385952
FFF,2013J,248882,P2,F1,0.0,0.46001318
FFF,2013J,249750,P2,F1,0.0,0.4837567
FFF,2013J,251405,P2,F1,0.0,0.47597814
FFF,2013J,251965,P2,F1,1.0,0.51837504
FFF,2013J,253516,P2,F1,1.0,0.6414913
FFF,2013J,253767,P2,F1,0.0,0.51879925
FFF,2013J,254446,P2,F1,0.0,0.40294433
FFF,2013J,255310,P2,F1,0.0,0.41753387
FFF,2013J,256905,P2,F1,1.0,0.45963725
FFF,2013J,257887,P2,F1,0.0,0.43977943
FFF,2013J,257970,P2,F1,1.0,0.6414913
FFF,2013J,261205,P2,F1,1.0,0.6414913
FFF,2013J,261525,P2,F1,1.0,0.487476
FFF,2013J,262403,P2,F1,0.0,0.49072635
FFF,2013J,264164,P2,F1,0.0,0.46420336
FFF,2013J,265268,P2,F1,0.0,0.47579136
FFF,2013J,265978,P2,F1,0.0,0.51083755
FFF,2013J,268153,P2,F1,0.0,0.47183248
FFF,2013J,269245,P2,F1,1.0,0.5398138
FFF,2013J,269508,P2,F1,0.0,0.42815998
FFF,2013J,271274,P2,F1,1.0,0.6414913
FFF,2013J,272623,P2,F1,1.0,0.41526595
FFF,2013J,273442,P2,F1,0.0,0.43060282
FFF,2013J,273782,P2,F1,0.0,0.4511415
FFF,2013J,274443,P2,F1,1.0,0.42114225
FFF,2013J,276388,P2,F1,0.0,0.43827125
FFF,2013J,276808,P2,F1,0.0,0.46502724
FFF,2013J,278955,P2,F1,0.0,0.53636086
FFF,2013J,279085,P2,F1,0.0,0.47036168
FFF,2013J,279750,P2,F1,0.0,0.40073043
FFF,2013J,281638,P2,F1,0.0,0.40023115
FFF,2013J,282385,P2,F1,1.0,0.6363064
FFF,2013J,282975,P2,F1,0.0,0.48873714
FFF,2013J,283953,P2,F1,0.0,0.39976412
FFF,2013J,284036,P2,F1,1.0,0.42064354
FFF,2013J,284395,P2,F1,0.0,0.49660042
FFF,2013J,284636,P2,F1,1.0,0.6331454
FFF,2013J,286442,P2,F1,1.0,0.6363064
FFF,2013J,287079,P2,F1,1.0,0.6363064
FFF,2013J,289221,P2,F1,0.0,0.54389715
FFF,2013J,289304,P2,F1,0.0,0.52464896
FFF,2013J,289826,P2,F1,1.0,0.6405693
FFF,2013J,290521,P2,F1,0.0,0.546941
FFF,2013J,291237,P2,F1,0.0,0.42007026
FFF,2013J,291516,P2,F1,1.0,0.4284666
FFF,2013J,291745,P2,F1,0.0,0.39339763
FFF,2013J,293317,P2,F1,1.0,0.4772057
FFF,2013J,295255,P2,F1,0.0,0.4977755
FFF,2013J,299281,P2,F1,0.0,0.39753497
FFF,2013J,299886,P2,F1,0.0,0.4805879
FFF,2013J,302071,P2,F1,1.0,0.6414913
FFF,2013J,302566,P2,F1,1.0,0.50070584
FFF,2013J,303937,P2,F1,1.0,0.6414913
FFF,2013J,304240,P2,F1,0.0,0.50048417
FFF,2013J,304589,P2,F1,0.0,0.39250216
FFF,2013J,305858,P2,F1,0.0,0.4413535
FFF,2013J,307245,P2,F1,1.0,0.44559452
FFF,2013J,307676,P2,F1,1.0,0.51627105
FFF,2013J,309150,P2,F1,1.0,0.5598822
FFF,2013J,309893,P2,F1,0.0,0.5088345
FFF,2013J,310646,P2,F1,0.0,0.50821584
FFF,2013J,311151,P2,F1,1.0,0.62198716
FFF,2013J,312760,P2,F1,0.0,0.5216028
FFF,2013J,313206,P2,F1,1.0,0.5351207
FFF,2013J,313700,P2,F1,1.0,0.42680463
FFF,2013J,314776,P2,F1,0.0,0.39847228
FFF,2013J,315808,P2,F1,0.0,0.39958152
FFF,2013J,316061,P2,F1,1.0,0.5114406
FFF,2013J,316098,P2,F1,0.0,0.4366083
FFF,2013J,316541,P2,F1,0.0,0.4274517
FFF,2013J,318627,P2,F1,0.0,0.40764838
FFF,2013J,319578,P2,F1,0.0,0.44242477
FFF,2013J,320437,P2,F1,0.0,0.41082478
FFF,2013J,321486,P2,F1,1.0,0.4443402
FFF,2013J,321969,P2,F1,1.0,0.62275505
FFF,2013J,323480,P2,F1,0.0,0.53197026
FFF,2013J,323984,P2,F1,0.0,0.41059667
FFF,2013J,324331,P2,F1,1.0,0.49961108
FFF,2013J,324672,P2,F1,1.0,0.5040676
FFF,2013J,325368,P2,F1,1.0,0.48349103
FFF,2013J,325750,P2,F1,1.0,0.51662046
FFF,2013J,326056,P2,F1,1.0,0.6414913
FFF,2013J,329655,P2,F1,1.0,0.6414913
FFF,2013J,330192,P2,F1,0.0,0.63628024
FFF,2013J,330347,P2,F1,1.0,0.55624187
FFF,2013J,330723,P2,F1,1.0,0.53807193
FFF,2013J,331039,P2,F1,0.0,0.52102417
FFF,2013J,331417,P2,F1,0.0,0.54602194
FFF,2013J,333710,P2,F1,1.0,0.43227297
FFF,2013J,334476,P2,F1,0.0,0.49172014
FFF,2013J,334669,P2,F1,1.0,0.4691977
FFF,2013J,335476,P2,F1,0.0,0.40299025
FFF,2013J,335562,P2,F1,0.0,0.40582797
FFF,2013J,335582,P2,F1,0.0,0.39758816
FFF,2013J,335644,P2,F1,1.0,0.39140245
FFF,2013J,335726,P2,F1,1.0,0.630663
FFF,2013J,338536,P2,F1,0.0,0.47520104
FFF,2013J,338806,P2,F1,1.0,0.5551859
FFF,2013J,338975,P2,F1,0.0,0.4432908
FFF,2013J,340647,P2,F1,0.0,0.5342746
FFF,2013J,341096,P2,F1,0.0,0.5319892
FFF,2013J,341361,P2,F1,0.0,0.4723656
FFF,2013J,341470,P2,F1,0.0,0.4274011
FFF,2013J,341839,P2,F1,1.0,0.5058516
FFF,2013J,342155,P2,F1,0.0,0.485882
FFF,2013J,342953,P2,F1,0.0,0.43498224
FFF,2013J,343419,P2,F1,1.0,0.40059626
FFF,2013J,343658,P2,F1,1.0,0.5249302
FFF,2013J,343828,P2,F1,0.0,0.57566154
FFF,2013J,344787,P2,F1,0.0,0.49808276
FFF,2013J,347484,P2,F1,0.0,0.49423483
FFF,2013J,347809,P2,F1,0.0,0.4084498
FFF,2013J,348717,P2,F1,0.0,0.638613
FFF,2013J,348783,P2,F1,0.0,0.46457297
FFF,2013J,349219,P2,F1,1.0,0.47877958
FFF,2013J,349247,P2,F1,1.0,0.5730624
FFF,2013J,349676,P2,F1,0.0,0.40613556
FFF,2013J,351170,P2,F1,0.0,0.5088003
FFF,2013J,351505,P2,F1,0.0,0.43275028
FFF,2013J,353790,P2,F1,1.0,0.50752664
FFF,2013J,354550,P2,F1,1.0,0.5839471
FFF,2013J,355293,P2,F1,1.0,0.5074198
FFF,2013J,355335,P2,F1,0.0,0.4174305
FFF,2013J,356397,P2,F1,1.0,0.537675
FFF,2013J,357851,P2,F1,1.0,0.47324285
FFF,2013J,359149,P2,F1,1.0,0.45496064
FFF,2013J,360581,P2,F1,1.0,0.6414913
FFF,2013J,360747,P2,F1,0.0,0.47429922
FFF,2013J,360986,P2,F1,0.0,0.5055579
FFF,2013J,361837,P2,F1,1.0,0.6363064
FFF,2013J,363273,P2,F1,1.0,0.6414913
FFF,2013J,363738,P2,F1,1.0,0.47095695
FFF,2013J,364790,P2,F1,0.0,0.39104778
FFF,2013J,364974,P2,F1,0.0,0.46921244
FFF,2013J,367510,P2,F1,1.0,0.4906188
FFF,2013J,367605,P2,F1,0.0,0.47240707
FFF,2013J,368315,P2,F1,0.0,0.4013559
FFF,2013J,368935,P2,F1,1.0,0.6227637
FFF,2013J,369208,P2,F1,0.0,0.4436741
FFF,2013J,371133,P2,F1,1.0,0.55107325
FFF,2013J,371247,P2,F1,0.0,0.4973037
FFF,2013J,371869,P2,F1,0.0,0.41326505
FFF,2013J,372262,P2,F1,0.0,0.3890569
FFF,2013J,377705,P2,F1,1.0,0.3945837
FFF,2013J,379070,P2,F1,0.0,0.41797754
FFF,2013J,379843,P2,F1,0.0,0.45956936
FFF,2013J,380435,P2,F1,0.0,0.39559352
FFF,2013J,380710,P2,F1,1.0,0.58528197
FFF,2013J,381058,P2,F1,1.0,0.543873
FFF,2013J,381365,P2,F1,1.0,0.62468934
FFF,2013J,381414,P2,F1,1.0,0.5487479
FFF,2013J,381959,P2,F1,1.0,0.54510635
FFF,2013J,382156,P2,F1,1.0,0.50095487
FFF,2013J,382738,P2,F1,0.0,0.516431
FFF,2013J,383517,P2,F1,0.0,0.4161883
FFF,2013J,384227,P2,F1,0.0,0.5412348
FFF,2013J,385033,P2,F1,0.0,0.4096688
FFF,2013J,385195,P2,F1,0.0,0.47735935
FFF,2013J,385209,P2,F1,1.0,0.5120754
FFF,2013J,385547,P2,F1,0.0,0.5311089
FFF,2013J,387507,P2,F1,0.0,0.44715527
FFF,2013J,388754,P2,F1,0.0,0.42521045
FFF,2013J,389208,P2,F1,0.0,0.48551884
FFF,2013J,391187,P2,F1,0.0,0.45500466
FFF,2013J,392210,P2,F1,1.0,0.51703244
FFF,2013J,392427,P2,F1,1.0,0.53671914
FFF,2013J,392692,P2,F1,1.0,0.5283335
FFF,2013J,393526,P2,F1,0.0,0.4053019
FFF,2013J,393698,P2,F1,1.0,0.6414913
FFF,2013J,393827,P2,F1,0.0,0.6404622
FFF,2013J,394218,P2,F1,1.0,0.626571
FFF,2013J,394239,P2,F1,0.0,0.637088
FFF,2013J,395107,P2,F1,1.0,0.5034843
FFF,2013J,395373,P2,F1,0.0,0.6405693
FFF,2013J,395696,P2,F1,0.0,0.5209181
FFF,2013J,395814,P2,F1,1.0,0.48918238
FFF,2013J,396502,P2,F1,0.0,0.5029548
FFF,2013J,397292,P2,F1,1.0,0.6414913
FFF,2013J,397470,P2,F1,0.0,0.47992554
FFF,2013J,397506,P2,F1,0.0,0.4346956
FFF,2013J,399863,P2,F1,1.0,0.6370361
FFF,2013J,400145,P2,F1,0.0,0.54015666
FFF,2013J,400266,P2,F1,0.0,0.48489624
FFF,2013J,401824,P2,F1,1.0,0.52569526
FFF,2013J,401866,P2,F1,1.0,0.5364625
FFF,2013J,402458,P2,F1,1.0,0.44534445
FFF,2013J,402662,P2,F1,0.0,0.4420132
FFF,2013J,404536,P2,F1,0.0,0.49306485
FFF,2013J,404631,P2,F1,0.0,0.40047976
FFF,2013J,405314,P2,F1,1.0,0.6414913
FFF,2013J,406254,P2,F1,0.0,0.5478533
FFF,2013J,409040,P2,F1,0.0,0.5727744
FFF,2013J,409276,P2,F1,1.0,0.6414913
FFF,2013J,410838,P2,F1,0.0,0.5124428
FFF,2013J,411939,P2,F1,1.0,0.63533175
FFF,2013J,412697,P2,F1,0.0,0.47441205
FFF,2013J,413137,P2,F1,1.0,0.41216817
FFF,2013J,413747,P2,F1,1.0,0.511425
FFF,2013J,413950,P2,F1,1.0,0.6414913
FFF,2013J,415724,P2,F1,1.0,0.49170816
FFF,2013J,416304,P2,F1,0.0,0.48336348
FFF,2013J,416696,P2,F1,1.0,0.6363064
FFF,2013J,417135,P2,F1,1.0,0.6338498
FFF,2013J,417414,P2,F1,0.0,0.5111271
FFF,2013J,417663,P2,F1,0.0,0.4290514
FFF,2013J,418007,P2,F1,0.0,0.43465436
FFF,2013J,418340,P2,F1,1.0,0.5186514
FFF,2013J,419024,P2,F1,0.0,0.4309891
FFF,2013J,419565,P2,F1,1.0,0.6414913
FFF,2013J,419990,P2,F1,0.0,0.44910914
FFF,2013J,420867,P2,F1,0.0,0.50765014
FFF,2013J,421070,P2,F1,1.0,0.41349015
FFF,2013J,422006,P2,F1,0.0,0.49616078
FFF,2013J,424171,P2,F1,0.0,0.47733468
FFF,2013J,424437,P2,F1,0.0,0.45873088
FFF,2013J,425218,P2,F1,1.0,0.49858245
FFF,2013J,426137,P2,F1,1.0,0.5372291
FFF,2013J,426768,P2,F1,1.0,0.5007325
FFF,2013J,427802,P2,F1,0.0,0.45771086
FFF,2013J,428195,P2,F1,1.0,0.57072836
FFF,2013J,429832,P2,F1,1.0,0.44743016
FFF,2013J,432336,P2,F1,1.0,0.5265696
FFF,2013J,432474,P2,F1,1.0,0.6391667
FFF,2013J,432592,P2,F1,0.0,0.44243467
FFF,2013J,432703,P2,F1,0.0,0.47774816
FFF,2013J,434617,P2,F1,1.0,0.52270716
FFF,2013J,436044,P2,F1,1.0,0.63822144
FFF,2013J,438063,P2,F1,1.0,0.49694356
FFF,2013J,438313,P2,F1,1.0,0.41450706
FFF,2013J,438644,P2,F1,1.0,0.6214704
FFF,2013J,439053,P2,F1,1.0,0.6414913
FFF,2013J,439203,P2,F1,1.0,0.5246108
FFF,2013J,440851,P2,F1,1.0,0.6414913
FFF,2013J,441606,P2,F1,1.0,0.45742396
FFF,2013J,442432,P2,F1,1.0,0.6414913
FFF,2013J,442670,P2,F1,1.0,0.6374504
FFF,2013J,443753,P2,F1,1.0,0.6363064
FFF,2013J,443954,P2,F1,1.0,0.4457759
FFF,2013J,444266,P2,F1,0.0,0.4718031
FFF,2013J,444619,P2,F1,1.0,0.420088
FFF,2013J,444697,P2,F1,0.0,0.47283578
FFF,2013J,444856,P2,F1,1.0,0.6400902
FFF,2013J,445410,P2,F1,0.0,0.5139679
FFF,2013J,445776,P2,F1,0.0,0.4878062
FFF,2013J,446628,P2,F1,0.0,0.44164756
FFF,2013J,447459,P2,F1,1.0,0.5598445
FFF,2013J,464616,P2,F1,0.0,0.5687814
FFF,2013J,464981,P2,F1,0.0,0.40452167
FFF,2013J,465009,P2,F1,1.0,0.49907938
FFF,2013J,465893,P2,F1,0.0,0.39918652
FFF,2013J,465900,P2,F1,0.0,0.45521623
FFF,2013J,466425,P2,F1,1.0,0.45805636
FFF,2013J,466807,P2,F1,1.0,0.5245693
FFF,2013J,467243,P2,F1,1.0,0.6414913
FFF,2013J,467504,P2,F1,0.0,0.43522254
FFF,2013J,467524,P2,F1,0.0,0.48575726
FFF,2013J,467685,P2,F1,1.0,0.6404622
FFF,2013J,467901,P2,F1,1.0,0.4877574
FFF,2013J,468947,P2,F1,1.0,0.50294983
FFF,2013J,470001,P2,F1,0.0,0.41206765
FFF,2013J,470037,P2,F1,1.0,0.5427563
FFF,2013J,470461,P2,F1,1.0,0.48627082
FFF,2013J,470870,P2,F1,1.0,0.5150139
FFF,2013J,471973,P2,F1,0.0,0.5065651
FFF,2013J,473081,P2,F1,1.0,0.6331454
FFF,2013J,473491,P2,F1,0.0,0.6361726
FFF,2013J,473896,P2,F1,1.0,0.6414913
FFF,2013J,474126,P2,F1,0.0,0.46018362
FFF,2013J,474949,P2,F1,0.0,0.4617917
FFF,2013J,475253,P2,F1,0.0,0.4508141
FFF,2013J,475699,P2,F1,1.0,0.6331454
FFF,2013J,476520,P2,F1,0.0,0.48373526
FFF,2013J,478332,P2,F1,0.0,0.3980178
FFF,2013J,478583,P2,F1,1.0,0.5601791
FFF,2013J,479828,P2,F1,0.0,0.43963957
FFF,2013J,479845,P2,F1,0.0,0.4056895
FFF,2013J,480025,P2,F1,1.0,0.5214942
FFF,2013J,481092,P2,F1,1.0,0.63720703
FFF,2013J,481314,P2,F1,0.0,0.40057915
FFF,2013J,483626,P2,F1,0.0,0.6414913
FFF,2013J,483724,P2,F1,1.0,0.46769348
FFF,2013J,484125,P2,F1,1.0,0.5107066
FFF,2013J,484242,P2,F1,1.0,0.6374504
FFF,2013J,484312,P2,F1,1.0,0.54303926
FFF,2013J,484475,P2,F1,1.0,0.47806624
FFF,2013J,484574,P2,F1,1.0,0.5077631
FFF,2013J,485671,P2,F1,0.0,0.62452376
FFF,2013J,485885,P2,F1,0.0,0.41499478
FFF,2013J,486511,P2,F1,0.0,0.5529734
FFF,2013J,486551,P2,F1,0.0,0.4864098
FFF,2013J,486948,P2,F1,1.0,0.63341016
FFF,2013J,487002,P2,F1,1.0,0.6374504
FFF,2013J,488136,P2,F1,1.0,0.55387735
FFF,2013J,488324,P2,F1,1.0,0.57459587
FFF,2013J,488394,P2,F1,0.0,0.4145461
FFF,2013J,489087,P2,F1,0.0,0.44197267
FFF,2013J,489146,P2,F1,1.0,0.51875496
FFF,2013J,489560,P2,F1,0.0,0.43433854
FFF,2013J,490449,P2,F1,0.0,0.5236244
FFF,2013J,490505,P2,F1,0.0,0.39533252
FFF,2013J,491606,P2,F1,0.0,0.48990884
FFF,2013J,491756,P2,F1,1.0,0.638613
FFF,2013J,492557,P2,F1,1.0,0.45862004
FFF,2013J,492851,P2,F1,0.0,0.46210262
FFF,2013J,493539,P2,F1,0.0,0.5491058
FFF,2013J,494046,P2,F1,1.0,0.43765745
FFF,2013J,494143,P2,F1,1.0,0.5079138
FFF,2013J,494335,P2,F1,1.0,0.6414913
FFF,2013J,494495,P2,F1,0.0,0.47527507
FFF,2013J,494975,P2,F1,1.0,0.5127667
FFF,2013J,495948,P2,F1,1.0,0.5304645
FFF,2013J,496801,P2,F1,1.0,0.5236963
FFF,2013J,497349,P2,F1,1.0,0.6414913
FFF,2013J,498031,P2,F1,0.0,0.39656898
FFF,2013J,498898,P2,F1,1.0,0.42955106
FFF,2013J,498972,P2,F1,1.0,0.52507645
FFF,2013J,499386,P2,F1,0.0,0.6331454
FFF,2013J,499564,P2,F1,0.0,0.50098294
FFF,2013J,500067,P2,F1,1.0,0.6363064
FFF,2013J,500099,P2,F1,1.0,0.5397641
FFF,2013J,500137,P2,F1,1.0,0.4781247
FFF,2013J,500772,P2,F1,0.0,0.58001006
FFF,2013J,501336,P2,F1,0.0,0.49589962
FFF,2013J,501425,P2,F1,0.0,0.4676044
FFF,2013J,501871,P2,F1,0.0,0.52476037
FFF,2013J,501922,P2,F1,1.0,0.6414913
FFF,2013J,502249,P2,F1,0.0,0.40598515
FFF,2013J,502361,P2,F1,0.0,0.4873391
FFF,2013J,502517,P2,F1,0.0,0.5008466
FFF,2013J,502531,P2,F1,1.0,0.45937297
FFF,2013J,502696,P2,F1,1.0,0.6414913
FFF,2013J,502779,P2,F1,1.0,0.48772728
FFF,2013J,503352,P2,F1,0.0,0.4699301
FFF,2013J,503477,P2,F1,0.0,0.44627938
FFF,2013J,503684,P2,F1,1.0,0.5347316
FFF,2013J,503764,P2,F1,0.0,0.47470173
FFF,2013J,504076,P2,F1,0.0,0.41053307
FFF,2013J,504105,P2,F1,0.0,0.45936823
FFF,2013J,504300,P2,F1,1.0,0.4295085
FFF,2013J,504321,P2,F1,0.0,0.45353943
FFF,2013J,504834,P2,F1,1.0,0.4349663
FFF,2013J,504956,P2,F1,1.0,0.617206
FFF,2013J,505047,P2,F1,1.0,0.6363064
FFF,2013J,505153,P2,F1,1.0,0.45705608
FFF,2013J,505410,P2,F1,0.0,0.4409563
FFF,2013J,505501,P2,F1,1.0,0.626571
FFF,2013J,506289,P2,F1,1.0,0.453323
FFF,2013J,506309,P2,F1,0.0,0.39659017
FFF,2013J,506498,P2,F1,1.0,0.6414913
FFF,2013J,506550,P2,F1,0.0,0.3890569
FFF,2013J,506783,P2,F1,1.0,0.5357866
FFF,2013J,507010,P2,F1,0.0,0.5128968
FFF,2013J,507084,P2,F1,1.0,0.5414319
FFF,2013J,507941,P2,F1,0.0,0.39126143
FFF,2013J,508059,P2,F1,1.0,0.6414913
FFF,2013J,508210,P2,F1,0.0,0.4349097
FFF,2013J,508274,P2,F1,0.0,0.40249425
FFF,2013J,508295,P2,F1,1.0,0.39510256
FFF,2013J,508326,P2,F1,1.0,0.5494017
FFF,2013J,508388,P2,F1,0.0,0.42855367
FFF,2013J,508469,P2,F1,1.0,0.6414913
FFF,2013J,508627,P2,F1,1.0,0.6414913
FFF,2013J,508630,P2,F1,1.0,0.5440206
FFF,2013J,508713,P2,F1,1.0,0.63720703
FFF,2013J,508804,P2,F1,0.0,0.45822546
FFF,2013J,508942,P2,F1,1.0,0.4433362
FFF,2013J,509407,P2,F1,1.0,0.6414913
FFF,2013J,509940,P2,F1,1.0,0.5310771
FFF,2013J,510534,P2,F1,0.0,0.44177037
FFF,2013J,512123,P2,F1,1.0,0.53167653
FFF,2013J,512335,P2,F1,1.0,0.5467885
FFF,2013J,512859,P2,F1,1.0,0.6414913
FFF,2013J,513228,P2,F1,0.0,0.6374504
FFF,2013J,514558,P2,F1,1.0,0.4389906
FFF,2013J,514913,P2,F1,1.0,0.578732
FFF,2013J,515285,P2,F1,0.0,0.4199571
FFF,2013J,515536,P2,F1,1.0,0.6414913
FFF,2013J,515574,P2,F1,1.0,0.63628024
FFF,2013J,515833,P2,F1,0.0,0.40305743
FFF,2013J,515857,P2,F1,0.0,0.44452283
FFF,2013J,515859,P2,F1,1.0,0.5423313
FFF,2013J,515888,P2,F1,0.0,0.45663252
FFF,2013J,516095,P2,F1,0.0,0.45169687
FFF,2013J,516620,P2,F1,1.0,0.54539174
FFF,2013J,516770,P2,F1,1.0,0.4029294
FFF,2013J,517349,P2,F1,0.0,0.6376878
FFF,2013J,517481,P2,F1,1.0,0.6310425
FFF,2013J,517731,P2,F1,0.0,0.4971516
FFF,2013J,518364,P2,F1,1.0,0.40234497
FFF,2013J,518544,P2,F1,0.0,0.485491
FFF,2013J,518930,P2,F1,1.0,0.4806254
FFF,2013J,518937,P2,F1,0.0,0.6341148
FFF,2013J,520061,P2,F1,1.0,0.4702682
FFF,2013J,520249,P2,F1,1.0,0.63625956
FFF,2013J,521109,P2,F1,1.0,0.5184578
FFF,2013J,521255,P2,F1,1.0,0.51975036
FFF,2013J,521329,P2,F1,0.0,0.52566934
FFF,2013J,521788,P2,F1,1.0,0.4087123
FFF,2013J,522007,P2,F1,1.0,0.4920261
FFF,2013J,522082,P2,F1,1.0,0.4518612
FFF,2013J,522257,P2,F1,0.0,0.46299464
FFF,2013J,522428,P2,F1,1.0,0.6414913
FFF,2013J,522740,P2,F1,0.0,0.5066606
FFF,2013J,522862,P2,F1,1.0,0.6414913
FFF,2013J,522881,P2,F1,1.0,0.52157193
FFF,2013J,523599,P2,F1,0.0,0.6414913
FFF,2013J,523680,P2,F1,0.0,0.42015412
FFF,2013J,523971,P2,F1,1.0,0.49353027
FFF,2013J,524384,P2,F1,1.0,0.48906198
FFF,2013J,524407,P2,F1,0.0,0.5029622
FFF,2013J,524845,P2,F1,0.0,0.45709035
FFF,2013J,524938,P2,F1,1.0,0.5011694
FFF,2013J,524974,P2,F1,0.0,0.55146444
FFF,2013J,524996,P2,F1,1.0,0.5128045
FFF,2013J,526601,P2,F1,0.0,0.41982448
FFF,2013J,527148,P2,F1,0.0,0.45527488
FFF,2013J,527494,P2,F1,0.0,0.43299145
FFF,2013J,527565,P2,F1,1.0,0.5011195
FFF,2013J,527619,P2,F1,1.0,0.41285014
FFF,2013J,527713,P2,F1,0.0,0.47260574
FFF,2013J,527775,P2,F1,1.0,0.55667937
FFF,2013J,528506,P2,F1,0.0,0.3985496
FFF,2013J,528559,P2,F1,0.0,0.54676896
FFF,2013J,529197,P2,F1,0.0,0.5137815
FFF,2013J,529201,P2,F1,0.0,0.5242777
FFF,2013J,529211,P2,F1,1.0,0.5699999
FFF,2013J,529309,P2,F1,0.0,0.4606647
FFF,2013J,529490,P2,F1,1.0,0.5328589
FFF,2013J,529684,P2,F1,1.0,0.5186639
FFF,2013J,529723,P2,F1,0.0,0.4017174
FFF,2013J,529862,P2,F1,0.0,0.41589224
FFF,2013J,530043,P2,F1,0.0,0.49463478
FFF,2013J,530159,P2,F1,0.0,0.54811543
FFF,2013J,530852,P2,F1,1.0,0.6414913
FFF,2013J,530940,P2,F1,0.0,0.45510843
FFF,2013J,531953,P2,F1,1.0,0.6414913
FFF,2013J,532121,P2,F1,0.0,0.4186622
FFF,2013J,532741,P2,F1,1.0,0.6372255
FFF,2013J,532895,P2,F1,1.0,0.4516691
FFF,2013J,533523,P2,F1,0.0,0.44472846
FFF,2013J,533975,P2,F1,0.0,0.49384266
FFF,2013J,535131,P2,F1,0.0,0.48524
FFF,2013J,535529,P2,F1,1.0,0.59217995
FFF,2013J,535671,P2,F1,1.0,0.45933458
FFF,2013J,536103,P2,F1,1.0,0.6363064
FFF,2013J,536331,P2,F1,0.0,0.5360121
FFF,2013J,536711,P2,F1,1.0,0.44382817
FFF,2013J,537028,P2,F1,1.0,0.5389572
FFF,2013J,537133,P2,F1,1.0,0.63628024
FFF,2013J,537328,P2,F1,0.0,0.43199134
FFF,2013J,537942,P2,F1,0.0,0.47200114
FFF,2013J,539945,P2,F1,1.0,0.44530672
FFF,2013J,540503,P2,F1,0.0,0.5164922
FFF,2013J,540637,P2,F1,0.0,0.5112803
FFF,2013J,541768,P2,F1,0.0,0.4014209
FFF,2013J,541783,P2,F1,0.0,0.50894326
FFF,2013J,542423,P2,F1,1.0,0.40340292
FFF,2013J,542550,P2,F1,1.0,0.63628024
FFF,2013J,543607,P2,F1,0.0,0.44191438
FFF,2013J,543763,P2,F1,0.0,0.50129163
FFF,2013J,543953,P2,F1,0.0,0.42538765
FFF,2013J,544021,P2,F1,1.0,0.6331564
FFF,2013J,544090,P2,F1,0.0,0.40912822
FFF,2013J,544092,P2,F1,0.0,0.39294523
FFF,2013J,544155,P2,F1,1.0,0.5381935
FFF,2013J,544207,P2,F1,0.0,0.3966704
FFF,2013J,544289,P2,F1,0.0,0.39659494
FFF,2013J,544745,P2,F1,1.0,0.40968305
FFF,2013J,545119,P2,F1,1.0,0.48202783
FFF,2013J,545916,P2,F1,1.0,0.6230699
FFF,2013J,545944,P2,F1,1.0,0.6414913
FFF,2013J,546065,P2,F1,0.0,0.5358162
FFF,2013J,546480,P2,F1,0.0,0.44392502
FFF,2013J,546547,P2,F1,1.0,0.51369774
FFF,2013J,546643,P2,F1,1.0,0.52872366
FFF,2013J,546934,P2,F1,0.0,0.4245314
FFF,2013J,547154,P2,F1,0.0,0.39731908
FFF,2013J,547393,P2,F1,1.0,0.50619596
FFF,2013J,547773,P2,F1,0.0,0.40484935
FFF,2013J,548508,P2,F1,0.0,0.3954135
FFF,2013J,548547,P2,F1,1.0,0.5075333
FFF,2013J,548666,P2,F1,0.0,0.40425038
FFF,2013J,548693,P2,F1,1.0,0.5028819
FFF,2013J,548722,P2,F1,0.0,0.40474138
FFF,2013J,549300,P2,F1,0.0,0.46527398
FFF,2013J,549397,P2,F1,0.0,0.39383328
FFF,2013J,549523,P2,F1,1.0,0.44475698
FFF,2013J,549648,P2,F1,0.0,0.47573698
FFF,2013J,550359,P2,F1,1.0,0.42817387
FFF,2013J,550477,P2,F1,1.0,0.5636619
FFF,2013J,550556,P2,F1,1.0,0.4503939
FFF,2013J,551245,P2,F1,0.0,0.4367705
FFF,2013J,551277,P2,F1,0.0,0.46781152
FFF,2013J,551299,P2,F1,1.0,0.47565976
FFF,2013J,551354,P2,F1,1.0,0.40675685
FFF,2013J,551399,P2,F1,0.0,0.5229618
FFF,2013J,551557,P2,F1,0.0,0.43140694
FFF,2013J,551745,P2,F1,1.0,0.4809256
FFF,2013J,551812,P2,F1,0.0,0.39339763
FFF,2013J,552104,P2,F1,0.0,0.40148813
FFF,2013J,553187,P2,F1,0.0,0.5399948
FFF,2013J,553283,P2,F1,0.0,0.41056177
FFF,2013J,553364,P2,F1,0.0,0.47110406
FFF,2013J,553427,P2,F1,0.0,0.45582077
FFF,2013J,554257,P2,F1,0.0,0.4500812
FFF,2013J,554276,P2,F1,1.0,0.46179694
FFF,2013J,554470,P2,F1,0.0,0.43974537
FFF,2013J,554586,P2,F1,0.0,0.42113557
FFF,2013J,554846,P2,F1,0.0,0.39367685
FFF,2013J,555440,P2,F1,1.0,0.39379779
FFF,2013J,555498,P2,F1,0.0,0.39288518
FFF,2013J,555786,P2,F1,1.0,0.5050435
FFF,2013J,555855,P2,F1,0.0,0.6205274
FFF,2013J,555895,P2,F1,1.0,0.5215128
FFF,2013J,556639,P2,F1,0.0,0.53535455
FFF,2013J,556646,P2,F1,0.0,0.4632371
FFF,2013J,557012,P2,F1,0.0,0.40453666
FFF,2013J,557020,P2,F1,0.0,0.47323808
FFF,2013J,557040,P2,F1,1.0,0.622605
FFF,2013J,557044,P2,F1,0.0,0.4279611
FFF,2013J,557054,P2,F1,0.0,0.45442128
FFF,2013J,557232,P2,F1,1.0,0.5957292
FFF,2013J,557385,P2,F1,0.0,0.5309143
FFF,2013J,557395,P2,F1,0.0,0.45284066
FFF,2013J,557481,P2,F1,1.0,0.47693437
FFF,2013J,557545,P2,F1,0.0,0.4323296
FFF,2013J,557655,P2,F1,0.0,0.48141366
FFF,2013J,557661,P2,F1,0.0,0.5344101
FFF,2013J,557735,P2,F1,0.0,0.6414913
FFF,2013J,557766,P2,F1,1.0,0.45070124
FFF,2013J,558090,P2,F1,1.0,0.5202343
FFF,2013J,558205,P2,F1,1.0,0.4334563
FFF,2013J,558284,P2,F1,1.0,0.6338498
FFF,2013J,558301,P2,F1,1.0,0.53273815
FFF,2013J,558345,P2,F1,0.0,0.511473
FFF,2013J,558484,P2,F1,0.0,0.40222946
FFF,2013J,558635,P2,F1,0.0,0.39958835
FFF,2013J,558893,P2,F1,0.0,0.4118329
FFF,2013J,558970,P2,F1,0.0,0.49455976
FFF,2013J,559067,P2,F1,1.0,0.46864522
FFF,2013J,559428,P2,F1,0.0,0.39329612
FFF,2013J,559754,P2,F1,0.0,0.4177914
FFF,2013J,559813,P2,F1,0.0,0.44769964
FFF,2013J,559863,P2,F1,0.0,0.40860718
FFF,2013J,559902,P2,F1,1.0,0.6414913
FFF,2013J,559979,P2,F1,0.0,0.39967456
FFF,2013J,559999,P2,F1,1.0,0.56639546
FFF,2013J,560329,P2,F1,0.0,0.4090534
FFF,2013J,560401,P2,F1,0.0,0.46585467
FFF,2013J,560410,P2,F1,0.0,0.6414913
FFF,2013J,560592,P2,F1,1.0,0.533358
FFF,2013J,560659,P2,F1,1.0,0.60216415
FFF,2013J,560703,P2,F1,0.0,0.46766004
FFF,2013J,560727,P2,F1,0.0,0.42013475
FFF,2013J,560934,P2,F1,1.0,0.52147174
FFF,2013J,560946,P2,F1,1.0,0.5351033
FFF,2013J,560949,P2,F1,0.0,0.45215324
FFF,2013J,561031,P2,F1,0.0,0.41995803
FFF,2013J,561068,P2,F1,1.0,0.4884001
FFF,2013J,561268,P2,F1,0.0,0.4023114
FFF,2013J,561386,P2,F1,0.0,0.5042056
FFF,2013J,561542,P2,F1,0.0,0.4534916
FFF,2013J,561714,P2,F1,0.0,0.4654308
FFF,2013J,561865,P2,F1,0.0,0.49996078
FFF,2013J,561867,P2,F1,0.0,0.51224715
FFF,2013J,561868,P2,F1,0.0,0.5127804
FFF,2013J,561873,P2,F1,0.0,0.4819622
FFF,2013J,561874,P2,F1,0.0,0.50479776
FFF,2013J,561878,P2,F1,1.0,0.6414913
FFF,2013J,561879,P2,F1,0.0,0.5023454
FFF,2013J,561880,P2,F1,1.0,0.4407982
FFF,2013J,561889,P2,F1,0.0,0.4260663
FFF,2013J,561929,P2,F1,0.0,0.5158605
FFF,2013J,561930,P2,F1,0.0,0.47334602
FFF,2013J,561976,P2,F1,0.0,0.51516306
FFF,2013J,562377,P2,F1,0.0,0.4035607
FFF,2013J,562448,P2,F1,1.0,0.4513037
FFF,2013J,562460,P2,F1,1.0,0.39872256
FFF,2013J,562763,P2,F1,1.0,0.44002083
FFF,2013J,562920,P2,F1,1.0,0.50815994
FFF,2013J,563014,P2,F1,1.0,0.45989284
FFF,2013J,563019,P2,F1,1.0,0.6414913
FFF,2013J,563020,P2,F1,1.0,0.40105817
FFF,2013J,563051,P2,F1,0.0,0.43501237
FFF,2013J,563196,P2,F1,1.0,0.4148773
FFF,2013J,563299,P2,F1,0.0,0.48285216
FFF,2013J,563636,P2,F1,1.0,0.4258167
FFF,2013J,563742,P2,F1,1.0,0.5058422
FFF,2013J,563783,P2,F1,0.0,0.4241542
FFF,2013J,563787,P2,F1,0.0,0.44446886
FFF,2013J,564119,P2,F1,0.0,0.4462389
FFF,2013J,564262,P2,F1,0.0,0.48284662
FFF,2013J,564437,P2,F1,1.0,0.5444737
FFF,2013J,564702,P2,F1,0.0,0.4710564
FFF,2013J,564770,P2,F1,1.0,0.51638746
FFF,2013J,564821,P2,F1,1.0,0.41375896
FFF,2013J,564981,P2,F1,0.0,0.41200906
FFF,2013J,565469,P2,F1,1.0,0.5159982
FFF,2013J,565587,P2,F1,0.0,0.4193916
FFF,2013J,565653,P2,F1,1.0,0.50744545
FFF,2013J,565698,P2,F1,0.0,0.44709924
FFF,2013J,565849,P2,F1,0.0,0.41356513
FFF,2013J,565990,P2,F1,0.0,0.4365916
FFF,2013J,565997,P2,F1,1.0,0.47259519
FFF,2013J,566009,P2,F1,0.0,0.40654913
FFF,2013J,566135,P2,F1,0.0,0.4005343
FFF,2013J,566172,P2,F1,1.0,0.5370807
FFF,2013J,566270,P2,F1,0.0,0.4517249
FFF,2013J,566465,P2,F1,0.0,0.48162717
FFF,2013J,566817,P2,F1,0.0,0.45453426
FFF,2013J,566823,P2,F1,1.0,0.47645816
FFF,2013J,566863,P2,F1,0.0,0.40839627
FFF,2013J,566973,P2,F1,0.0,0.47950494
FFF,2013J,567165,P2,F1,0.0,0.53139645
FFF,2013J,567222,P2,F1,0.0,0.4588886
FFF,2013J,567223,P2,F1,1.0,0.5200677
FFF,2013J,567312,P2,F1,0.0,0.39867112
FFF,2013J,567676,P2,F1,1.0,0.63419443
FFF,2013J,567880,P2,F1,1.0,0.45674106
FFF,2013J,567888,P2,F1,0.0,0.39367685
FFF,2013J,567901,P2,F1,0.0,0.44022578
FFF,2013J,568084,P2,F1,0.0,0.39330593
FFF,2013J,568132,P2,F1,0.0,0.46014172
FFF,2013J,568153,P2,F1,0.0,0.45258662
FFF,2013J,568184,P2,F1,1.0,0.48300117
FFF,2013J,568204,P2,F1,1.0,0.44304922
FFF,2013J,568207,P2,F1,0.0,0.4087657
FFF,2013J,568234,P2,F1,0.0,0.4861339
FFF,2013J,568333,P2,F1,0.0,0.4288831
FFF,2013J,568381,P2,F1,1.0,0.50233
FFF,2013J,568444,P2,F1,1.0,0.6414913
FFF,2013J,568450,P2,F1,0.0,0.47654933
FFF,2013J,568551,P2,F1,0.0,0.39694092
FFF,2013J,568592,P2,F1,1.0,0.48275292
FFF,2013J,568602,P2,F1,1.0,0.6321061
FFF,2013J,568644,P2,F1,0.0,0.46700191
FFF,2013J,568763,P2,F1,1.0,0.5208387
FFF,2013J,568767,P2,F1,1.0,0.53114265
FFF,2013J,568774,P2,F1,0.0,0.41914162
FFF,2013J,568910,P2,F1,1.0,0.50641257
FFF,2013J,568987,P2,F1,1.0,0.4702085
FFF,2013J,568998,P2,F1,1.0,0.519193
FFF,2013J,569016,P2,F1,0.0,0.43128023
FFF,2013J,569107,P2,F1,0.0,0.40015453
FFF,2013J,569132,P2,F1,1.0,0.49052572
FFF,2013J,569167,P2,F1,0.0,0.4197054
FFF,2013J,569474,P2,F1,0.0,0.3966704
FFF,2013J,569507,P2,F1,0.0,0.39334118
FFF,2013J,569566,P2,F1,0.0,0.47327286
FFF,2013J,569609,P2,F1,0.0,0.40171292
FFF,2013J,569625,P2,F1,0.0,0.4418171
FFF,2013J,569712,P2,F1,0.0,0.41499788
FFF,2013J,569807,P2,F1,1.0,0.5484085
FFF,2013J,569994,P2,F1,1.0,0.4972446
FFF,2013J,570004,P2,F1,1.0,0.49482122
FFF,2013J,570023,P2,F1,1.0,0.627036
FFF,2013J,570061,P2,F1,0.0,0.43686765
FFF,2013J,570213,P2,F1,1.0,0.40222698
FFF,2013J,570280,P2,F1,1.0,0.41361853
FFF,2013J,570428,P2,F1,0.0,0.48445973
FFF,2013J,570455,P2,F1,0.0,0.49315777
FFF,2013J,570515,P2,F1,1.0,0.5105238
FFF,2013J,570517,P2,F1,0.0,0.48681453
FFF,2013J,570550,P2,F1,1.0,0.4020754
FFF,2013J,570689,P2,F1,1.0,0.39975518
FFF,2013J,570717,P2,F1,0.0,0.43329847
FFF,2013J,570732,P2,F1,0.0,0.46209815
FFF,2013J,570807,P2,F1,0.0,0.5110716
FFF,2013J,570878,P2,F1,1.0,0.48969063
FFF,2013J,570978,P2,F1,0.0,0.39942008
FFF,2013J,571019,P2,F1,0.0,0.432921
FFF,2013J,571022,P2,F1,0.0,0.43922395
FFF,2013J,571117,P2,F1,1.0,0.5725573
FFF,2013J,571355,P2,F1,0.0,0.40500516
FFF,2013J,571363,P2,F1,1.0,0.46994308
FFF,2013J,571490,P2,F1,0.0,0.45054084
FFF,2013J,571575,P2,F1,1.0,0.49962655
FFF,2013J,571612,P2,F1,1.0,0.50406235
FFF,2013J,571622,P2,F1,0.0,0.40748325
FFF,2013J,571630,P2,F1,1.0,0.5336543
FFF,2013J,571638,P2,F1,1.0,0.6414913
FFF,2013J,571650,P2,F1,0.0,0.4609477
FFF,2013J,571757,P2,F1,1.0,0.6414913
FFF,2013J,571800,P2,F1,0.0,0.4839152
FFF,2013J,571802,P2,F1,1.0,0.49289745
FFF,2013J,571828,P2,F1,0.0,0.51178455
FFF,2013J,571831,P2,F1,0.0,0.55779296
FFF,2013J,571844,P2,F1,1.0,0.47896022
FFF,2013J,571859,P2,F1,0.0,0.44619533
FFF,2013J,571862,P2,F1,0.0,0.40895182
FFF,2013J,571893,P2,F1,0.0,0.5046166
FFF,2013J,571926,P2,F1,0.0,0.39834687
FFF,2013J,571927,P2,F1,1.0,0.638613
FFF,2013J,571973,P2,F1,1.0,0.4798685
FFF,2013J,572003,P2,F1,0.0,0.43609896
FFF,2013J,572011,P2,F1,0.0,0.43106887
FFF,2013J,572036,P2,F1,0.0,0.43710327
FFF,2013J,572047,P2,F1,1.0,0.5393302
FFF,2013J,572053,P2,F1,0.0,0.41839913
FFF,2013J,572071,P2,F1,1.0,0.49288565
FFF,2013J,572076,P2,F1,1.0,0.43447003
FFF,2013J,572116,P2,F1,1.0,0.50163007
FFF,2013J,572124,P2,F1,0.0,0.39546147
FFF,2013J,572125,P2,F1,0.0,0.43144253
FFF,2013J,572179,P2,F1,1.0,0.47624823
FFF,2013J,572199,P2,F1,1.0,0.6414913
FFF,2013J,572209,P2,F1,1.0,0.55299175
FFF,2013J,572213,P2,F1,1.0,0.4308685
FFF,2013J,572250,P2,F1,0.0,0.5042992
FFF,2013J,572265,P2,F1,1.0,0.48779145
FFF,2013J,572270,P2,F1,1.0,0.45389372
FFF,2013J,572274,P2,F1,0.0,0.40775675
FFF,2013J,572304,P2,F1,1.0,0.53899765
FFF,2013J,572346,P2,F1,1.0,0.638613
FFF,2013J,572397,P2,F1,0.0,0.45620468
FFF,2013J,572410,P2,F1,0.0,0.509527
FFF,2013J,572493,P2,F1,1.0,0.49059302
FFF,2013J,572505,P2,F1,0.0,0.4913298
FFF,2013J,572532,P2,F1,1.0,0.48272967
FFF,2013J,572554,P2,F1,1.0,0.51443034
FFF,2013J,572560,P2,F1,0.0,0.4597817
FFF,2013J,572584,P2,F1,0.0,0.4720015
FFF,2013J,572588,P2,F1,0.0,0.44124103
FFF,2013J,572589,P2,F1,1.0,0.45931613
FFF,2013J,572634,P2,F1,0.0,0.4691252
FFF,2013J,572702,P2,F1,0.0,0.42217085
FFF,2013J,572718,P2,F1,1.0,0.49547607
FFF,2013J,572769,P2,F1,0.0,0.46002463
FFF,2013J,572783,P2,F1,0.0,0.6319956
FFF,2013J,572816,P2,F1,1.0,0.6414913
FFF,2013J,572845,P2,F1,0.0,0.4029291
FFF,2013J,572860,P2,F1,0.0,0.4224091
FFF,2013J,572871,P2,F1,1.0,0.5193552
FFF,2013J,573007,P2,F1,1.0,0.45275337
FFF,2013J,573093,P2,F1,0.0,0.44349027
FFF,2013J,573150,P2,F1,1.0,0.6414913
FFF,2013J,573152,P2,F1,0.0,0.44783324
FFF,2013J,573166,P2,F1,0.0,0.47391263
FFF,2013J,573173,P2,F1,0.0,0.41733927
FFF,2013J,573199,P2,F1,1.0,0.53542006
FFF,2013J,573224,P2,F1,0.0,0.46136314
FFF,2013J,573245,P2,F1,1.0,0.50861216
FFF,2013J,573280,P2,F1,1.0,0.47517586
FFF,2013J,573291,P2,F1,1.0,0.49007723
FFF,2013J,573317,P2,F1,1.0,0.5149824
FFF,2013J,573434,P2,F1,0.0,0.4956508
FFF,2013J,573467,P2,F1,0.0,0.4771436
FFF,2013J,573481,P2,F1,1.0,0.6414913
FFF,2013J,573639,P2,F1,0.0,0.40013927
FFF,2013J,573674,P2,F1,1.0,0.50486135
FFF,2013J,573678,P2,F1,0.0,0.49199077
FFF,2013J,573696,P2,F1,1.0,0.4815442
FFF,2013J,573697,P2,F1,1.0,0.46448854
FFF,2013J,573704,P2,F1,0.0,0.41509885
FFF,2013J,573766,P2,F1,1.0,0.523609
FFF,2013J,573860,P2,F1,1.0,0.5241117
FFF,2013J,573864,P2,F1,0.0,0.5084872
FFF,2013J,573900,P2,F1,0.0,0.42066425
FFF,2013J,573901,P2,F1,1.0,0.6363064
FFF,2013J,573951,P2,F1,0.0,0.46702167
FFF,2013J,574056,P2,F1,1.0,0.490094
FFF,2013J,574070,P2,F1,0.0,0.45563763
FFF,2013J,574078,P2,F1,0.0,0.50291353
FFF,2013J,574207,P2,F1,0.0,0.52355033
FFF,2013J,574245,P2,F1,1.0,0.47871733
FFF,2013J,574282,P2,F1,1.0,0.410858
FFF,2013J,574283,P2,F1,0.0,0.41643664
FFF,2013J,574315,P2,F1,0.0,0.39288518
FFF,2013J,574382,P2,F1,1.0,0.6345581
FFF,2013J,574418,P2,F1,0.0,0.44273174
FFF,2013J,574446,P2,F1,0.0,0.46303833
FFF,2013J,574470,P2,F1,1.0,0.4524968
FFF,2013J,574534,P2,F1,0.0,0.4630647
FFF,2013J,574551,P2,F1,0.0,0.4585986
FFF,2013J,574570,P2,F1,0.0,0.5192631
FFF,2013J,574664,P2,F1,1.0,0.49999
FFF,2013J,574681,P2,F1,0.0,0.5258162
FFF,2013J,574683,P2,F1,1.0,0.51877624
FFF,2013J,574695,P2,F1,1.0,0.6342158
FFF,2013J,574722,P2,F1,0.0,0.45034477
FFF,2013J,574732,P2,F1,0.0,0.47379512
FFF,2013J,574735,P2,F1,1.0,0.5668114
FFF,2013J,574815,P2,F1,1.0,0.49937108
FFF,2013J,574820,P2,F1,1.0,0.6391461
FFF,2013J,574845,P2,F1,0.0,0.45459425
FFF,2013J,574856,P2,F1,1.0,0.5493723
FFF,2013J,574871,P2,F1,1.0,0.6414913
FFF,2013J,574874,P2,F1,0.0,0.39607874
FFF,2013J,574919,P2,F1,1.0,0.46423933
FFF,2013J,574955,P2,F1,1.0,0.55691195
FFF,2013J,575003,P2,F1,1.0,0.50011945
FFF,2013J,575039,P2,F1,0.0,0.4523284
FFF,2013J,575186,P2,F1,0.0,0.41968498
FFF,2013J,575265,P2,F1,0.0,0.46252286
FFF,2013J,575282,P2,F1,1.0,0.39618385
FFF,2013J,575372,P2,F1,0.0,0.3890569
FFF,2013J,575459,P2,F1,1.0,0.5233479
FFF,2013J,575512,P2,F1,0.0,0.4311118
FFF,2013J,575678,P2,F1,0.0,0.4193825
FFF,2013J,575797,P2,F1,0.0,0.45908135
FFF,2013J,575822,P2,F1,1.0,0.50321114
FFF,2013J,575875,P2,F1,1.0,0.43837485
FFF,2013J,575919,P2,F1,1.0,0.6414913
FFF,2013J,575956,P2,F1,0.0,0.50896376
FFF,2013J,576032,P2,F1,1.0,0.6414913
FFF,2013J,576088,P2,F1,1.0,0.63720703
FFF,2013J,576097,P2,F1,0.0,0.474133
FFF,2013J,576107,P2,F1,0.0,0.42013752
FFF,2013J,576205,P2,F1,0.0,0.4652921
FFF,2013J,576229,P2,F1,0.0,0.5221658
FFF,2013J,576281,P2,F1,1.0,0.49874797
FFF,2013J,576390,P2,F1,1.0,0.5603355
FFF,2013J,576399,P2,F1,0.0,0.46472603
FFF,2013J,576417,P2,F1,1.0,0.6414913
FFF,2013J,576423,P2,F1,1.0,0.46059266
FFF,2013J,576431,P2,F1,0.0,0.48764956
FFF,2013J,576433,P2,F1,0.0,0.40339985
FFF,2013J,576466,P2,F1,1.0,0.52629566
FFF,2013J,576512,P2,F1,1.0,0.5043896
FFF,2013J,576518,P2,F1,0.0,0.5123604
FFF,2013J,576568,P2,F1,0.0,0.45495477
FFF,2013J,576672,P2,F1,0.0,0.43632072
FFF,2013J,576704,P2,F1,0.0,0.46159253
FFF,2013J,576765,P2,F1,1.0,0.454695
FFF,2013J,576780,P2,F1,0.0,0.39510256
FFF,2013J,576789,P2,F1,0.0,0.46442592
FFF,2013J,576791,P2,F1,0.0,0.42987314
FFF,2013J,576813,P2,F1,0.0,0.46456122
FFF,2013J,576856,P2,F1,1.0,0.5507464
FFF,2013J,576888,P2,F1,0.0,0.45113918
FFF,2013J,576921,P2,F1,0.0,0.39051533
FFF,2013J,576972,P2,F1,1.0,0.4778578
FFF,2013J,577042,P2,F1,0.0,0.40682682
FFF,2013J,577149,P2,F1,0.0,0.47698125
FFF,2013J,577222,P2,F1,0.0,0.39051533
FFF,2013J,577389,P2,F1,1.0,0.6414913
FFF,2013J,577396,P2,F1,1.0,0.41363907
FFF,2013J,577404,P2,F1,0.0,0.39918652
FFF,2013J,577454,P2,F1,1.0,0.638613
FFF,2013J,577476,P2,F1,0.0,0.40393448
FFF,2013J,577533,P2,F1,1.0,0.43242413
FFF,2013J,577605,P2,F1,0.0,0.50985855
FFF,2013J,577607,P2,F1,1.0,0.4346039
FFF,2013J,577640,P2,F1,1.0,0.63420194
FFF,2013J,577763,P2,F1,0.0,0.45908114
FFF,2013J,577764,P2,F1,0.0,0.4034161
FFF,2013J,577797,P2,F1,1.0,0.4667799
FFF,2013J,577867,P2,F1,0.0,0.5374531
FFF,2013J,577922,P2,F1,0.0,0.42726973
FFF,2013J,577959,P2,F1,0.0,0.4021106
FFF,2013J,577999,P2,F1,0.0,0.4101477
FFF,2013J,578050,P2,F1,0.0,0.43983778
FFF,2013J,578199,P2,F1,0.0,0.4301425
FFF,2013J,578208,P2,F1,1.0,0.5543673
FFF,2013J,578276,P2,F1,1.0,0.51645863
FFF,2013J,578281,P2,F1,0.0,0.42148688
FFF,2013J,578492,P2,F1,0.0,0.5056888
FFF,2013J,578497,P2,F1,0.0,0.39339763
FFF,2013J,578519,P2,F1,0.0,0.43880418
FFF,2013J,578547,P2,F1,1.0,0.53477407
FFF,2013J,578550,P2,F1,1.0,0.43874776
FFF,2013J,578561,P2,F1,1.0,0.45270503
FFF,2013J,578599,P2,F1,1.0,0.49307442
FFF,2013J,578744,P2,F1,0.0,0.43527266
FFF,2013J,579038,P2,F1,0.0,0.4933184
FFF,2013J,579064,P2,F1,1.0,0.4254475
FFF,2013J,579069,P2,F1,1.0,0.49990252
FFF,2013J,579115,P2,F1,1.0,0.63720703
FFF,2013J,579176,P2,F1,0.0,0.41959414
FFF,2013J,579257,P2,F1,0.0,0.48076683
FFF,2013J,579278,P2,F1,0.0,0.5430561
FFF,2013J,579354,P2,F1,1.0,0.5072655
FFF,2013J,579415,P2,F1,1.0,0.5484676
FFF,2013J,579416,P2,F1,1.0,0.47976372
FFF,2013J,579482,P2,F1,1.0,0.5281699
FFF,2013J,579506,P2,F1,0.0,0.5114794
FFF,2013J,579526,P2,F1,0.0,0.4683312
FFF,2013J,579557,P2,F1,0.0,0.40428647
FFF,2013J,579685,P2,F1,1.0,0.4339879
FFF,2013J,579737,P2,F1,0.0,0.424097
FFF,2013J,580317,P2,F1,0.0,0.40965936
FFF,2013J,580342,P2,F1,0.0,0.4641687
FFF,2013J,580380,P2,F1,0.0,0.41963133
FFF,2013J,580477,P2,F1,1.0,0.52832484
FFF,2013J,580484,P2,F1,1.0,0.41829506
FFF,2013J,580555,P2,F1,0.0,0.4876381
FFF,2013J,580657,P2,F1,0.0,0.42099372
FFF,2013J,580702,P2,F1,0.0,0.5039579
FFF,2013J,580709,P2,F1,0.0,0.4818971
FFF,2013J,580743,P2,F1,0.0,0.44617227
FFF,2013J,580779,P2,F1,0.0,0.3969229
FFF,2013J,580824,P2,F1,1.0,0.6329973
FFF,2013J,580842,P2,F1,0.0,0.39847228
FFF,2013J,580867,P2,F1,0.0,0.42281666
FFF,2013J,581034,P2,F1,0.0,0.41913038
FFF,2013J,581135,P2,F1,0.0,0.3937121
FFF,2013J,581219,P2,F1,1.0,0.51224184
FFF,2013J,581253,P2,F1,1.0,0.5813318
FFF,2013J,581261,P2,F1,0.0,0.5293018
FFF,2013J,581307,P2,F1,1.0,0.60163176
FFF,2013J,581332,P2,F1,0.0,0.51163286
FFF,2013J,581341,P2,F1,1.0,0.55109453
FFF,2013J,581342,P2,F1,1.0,0.5183359
FFF,2013J,581410,P2,F1,0.0,0.39919794
FFF,2013J,581412,P2,F1,1.0,0.49289316
FFF,2013J,581486,P2,F1,0.0,0.5247038
FFF,2013J,581490,P2,F1,0.0,0.40878236
FFF,2013J,581523,P2,F1,0.0,0.45915547
FFF,2013J,581532,P2,F1,0.0,0.47891542
FFF,2013J,581563,P2,F1,1.0,0.55784005
FFF,2013J,581574,P2,F1,0.0,0.48964614
FFF,2013J,581614,P2,F1,0.0,0.40758651
FFF,2013J,581616,P2,F1,1.0,0.4607438
FFF,2013J,581656,P2,F1,0.0,0.40377757
FFF,2013J,581700,P2,F1,1.0,0.4635801
FFF,2013J,581769,P2,F1,0.0,0.42835894
FFF,2013J,581770,P2,F1,0.0,0.39681706
FFF,2013J,581787,P2,F1,0.0,0.43579865
FFF,2013J,581796,P2,F1,0.0,0.48308563
FFF,2013J,581810,P2,F1,0.0,0.4241091
FFF,2013J,581836,P2,F1,0.0,0.46640876
FFF,2013J,581838,P2,F1,0.0,0.5125765
FFF,2013J,582003,P2,F1,1.0,0.51588154
FFF,2013J,582063,P2,F1,0.0,0.4338732
FFF,2013J,582080,P2,F1,1.0,0.5057078
FFF,2013J,582108,P2,F1,0.0,0.426395
FFF,2013J,582125,P2,F1,0.0,0.6351517
FFF,2013J,582235,P2,F1,0.0,0.40355596
FFF,2013J,582275,P2,F1,1.0,0.48031145
FFF,2013J,582282,P2,F1,1.0,0.49068657
FFF,2013J,582311,P2,F1,1.0,0.5520229
FFF,2013J,582364,P2,F1,0.0,0.5104023
FFF,2013J,582392,P2,F1,0.0,0.39602277
FFF,2013J,582494,P2,F1,0.0,0.49450973
FFF,2013J,582510,P2,F1,0.0,0.43654233
FFF,2013J,582562,P2,F1,0.0,0.5028858
FFF,2013J,582629,P2,F1,1.0,0.6302608
FFF,2013J,582677,P2,F1,0.0,0.47833169
FFF,2013J,582705,P2,F1,0.0,0.39311984
FFF,2013J,582790,P2,F1,0.0,0.5344641
FFF,2013J,582950,P2,F1,0.0,0.441523
FFF,2013J,582992,P2,F1,1.0,0.6414913
FFF,2013J,583051,P2,F1,1.0,0.53142416
FFF,2013J,583070,P2,F1,1.0,0.50194234
FFF,2013J,583121,P2,F1,1.0,0.6363064
FFF,2013J,583128,P2,F1,1.0,0.6338498
FFF,2013J,583131,P2,F1,0.0,0.5278493
FFF,2013J,583149,P2,F1,1.0,0.50870097
FFF,2013J,583202,P2,F1,0.0,0.48770145
FFF,2013J,583232,P2,F1,0.0,0.3890569
FFF,2013J,583236,P2,F1,1.0,0.46185547
FFF,2013J,583286,P2,F1,0.0,0.47398794
FFF,2013J,583381,P2,F1,0.0,0.42019448
FFF,2013J,583526,P2,F1,0.0,0.5156779
FFF,2013J,583599,P2,F1,1.0,0.53105646
FFF,2013J,583741,P2,F1,0.0,0.4950016
FFF,2013J,583824,P2,F1,0.0,0.44481012
FFF,2013J,583867,P2,F1,0.0,0.4610703
FFF,2013J,583966,P2,F1,1.0,0.62712395
FFF,2013J,583993,P2,F1,1.0,0.40839025
FFF,2013J,584040,P2,F1,1.0,0.499675
FFF,2013J,584078,P2,F1,1.0,0.55777514
FFF,2013J,584111,P2,F1,0.0,0.5219413
FFF,2013J,584210,P2,F1,1.0,0.54130024
FFF,2013J,584214,P2,F1,0.0,0.39718086
FFF,2013J,584225,P2,F1,1.0,0.56003314
FFF,2013J,584362,P2,F1,1.0,0.6414913
FFF,2013J,584446,P2,F1,0.0,0.40812373
FFF,2013J,584468,P2,F1,0.0,0.39547405
FFF,2013J,584546,P2,F1,0.0,0.5040903
FFF,2013J,584550,P2,F1,0.0,0.53423136
FFF,2013J,584594,P2,F1,1.0,0.63179743
FFF,2013J,584601,P2,F1,0.0,0.47626966
FFF,2013J,584687,P2,F1,1.0,0.638613
FFF,2013J,584771,P2,F1,0.0,0.4011504
FFF,2013J,584806,P2,F1,1.0,0.50943315
FFF,2013J,585033,P2,F1,0.0,0.4775211
FFF,2013J,585050,P2,F1,1.0,0.40094185
FFF,2013J,585093,P2,F1,0.0,0.39536777
FFF,2013J,585128,P2,F1,1.0,0.4251688
FFF,2013J,585149,P2,F1,1.0,0.4840601
FFF,2013J,585162,P2,F1,0.0,0.48059705
FFF,2013J,585166,P2,F1,0.0,0.46441504
FFF,2013J,585222,P2,F1,0.0,0.43367165
FFF,2013J,585230,P2,F1,1.0,0.5094502
FFF,2013J,585290,P2,F1,1.0,0.638613
FFF,2013J,585301,P2,F1,1.0,0.45283997
FFF,2013J,585305,P2,F1,0.0,0.49180835
FFF,2013J,585383,P2,F1,0.0,0.4080843
FFF,2013J,585409,P2,F1,1.0,0.4951145
FFF,2013J,585449,P2,F1,1.0,0.41664678
FFF,2013J,585466,P2,F1,0.0,0.41094097
FFF,2013J,585484,P2,F1,1.0,0.57534885
FFF,2013J,585574,P2,F1,0.0,0.47912574
FFF,2013J,585615,P2,F1,1.0,0.46743733
FFF,2013J,585659,P2,F1,0.0,0.4539668
FFF,2013J,585724,P2,F1,1.0,0.48050466
FFF,2013J,585731,P2,F1,0.0,0.41402015
FFF,2013J,585825,P2,F1,1.0,0.4500757
FFF,2013J,585942,P2,F1,1.0,0.45219997
FFF,2013J,585965,P2,F1,1.0,0.46158817
FFF,2013J,586034,P2,F1,0.0,0.44384536
FFF,2013J,586080,P2,F1,1.0,0.44396207
FFF,2013J,586224,P2,F1,1.0,0.5137546
FFF,2013J,586233,P2,F1,0.0,0.43442646
FFF,2013J,586246,P2,F1,1.0,0.48526186
FFF,2013J,586251,P2,F1,1.0,0.5172262
FFF,2013J,586259,P2,F1,1.0,0.55415636
FFF,2013J,586281,P2,F1,1.0,0.490868
FFF,2013J,586428,P2,F1,0.0,0.50735646
FFF,2013J,586446,P2,F1,0.0,0.52325916
FFF,2013J,586468,P2,F1,0.0,0.45514616
FFF,2013J,586477,P2,F1,0.0,0.43018317
FFF,2013J,586483,P2,F1,0.0,0.4202834
FFF,2013J,586518,P2,F1,0.0,0.53360265
FFF,2013J,586543,P2,F1,1.0,0.5869496
FFF,2013J,586594,P2,F1,0.0,0.39140245
FFF,2013J,586642,P2,F1,0.0,0.4639293
FFF,2013J,586705,P2,F1,0.0,0.39305472
FFF,2013J,586719,P2,F1,0.0,0.42709044
FFF,2013J,586753,P2,F1,1.0,0.47401497
FFF,2013J,586758,P2,F1,0.0,0.43296006
FFF,2013J,586781,P2,F1,0.0,0.40172702
FFF,2013J,586784,P2,F1,0.0,0.5084891
FFF,2013J,586808,P2,F1,0.0,0.44662076
FFF,2013J,586851,P2,F1,1.0,0.47698277
FFF,2013J,586855,P2,F1,0.0,0.42358047
FFF,2013J,586891,P2,F1,0.0,0.52045727
FFF,2013J,586906,P2,F1,1.0,0.6363064
FFF,2013J,586925,P2,F1,1.0,0.49921605
FFF,2013J,586935,P2,F1,0.0,0.48281676
FFF,2013J,586957,P2,F1,0.0,0.48981187
FFF,2013J,586974,P2,F1,1.0,0.55233186
FFF,2013J,587126,P2,F1,0.0,0.45219997
FFF,2013J,587178,P2,F1,0.0,0.4582956
FFF,2013J,587195,P2,F1,1.0,0.6414913
FFF,2013J,587286,P2,F1,0.0,0.39731908
FFF,2013J,587294,P2,F1,0.0,0.46950203
FFF,2013J,587308,P2,F1,1.0,0.6414913
FFF,2013J,587324,P2,F1,1.0,0.4402822
FFF,2013J,587334,P2,F1,0.0,0.42805827
FFF,2013J,587369,P2,F1,1.0,0.39964068
FFF,2013J,587435,P2,F1,1.0,0.45770258
FFF,2013J,587451,P2,F1,0.0,0.45061323
FFF,2013J,587456,P2,F1,0.0,0.4180257
FFF,2013J,587462,P2,F1,1.0,0.449651
FFF,2013J,587594,P2,F1,0.0,0.41589192
FFF,2013J,587611,P2,F1,0.0,0.45955896
FFF,2013J,587619,P2,F1,0.0,0.47691736
FFF,2013J,587685,P2,F1,0.0,0.4339732
FFF,2013J,587690,P2,F1,0.0,0.4149833
FFF,2013J,587783,P2,F1,0.0,0.42259604
FFF,2013J,587848,P2,F1,0.0,0.4919793
FFF,2013J,587859,P2,F1,1.0,0.5425524
FFF,2013J,587868,P2,F1,1.0,0.503392
FFF,2013J,587881,P2,F1,1.0,0.40240982
FFF,2013J,587976,P2,F1,1.0,0.4985946
FFF,2013J,588052,P2,F1,1.0,0.47375846
FFF,2013J,588128,P2,F1,1.0,0.51944536
FFF,2013J,588131,P2,F1,0.0,0.48391432
FFF,2013J,588156,P2,F1,0.0,0.46078047
FFF,2013J,588175,P2,F1,1.0,0.4891259
FFF,2013J,588236,P2,F1,0.0,0.39900935
FFF,2013J,588261,P2,F1,0.0,0.3973188
FFF,2013J,588560,P2,F1,1.0,0.4097557
FFF,2013J,588597,P2,F1,1.0,0.521122
FFF,2013J,588672,P2,F1,0.0,0.4091621
FFF,2013J,588914,P2,F1,1.0,0.5257972
FFF,2013J,588925,P2,F1,1.0,0.49460223
FFF,2013J,588971,P2,F1,0.0,0.5160817
FFF,2013J,589003,P2,F1,0.0,0.46272263
FFF,2013J,589014,P2,F1,0.0,0.50679624
FFF,2013J,589099,P2,F1,1.0,0.46764308
FFF,2013J,589178,P2,F1,1.0,0.6414913
FFF,2013J,589196,P2,F1,1.0,0.6414913
FFF,2013J,589263,P2,F1,0.0,0.44622794
FFF,2013J,589295,P2,F1,0.0,0.50816745
FFF,2013J,589303,P2,F1,0.0,0.48958704
FFF,2013J,589326,P2,F1,0.0,0.3910323
FFF,2013J,589409,P2,F1,0.0,0.39468113
FFF,2013J,589441,P2,F1,1.0,0.5434545
FFF,2013J,589474,P2,F1,1.0,0.536764
FFF,2013J,589490,P2,F1,1.0,0.48232678
FFF,2013J,589559,P2,F1,0.0,0.4756206
FFF,2013J,589578,P2,F1,0.0,0.46163186
FFF,2013J,589583,P2,F1,0.0,0.46130592
FFF,2013J,589587,P2,F1,0.0,0.4713581
FFF,2013J,589594,P2,F1,1.0,0.54466146
FFF,2013J,589605,P2,F1,0.0,0.39051533
FFF,2013J,589707,P2,F1,1.0,0.56826866
FFF,2013J,589749,P2,F1,1.0,0.638613
FFF,2013J,589782,P2,F1,0.0,0.48598886
FFF,2013J,589828,P2,F1,1.0,0.50097704
FFF,2013J,589843,P2,F1,1.0,0.5433658
FFF,2013J,589860,P2,F1,0.0,0.4146378
FFF,2013J,589948,P2,F1,0.0,0.46964556
FFF,2013J,590128,P2,F1,1.0,0.54069734
FFF,2013J,590188,P2,F1,1.0,0.45110288
FFF,2013J,590189,P2,F1,1.0,0.53551704
FFF,2013J,590226,P2,F1,0.0,0.4941976
FFF,2013J,590241,P2,F1,0.0,0.40627927
FFF,2013J,590289,P2,F1,1.0,0.51078993
FFF,2013J,590328,P2,F1,0.0,0.5026435
FFF,2013J,590403,P2,F1,1.0,0.465525
FFF,2013J,590461,P2,F1,1.0,0.42665806
FFF,2013J,590462,P2,F1,1.0,0.49652898
FFF,2013J,590499,P2,F1,1.0,0.4848616
FFF,2013J,590548,P2,F1,1.0,0.47556818
FFF,2013J,590701,P2,F1,0.0,0.4037
FFF,2013J,590707,P2,F1,0.0,0.4562237
FFF,2013J,590714,P2,F1,1.0,0.6414913
FFF,2013J,590749,P2,F1,1.0,0.53404284
FFF,2013J,590824,P2,F1,0.0,0.4277369
FFF,2013J,590849,P2,F1,0.0,0.5072422
FFF,2013J,590907,P2,F1,0.0,0.4847713
FFF,2013J,590980,P2,F1,0.0,0.48307645
FFF,2013J,590989,P2,F1,0.0,0.49104694
FFF,2013J,591008,P2,F1,1.0,0.51299816
FFF,2013J,591055,P2,F1,0.0,0.44127575
FFF,2013J,591078,P2,F1,0.0,0.43802327
FFF,2013J,591219,P2,F1,0.0,0.47386327
FFF,2013J,591343,P2,F1,0.0,0.533656
FFF,2013J,591394,P2,F1,0.0,0.44210368
FFF,2013J,591403,P2,F1,0.0,0.39566344
FFF,2013J,591412,P2,F1,1.0,0.4524585
FFF,2013J,591516,P2,F1,1.0,0.6240174
FFF,2013J,591581,P2,F1,1.0,0.5894073
FFF,2013J,591613,P2,F1,1.0,0.44614616
FFF,2013J,591655,P2,F1,1.0,0.50263715
FFF,2013J,591685,P2,F1,0.0,0.50227755
FFF,2013J,591692,P2,F1,1.0,0.41045558
FFF,2013J,591695,P2,F1,0.0,0.40195516
FFF,2013J,591735,P2,F1,1.0,0.43597034
FFF,2013J,591765,P2,F1,0.0,0.46614844
FFF,2013J,591872,P2,F1,0.0,0.444042
FFF,2013J,591893,P2,F1,1.0,0.5211464
FFF,2013J,591940,P2,F1,0.0,0.4076542
FFF,2013J,591975,P2,F1,1.0,0.4920896
FFF,2013J,592002,P2,F1,1.0,0.5191658
FFF,2013J,592007,P2,F1,0.0,0.46028906
FFF,2013J,592014,P2,F1,0.0,0.5161459
FFF,2013J,592092,P2,F1,0.0,0.41389406
FFF,2013J,592142,P2,F1,1.0,0.5095116
FFF,2013J,592168,P2,F1,0.0,0.4004673
FFF,2013J,592203,P2,F1,0.0,0.39723158
FFF,2013J,592206,P2,F1,1.0,0.4980993
FFF,2013J,592259,P2,F1,0.0,0.42487964
FFF,2013J,592370,P2,F1,0.0,0.44430456
FFF,2013J,592373,P2,F1,0.0,0.43757945
FFF,2013J,592437,P2,F1,1.0,0.43412447
FFF,2013J,592450,P2,F1,1.0,0.40117532
FFF,2013J,592476,P2,F1,0.0,0.53318566
FFF,2013J,592538,P2,F1,1.0,0.45540187
FFF,2013J,592550,P2,F1,1.0,0.44144854
FFF,2013J,592607,P2,F1,1.0,0.48437646
FFF,2013J,592616,P2,F1,0.0,0.52509236
FFF,2013J,592631,P2,F1,0.0,0.40382034
FFF,2013J,592634,P2,F1,1.0,0.53336394
FFF,2013J,592640,P2,F1,0.0,0.41094232
FFF,2013J,592689,P2,F1,0.0,0.41574338
FFF,2013J,592763,P2,F1,0.0,0.48467806
FFF,2013J,592781,P2,F1,0.0,0.4705707
FFF,2013J,592789,P2,F1,0.0,0.49106294
FFF,2013J,592810,P2,F1,1.0,0.43794733
FFF,2013J,592856,P2,F1,0.0,0.60267407
FFF,2013J,592924,P2,F1,0.0,0.4516049
FFF,2013J,593022,P2,F1,0.0,0.4121437
FFF,2013J,593104,P2,F1,1.0,0.5167573
FFF,2013J,593139,P2,F1,1.0,0.43286505
FFF,2013J,593206,P2,F1,1.0,0.47338438
FFF,2013J,593272,P2,F1,0.0,0.43356457
FFF,2013J,593320,P2,F1,0.0,0.44677556
FFF,2013J,593459,P2,F1,0.0,0.4884697
FFF,2013J,593492,P2,F1,0.0,0.5135972
FFF,2013J,593535,P2,F1,1.0,0.46394524
FFF,2013J,593585,P2,F1,0.0,0.41517124
FFF,2013J,593617,P2,F1,1.0,0.48781186
FFF,2013J,593670,P2,F1,1.0,0.6414913
FFF,2013J,593671,P2,F1,1.0,0.6414913
FFF,2013J,593681,P2,F1,0.0,0.50184584
FFF,2013J,593755,P2,F1,0.0,0.401832
FFF,2013J,593780,P2,F1,1.0,0.5473021
FFF,2013J,593823,P2,F1,0.0,0.3910323
FFF,2013J,593904,P2,F1,1.0,0.45729518
FFF,2013J,593953,P2,F1,0.0,0.39339763
FFF,2013J,593970,P2,F1,1.0,0.45793438
FFF,2013J,594044,P2,F1,0.0,0.39840725
FFF,2013J,594076,P2,F1,1.0,0.46735534
FFF,2013J,594119,P2,F1,0.0,0.41310441
FFF,2013J,594139,P2,F1,0.0,0.43968964
FFF,2013J,594162,P2,F1,0.0,0.49716845
FFF,2013J,594184,P2,F1,1.0,0.46829346
FFF,2013J,594205,P2,F1,0.0,0.47949886
FFF,2013J,594250,P2,F1,0.0,0.40394935
FFF,2013J,594280,P2,F1,1.0,0.6313235
FFF,2013J,594291,P2,F1,1.0,0.44079086
FFF,2013J,594319,P2,F1,0.0,0.40392637
FFF,2013J,594326,P2,F1,0.0,0.43685943
FFF,2013J,594342,P2,F1,1.0,0.47217914
FFF,2013J,594359,P2,F1,1.0,0.6405693
FFF,2013J,594360,P2,F1,1.0,0.49918595
FFF,2013J,594376,P2,F1,1.0,0.48105103
FFF,2013J,594395,P2,F1,1.0,0.40389863
FFF,2013J,594404,P2,F1,1.0,0.4533875
FFF,2013J,594406,P2,F1,1.0,0.46658954
FFF,2013J,594454,P2,F1,1.0,0.49580324
FFF,2013J,594470,P2,F1,1.0,0.50330114
FFF,2013J,594505,P2,F1,0.0,0.45136386
FFF,2013J,594506,P2,F1,0.0,0.47310278
FFF,2013J,594510,P2,F1,1.0,0.6405693
FFF,2013J,594546,P2,F1,0.0,0.3958906
FFF,2013J,594547,P2,F1,0.0,0.41034567
FFF,2013J,594558,P2,F1,0.0,0.39481577
FFF,2013J,594576,P2,F1,0.0,0.4823996
FFF,2013J,594596,P2,F1,0.0,0.40266317
FFF,2013J,594615,P2,F1,1.0,0.5035788
FFF,2013J,594643,P2,F1,1.0,0.50544876
FFF,2013J,594800,P2,F1,1.0,0.46066433
FFF,2013J,594814,P2,F1,0.0,0.39339763
FFF,2013J,594815,P2,F1,1.0,0.50763875
FFF,2013J,594823,P2,F1,1.0,0.45914197
FFF,2013J,594855,P2,F1,0.0,0.50533503
FFF,2013J,594894,P2,F1,0.0,0.43015927
FFF,2013J,594956,P2,F1,1.0,0.43810502
FFF,2013J,594996,P2,F1,1.0,0.63720703
FFF,2013J,595023,P2,F1,1.0,0.48637494
FFF,2013J,595106,P2,F1,0.0,0.45094302
FFF,2013J,595119,P2,F1,1.0,0.53211695
FFF,2013J,595150,P2,F1,1.0,0.5191655
FFF,2013J,595164,P2,F1,0.0,0.47931507
FFF,2013J,595230,P2,F1,0.0,0.42454007
FFF,2013J,595235,P2,F1,1.0,0.46955714
FFF,2013J,595246,P2,F1,1.0,0.5417748
FFF,2013J,595330,P2,F1,0.0,0.4089676
FFF,2013J,595354,P2,F1,0.0,0.54361624
FFF,2013J,595381,P2,F1,0.0,0.45216498
FFF,2013J,595386,P2,F1,0.0,0.46604547
FFF,2013J,595401,P2,F1,0.0,0.44249612
FFF,2013J,595428,P2,F1,1.0,0.43812695
FFF,2013J,595477,P2,F1,1.0,0.48937717
FFF,2013J,595483,P2,F1,1.0,0.45746145
FFF,2013J,595593,P2,F1,1.0,0.5511013
FFF,2013J,595649,P2,F1,0.0,0.50015146
FFF,2013J,595655,P2,F1,0.0,0.42974207
FFF,2013J,595676,P2,F1,1.0,0.47401696
FFF,2013J,595735,P2,F1,0.0,0.40586784
FFF,2013J,595746,P2,F1,0.0,0.41131988
FFF,2013J,595752,P2,F1,0.0,0.40756503
FFF,2013J,595769,P2,F1,0.0,0.4544172
FFF,2013J,595773,P2,F1,1.0,0.5079036
FFF,2013J,595840,P2,F1,0.0,0.3966704
FFF,2013J,595842,P2,F1,0.0,0.47075984
FFF,2013J,595847,P2,F1,0.0,0.38997185
FFF,2013J,595868,P2,F1,0.0,0.43837842
FFF,2013J,595895,P2,F1,1.0,0.63720703
FFF,2013J,595915,P2,F1,1.0,0.5235088
FFF,2013J,595935,P2,F1,1.0,0.41290322
FFF,2013J,595978,P2,F1,1.0,0.49881506
FFF,2013J,596027,P2,F1,0.0,0.47450602
FFF,2013J,596029,P2,F1,1.0,0.5628684
FFF,2013J,596049,P2,F1,1.0,0.534856
FFF,2013J,596125,P2,F1,1.0,0.53961885
FFF,2013J,596146,P2,F1,1.0,0.47115216
FFF,2013J,596147,P2,F1,0.0,0.46943924
FFF,2013J,596231,P2,F1,1.0,0.4584608
FFF,2013J,596266,P2,F1,1.0,0.5179066
FFF,2013J,596296,P2,F1,1.0,0.49439618
FFF,2013J,596368,P2,F1,0.0,0.45988643
FFF,2013J,596369,P2,F1,1.0,0.5142395
FFF,2013J,596406,P2,F1,1.0,0.41584882
FFF,2013J,596490,P2,F1,0.0,0.45335907
FFF,2013J,596521,P2,F1,1.0,0.5334938
FFF,2013J,596593,P2,F1,0.0,0.50439453
FFF,2013J,596624,P2,F1,1.0,0.5214908
FFF,2013J,596646,P2,F1,0.0,0.5302775
FFF,2013J,596687,P2,F1,0.0,0.4714428
FFF,2013J,596691,P2,F1,1.0,0.54518884
FFF,2013J,596739,P2,F1,1.0,0.46573612
FFF,2013J,596754,P2,F1,1.0,0.41945094
FFF,2013J,596756,P2,F1,0.0,0.44881523
FFF,2013J,596828,P2,F1,0.0,0.41860005
FFF,2013J,596829,P2,F1,1.0,0.6246469
FFF,2013J,596858,P2,F1,1.0,0.48746276
FFF,2013J,596860,P2,F1,0.0,0.43933225
FFF,2013J,596938,P2,F1,0.0,0.44602618
FFF,2013J,596981,P2,F1,0.0,0.41423532
FFF,2013J,596982,P2,F1,0.0,0.4746585
FFF,2013J,597074,P2,F1,1.0,0.50602597
FFF,2013J,597098,P2,F1,1.0,0.63720703
FFF,2013J,597199,P2,F1,0.0,0.5173538
FFF,2013J,597204,P2,F1,0.0,0.48663148
FFF,2013J,597238,P2,F1,1.0,0.4567842
FFF,2013J,597241,P2,F1,0.0,0.45944855
FFF,2013J,597293,P2,F1,0.0,0.40472558
FFF,2013J,597415,P2,F1,1.0,0.5374289
FFF,2013J,597485,P2,F1,0.0,0.46141055
FFF,2013J,597627,P2,F1,0.0,0.45529097
FFF,2013J,597715,P2,F1,0.0,0.46434942
FFF,2013J,597737,P2,F1,0.0,0.4564734
FFF,2013J,597747,P2,F1,1.0,0.5730369
FFF,2013J,597787,P2,F1,0.0,0.45719722
FFF,2013J,597791,P2,F1,0.0,0.45433357
FFF,2013J,597797,P2,F1,0.0,0.45377657
FFF,2013J,597817,P2,F1,1.0,0.5397456
FFF,2013J,597819,P2,F1,0.0,0.44511098
FFF,2013J,597906,P2,F1,0.0,0.4446758
FFF,2013J,597912,P2,F1,1.0,0.5247066
FFF,2013J,598001,P2,F1,1.0,0.5578454
FFF,2013J,598032,P2,F1,1.0,0.47208098
FFF,2013J,598077,P2,F1,0.0,0.5098355
FFF,2013J,598213,P2,F1,0.0,0.45005396
FFF,2013J,598215,P2,F1,0.0,0.47148126
FFF,2013J,598235,P2,F1,1.0,0.5084186
FFF,2013J,598279,P2,F1,0.0,0.54160905
FFF,2013J,598285,P2,F1,0.0,0.42151618
FFF,2013J,598294,P2,F1,0.0,0.4176576
FFF,2013J,598299,P2,F1,0.0,0.40098378
FFF,2013J,598306,P2,F1,1.0,0.50661767
FFF,2013J,598308,P2,F1,1.0,0.40939242
FFF,2013J,598376,P2,F1,0.0,0.4061892
FFF,2013J,598385,P2,F1,1.0,0.47200155
FFF,2013J,598478,P2,F1,1.0,0.39150426
FFF,2013J,598480,P2,F1,1.0,0.54561573
FFF,2013J,598498,P2,F1,1.0,0.4458779
FFF,2013J,598543,P2,F1,0.0,0.45110855
FFF,2013J,598555,P2,F1,0.0,0.43176576
FFF,2013J,598649,P2,F1,1.0,0.5305467
FFF,2013J,598666,P2,F1,1.0,0.52863973
FFF,2013J,598706,P2,F1,0.0,0.39995173
FFF,2013J,598752,P2,F1,1.0,0.5395156
FFF,2013J,598757,P2,F1,1.0,0.50019836
FFF,2013J,598761,P2,F1,0.0,0.39533252
FFF,2013J,598835,P2,F1,0.0,0.40128627
FFF,2013J,598887,P2,F1,1.0,0.41906133
FFF,2013J,598962,P2,F1,1.0,0.5161537
FFF,2013J,598966,P2,F1,0.0,0.48094335
FFF,2013J,598983,P2,F1,0.0,0.4544748
FFF,2013J,599094,P2,F1,0.0,0.46795404
FFF,2013J,599104,P2,F1,0.0,0.4520486
FFF,2013J,599114,P2,F1,1.0,0.6405693
FFF,2013J,599168,P2,F1,1.0,0.46001887
FFF,2013J,599199,P2,F1,0.0,0.40586784
FFF,2013J,599245,P2,F1,0.0,0.39764035
FFF,2013J,599289,P2,F1,0.0,0.3952393
FFF,2013J,599297,P2,F1,1.0,0.49412268
FFF,2013J,599315,P2,F1,0.0,0.40226734
FFF,2013J,599370,P2,F1,0.0,0.46426627
FFF,2013J,599445,P2,F1,0.0,0.40605763
FFF,2013J,599468,P2,F1,0.0,0.45838907
FFF,2013J,599559,P2,F1,0.0,0.4680113
FFF,2013J,599568,P2,F1,1.0,0.5455241
FFF,2013J,599570,P2,F1,1.0,0.5428809
FFF,2013J,599587,P2,F1,0.0,0.6205274
FFF,2013J,599595,P2,F1,1.0,0.49409816
FFF,2013J,599663,P2,F1,0.0,0.404718
FFF,2013J,599683,P2,F1,0.0,0.3963186
FFF,2013J,599718,P2,F1,0.0,0.51633835
FFF,2013J,599783,P2,F1,0.0,0.49087638
FFF,2013J,599795,P2,F1,1.0,0.60314244
FFF,2013J,599805,P2,F1,1.0,0.51263463
FFF,2013J,599816,P2,F1,0.0,0.42800483
FFF,2013J,599857,P2,F1,0.0,0.45521376
FFF,2013J,599907,P2,F1,1.0,0.49363628
FFF,2013J,599957,P2,F1,1.0,0.44548285
FFF,2013J,599994,P2,F1,1.0,0.6414913
FFF,2013J,600175,P2,F1,0.0,0.45047873
FFF,2013J,600224,P2,F1,0.0,0.41008368
FFF,2013J,600243,P2,F1,0.0,0.4326747
FFF,2013J,600367,P2,F1,1.0,0.53472567
FFF,2013J,600436,P2,F1,1.0,0.40218565
FFF,2013J,600515,P2,F1,1.0,0.57786626
FFF,2013J,600542,P2,F1,0.0,0.42137137
FFF,2013J,600558,P2,F1,0.0,0.43069926
FFF,2013J,600615,P2,F1,1.0,0.5149945
FFF,2013J,600676,P2,F1,0.0,0.4084013
FFF,2013J,600682,P2,F1,0.0,0.4928418
FFF,2013J,600746,P2,F1,1.0,0.42642632
FFF,2013J,600808,P2,F1,1.0,0.4903022
FFF,2013J,600860,P2,F1,0.0,0.39140245
FFF,2013J,600944,P2,F1,0.0,0.51424456
FFF,2013J,600947,P2,F1,1.0,0.6414913
FFF,2013J,600991,P2,F1,0.0,0.4717419
FFF,2013J,601021,P2,F1,0.0,0.50245804
FFF,2013J,601040,P2,F1,0.0,0.40027478
FFF,2013J,601042,P2,F1,1.0,0.49070466
FFF,2013J,601074,P2,F1,1.0,0.42811278
FFF,2013J,601080,P2,F1,1.0,0.54171103
FFF,2013J,601099,P2,F1,0.0,0.4010162
FFF,2013J,601104,P2,F1,0.0,0.42666024
FFF,2013J,601105,P2,F1,0.0,0.40073043
FFF,2013J,601180,P2,F1,1.0,0.41181836
FFF,2013J,601184,P2,F1,1.0,0.5093517
FFF,2013J,601213,P2,F1,0.0,0.3892012
FFF,2013J,601217,P2,F1,1.0,0.6414913
FFF,2013J,601271,P2,F1,1.0,0.58958435
FFF,2013J,601388,P2,F1,0.0,0.46442676
FFF,2013J,601389,P2,F1,0.0,0.39510256
FFF,2013J,601390,P2,F1,0.0,0.39472133
FFF,2013J,601399,P2,F1,0.0,0.45504144
FFF,2013J,601430,P2,F1,0.0,0.4267039
FFF,2013J,601439,P2,F1,0.0,0.46309257
FFF,2013J,601583,P2,F1,0.0,0.47819296
FFF,2013J,601681,P2,F1,0.0,0.40500745
FFF,2013J,601745,P2,F1,1.0,0.4158117
FFF,2013J,601761,P2,F1,1.0,0.42659733
FFF,2013J,601783,P2,F1,1.0,0.6363064
FFF,2013J,601788,P2,F1,0.0,0.43315303
FFF,2013J,601808,P2,F1,0.0,0.41275483
FFF,2013J,601952,P2,F1,0.0,0.4640425
FFF,2013J,602053,P2,F1,1.0,0.43716732
FFF,2013J,602097,P2,F1,1.0,0.55459315
FFF,2013J,602099,P2,F1,0.0,0.5185556
FFF,2013J,602111,P2,F1,1.0,0.4818029
FFF,2013J,602312,P2,F1,0.0,0.41071334
FFF,2013J,602320,P2,F1,1.0,0.51214427
FFF,2013J,602344,P2,F1,1.0,0.45527488
FFF,2013J,602406,P2,F1,1.0,0.6414913
FFF,2013J,602451,P2,F1,0.0,0.55505955
FFF,2013J,602468,P2,F1,0.0,0.47520512
FFF,2013J,602469,P2,F1,0.0,0.42692202
FFF,2013J,602502,P2,F1,1.0,0.5229364
FFF,2013J,602511,P2,F1,0.0,0.4069645
FFF,2013J,602516,P2,F1,0.0,0.40148035
FFF,2013J,602569,P2,F1,1.0,0.6400902
FFF,2013J,602577,P2,F1,0.0,0.48516452
FFF,2013J,602592,P2,F1,1.0,0.6414913
FFF,2013J,602600,P2,F1,1.0,0.54332364
FFF,2013J,602669,P2,F1,0.0,0.39140603
FFF,2013J,602713,P2,F1,0.0,0.3890569
FFF,2013J,602719,P2,F1,0.0,0.53045547
FFF,2013J,602734,P2,F1,1.0,0.48645222
FFF,2013J,602777,P2,F1,0.0,0.45946255
FFF,2013J,602792,P2,F1,1.0,0.4530673
FFF,2013J,602811,P2,F1,0.0,0.6208454
FFF,2013J,602837,P2,F1,0.0,0.44900626
FFF,2013J,602895,P2,F1,1.0,0.5296946
FFF,2013J,602948,P2,F1,0.0,0.42234054
FFF,2013J,602994,P2,F1,1.0,0.48498437
FFF,2013J,603030,P2,F1,1.0,0.49692836
FFF,2013J,603059,P2,F1,0.0,0.43801218
FFF,2013J,603111,P2,F1,1.0,0.45827058
FFF,2013J,603148,P2,F1,1.0,0.5262876
FFF,2013J,603155,P2,F1,0.0,0.44626132
FFF,2013J,603170,P2,F1,0.0,0.4759991
FFF,2013J,603199,P2,F1,1.0,0.475563
FFF,2013J,603216,P2,F1,1.0,0.5006199
FFF,2013J,603220,P2,F1,1.0,0.5080771
FFF,2013J,603231,P2,F1,0.0,0.39914414
FFF,2013J,603260,P2,F1,1.0,0.48393026
FFF,2013J,603300,P2,F1,0.0,0.39646372
FFF,2013J,603327,P2,F1,0.0,0.41445738
FFF,2013J,603341,P2,F1,0.0,0.5478903
FFF,2013J,603389,P2,F1,0.0,0.4978084
FFF,2013J,603423,P2,F1,1.0,0.55014324
FFF,2013J,603437,P2,F1,0.0,0.42193308
FFF,2013J,603529,P2,F1,0.0,0.47825843
FFF,2013J,603576,P2,F1,0.0,0.43488884
FFF,2013J,603597,P2,F1,0.0,0.4301204
FFF,2013J,603600,P2,F1,0.0,0.47061294
FFF,2013J,603611,P2,F1,0.0,0.47778997
FFF,2013J,603651,P2,F1,0.0,0.40663326
FFF,2013J,603733,P2,F1,0.0,0.49229133
FFF,2013J,603819,P2,F1,0.0,0.5145817
FFF,2013J,603848,P2,F1,1.0,0.49364632
FFF,2013J,603931,P2,F1,1.0,0.55761826
FFF,2013J,604087,P2,F1,1.0,0.52501065
FFF,2013J,604142,P2,F1,1.0,0.5377937
FFF,2013J,604184,P2,F1,0.0,0.51544696
FFF,2013J,604228,P2,F1,1.0,0.53005844
FFF,2013J,604258,P2,F1,1.0,0.5119265
FFF,2013J,604379,P2,F1,0.0,0.49197924
FFF,2013J,604416,P2,F1,1.0,0.48209026
FFF,2013J,604427,P2,F1,0.0,0.4418337
FFF,2013J,604478,P2,F1,0.0,0.4014295
FFF,2013J,604514,P2,F1,1.0,0.4163635
FFF,2013J,604581,P2,F1,1.0,0.4972261
FFF,2013J,604583,P2,F1,1.0,0.46325982
FFF,2013J,604606,P2,F1,1.0,0.51587415
FFF,2013J,604633,P2,F1,0.0,0.4615359
FFF,2013J,604635,P2,F1,0.0,0.49508825
FFF,2013J,604700,P2,F1,0.0,0.5154207
FFF,2013J,604741,P2,F1,0.0,0.48215568
FFF,2013J,604755,P2,F1,0.0,0.4560421
FFF,2013J,604766,P2,F1,0.0,0.4833502
FFF,2013J,604799,P2,F1,0.0,0.5255673
FFF,2013J,604817,P2,F1,1.0,0.6405693
FFF,2013J,604828,P2,F1,1.0,0.45576409
FFF,2013J,604879,P2,F1,0.0,0.3890569
FFF,2013J,604918,P2,F1,1.0,0.46353388
FFF,2013J,604945,P2,F1,1.0,0.52351516
FFF,2013J,605012,P2,F1,0.0,0.45266038
FFF,2013J,605048,P2,F1,0.0,0.3992188
FFF,2013J,605069,P2,F1,0.0,0.5276887
FFF,2013J,605091,P2,F1,1.0,0.44262818
FFF,2013J,605195,P2,F1,0.0,0.44747046
FFF,2013J,605265,P2,F1,0.0,0.4956051
FFF,2013J,605269,P2,F1,1.0,0.5224733
FFF,2013J,605372,P2,F1,1.0,0.6376878
FFF,2013J,605394,P2,F1,1.0,0.6414913
FFF,2013J,605409,P2,F1,0.0,0.39738315
FFF,2013J,605459,P2,F1,0.0,0.49347064
FFF,2013J,605538,P2,F1,0.0,0.44010043
FFF,2013J,605571,P2,F1,0.0,0.39737332
FFF,2013J,605589,P2,F1,0.0,0.52634025
FFF,2013J,605598,P2,F1,0.0,0.4562416
FFF,2013J,605621,P2,F1,0.0,0.51995164
FFF,2013J,605666,P2,F1,0.0,0.4540837
FFF,2013J,605756,P2,F1,0.0,0.4583414
FFF,2013J,605886,P2,F1,1.0,0.52189535
FFF,2013J,605905,P2,F1,1.0,0.45448875
FFF,2013J,605921,P2,F1,1.0,0.6414913
FFF,2013J,605940,P2,F1,1.0,0.54372334
FFF,2013J,605954,P2,F1,1.0,0.51278186
FFF,2013J,605974,P2,F1,0.0,0.46894562
FFF,2013J,605988,P2,F1,0.0,0.4031331
FFF,2013J,605993,P2,F1,1.0,0.46839428
FFF,2013J,606002,P2,F1,0.0,0.50390637
FFF,2013J,606006,P2,F1,1.0,0.57348776
FFF,2013J,606062,P2,F1,0.0,0.4479712
FFF,2013J,606079,P2,F1,1.0,0.46376577
FFF,2013J,606104,P2,F1,0.0,0.47275782
FFF,2013J,606167,P2,F1,0.0,0.42650622
FFF,2013J,606304,P2,F1,0.0,0.4754678
FFF,2013J,606386,P2,F1,1.0,0.45915753
FFF,2013J,606407,P2,F1,1.0,0.6405693
FFF,2013J,606425,P2,F1,1.0,0.40885755
FFF,2013J,606428,P2,F1,1.0,0.40081754
FFF,2013J,606436,P2,F1,1.0,0.42110386
FFF,2013J,606444,P2,F1,0.0,0.410706
FFF,2013J,606459,P2,F1,1.0,0.51059383
FFF,2013J,606496,P2,F1,1.0,0.51775736
FFF,2013J,606612,P2,F1,1.0,0.6405693
FFF,2013J,606711,P2,F1,0.0,0.47590587
FFF,2013J,606712,P2,F1,0.0,0.4450175
FFF,2013J,606817,P2,F1,1.0,0.6376878
FFF,2013J,606835,P2,F1,0.0,0.47713512
FFF,2013J,606903,P2,F1,0.0,0.39820215
FFF,2013J,606930,P2,F1,1.0,0.48541534
FFF,2013J,606939,P2,F1,0.0,0.43283415
FFF,2013J,606966,P2,F1,1.0,0.48426148
FFF,2013J,606990,P2,F1,0.0,0.47197607
FFF,2013J,606998,P2,F1,1.0,0.6376878
FFF,2013J,607011,P2,F1,1.0,0.5277993
FFF,2013J,607047,P2,F1,0.0,0.43385503
FFF,2013J,607052,P2,F1,0.0,0.40442923
FFF,2013J,607068,P2,F1,1.0,0.6363064
FFF,2013J,607118,P2,F1,0.0,0.47512987
FFF,2013J,607134,P2,F1,1.0,0.5186145
FFF,2013J,607135,P2,F1,1.0,0.52176756
FFF,2013J,607200,P2,F1,1.0,0.5701312
FFF,2013J,607247,P2,F1,0.0,0.402025
FFF,2013J,607407,P2,F1,1.0,0.39302683
FFF,2013J,607473,P2,F1,1.0,0.45073625
FFF,2013J,607533,P2,F1,1.0,0.5739447
FFF,2013J,607538,P2,F1,0.0,0.46510434
FFF,2013J,607577,P2,F1,1.0,0.6351517
FFF,2013J,607586,P2,F1,1.0,0.4201829
FFF,2013J,607650,P2,F1,0.0,0.46543378
FFF,2013J,607696,P2,F1,1.0,0.5083511
FFF,2013J,607794,P2,F1,0.0,0.44811133
FFF,2013J,607866,P2,F1,1.0,0.49117938
FFF,2013J,607938,P2,F1,0.0,0.43556973
FFF,2013J,607979,P2,F1,0.0,0.48378044
FFF,2013J,608008,P2,F1,0.0,0.4638984
FFF,2013J,608043,P2,F1,0.0,0.4879433
FFF,2013J,608111,P2,F1,1.0,0.49404305
FFF,2013J,608144,P2,F1,0.0,0.466602
FFF,2013J,608169,P2,F1,1.0,0.5094255
FFF,2013J,608196,P2,F1,1.0,0.52327526
FFF,2013J,608198,P2,F1,1.0,0.638114
FFF,2013J,608231,P2,F1,0.0,0.4834883
FFF,2013J,608248,P2,F1,1.0,0.49279645
FFF,2013J,608280,P2,F1,1.0,0.51510715
FFF,2013J,608349,P2,F1,0.0,0.49584767
FFF,2013J,608356,P2,F1,0.0,0.59272707
FFF,2013J,608421,P2,F1,0.0,0.4049595
FFF,2013J,608422,P2,F1,0.0,0.45250538
FFF,2013J,608477,P2,F1,0.0,0.4709702
FFF,2013J,608681,P2,F1,0.0,0.44663247
FFF,2013J,608698,P2,F1,0.0,0.52787477
FFF,2013J,608737,P2,F1,1.0,0.5254711
FFF,2013J,608747,P2,F1,0.0,0.41995996
FFF,2013J,608753,P2,F1,0.0,0.39936894
FFF,2013J,608827,P2,F1,0.0,0.48270434
FFF,2013J,608864,P2,F1,1.0,0.4656505
FFF,2013J,608866,P2,F1,1.0,0.47353938
FFF,2013J,608909,P2,F1,0.0,0.399857
FFF,2013J,608913,P2,F1,0.0,0.47700825
FFF,2013J,608966,P2,F1,0.0,0.40398034
FFF,2013J,608997,P2,F1,1.0,0.6414913
FFF,2013J,609097,P2,F1,0.0,0.46782085
FFF,2013J,609184,P2,F1,1.0,0.5161348
FFF,2013J,609220,P2,F1,0.0,0.3960482
FFF,2013J,609221,P2,F1,0.0,0.49626386
FFF,2013J,609229,P2,F1,0.0,0.3937566
FFF,2013J,609244,P2,F1,1.0,0.47995532
FFF,2013J,609277,P2,F1,0.0,0.3949123
FFF,2013J,609396,P2,F1,1.0,0.42149243
FFF,2013J,609416,P2,F1,0.0,0.4762814
FFF,2013J,609435,P2,F1,1.0,0.5029527
FFF,2013J,609439,P2,F1,0.0,0.39250216
FFF,2013J,609460,P2,F1,1.0,0.4562836
FFF,2013J,609513,P2,F1,1.0,0.59345883
FFF,2013J,609537,P2,F1,0.0,0.39710423
FFF,2013J,609558,P2,F1,1.0,0.48858774
FFF,2013J,609743,P2,F1,0.0,0.53775823
FFF,2013J,609777,P2,F1,1.0,0.4864925
FFF,2013J,609831,P2,F1,1.0,0.5036869
FFF,2013J,609882,P2,F1,0.0,0.41494763
FFF,2013J,609908,P2,F1,0.0,0.419504
FFF,2013J,609985,P2,F1,0.0,0.5232201
FFF,2013J,610097,P2,F1,0.0,0.47796038
FFF,2013J,610099,P2,F1,0.0,0.42137358
FFF,2013J,610172,P2,F1,0.0,0.5516568
FFF,2013J,610225,P2,F1,1.0,0.63537866
FFF,2013J,610244,P2,F1,0.0,0.5233397
FFF,2013J,610258,P2,F1,0.0,0.44703674
FFF,2013J,610266,P2,F1,0.0,0.5040582
FFF,2013J,610278,P2,F1,0.0,0.40919265
FFF,2013J,610292,P2,F1,1.0,0.4000727
FFF,2013J,610312,P2,F1,0.0,0.4409271
FFF,2013J,610324,P2,F1,0.0,0.44787398
FFF,2013J,610400,P2,F1,1.0,0.51238406
FFF,2013J,610455,P2,F1,1.0,0.49791956
FFF,2013J,610517,P2,F1,1.0,0.5664255
FFF,2013J,610577,P2,F1,1.0,0.49893174
FFF,2013J,610637,P2,F1,0.0,0.4180021
FFF,2013J,610643,P2,F1,0.0,0.39718086
FFF,2013J,610687,P2,F1,0.0,0.45696217
FFF,2013J,610746,P2,F1,0.0,0.39950493
FFF,2013J,610774,P2,F1,1.0,0.6414913
FFF,2013J,610814,P2,F1,1.0,0.53796005
FFF,2013J,610831,P2,F1,1.0,0.54084957
FFF,2013J,610932,P2,F1,1.0,0.5230369
FFF,2013J,610933,P2,F1,0.0,0.4725677
FFF,2013J,611039,P2,F1,0.0,0.45579264
FFF,2013J,611126,P2,F1,1.0,0.5441739
FFF,2013J,611226,P2,F1,0.0,0.3996325
FFF,2013J,611245,P2,F1,1.0,0.56426275
FFF,2013J,611309,P2,F1,1.0,0.46310818
FFF,2013J,611396,P2,F1,0.0,0.49467596
FFF,2013J,898594,P2,F1,0.0,0.39339763
FFF,2013J,973364,P2,F1,1.0,0.3999242
FFF,2013J,984347,P2,F1,0.0,0.3994605
FFF,2013J,985062,P2,F1,0.0,0.49228457
FFF,2013J,988019,P2,F1,1.0,0.6223012
FFF,2013J,990155,P2,F1,0.0,0.44631585
FFF,2013J,1064492,P2,F1,0.0,0.40010846
FFF,2013J,1065824,P2,F1,0.0,0.41394866
FFF,2013J,1100143,P2,F1,0.0,0.39432514
FFF,2013J,1253440,P2,F1,1.0,0.51395583
FFF,2013J,1319999,P2,F1,0.0,0.43006638
FFF,2013J,1359554,P2,F1,0.0,0.39510256
FFF,2013J,1390051,P2,F1,1.0,0.4109487
FFF,2013J,1397617,P2,F1,0.0,0.4483274
FFF,2013J,1399314,P2,F1,1.0,0.6331454
FFF,2013J,1417707,P2,F1,0.0,0.4044707
FFF,2013J,1420537,P2,F1,0.0,0.4269149
FFF,2013J,1428865,P2,F1,1.0,0.45498946
FFF,2013J,1455474,P2,F1,1.0,0.5994248
FFF,2013J,1482413,P2,F1,1.0,0.43622008
FFF,2013J,1492571,P2,F1,0.0,0.45611688
FFF,2013J,1494577,P2,F1,0.0,0.4682966
FFF,2013J,1504653,P2,F1,0.0,0.44561794
FFF,2013J,1512332,P2,F1,1.0,0.47595215
FFF,2013J,1513001,P2,F1,0.0,0.4679334
FFF,2013J,1515509,P2,F1,0.0,0.3966704
FFF,2013J,1527616,P2,F1,1.0,0.63537866
FFF,2013J,1541472,P2,F1,0.0,0.41712838
FFF,2013J,1559964,P2,F1,0.0,0.40472558
FFF,2013J,1621041,P2,F1,1.0,0.4278515
FFF,2013J,1634278,P2,F1,0.0,0.49896842
FFF,2013J,1636725,P2,F1,0.0,0.4446677
FFF,2013J,1641344,P2,F1,0.0,0.39460656
FFF,2013J,1644647,P2,F1,0.0,0.4171178
FFF,2013J,1694120,P2,F1,0.0,0.3890569
FFF,2013J,1759799,P2,F1,0.0,0.39763227
FFF,2013J,1852968,P2,F1,0.0,0.39311984
FFF,2013J,1859038,P2,F1,0.0,0.43477166
FFF,2013J,1864086,P2,F1,0.0,0.49047077
FFF,2013J,1866233,P2,F1,1.0,0.42911997
FFF,2013J,1876636,P2,F1,0.0,0.46892852
FFF,2013J,1910049,P2,F1,0.0,0.41452777
FFF,2013J,1913166,P2,F1,0.0,0.41359884
FFF,2013J,1917335,P2,F1,0.0,0.3913357
FFF,2013J,1935735,P2,F1,1.0,0.53026825
FFF,2013J,1943681,P2,F1,1.0,0.6414913
FFF,2013J,1945945,P2,F1,0.0,0.4479307
FFF,2013J,1948159,P2,F1,1.0,0.39284074
FFF,2013J,1949484,P2,F1,1.0,0.5209227
FFF,2013J,1950923,P2,F1,0.0,0.41849735
FFF,2013J,1951127,P2,F1,0.0,0.47614437
FFF,2013J,1954147,P2,F1,0.0,0.5149855
FFF,2013J,1962128,P2,F1,1.0,0.500469
FFF,2013J,1980822,P2,F1,0.0,0.5558506
FFF,2013J,1981053,P2,F1,1.0,0.44850913
FFF,2013J,1982166,P2,F1,0.0,0.43266144
FFF,2013J,1983921,P2,F1,0.0,0.50868744
FFF,2013J,1992145,P2,F1,0.0,0.46317285
FFF,2013J,2053381,P2,F1,1.0,0.44359773
FFF,2013J,2056416,P2,F1,0.0,0.4621402
FFF,2013J,2056486,P2,F1,0.0,0.4285814
FFF,2013J,2071595,P2,F1,1.0,0.42018086
FFF,2013J,2088982,P2,F1,1.0,0.6414913
FFF,2013J,2104123,P2,F1,0.0,0.511517
FFF,2013J,2105230,P2,F1,1.0,0.48892567
FFF,2013J,2112291,P2,F1,1.0,0.40353215
FFF,2013J,2128283,P2,F1,1.0,0.4833778
FFF,2013J,2137171,P2,F1,0.0,0.4516113
FFF,2013J,2143739,P2,F1,0.0,0.4999033
FFF,2013J,2145940,P2,F1,0.0,0.49102595
FFF,2013J,2146277,P2,F1,0.0,0.4124569
FFF,2013J,2148540,P2,F1,0.0,0.5085616
FFF,2013J,2149735,P2,F1,0.0,0.4457022
FFF,2013J,2162410,P2,F1,0.0,0.4619706
FFF,2013J,2170320,P2,F1,1.0,0.49628982
FFF,2013J,2173721,P2,F1,1.0,0.49118662
FFF,2013J,2177720,P2,F1,1.0,0.44744706
FFF,2013J,2178466,P2,F1,1.0,0.5366777
FFF,2013J,2180710,P2,F1,1.0,0.42694718
FFF,2013J,2182333,P2,F1,0.0,0.40427548
FFF,2013J,2188084,P2,F1,1.0,0.48036692
FFF,2013J,2191588,P2,F1,1.0,0.4807612
FFF,2013J,2193185,P2,F1,0.0,0.5131288
FFF,2013J,2195853,P2,F1,1.0,0.58640045
FFF,2013J,2197175,P2,F1,0.0,0.39931488
FFF,2013J,2218693,P2,F1,0.0,0.42748436
FFF,2013J,2226620,P2,F1,1.0,0.46747142
FFF,2013J,2237223,P2,F1,1.0,0.49135205
FFF,2013J,2238148,P2,F1,0.0,0.39302683
FFF,2013J,2238424,P2,F1,1.0,0.54239905
FFF,2013J,2239746,P2,F1,0.0,0.4029294
FFF,2013J,2243505,P2,F1,0.0,0.4999835
FFF,2013J,2250842,P2,F1,0.0,0.4664568
FFF,2013J,2252765,P2,F1,0.0,0.4045771
FFF,2013J,2261138,P2,F1,1.0,0.43062404
FFF,2013J,2286312,P2,F1,0.0,0.4890411
FFF,2013J,2286574,P2,F1,1.0,0.497926
FFF,2013J,2290267,P2,F1,0.0,0.45874745
FFF,2013J,2290883,P2,F1,0.0,0.43593535
FFF,2013J,2299682,P2,F1,1.0,0.6331564
FFF,2013J,2304417,P2,F1,0.0,0.5302923
FFF,2013J,2312279,P2,F1,0.0,0.46906078
FFF,2013J,2323944,P2,F1,0.0,0.41588056
FFF,2013J,2326475,P2,F1,0.0,0.5016247
FFF,2013J,2337889,P2,F1,0.0,0.41975287
FFF,2013J,2340746,P2,F1,0.0,0.48132306
FFF,2013J,2343337,P2,F1,0.0,0.50433564
FFF,2013J,2344957,P2,F1,0.0,0.4029294
FFF,2013J,2345900,P2,F1,0.0,0.43750998
FFF,2013J,2356196,P2,F1,1.0,0.5193223
FFF,2013J,2357629,P2,F1,0.0,0.5092882
FFF,2013J,2360322,P2,F1,0.0,0.49103782
FFF,2013J,2364160,P2,F1,0.0,0.43195805
FFF,2013J,2364905,P2,F1,1.0,0.5224374
FFF,2013J,2372788,P2,F1,0.0,0.40780094
FFF,2013J,2374002,P2,F1,0.0,0.41100463
FFF,2013J,2379512,P2,F1,0.0,0.4434343
FFF,2013J,2383780,P2,F1,1.0,0.5458179
FFF,2013J,2387725,P2,F1,1.0,0.5782348
FFF,2013J,2390547,P2,F1,1.0,0.63179743
FFF,2013J,2393230,P2,F1,0.0,0.55929416
FFF,2013J,2393261,P2,F1,0.0,0.46834335
FFF,2013J,2396381,P2,F1,0.0,0.45008618
FFF,2013J,2411773,P2,F1,0.0,0.40609795
FFF,2013J,2412152,P2,F1,0.0,0.45222938
FFF,2013J,2414552,P2,F1,1.0,0.6414913
FFF,2013J,2415436,P2,F1,0.0,0.46674946
FFF,2013J,2417433,P2,F1,1.0,0.5001317
FFF,2013J,2423002,P2,F1,0.0,0.40875623
FFF,2013J,2435795,P2,F1,0.0,0.41119024
FFF,2013J,2437051,P2,F1,1.0,0.41120854
FFF,2013J,2440301,P2,F1,0.0,0.45689684
FFF,2013J,2445085,P2,F1,0.0,0.43606257
FFF,2013J,2449737,P2,F1,1.0,0.47331098
FFF,2013J,2449819,P2,F1,0.0,0.4404016
FFF,2013J,2452606,P2,F1,0.0,0.438078
FFF,2013J,2454653,P2,F1,0.0,0.43200138
FFF,2013J,2454878,P2,F1,0.0,0.43085673
FFF,2013J,2463282,P2,F1,1.0,0.58033615
FFF,2013J,2465105,P2,F1,1.0,0.4591707
FFF,2013J,2465589,P2,F1,0.0,0.5285251
FFF,2013J,2468232,P2,F1,1.0,0.40044513
FFF,2013J,2469321,P2,F1,0.0,0.47226474
FFF,2013J,2469688,P2,F1,0.0,0.39298555
FFF,2013J,2472033,P2,F1,0.0,0.47691292
FFF,2013J,2472132,P2,F1,0.0,0.62933075
FFF,2013J,2487982,P2,F1,0.0,0.39419365
FFF,2013J,2499949,P2,F1,1.0,0.518059
FFF,2013J,2500149,P2,F1,0.0,0.43238223
FFF,2013J,2503063,P2,F1,0.0,0.39343572
FFF,2013J,2523035,P2,F1,0.0,0.49570796
FFF,2013J,2523751,P2,F1,1.0,0.49351272
FFF,2013J,2524572,P2,F1,1.0,0.5390635
FFF,2013J,2526537,P2,F1,1.0,0.6216429
FFF,2013J,2534165,P2,F1,0.0,0.46605137
FFF,2013J,2539666,P2,F1,1.0,0.6376878
FFF,2013J,2540424,P2,F1,1.0,0.6414913
FFF,2013J,2542431,P2,F1,0.0,0.50386304
FFF,2013J,2543208,P2,F1,0.0,0.4187406
FFF,2013J,2545923,P2,F1,0.0,0.41852972
FFF,2013J,2548055,P2,F1,0.0,0.4243018
FFF,2013J,2555225,P2,F1,0.0,0.4027044
FFF,2013J,2558713,P2,F1,1.0,0.5425658
FFF,2013J,2563095,P2,F1,1.0,0.46682888
FFF,2013J,2567571,P2,F1,0.0,0.40349308
FFF,2013J,2572441,P2,F1,0.0,0.41891688
FFF,2013J,2579401,P2,F1,0.0,0.5058949
FFF,2013J,2580196,P2,F1,1.0,0.48178113
FFF,2013J,2580545,P2,F1,0.0,0.46720085
FFF,2013J,2588467,P2,F1,1.0,0.6405693
FFF,2013J,2595641,P2,F1,0.0,0.4892348
FFF,2013J,2596621,P2,F1,0.0,0.45427048
FFF,2013J,2602264,P2,F1,0.0,0.5009743
FFF,2013J,2611986,P2,F1,1.0,0.45421445
FFF,2013J,2613746,P2,F1,0.0,0.4278438
FFF,2013J,2614277,P2,F1,0.0,0.4357503
FFF,2013J,2619184,P2,F1,1.0,0.39432514
FFF,2013J,2621734,P2,F1,1.0,0.52792925
FFF,2013J,2623496,P2,F1,0.0,0.62106425
FFF,2013J,2625545,P2,F1,1.0,0.5055394
FFF,2013J,2630284,P2,F1,1.0,0.6414913
FFF,2013J,2633052,P2,F1,1.0,0.51273644
FFF,2013J,2634868,P2,F1,0.0,0.3910323
FFF,2013J,2639319,P2,F1,0.0,0.4474897
FFF,2013J,2641236,P2,F1,1.0,0.41258958
FFF,2013J,2642994,P2,F1,1.0,0.63498133
FFF,2013J,2650555,P2,F1,0.0,0.49836245
FFF,2013J,2655370,P2,F1,0.0,0.5141239
FFF,2013J,2663131,P2,F1,0.0,0.43184856
FFF,2013J,2678993,P2,F1,1.0,0.41746837
FFF,2013J,2680380,P2,F1,0.0,0.53308874
FFF,2013J,2683857,P2,F1,1.0,0.5333873
FFF,2013J,2686536,P2,F1,0.0,0.4959858
FFF,2013J,2686609,P2,F1,0.0,0.4776963
FFF,2013J,2687045,P2,F1,1.0,0.6202118
FFF,2013J,2687176,P2,F1,1.0,0.57396585
FFF,2013J,2687989,P2,F1,0.0,0.47284025
FFF,2013J,2688202,P2,F1,1.0,0.52430767
FFF,2013J,2692632,P2,F1,1.0,0.50232005
FFF,2013J,2694680,P2,F1,1.0,0.6405693
FFF,2013J,2697921,P2,F1,1.0,0.47228026
FFF,2013J,2698125,P2,F1,0.0,0.5309988
GGG,2013J,24391,P2,F1,0.0,0.6243985
GGG,2013J,26023,P2,F1,0.0,0.63127565
GGG,2013J,32239,P2,F1,0.0,0.6284985
GGG,2013J,35001,P2,F1,1.0,0.6322954
GGG,2013J,60405,P2,F1,0.0,0.62439686
GGG,2013J,62975,P2,F1,1.0,0.63034064
GGG,2013J,67182,P2,F1,0.0,0.6316522
GGG,2013J,75442,P2,F1,1.0,0.63369435
GGG,2013J,80448,P2,F1,1.0,0.63353926
GGG,2013J,82341,P2,F1,0.0,0.6307441
GGG,2013J,87929,P2,F1,0.0,0.63353926
GGG,2013J,96117,P2,F1,0.0,0.63039136
GGG,2013J,122459,P2,F1,0.0,0.63369435
GGG,2013J,122636,P2,F1,1.0,0.63034064
GGG,2013J,122846,P2,F1,0.0,0.6139475
GGG,2013J,122928,P2,F1,1.0,0.6353074
GGG,2013J,129212,P2,F1,0.0,0.6180001
GGG,2013J,135331,P2,F1,1.0,0.6311869
GGG,2013J,138710,P2,F1,0.0,0.6307485
GGG,2013J,142990,P2,F1,1.0,0.6316768
GGG,2013J,155256,P2,F1,0.0,0.6278626
GGG,2013J,156127,P2,F1,1.0,0.63240784
GGG,2013J,159484,P2,F1,1.0,0.6259635
GGG,2013J,164922,P2,F1,0.0,0.627081
GGG,2013J,166183,P2,F1,1.0,0.6316171
GGG,2013J,189664,P2,F1,0.0,0.63369435
GGG,2013J,204745,P2,F1,1.0,0.616618
GGG,2013J,233153,P2,F1,0.0,0.63033634
GGG,2013J,236848,P2,F1,1.0,0.63353926
GGG,2013J,239095,P2,F1,0.0,0.62087494
GGG,2013J,249965,P2,F1,0.0,0.6266013
GGG,2013J,253208,P2,F1,0.0,0.6278626
GGG,2013J,253567,P2,F1,1.0,0.6297927
GGG,2013J,261718,P2,F1,0.0,0.6353074
GGG,2013J,266626,P2,F1,0.0,0.63369435
GGG,2013J,268391,P2,F1,1.0,0.62791353
GGG,2013J,276830,P2,F1,0.0,0.6353074
GGG,2013J,279747,P2,F1,0.0,0.61924726
GGG,2013J,281619,P2,F1,0.0,0.62849754
GGG,2013J,285705,P2,F1,0.0,0.6322842
GGG,2013J,286160,P2,F1,0.0,0.625453
GGG,2013J,286762,P2,F1,0.0,0.6353074
GGG,2013J,290658,P2,F1,1.0,0.46686146
GGG,2013J,292136,P2,F1,0.0,0.632316
GGG,2013J,296993,P2,F1,0.0,0.62167263
GGG,2013J,297990,P2,F1,0.0,0.6326557
GGG,2013J,298186,P2,F1,0.0,0.6353074
GGG,2013J,300508,P2,F1,0.0,0.6353074
GGG,2013J,303165,P2,F1,0.0,0.6274153
GGG,2013J,306610,P2,F1,1.0,0.6215764
GGG,2013J,308634,P2,F1,1.0,0.6353074
GGG,2013J,311158,P2,F1,0.0,0.63369435
GGG,2013J,319331,P2,F1,0.0,0.624062
GGG,2013J,324095,P2,F1,0.0,0.63353926
GGG,2013J,325909,P2,F1,1.0,0.6250921
GGG,2013J,330177,P2,F1,0.0,0.6307492
GGG,2013J,332715,P2,F1,0.0,0.63369435
GGG,2013J,338446,P2,F1,1.0,0.6353074
GGG,2013J,339727,P2,F1,0.0,0.6353074
GGG,2013J,339853,P2,F1,0.0,0.6225887
GGG,2013J,340486,P2,F1,0.0,0.62709737
GGG,2013J,348579,P2,F1,0.0,0.63321525
GGG,2013J,349360,P2,F1,0.0,0.6197599
GGG,2013J,352382,P2,F1,0.0,0.6191407
GGG,2013J,360683,P2,F1,0.0,0.63353926
GGG,2013J,365192,P2,F1,0.0,0.62583625
GGG,2013J,368245,P2,F1,1.0,0.6283751
GGG,2013J,368969,P2,F1,0.0,0.63216585
GGG,2013J,369378,P2,F1,1.0,0.62937075
GGG,2013J,372691,P2,F1,0.0,0.6353074
GGG,2013J,375600,P2,F1,0.0,0.631175
GGG,2013J,375882,P2,F1,1.0,0.62412226
GGG,2013J,379113,P2,F1,1.0,0.63353926
GGG,2013J,379844,P2,F1,0.0,0.6267239
GGG,2013J,387550,P2,F1,1.0,0.6353074
GGG,2013J,392215,P2,F1,0.0,0.6273483
GGG,2013J,393451,P2,F1,1.0,0.6186332
GGG,2013J,395954,P2,F1,1.0,0.6353074
GGG,2013J,396145,P2,F1,0.0,0.6353074
GGG,2013J,401139,P2,F1,0.0,0.6353074
GGG,2013J,404325,P2,F1,1.0,0.63353926
GGG,2013J,410573,P2,F1,1.0,0.63191986
GGG,2013J,411105,P2,F1,0.0,0.6304717
GGG,2013J,416355,P2,F1,0.0,0.63353926
GGG,2013J,417220,P2,F1,1.0,0.63353926
GGG,2013J,418032,P2,F1,0.0,0.63353926
GGG,2013J,421999,P2,F1,1.0,0.6353074
GGG,2013J,426736,P2,F1,1.0,0.629642
GGG,2013J,427321,P2,F1,1.0,0.6259141
GGG,2013J,428301,P2,F1,0.0,0.63353926
GGG,2013J,433165,P2,F1,0.0,0.6278626
GGG,2013J,434478,P2,F1,1.0,0.629642
GGG,2013J,439677,P2,F1,0.0,0.624062
GGG,2013J,444943,P2,F1,0.0,0.6231844
GGG,2013J,445086,P2,F1,0.0,0.6302537
GGG,2013J,465724,P2,F1,1.0,0.63353926
GGG,2013J,466900,P2,F1,0.0,0.629642
GGG,2013J,470340,P2,F1,0.0,0.6336536
GGG,2013J,472911,P2,F1,0.0,0.62315875
GGG,2013J,473271,P2,F1,0.0,0.6264006
GGG,2013J,473924,P2,F1,0.0,0.614085
GGG,2013J,474067,P2,F1,0.0,0.6353074
GGG,2013J,474272,P2,F1,1.0,0.6353074
GGG,2013J,476921,P2,F1,1.0,0.6353074
GGG,2013J,477165,P2,F1,1.0,0.6316768
GGG,2013J,477468,P2,F1,0.0,0.6353074
GGG,2013J,477650,P2,F1,0.0,0.6353074
GGG,2013J,478556,P2,F1,0.0,0.6184309
GGG,2013J,478784,P2,F1,0.0,0.6130458
GGG,2013J,479442,P2,F1,0.0,0.63353926
GGG,2013J,480959,P2,F1,0.0,0.63369435
GGG,2013J,481404,P2,F1,0.0,0.6353074
GGG,2013J,481772,P2,F1,1.0,0.629642
GGG,2013J,483123,P2,F1,1.0,0.6353074
GGG,2013J,483158,P2,F1,1.0,0.63353926
GGG,2013J,483959,P2,F1,0.0,0.63113403
GGG,2013J,488853,P2,F1,1.0,0.63216585
GGG,2013J,489222,P2,F1,0.0,0.6158702
GGG,2013J,489624,P2,F1,0.0,0.62849754
GGG,2013J,493763,P2,F1,0.0,0.6268511
GGG,2013J,494212,P2,F1,0.0,0.6247375
GGG,2013J,494291,P2,F1,1.0,0.63353926
GGG,2013J,495276,P2,F1,0.0,0.61437076
GGG,2013J,496224,P2,F1,1.0,0.6353074
GGG,2013J,497074,P2,F1,0.0,0.6292559
GGG,2013J,497190,P2,F1,0.0,0.62849754
GGG,2013J,497278,P2,F1,0.0,0.6245495
GGG,2013J,498702,P2,F1,1.0,0.6243572
GGG,2013J,499006,P2,F1,0.0,0.632316
GGG,2013J,499446,P2,F1,0.0,0.6278626
GGG,2013J,500112,P2,F1,0.0,0.6316522
GGG,2013J,500720,P2,F1,0.0,0.63097036
GGG,2013J,503663,P2,F1,0.0,0.6319427
GGG,2013J,505503,P2,F1,1.0,0.6353074
GGG,2013J,505754,P2,F1,1.0,0.63216585
GGG,2013J,506679,P2,F1,0.0,0.6221596
GGG,2013J,509034,P2,F1,0.0,0.61499786
GGG,2013J,509277,P2,F1,0.0,0.6233313
GGG,2013J,510533,P2,F1,0.0,0.63353926
GGG,2013J,510737,P2,F1,1.0,0.6292992
GGG,2013J,511571,P2,F1,0.0,0.6283751
GGG,2013J,512258,P2,F1,0.0,0.6263911
GGG,2013J,514699,P2,F1,1.0,0.62112415
GGG,2013J,515496,P2,F1,0.0,0.63279265
GGG,2013J,516434,P2,F1,0.0,0.63353926
GGG,2013J,519091,P2,F1,0.0,0.624062
GGG,2013J,519185,P2,F1,1.0,0.6316768
GGG,2013J,521164,P2,F1,0.0,0.63042843
GGG,2013J,522561,P2,F1,0.0,0.63321525
GGG,2013J,522731,P2,F1,0.0,0.632316
GGG,2013J,523419,P2,F1,1.0,0.63353926
GGG,2013J,523803,P2,F1,0.0,0.6353074
GGG,2013J,527742,P2,F1,0.0,0.6276285
GGG,2013J,528515,P2,F1,1.0,0.61794525
GGG,2013J,530826,P2,F1,1.0,0.6353074
GGG,2013J,531224,P2,F1,0.0,0.6250921
GGG,2013J,534251,P2,F1,1.0,0.6271937
GGG,2013J,534647,P2,F1,1.0,0.6259304
GGG,2013J,536647,P2,F1,0.0,0.63321525
GGG,2013J,537181,P2,F1,0.0,0.63353926
GGG,2013J,537662,P2,F1,0.0,0.6336536
GGG,2013J,537670,P2,F1,1.0,0.62552804
GGG,2013J,539436,P2,F1,0.0,0.6187839
GGG,2013J,541252,P2,F1,0.0,0.6353074
GGG,2013J,544615,P2,F1,0.0,0.6271693
GGG,2013J,544898,P2,F1,1.0,0.6250618
GGG,2013J,545313,P2,F1,1.0,0.6353074
GGG,2013J,545785,P2,F1,0.0,0.6242678
GGG,2013J,546097,P2,F1,0.0,0.632316
GGG,2013J,546192,P2,F1,0.0,0.6316768
GGG,2013J,546457,P2,F1,0.0,0.6310194
GGG,2013J,546754,P2,F1,1.0,0.63353926
GGG,2013J,548190,P2,F1,1.0,0.6267555
GGG,2013J,548388,P2,F1,0.0,0.6275647
GGG,2013J,549887,P2,F1,0.0,0.62296826
GGG,2013J,549909,P2,F1,0.0,0.62861115
GGG,2013J,549973,P2,F1,1.0,0.629642
GGG,2013J,551389,P2,F1,0.0,0.629642
GGG,2013J,551545,P2,F1,1.0,0.61669683
GGG,2013J,552750,P2,F1,0.0,0.62521225
GGG,2013J,553643,P2,F1,0.0,0.6250921
GGG,2013J,554967,P2,F1,0.0,0.62999314
GGG,2013J,556509,P2,F1,1.0,0.6267239
GGG,2013J,556520,P2,F1,0.0,0.62115127
GGG,2013J,556523,P2,F1,0.0,0.6259635
GGG,2013J,557031,P2,F1,1.0,0.6316768
GGG,2013J,557085,P2,F1,0.0,0.62791353
GGG,2013J,559919,P2,F1,0.0,0.6250921
GGG,2013J,560328,P2,F1,0.0,0.6231022
GGG,2013J,560374,P2,F1,0.0,0.629642
GGG,2013J,560653,P2,F1,0.0,0.63369435
GGG,2013J,561148,P2,F1,0.0,0.62915164
GGG,2013J,561163,P2,F1,0.0,0.62529653
GGG,2013J,561884,P2,F1,0.0,0.6296485
GGG,2013J,562696,P2,F1,0.0,0.62135404
GGG,2013J,562913,P2,F1,0.0,0.6271506
GGG,2013J,563612,P2,F1,1.0,0.6166723
GGG,2013J,564609,P2,F1,0.0,0.6263911
GGG,2013J,565002,P2,F1,0.0,0.6212382
GGG,2013J,565222,P2,F1,0.0,0.6276285
GGG,2013J,565525,P2,F1,1.0,0.6316522
GGG,2013J,565640,P2,F1,0.0,0.629642
GGG,2013J,565892,P2,F1,0.0,0.6221596
GGG,2013J,565993,P2,F1,0.0,0.6342706
GGG,2013J,566183,P2,F1,0.0,0.63353926
GGG,2013J,566923,P2,F1,1.0,0.63097036
GGG,2013J,566963,P2,F1,0.0,0.63353926
GGG,2013J,567009,P2,F1,0.0,0.629642
GGG,2013J,567211,P2,F1,0.0,0.6269464
GGG,2013J,567325,P2,F1,0.0,0.62412226
GGG,2013J,567831,P2,F1,1.0,0.63369435
GGG,2013J,567987,P2,F1,1.0,0.63369435
GGG,2013J,568118,P2,F1,1.0,0.6172448
GGG,2013J,568288,P2,F1,0.0,0.6307195
GGG,2013J,568539,P2,F1,0.0,0.62500376
GGG,2013J,568973,P2,F1,1.0,0.6149066
GGG,2013J,569253,P2,F1,0.0,0.61771894
GGG,2013J,569490,P2,F1,0.0,0.62857276
GGG,2013J,569511,P2,F1,0.0,0.6266013
GGG,2013J,569595,P2,F1,1.0,0.629642
GGG,2013J,569679,P2,F1,0.0,0.6221515
GGG,2013J,569974,P2,F1,0.0,0.63177055
GGG,2013J,569984,P2,F1,1.0,0.624062
GGG,2013J,570141,P2,F1,0.0,0.63353926
GGG,2013J,570529,P2,F1,0.0,0.6238758
GGG,2013J,570801,P2,F1,0.0,0.6208155
GGG,2013J,571334,P2,F1,0.0,0.6316768
GGG,2013J,571359,P2,F1,1.0,0.6353074
GGG,2013J,571380,P2,F1,0.0,0.6236735
GGG,2013J,571458,P2,F1,0.0,0.6221596
GGG,2013J,571577,P2,F1,0.0,0.6209451
GGG,2013J,571696,P2,F1,0.0,0.63353926
GGG,2013J,571768,P2,F1,1.0,0.5818977
GGG,2013J,571787,P2,F1,1.0,0.63260853
GGG,2013J,571883,P2,F1,0.0,0.63369435
GGG,2013J,571896,P2,F1,1.0,0.63369435
GGG,2013J,571952,P2,F1,1.0,0.62418854
GGG,2013J,572335,P2,F1,1.0,0.6297927
GGG,2013J,572388,P2,F1,0.0,0.6326557
GGG,2013J,572663,P2,F1,0.0,0.63216585
GGG,2013J,572714,P2,F1,0.0,0.62961626
GGG,2013J,573134,P2,F1,0.0,0.63369435
GGG,2013J,573294,P2,F1,1.0,0.6316768
GGG,2013J,573331,P2,F1,0.0,0.6265189
GGG,2013J,573460,P2,F1,1.0,0.6267785
GGG,2013J,573464,P2,F1,0.0,0.61839086
GGG,2013J,573510,P2,F1,1.0,0.63369435
GGG,2013J,573554,P2,F1,0.0,0.63369435
GGG,2013J,573666,P2,F1,0.0,0.6336536
GGG,2013J,574238,P2,F1,0.0,0.62857276
GGG,2013J,574351,P2,F1,1.0,0.6307441
GGG,2013J,574504,P2,F1,1.0,0.6353074
GGG,2013J,574512,P2,F1,0.0,0.6179518
GGG,2013J,574606,P2,F1,1.0,0.6353074
GGG,2013J,574642,P2,F1,1.0,0.6193244
GGG,2013J,574857,P2,F1,0.0,0.61839086
GGG,2013J,574948,P2,F1,0.0,0.6276285
GGG,2013J,574957,P2,F1,1.0,0.63369435
GGG,2013J,574960,P2,F1,0.0,0.62707615
GGG,2013J,574988,P2,F1,0.0,0.61525506
GGG,2013J,575000,P2,F1,1.0,0.6306768
GGG,2013J,575061,P2,F1,0.0,0.6316768
GGG,2013J,575080,P2,F1,1.0,0.6276285
GGG,2013J,575136,P2,F1,1.0,0.6230734
GGG,2013J,575214,P2,F1,0.0,0.62915164
GGG,2013J,575355,P2,F1,0.0,0.6306768
GGG,2013J,575454,P2,F1,1.0,0.6353074
GGG,2013J,575488,P2,F1,0.0,0.6250921
GGG,2013J,575554,P2,F1,0.0,0.6316522
GGG,2013J,575559,P2,F1,0.0,0.63353926
GGG,2013J,575691,P2,F1,1.0,0.63369435
GGG,2013J,575720,P2,F1,0.0,0.63369435
GGG,2013J,575984,P2,F1,0.0,0.63039136
GGG,2013J,576141,P2,F1,1.0,0.6315624
GGG,2013J,576143,P2,F1,0.0,0.63369435
GGG,2013J,576371,P2,F1,1.0,0.6333345
GGG,2013J,576425,P2,F1,0.0,0.63369435
GGG,2013J,576445,P2,F1,0.0,0.61290747
GGG,2013J,576447,P2,F1,1.0,0.631175
GGG,2013J,576455,P2,F1,1.0,0.6278626
GGG,2013J,576488,P2,F1,0.0,0.6353074
GGG,2013J,576593,P2,F1,1.0,0.63353926
GGG,2013J,576654,P2,F1,0.0,0.6275647
GGG,2013J,576761,P2,F1,0.0,0.62822074
GGG,2013J,576948,P2,F1,0.0,0.624704
GGG,2013J,577439,P2,F1,1.0,0.6250921
GGG,2013J,577456,P2,F1,1.0,0.63369435
GGG,2013J,577471,P2,F1,1.0,0.6255758
GGG,2013J,577780,P2,F1,0.0,0.6212533
GGG,2013J,577820,P2,F1,0.0,0.61839086
GGG,2013J,577827,P2,F1,1.0,0.632316
GGG,2013J,577888,P2,F1,0.0,0.62040573
GGG,2013J,578140,P2,F1,0.0,0.5592415
GGG,2013J,578207,P2,F1,0.0,0.6243933
GGG,2013J,578375,P2,F1,0.0,0.6196485
GGG,2013J,578378,P2,F1,1.0,0.62854224
GGG,2013J,578555,P2,F1,1.0,0.63032347
GGG,2013J,578666,P2,F1,1.0,0.6311869
GGG,2013J,578781,P2,F1,1.0,0.63369435
GGG,2013J,578940,P2,F1,0.0,0.6221369
GGG,2013J,578941,P2,F1,1.0,0.6353074
GGG,2013J,578977,P2,F1,1.0,0.63216585
GGG,2013J,579015,P2,F1,0.0,0.63353926
GGG,2013J,579020,P2,F1,0.0,0.627824
GGG,2013J,579086,P2,F1,0.0,0.6215727
GGG,2013J,579164,P2,F1,0.0,0.63369435
GGG,2013J,579201,P2,F1,0.0,0.63353926
GGG,2013J,579203,P2,F1,0.0,0.6130171
GGG,2013J,579309,P2,F1,1.0,0.63369435
GGG,2013J,579381,P2,F1,0.0,0.6189412
GGG,2013J,579528,P2,F1,0.0,0.6221596
GGG,2013J,579572,P2,F1,0.0,0.61861455
GGG,2013J,579661,P2,F1,0.0,0.6226092
GGG,2013J,580095,P2,F1,1.0,0.63369435
GGG,2013J,580469,P2,F1,1.0,0.62412226
GGG,2013J,580669,P2,F1,1.0,0.63369435
GGG,2013J,580860,P2,F1,0.0,0.6293297
GGG,2013J,580870,P2,F1,0.0,0.63369435
GGG,2013J,580925,P2,F1,1.0,0.6271506
GGG,2013J,581003,P2,F1,1.0,0.63097036
GGG,2013J,581062,P2,F1,0.0,0.63353926
GGG,2013J,581063,P2,F1,0.0,0.6258399
GGG,2013J,581118,P2,F1,0.0,0.62874055
GGG,2013J,581178,P2,F1,0.0,0.63216585
GGG,2013J,581200,P2,F1,0.0,0.63353926
GGG,2013J,581239,P2,F1,0.0,0.62593323
GGG,2013J,581414,P2,F1,0.0,0.63369435
GGG,2013J,581485,P2,F1,0.0,0.63353926
GGG,2013J,581510,P2,F1,1.0,0.62961626
GGG,2013J,581652,P2,F1,0.0,0.62066436
GGG,2013J,581806,P2,F1,0.0,0.62915164
GGG,2013J,581889,P2,F1,1.0,0.6275896
GGG,2013J,581956,P2,F1,0.0,0.60709065
GGG,2013J,581965,P2,F1,0.0,0.61435056
GGG,2013J,582005,P2,F1,1.0,0.62603897
GGG,2013J,582039,P2,F1,1.0,0.629642
GGG,2013J,582226,P2,F1,0.0,0.6311869
GGG,2013J,582250,P2,F1,0.0,0.6193244
GGG,2013J,582309,P2,F1,1.0,0.6250921
GGG,2013J,582420,P2,F1,0.0,0.6278626
GGG,2013J,582460,P2,F1,0.0,0.625453
GGG,2013J,582486,P2,F1,1.0,0.6293297
GGG,2013J,582536,P2,F1,0.0,0.6083702
GGG,2013J,582568,P2,F1,1.0,0.6278626
GGG,2013J,582649,P2,F1,1.0,0.63078946
GGG,2013J,582697,P2,F1,0.0,0.62527734
GGG,2013J,582709,P2,F1,0.0,0.631175
GGG,2013J,582710,P2,F1,1.0,0.63369435
GGG,2013J,583031,P2,F1,0.0,0.6316768
GGG,2013J,583146,P2,F1,0.0,0.62118685
GGG,2013J,583423,P2,F1,0.0,0.6288064
GGG,2013J,583502,P2,F1,1.0,0.63171786
GGG,2013J,583532,P2,F1,0.0,0.6227026
GGG,2013J,583607,P2,F1,0.0,0.6278626
GGG,2013J,583623,P2,F1,0.0,0.6316522
GGG,2013J,583625,P2,F1,0.0,0.63369435
GGG,2013J,583664,P2,F1,0.0,0.624704
GGG,2013J,583721,P2,F1,0.0,0.6264995
GGG,2013J,583730,P2,F1,1.0,0.61121804
GGG,2013J,583827,P2,F1,1.0,0.62633854
GGG,2013J,583973,P2,F1,0.0,0.63353926
GGG,2013J,584143,P2,F1,0.0,0.6068226
GGG,2013J,584195,P2,F1,0.0,0.6305258
GGG,2013J,584299,P2,F1,0.0,0.6247923
GGG,2013J,584442,P2,F1,1.0,0.629642
GGG,2013J,584448,P2,F1,0.0,0.6292559
GGG,2013J,584500,P2,F1,0.0,0.62064147
GGG,2013J,584509,P2,F1,0.0,0.60789984
GGG,2013J,584512,P2,F1,1.0,0.63353926
GGG,2013J,584710,P2,F1,0.0,0.6157953
GGG,2013J,584712,P2,F1,1.0,0.62849754
GGG,2013J,584733,P2,F1,0.0,0.6276285
GGG,2013J,584827,P2,F1,0.0,0.63369435
GGG,2013J,584836,P2,F1,1.0,0.63097036
GGG,2013J,584844,P2,F1,1.0,0.6158619
GGG,2013J,584850,P2,F1,1.0,0.63369435
GGG,2013J,584908,P2,F1,0.0,0.6316522
GGG,2013J,584942,P2,F1,0.0,0.63061106
GGG,2013J,584969,P2,F1,0.0,0.63369435
GGG,2013J,585025,P2,F1,1.0,0.63353926
GGG,2013J,585041,P2,F1,0.0,0.6250921
GGG,2013J,585058,P2,F1,0.0,0.63039136
GGG,2013J,585114,P2,F1,0.0,0.62920475
GGG,2013J,585141,P2,F1,0.0,0.63245106
GGG,2013J,585145,P2,F1,0.0,0.62920475
GGG,2013J,585147,P2,F1,0.0,0.619315
GGG,2013J,585156,P2,F1,1.0,0.63216585
GGG,2013J,585199,P2,F1,0.0,0.6353074
GGG,2013J,585201,P2,F1,0.0,0.63369435
GGG,2013J,585236,P2,F1,0.0,0.6316768
GGG,2013J,585297,P2,F1,1.0,0.6353074
GGG,2013J,585445,P2,F1,1.0,0.61474967
GGG,2013J,585457,P2,F1,1.0,0.63353926
GGG,2013J,585518,P2,F1,0.0,0.63353926
GGG,2013J,585577,P2,F1,0.0,0.6353074
GGG,2013J,585608,P2,F1,0.0,0.6250921
GGG,2013J,585613,P2,F1,0.0,0.629642
GGG,2013J,585668,P2,F1,0.0,0.6276285
GGG,2013J,585702,P2,F1,0.0,0.63369435
GGG,2013J,585768,P2,F1,0.0,0.6316768
GGG,2013J,585801,P2,F1,1.0,0.6316768
GGG,2013J,585841,P2,F1,1.0,0.6292579
GGG,2013J,585847,P2,F1,0.0,0.6213856
GGG,2013J,586083,P2,F1,1.0,0.6180001
GGG,2013J,586120,P2,F1,1.0,0.6276285
GGG,2013J,586158,P2,F1,1.0,0.63171786
GGG,2013J,586196,P2,F1,0.0,0.63369435
GGG,2013J,586287,P2,F1,0.0,0.62638
GGG,2013J,586324,P2,F1,0.0,0.62118685
GGG,2013J,586337,P2,F1,0.0,0.6276285
GGG,2013J,586367,P2,F1,1.0,0.6307441
GGG,2013J,586370,P2,F1,1.0,0.63369435
GGG,2013J,586423,P2,F1,0.0,0.6353074
GGG,2013J,586493,P2,F1,0.0,0.6258408
GGG,2013J,586502,P2,F1,0.0,0.6353074
GGG,2013J,586524,P2,F1,1.0,0.6353074
GGG,2013J,586563,P2,F1,1.0,0.6255758
GGG,2013J,586598,P2,F1,0.0,0.63353926
GGG,2013J,586639,P2,F1,0.0,0.61976284
GGG,2013J,586660,P2,F1,0.0,0.632316
GGG,2013J,586689,P2,F1,0.0,0.63369435
GGG,2013J,586787,P2,F1,0.0,0.6316768
GGG,2013J,586814,P2,F1,1.0,0.6316768
GGG,2013J,586818,P2,F1,0.0,0.6266013
GGG,2013J,586914,P2,F1,0.0,0.6353074
GGG,2013J,586981,P2,F1,1.0,0.6271506
GGG,2013J,587004,P2,F1,0.0,0.6182389
GGG,2013J,587150,P2,F1,1.0,0.51149446
GGG,2013J,587161,P2,F1,0.0,0.62937075
GGG,2013J,587183,P2,F1,0.0,0.6180001
GGG,2013J,587275,P2,F1,1.0,0.62115127
GGG,2013J,587283,P2,F1,1.0,0.63216585
GGG,2013J,587330,P2,F1,0.0,0.6102146
GGG,2013J,587362,P2,F1,0.0,0.63008606
GGG,2013J,587374,P2,F1,1.0,0.6275647
GGG,2013J,587478,P2,F1,1.0,0.63216585
GGG,2013J,587506,P2,F1,0.0,0.6250618
GGG,2013J,587509,P2,F1,1.0,0.632723
GGG,2013J,587523,P2,F1,0.0,0.63369435
GGG,2013J,587529,P2,F1,0.0,0.6259141
GGG,2013J,587555,P2,F1,0.0,0.62638
GGG,2013J,587852,P2,F1,0.0,0.6249544
GGG,2013J,587975,P2,F1,0.0,0.62849754
GGG,2013J,587997,P2,F1,0.0,0.6353074
GGG,2013J,588008,P2,F1,0.0,0.63321525
GGG,2013J,588014,P2,F1,0.0,0.62766194
GGG,2013J,588078,P2,F1,0.0,0.6353074
GGG,2013J,588105,P2,F1,0.0,0.62743753
GGG,2013J,588106,P2,F1,1.0,0.63353926
GGG,2013J,588133,P2,F1,1.0,0.6251319
GGG,2013J,588138,P2,F1,0.0,0.6155314
GGG,2013J,588233,P2,F1,0.0,0.6244366
GGG,2013J,588289,P2,F1,0.0,0.6276285
GGG,2013J,588314,P2,F1,0.0,0.6259141
GGG,2013J,588363,P2,F1,0.0,0.63353926
GGG,2013J,588367,P2,F1,0.0,0.63321525
GGG,2013J,588382,P2,F1,0.0,0.6197535
GGG,2013J,588391,P2,F1,0.0,0.63063574
GGG,2013J,588411,P2,F1,0.0,0.51910025
GGG,2013J,588469,P2,F1,1.0,0.6276285
GGG,2013J,588505,P2,F1,0.0,0.63369435
GGG,2013J,588522,P2,F1,0.0,0.6225184
GGG,2013J,588528,P2,F1,1.0,0.6353074
GGG,2013J,588781,P2,F1,0.0,0.63216585
GGG,2013J,588944,P2,F1,0.0,0.6281213
GGG,2013J,588963,P2,F1,1.0,0.63353926
GGG,2013J,589048,P2,F1,1.0,0.6211264
GGG,2013J,589126,P2,F1,0.0,0.62954205
GGG,2013J,589147,P2,F1,0.0,0.63353926
GGG,2013J,589198,P2,F1,1.0,0.6353074
GGG,2013J,589377,P2,F1,0.0,0.63321525
GGG,2013J,589395,P2,F1,0.0,0.6316768
GGG,2013J,589493,P2,F1,0.0,0.622451
GGG,2013J,589507,P2,F1,0.0,0.62145746
GGG,2013J,589558,P2,F1,0.0,0.6353074
GGG,2013J,589690,P2,F1,0.0,0.61469746
GGG,2013J,589691,P2,F1,1.0,0.63321525
GGG,2013J,589702,P2,F1,0.0,0.6307441
GGG,2013J,589734,P2,F1,1.0,0.6271937
GGG,2013J,589744,P2,F1,0.0,0.6353074
GGG,2013J,589748,P2,F1,0.0,0.62418854
GGG,2013J,589845,P2,F1,1.0,0.6353074
GGG,2013J,589914,P2,F1,0.0,0.6221596
GGG,2013J,589919,P2,F1,1.0,0.62336427
GGG,2013J,589927,P2,F1,1.0,0.6353074
GGG,2013J,589990,P2,F1,0.0,0.6353074
GGG,2013J,590028,P2,F1,1.0,0.6306454
GGG,2013J,590034,P2,F1,0.0,0.629642
GGG,2013J,590046,P2,F1,0.0,0.62016356
GGG,2013J,590147,P2,F1,1.0,0.6353074
GGG,2013J,590213,P2,F1,1.0,0.63240784
GGG,2013J,590215,P2,F1,0.0,0.62069434
GGG,2013J,590248,P2,F1,1.0,0.6353074
GGG,2013J,590251,P2,F1,1.0,0.63353926
GGG,2013J,590353,P2,F1,0.0,0.62874055
GGG,2013J,590540,P2,F1,0.0,0.6353074
GGG,2013J,590590,P2,F1,1.0,0.6118045
GGG,2013J,590593,P2,F1,0.0,0.6259835
GGG,2013J,590662,P2,F1,1.0,0.62819684
GGG,2013J,590711,P2,F1,0.0,0.6209451
GGG,2013J,590764,P2,F1,0.0,0.6251319
GGG,2013J,590835,P2,F1,1.0,0.6311869
GGG,2013J,590836,P2,F1,0.0,0.6316522
GGG,2013J,590864,P2,F1,0.0,0.63353926
GGG,2013J,591179,P2,F1,0.0,0.6316768
GGG,2013J,591198,P2,F1,0.0,0.6282163
GGG,2013J,591216,P2,F1,1.0,0.5074608
GGG,2013J,591225,P2,F1,0.0,0.6243572
GGG,2013J,591243,P2,F1,0.0,0.6276285
GGG,2013J,591255,P2,F1,1.0,0.6353074
GGG,2013J,591321,P2,F1,0.0,0.6353074
GGG,2013J,591409,P2,F1,0.0,0.6353074
GGG,2013J,591549,P2,F1,0.0,0.6219509
GGG,2013J,591588,P2,F1,0.0,0.62761056
GGG,2013J,591602,P2,F1,0.0,0.62782955
GGG,2013J,591671,P2,F1,1.0,0.63279265
GGG,2013J,591804,P2,F1,0.0,0.63353926
GGG,2013J,591814,P2,F1,0.0,0.6353074
GGG,2013J,591819,P2,F1,1.0,0.629642
GGG,2013J,591837,P2,F1,0.0,0.6353074
GGG,2013J,591849,P2,F1,1.0,0.63216585
GGG,2013J,591859,P2,F1,1.0,0.62066954
GGG,2013J,591873,P2,F1,0.0,0.6353074
GGG,2013J,592043,P2,F1,1.0,0.6307441
GGG,2013J,592056,P2,F1,0.0,0.63353926
GGG,2013J,592059,P2,F1,0.0,0.6353074
GGG,2013J,592127,P2,F1,0.0,0.6214225
GGG,2013J,592245,P2,F1,0.0,0.627204
GGG,2013J,592248,P2,F1,0.0,0.63216585
GGG,2013J,592272,P2,F1,0.0,0.6353074
GGG,2013J,592287,P2,F1,0.0,0.629642
GGG,2013J,592361,P2,F1,0.0,0.6246561
GGG,2013J,592444,P2,F1,1.0,0.63353926
GGG,2013J,592448,P2,F1,1.0,0.6316768
GGG,2013J,592451,P2,F1,0.0,0.6286071
GGG,2013J,592660,P2,F1,0.0,0.6353074
GGG,2013J,592737,P2,F1,0.0,0.6316522
GGG,2013J,592880,P2,F1,1.0,0.6353074
GGG,2013J,592882,P2,F1,0.0,0.62382823
GGG,2013J,593010,P2,F1,1.0,0.6247811
GGG,2013J,593013,P2,F1,1.0,0.6353074
GGG,2013J,593017,P2,F1,0.0,0.63321525
GGG,2013J,593127,P2,F1,0.0,0.62412226
GGG,2013J,593246,P2,F1,0.0,0.6315624
GGG,2013J,593431,P2,F1,1.0,0.6353074
GGG,2013J,593438,P2,F1,1.0,0.6316768
GGG,2013J,593540,P2,F1,0.0,0.627204
GGG,2013J,593546,P2,F1,0.0,0.62520283
GGG,2013J,593569,P2,F1,1.0,0.6353074
GGG,2013J,593734,P2,F1,0.0,0.61612236
GGG,2013J,593793,P2,F1,1.0,0.52764624
GGG,2013J,593819,P2,F1,0.0,0.6322842
GGG,2013J,593840,P2,F1,1.0,0.63240784
GGG,2013J,593842,P2,F1,0.0,0.6267372
GGG,2013J,593858,P2,F1,0.0,0.629642
GGG,2013J,593954,P2,F1,0.0,0.6273545
GGG,2013J,594185,P2,F1,1.0,0.6353074
GGG,2013J,594188,P2,F1,0.0,0.63321525
GGG,2013J,594196,P2,F1,0.0,0.63216585
GGG,2013J,594450,P2,F1,1.0,0.6243572
GGG,2013J,594554,P2,F1,0.0,0.6353074
GGG,2013J,594625,P2,F1,0.0,0.6353074
GGG,2013J,594727,P2,F1,1.0,0.6353074
GGG,2013J,594745,P2,F1,0.0,0.6250921
GGG,2013J,594771,P2,F1,0.0,0.6353074
GGG,2013J,594816,P2,F1,1.0,0.63353926
GGG,2013J,594834,P2,F1,0.0,0.6191283
GGG,2013J,594901,P2,F1,1.0,0.633247
GGG,2013J,594910,P2,F1,1.0,0.61616725
GGG,2013J,594943,P2,F1,0.0,0.63216585
GGG,2013J,595185,P2,F1,0.0,0.6230081
GGG,2013J,595256,P2,F1,0.0,0.62499464
GGG,2013J,595305,P2,F1,0.0,0.62233084
GGG,2013J,595335,P2,F1,0.0,0.6303067
GGG,2013J,595365,P2,F1,0.0,0.6353074
GGG,2013J,595434,P2,F1,0.0,0.626784
GGG,2013J,595440,P2,F1,0.0,0.62780476
GGG,2013J,595474,P2,F1,0.0,0.6322394
GGG,2013J,595496,P2,F1,0.0,0.6353074
GGG,2013J,595501,P2,F1,1.0,0.6278626
GGG,2013J,595535,P2,F1,1.0,0.6353074
GGG,2013J,595686,P2,F1,0.0,0.63353926
GGG,2013J,595908,P2,F1,0.0,0.63078946
GGG,2013J,595927,P2,F1,0.0,0.6079176
GGG,2013J,595977,P2,F1,0.0,0.6353074
GGG,2013J,596071,P2,F1,0.0,0.6316768
GGG,2013J,596075,P2,F1,0.0,0.63369435
GGG,2013J,596089,P2,F1,0.0,0.6220638
GGG,2013J,596091,P2,F1,0.0,0.63321525
GGG,2013J,596143,P2,F1,0.0,0.63369435
GGG,2013J,596208,P2,F1,0.0,0.6333345
GGG,2013J,596214,P2,F1,1.0,0.629642
GGG,2013J,596221,P2,F1,0.0,0.6353074
GGG,2013J,596255,P2,F1,1.0,0.62819684
GGG,2013J,596301,P2,F1,0.0,0.6353074
GGG,2013J,596358,P2,F1,0.0,0.61518604
GGG,2013J,596376,P2,F1,0.0,0.62849754
GGG,2013J,596527,P2,F1,0.0,0.629642
GGG,2013J,596618,P2,F1,1.0,0.6353074
GGG,2013J,596636,P2,F1,0.0,0.6292559
GGG,2013J,596694,P2,F1,0.0,0.6273123
GGG,2013J,596697,P2,F1,0.0,0.6252503
GGG,2013J,596801,P2,F1,0.0,0.61258155
GGG,2013J,596819,P2,F1,1.0,0.63353926
GGG,2013J,596824,P2,F1,0.0,0.62783474
GGG,2013J,596943,P2,F1,0.0,0.62236464
GGG,2013J,597045,P2,F1,0.0,0.6230337
GGG,2013J,597058,P2,F1,0.0,0.6246066
GGG,2013J,597060,P2,F1,0.0,0.6307441
GGG,2013J,597097,P2,F1,0.0,0.6353074
GGG,2013J,597114,P2,F1,0.0,0.60846543
GGG,2013J,597152,P2,F1,1.0,0.6289398
GGG,2013J,597212,P2,F1,1.0,0.6342706
GGG,2013J,597253,P2,F1,0.0,0.6303045
GGG,2013J,597289,P2,F1,1.0,0.6353074
GGG,2013J,597299,P2,F1,0.0,0.6353074
GGG,2013J,597333,P2,F1,0.0,0.62696934
GGG,2013J,597360,P2,F1,0.0,0.63353926
GGG,2013J,597515,P2,F1,0.0,0.6353074
GGG,2013J,597597,P2,F1,0.0,0.62849754
GGG,2013J,597617,P2,F1,0.0,0.6353074
GGG,2013J,597669,P2,F1,0.0,0.6233683
GGG,2013J,597936,P2,F1,1.0,0.62527734
GGG,2013J,597941,P2,F1,0.0,0.6353074
GGG,2013J,597971,P2,F1,0.0,0.6259635
GGG,2013J,598107,P2,F1,0.0,0.624062
GGG,2013J,598139,P2,F1,0.0,0.62849754
GGG,2013J,598176,P2,F1,0.0,0.6316522
GGG,2013J,598178,P2,F1,0.0,0.6279856
GGG,2013J,598226,P2,F1,1.0,0.63279265
GGG,2013J,598327,P2,F1,0.0,0.6353074
GGG,2013J,598406,P2,F1,1.0,0.6353074
GGG,2013J,598420,P2,F1,0.0,0.6236735
GGG,2013J,598421,P2,F1,0.0,0.6182111
GGG,2013J,598546,P2,F1,1.0,0.6353074
GGG,2013J,598667,P2,F1,0.0,0.6243572
GGG,2013J,598717,P2,F1,1.0,0.6353074
GGG,2013J,598731,P2,F1,1.0,0.624062
GGG,2013J,598762,P2,F1,1.0,0.6336536
GGG,2013J,598788,P2,F1,0.0,0.63216585
GGG,2013J,598824,P2,F1,1.0,0.63216585
GGG,2013J,598840,P2,F1,0.0,0.6201266
GGG,2013J,598921,P2,F1,0.0,0.6181943
GGG,2013J,598923,P2,F1,1.0,0.6353074
GGG,2013J,599000,P2,F1,1.0,0.6353074
GGG,2013J,599009,P2,F1,0.0,0.6186099
GGG,2013J,599080,P2,F1,0.0,0.63033634
GGG,2013J,599267,P2,F1,1.0,0.6342706
GGG,2013J,599278,P2,F1,0.0,0.62836283
GGG,2013J,599306,P2,F1,0.0,0.61830103
GGG,2013J,599385,P2,F1,0.0,0.63216585
GGG,2013J,599410,P2,F1,0.0,0.6195105
GGG,2013J,599448,P2,F1,1.0,0.6316522
GGG,2013J,599499,P2,F1,1.0,0.63353926
GGG,2013J,599503,P2,F1,1.0,0.629642
GGG,2013J,599529,P2,F1,0.0,0.63353926
GGG,2013J,599553,P2,F1,1.0,0.63353926
GGG,2013J,599804,P2,F1,1.0,0.6353074
GGG,2013J,599815,P2,F1,0.0,0.6292992
GGG,2013J,599853,P2,F1,1.0,0.6079176
GGG,2013J,599963,P2,F1,0.0,0.624062
GGG,2013J,600032,P2,F1,1.0,0.6201464
GGG,2013J,600081,P2,F1,0.0,0.6104641
GGG,2013J,600097,P2,F1,0.0,0.6296817
GGG,2013J,600202,P2,F1,0.0,0.6353074
GGG,2013J,600266,P2,F1,1.0,0.6294065
GGG,2013J,600277,P2,F1,0.0,0.63279265
GGG,2013J,600305,P2,F1,0.0,0.62819684
GGG,2013J,600315,P2,F1,1.0,0.6353074
GGG,2013J,600320,P2,F1,1.0,0.6353074
GGG,2013J,600325,P2,F1,1.0,0.63353926
GGG,2013J,600461,P2,F1,1.0,0.6319427
GGG,2013J,600471,P2,F1,0.0,0.6353074
GGG,2013J,600514,P2,F1,0.0,0.632316
GGG,2013J,600566,P2,F1,0.0,0.63353926
GGG,2013J,600606,P2,F1,0.0,0.6353074
GGG,2013J,600645,P2,F1,0.0,0.6278626
GGG,2013J,600733,P2,F1,0.0,0.62024
GGG,2013J,600895,P2,F1,0.0,0.6234776
GGG,2013J,600906,P2,F1,1.0,0.6263693
GGG,2013J,600908,P2,F1,0.0,0.6212289
GGG,2013J,601123,P2,F1,0.0,0.6307195
GGG,2013J,601125,P2,F1,1.0,0.63353926
GGG,2013J,601126,P2,F1,0.0,0.62206197
GGG,2013J,601132,P2,F1,0.0,0.6307485
GGG,2013J,601199,P2,F1,1.0,0.61465317
GGG,2013J,601239,P2,F1,1.0,0.6341353
GGG,2013J,601275,P2,F1,1.0,0.63216585
GGG,2013J,601276,P2,F1,1.0,0.6353074
GGG,2013J,601319,P2,F1,0.0,0.6246066
GGG,2013J,601360,P2,F1,0.0,0.6303088
GGG,2013J,601414,P2,F1,1.0,0.6353074
GGG,2013J,601464,P2,F1,0.0,0.62582844
GGG,2013J,601465,P2,F1,1.0,0.6224292
GGG,2013J,601511,P2,F1,1.0,0.6353074
GGG,2013J,601529,P2,F1,1.0,0.6267239
GGG,2013J,601534,P2,F1,0.0,0.629642
GGG,2013J,601546,P2,F1,1.0,0.6292559
GGG,2013J,601576,P2,F1,1.0,0.6267239
GGG,2013J,601581,P2,F1,1.0,0.63353926
GGG,2013J,601605,P2,F1,0.0,0.6353074
GGG,2013J,601645,P2,F1,1.0,0.6294065
GGG,2013J,601854,P2,F1,0.0,0.62638
GGG,2013J,601892,P2,F1,1.0,0.6353074
GGG,2013J,601914,P2,F1,1.0,0.6353074
GGG,2013J,601939,P2,F1,1.0,0.62127364
GGG,2013J,601963,P2,F1,0.0,0.6322954
GGG,2013J,601983,P2,F1,0.0,0.62583625
GGG,2013J,601997,P2,F1,1.0,0.63097036
GGG,2013J,602023,P2,F1,1.0,0.63321525
GGG,2013J,602026,P2,F1,1.0,0.6298848
GGG,2013J,602072,P2,F1,0.0,0.6296711
GGG,2013J,602168,P2,F1,1.0,0.6268828
GGG,2013J,602175,P2,F1,1.0,0.6353074
GGG,2013J,602401,P2,F1,0.0,0.629642
GGG,2013J,602470,P2,F1,0.0,0.6182114
GGG,2013J,602531,P2,F1,1.0,0.6241787
GGG,2013J,602573,P2,F1,0.0,0.6353074
GGG,2013J,602604,P2,F1,0.0,0.6278626
GGG,2013J,602607,P2,F1,1.0,0.63353926
GGG,2013J,602711,P2,F1,0.0,0.6193244
GGG,2013J,602768,P2,F1,1.0,0.6266013
GGG,2013J,602780,P2,F1,0.0,0.63216585
GGG,2013J,602820,P2,F1,0.0,0.62849754
GGG,2013J,602997,P2,F1,1.0,0.632316
GGG,2013J,603044,P2,F1,0.0,0.6353074
GGG,2013J,603058,P2,F1,0.0,0.6353074
GGG,2013J,603164,P2,F1,0.0,0.62873626
GGG,2013J,603230,P2,F1,0.0,0.63321525
GGG,2013J,603328,P2,F1,0.0,0.63216585
GGG,2013J,603365,P2,F1,1.0,0.63216585
GGG,2013J,603573,P2,F1,1.0,0.6353074
GGG,2013J,603579,P2,F1,0.0,0.62113875
GGG,2013J,603585,P2,F1,1.0,0.6275182
GGG,2013J,603685,P2,F1,0.0,0.6353074
GGG,2013J,603740,P2,F1,1.0,0.6353074
GGG,2013J,603763,P2,F1,0.0,0.629642
GGG,2013J,603827,P2,F1,1.0,0.6283994
GGG,2013J,603913,P2,F1,0.0,0.6242221
GGG,2013J,603918,P2,F1,0.0,0.62291867
GGG,2013J,604064,P2,F1,0.0,0.6282738
GGG,2013J,604096,P2,F1,0.0,0.63216585
GGG,2013J,604110,P2,F1,0.0,0.6292992
GGG,2013J,604153,P2,F1,1.0,0.629642
GGG,2013J,604213,P2,F1,0.0,0.63216585
GGG,2013J,604336,P2,F1,0.0,0.62339216
GGG,2013J,604423,P2,F1,0.0,0.63353926
GGG,2013J,604471,P2,F1,1.0,0.6353074
GGG,2013J,604498,P2,F1,0.0,0.6353074
GGG,2013J,604534,P2,F1,1.0,0.6353074
GGG,2013J,604536,P2,F1,1.0,0.6353074
GGG,2013J,604539,P2,F1,0.0,0.63321525
GGG,2013J,604588,P2,F1,1.0,0.6353074
GGG,2013J,604721,P2,F1,0.0,0.61463624
GGG,2013J,604930,P2,F1,0.0,0.6267593
GGG,2013J,604980,P2,F1,0.0,0.62912697
GGG,2013J,605027,P2,F1,0.0,0.62874055
GGG,2013J,605072,P2,F1,0.0,0.62491435
GGG,2013J,605156,P2,F1,0.0,0.6177031
GGG,2013J,605225,P2,F1,0.0,0.6316522
GGG,2013J,605301,P2,F1,0.0,0.621287
GGG,2013J,605306,P2,F1,1.0,0.6353074
GGG,2013J,605325,P2,F1,1.0,0.6353074
GGG,2013J,605521,P2,F1,0.0,0.627824
GGG,2013J,605692,P2,F1,0.0,0.6293103
GGG,2013J,605733,P2,F1,0.0,0.629642
GGG,2013J,605861,P2,F1,1.0,0.6294065
GGG,2013J,605901,P2,F1,0.0,0.6234624
GGG,2013J,605920,P2,F1,0.0,0.6260131
GGG,2013J,605977,P2,F1,0.0,0.6298848
GGG,2013J,606028,P2,F1,0.0,0.6271937
GGG,2013J,606052,P2,F1,1.0,0.6353074
GGG,2013J,606233,P2,F1,0.0,0.63353926
GGG,2013J,606245,P2,F1,0.0,0.632316
GGG,2013J,606391,P2,F1,0.0,0.629642
GGG,2013J,606409,P2,F1,0.0,0.6342706
GGG,2013J,606418,P2,F1,1.0,0.6342706
GGG,2013J,606435,P2,F1,0.0,0.6353074
GGG,2013J,606463,P2,F1,0.0,0.629642
GGG,2013J,606471,P2,F1,0.0,0.6316522
GGG,2013J,606497,P2,F1,1.0,0.63353926
GGG,2013J,606570,P2,F1,0.0,0.63353926
GGG,2013J,606574,P2,F1,1.0,0.6255758
GGG,2013J,606815,P2,F1,0.0,0.63127565
GGG,2013J,606864,P2,F1,0.0,0.62176234
GGG,2013J,606869,P2,F1,0.0,0.6353074
GGG,2013J,606895,P2,F1,1.0,0.62004495
GGG,2013J,607018,P2,F1,1.0,0.6313676
GGG,2013J,607163,P2,F1,0.0,0.6278626
GGG,2013J,607256,P2,F1,0.0,0.6182114
GGG,2013J,607293,P2,F1,0.0,0.6297927
GGG,2013J,607337,P2,F1,1.0,0.6126197
GGG,2013J,607443,P2,F1,0.0,0.63240784
GGG,2013J,607483,P2,F1,0.0,0.6353074
GGG,2013J,607507,P2,F1,0.0,0.62065125
GGG,2013J,607510,P2,F1,1.0,0.433988
GGG,2013J,607514,P2,F1,1.0,0.62791353
GGG,2013J,607548,P2,F1,0.0,0.629642
GGG,2013J,607754,P2,F1,0.0,0.63353926
GGG,2013J,607797,P2,F1,0.0,0.63353926
GGG,2013J,607798,P2,F1,1.0,0.5677283
GGG,2013J,607827,P2,F1,1.0,0.625453
GGG,2013J,607849,P2,F1,0.0,0.6353074
GGG,2013J,607912,P2,F1,0.0,0.62113875
GGG,2013J,607957,P2,F1,1.0,0.6333345
GGG,2013J,608114,P2,F1,1.0,0.63353926
GGG,2013J,608115,P2,F1,0.0,0.6278626
GGG,2013J,608195,P2,F1,0.0,0.6353074
GGG,2013J,608306,P2,F1,1.0,0.6353074
GGG,2013J,608318,P2,F1,1.0,0.6353074
GGG,2013J,608672,P2,F1,0.0,0.6278626
GGG,2013J,608693,P2,F1,1.0,0.6298148
GGG,2013J,608714,P2,F1,1.0,0.6353074
GGG,2013J,609330,P2,F1,0.0,0.60846543
GGG,2013J,609399,P2,F1,0.0,0.63097036
GGG,2013J,609403,P2,F1,0.0,0.629642
GGG,2013J,609535,P2,F1,1.0,0.6278626
GGG,2013J,609538,P2,F1,0.0,0.632316
GGG,2013J,609557,P2,F1,0.0,0.624062
GGG,2013J,609761,P2,F1,0.0,0.61106604
GGG,2013J,609837,P2,F1,1.0,0.63279265
GGG,2013J,609900,P2,F1,0.0,0.629642
GGG,2013J,609912,P2,F1,0.0,0.63353926
GGG,2013J,609979,P2,F1,1.0,0.629642
GGG,2013J,610012,P2,F1,0.0,0.629642
GGG,2013J,610016,P2,F1,1.0,0.6353074
GGG,2013J,610057,P2,F1,0.0,0.6272513
GGG,2013J,610347,P2,F1,0.0,0.6246959
GGG,2013J,610380,P2,F1,1.0,0.6278626
GGG,2013J,610405,P2,F1,0.0,0.6316522
GGG,2013J,610530,P2,F1,1.0,0.6311869
GGG,2013J,610557,P2,F1,1.0,0.62697685
GGG,2013J,610569,P2,F1,0.0,0.6298577
GGG,2013J,610573,P2,F1,1.0,0.63216585
GGG,2013J,610597,P2,F1,0.0,0.6353074
GGG,2013J,610738,P2,F1,1.0,0.6353074
GGG,2013J,610739,P2,F1,0.0,0.6353074
GGG,2013J,610749,P2,F1,0.0,0.6268953
GGG,2013J,611058,P2,F1,1.0,0.6316522
GGG,2013J,611138,P2,F1,1.0,0.6353074
GGG,2013J,611177,P2,F1,0.0,0.6267239
GGG,2013J,611215,P2,F1,0.0,0.63097036
GGG,2013J,611218,P2,F1,0.0,0.6278626
GGG,2013J,611241,P2,F1,0.0,0.63216585
GGG,2013J,611331,P2,F1,1.0,0.63353926
GGG,2013J,611580,P2,F1,0.0,0.6271937
GGG,2013J,612986,P2,F1,0.0,0.6307485
GGG,2013J,1319732,P2,F1,0.0,0.6353074
GGG,2013J,1341096,P2,F1,0.0,0.6259835
GGG,2013J,1347253,P2,F1,0.0,0.632316
GGG,2013J,1470552,P2,F1,1.0,0.6162571
GGG,2013J,1498979,P2,F1,0.0,0.632316
GGG,2013J,1516666,P2,F1,1.0,0.6353074
GGG,2013J,1537673,P2,F1,1.0,0.6353074
GGG,2013J,1674804,P2,F1,0.0,0.6278626
GGG,2013J,1678445,P2,F1,0.0,0.6210913
GGG,2013J,1699264,P2,F1,1.0,0.6250921
GGG,2013J,1720448,P2,F1,0.0,0.63353926
GGG,2013J,1729833,P2,F1,0.0,0.6316522
GGG,2013J,1756915,P2,F1,0.0,0.63063383
GGG,2013J,1813731,P2,F1,0.0,0.6353074
GGG,2013J,1828078,P2,F1,1.0,0.62849754
GGG,2013J,1830666,P2,F1,1.0,0.63353926
GGG,2013J,1873505,P2,F1,0.0,0.6353074
GGG,2013J,1930019,P2,F1,0.0,0.6221596
GGG,2013J,1932526,P2,F1,1.0,0.62212926
GGG,2013J,1953764,P2,F1,1.0,0.63353926
GGG,2013J,1969985,P2,F1,0.0,0.6342706
GGG,2013J,1993905,P2,F1,0.0,0.6138225
GGG,2013J,2002057,P2,F1,1.0,0.6353074
GGG,2013J,2019921,P2,F1,1.0,0.6353074
GGG,2013J,2035700,P2,F1,0.0,0.617733
GGG,2013J,2067146,P2,F1,1.0,0.629642
GGG,2013J,2152928,P2,F1,1.0,0.6333345
GGG,2013J,2174129,P2,F1,0.0,0.6138225
GGG,2013J,2180994,P2,F1,0.0,0.6205072
GGG,2013J,2181700,P2,F1,0.0,0.6230766
GGG,2013J,2246073,P2,F1,0.0,0.63078946
GGG,2013J,2248072,P2,F1,0.0,0.6353074
GGG,2013J,2248779,P2,F1,1.0,0.6353074
GGG,2013J,2248789,P2,F1,1.0,0.6082423
GGG,2013J,2254271,P2,F1,1.0,0.6261889
GGG,2013J,2271264,P2,F1,0.0,0.63113403
GGG,2013J,2280643,P2,F1,0.0,0.60789984
GGG,2013J,2285156,P2,F1,0.0,0.6256513
GGG,2013J,2312783,P2,F1,1.0,0.62129325
GGG,2013J,2343354,P2,F1,0.0,0.62339216
GGG,2013J,2349926,P2,F1,1.0,0.6282738
GGG,2013J,2365602,P2,F1,1.0,0.63097036
GGG,2013J,2369187,P2,F1,0.0,0.6311869
GGG,2013J,2379431,P2,F1,1.0,0.62527734
GGG,2013J,2386281,P2,F1,0.0,0.6236735
GGG,2013J,2387566,P2,F1,1.0,0.6322803
GGG,2013J,2394352,P2,F1,1.0,0.62499464
GGG,2013J,2417702,P2,F1,0.0,0.6353074
GGG,2013J,2420364,P2,F1,0.0,0.63097036
GGG,2013J,2458203,P2,F1,0.0,0.62658495
GGG,2013J,2462584,P2,F1,0.0,0.6353074
GGG,2013J,2464917,P2,F1,1.0,0.6316768
GGG,2013J,2477040,P2,F1,1.0,0.62642926
GGG,2013J,2482885,P2,F1,1.0,0.6162197
GGG,2013J,2498139,P2,F1,0.0,0.6252729
GGG,2013J,2511859,P2,F1,0.0,0.62480414
GGG,2013J,2516931,P2,F1,1.0,0.6249388
GGG,2013J,2519972,P2,F1,1.0,0.6266013
GGG,2013J,2540288,P2,F1,1.0,0.63353926
GGG,2013J,2540450,P2,F1,1.0,0.63353926
GGG,2013J,2542291,P2,F1,0.0,0.63353926
GGG,2013J,2542342,P2,F1,1.0,0.63369435
GGG,2013J,2555098,P2,F1,1.0,0.6276285
GGG,2013J,2561971,P2,F1,0.0,0.6316522
GGG,2013J,2591672,P2,F1,1.0,0.6278626
GGG,2013J,2599817,P2,F1,0.0,0.63369435
GGG,2013J,2621695,P2,F1,0.0,0.624704
GGG,2013J,2638532,P2,F1,0.0,0.6278626
GGG,2013J,2643122,P2,F1,0.0,0.628904
GGG,2013J,2649341,P2,F1,1.0,0.63369435
GGG,2013J,2653027,P2,F1,1.0,0.6353074
GGG,2013J,2656100,P2,F1,0.0,0.6250953
GGG,2013J,2670570,P2,F1,0.0,0.6229061
GGG,2013J,2673510,P2,F1,1.0,0.63240784
GGG,2013J,2674822,P2,F1,1.0,0.63245106
GGG,2013J,2679386,P2,F1,0.0,0.62079114
GGG,2013J,2679694,P2,F1,1.0,0.6316522
BBB,2014B,25629,P3,F2,1.0,0.6414913
BBB,2014B,25997,P3,F2,1.0,0.6414913
BBB,2014B,27891,P3,F2,1.0,0.638613
BBB,2014B,38941,P3,F2,1.0,0.4961515
BBB,2014B,50069,P3,F2,1.0,0.47213832
BBB,2014B,52426,P3,F2,1.0,0.55767
BBB,2014B,55968,P3,F2,1.0,0.4801017
BBB,2014B,59725,P3,F2,0.0,0.43310407
BBB,2014B,60416,P3,F2,0.0,0.52798367
BBB,2014B,60830,P3,F2,0.0,0.44182667
BBB,2014B,63721,P3,F2,0.0,0.46170452
BBB,2014B,64275,P3,F2,0.0,0.47330943
BBB,2014B,72400,P3,F2,0.0,0.4862712
BBB,2014B,78255,P3,F2,1.0,0.6414913
BBB,2014B,80001,P3,F2,1.0,0.6414913
BBB,2014B,88340,P3,F2,1.0,0.47915813
BBB,2014B,89092,P3,F2,0.0,0.5220615
BBB,2014B,89778,P3,F2,0.0,0.5008703
BBB,2014B,90361,P3,F2,0.0,0.52469075
BBB,2014B,92341,P3,F2,1.0,0.42929068
BBB,2014B,97006,P3,F2,0.0,0.49303687
BBB,2014B,97865,P3,F2,1.0,0.49784267
BBB,2014B,99799,P3,F2,0.0,0.4727892
BBB,2014B,103535,P3,F2,0.0,0.5186532
BBB,2014B,107713,P3,F2,1.0,0.5180775
BBB,2014B,108799,P3,F2,0.0,0.4332655
BBB,2014B,115452,P3,F2,1.0,0.4366413
BBB,2014B,117699,P3,F2,0.0,0.40160984
BBB,2014B,119471,P3,F2,1.0,0.55222666
BBB,2014B,123270,P3,F2,1.0,0.47082394
BBB,2014B,123462,P3,F2,0.0,0.43995288
BBB,2014B,125055,P3,F2,0.0,0.50330055
BBB,2014B,126608,P3,F2,0.0,0.57526225
BBB,2014B,126713,P3,F2,0.0,0.5127275
BBB,2014B,130013,P3,F2,0.0,0.47966456
BBB,2014B,132972,P3,F2,0.0,0.49291384
BBB,2014B,139250,P3,F2,0.0,0.42147997
BBB,2014B,140719,P3,F2,1.0,0.48196873
BBB,2014B,148427,P3,F2,0.0,0.4277375
BBB,2014B,155631,P3,F2,0.0,0.45239395
BBB,2014B,157276,P3,F2,0.0,0.43839604
BBB,2014B,159293,P3,F2,0.0,0.39635757
BBB,2014B,165904,P3,F2,0.0,0.39522362
BBB,2014B,171751,P3,F2,0.0,0.49140328
BBB,2014B,172137,P3,F2,0.0,0.43461767
BBB,2014B,183287,P3,F2,1.0,0.47786856
BBB,2014B,185021,P3,F2,0.0,0.49507335
BBB,2014B,186565,P3,F2,1.0,0.46800122
BBB,2014B,187257,P3,F2,0.0,0.49596715
BBB,2014B,187601,P3,F2,0.0,0.4622059
BBB,2014B,189035,P3,F2,0.0,0.41855252
BBB,2014B,190352,P3,F2,1.0,0.5513349
BBB,2014B,190565,P3,F2,0.0,0.48963323
BBB,2014B,201431,P3,F2,0.0,0.44069037
BBB,2014B,202394,P3,F2,0.0,0.4336807
BBB,2014B,206003,P3,F2,0.0,0.4892049
BBB,2014B,226747,P3,F2,0.0,0.4642006
BBB,2014B,228481,P3,F2,0.0,0.40262553
BBB,2014B,228784,P3,F2,0.0,0.4639755
BBB,2014B,228824,P3,F2,0.0,0.4766697
BBB,2014B,232539,P3,F2,0.0,0.4681474
BBB,2014B,233095,P3,F2,0.0,0.47180584
BBB,2014B,233102,P3,F2,0.0,0.4887962
BBB,2014B,235380,P3,F2,1.0,0.4901642
BBB,2014B,235428,P3,F2,1.0,0.61760896
BBB,2014B,236161,P3,F2,0.0,0.51644313
BBB,2014B,238519,P3,F2,1.0,0.43541068
BBB,2014B,242390,P3,F2,1.0,0.4810318
BBB,2014B,244064,P3,F2,0.0,0.4468424
BBB,2014B,247292,P3,F2,0.0,0.45503652
BBB,2014B,247513,P3,F2,0.0,0.41191342
BBB,2014B,250123,P3,F2,0.0,0.48490763
BBB,2014B,252652,P3,F2,0.0,0.6414913
BBB,2014B,260955,P3,F2,1.0,0.5698584
BBB,2014B,262294,P3,F2,1.0,0.638613
BBB,2014B,264106,P3,F2,0.0,0.49994618
BBB,2014B,266744,P3,F2,1.0,0.6414913
BBB,2014B,268301,P3,F2,0.0,0.3945727
BBB,2014B,271467,P3,F2,1.0,0.5061309
BBB,2014B,275006,P3,F2,1.0,0.533442
BBB,2014B,275112,P3,F2,1.0,0.5852794
BBB,2014B,282713,P3,F2,0.0,0.45933393
BBB,2014B,283131,P3,F2,1.0,0.4442985
BBB,2014B,283564,P3,F2,1.0,0.50302607
BBB,2014B,283978,P3,F2,1.0,0.53046876
BBB,2014B,285567,P3,F2,0.0,0.4034161
BBB,2014B,286914,P3,F2,0.0,0.4527313
BBB,2014B,288967,P3,F2,0.0,0.42642656
BBB,2014B,289108,P3,F2,0.0,0.5301145
BBB,2014B,290914,P3,F2,0.0,0.6414913
BBB,2014B,291844,P3,F2,0.0,0.43179408
BBB,2014B,291848,P3,F2,1.0,0.5487844
BBB,2014B,293992,P3,F2,0.0,0.5134084
BBB,2014B,294513,P3,F2,0.0,0.402029
BBB,2014B,295728,P3,F2,1.0,0.4893817
BBB,2014B,296232,P3,F2,0.0,0.40557393
BBB,2014B,297179,P3,F2,1.0,0.48609215
BBB,2014B,299027,P3,F2,1.0,0.6414913
BBB,2014B,304607,P3,F2,1.0,0.48234063
BBB,2014B,305373,P3,F2,1.0,0.5474806
BBB,2014B,307386,P3,F2,0.0,0.48595783
BBB,2014B,308345,P3,F2,1.0,0.42989394
BBB,2014B,311599,P3,F2,0.0,0.45372733
BBB,2014B,311889,P3,F2,1.0,0.5711646
BBB,2014B,313246,P3,F2,0.0,0.472462
BBB,2014B,318500,P3,F2,1.0,0.4307508
BBB,2014B,318876,P3,F2,0.0,0.46318218
BBB,2014B,319606,P3,F2,1.0,0.48732778
BBB,2014B,320363,P3,F2,1.0,0.61216116
BBB,2014B,321121,P3,F2,0.0,0.48838398
BBB,2014B,321142,P3,F2,1.0,0.6414913
BBB,2014B,321346,P3,F2,0.0,0.47209653
BBB,2014B,322325,P3,F2,1.0,0.47877362
BBB,2014B,322509,P3,F2,0.0,0.4920635
BBB,2014B,324907,P3,F2,0.0,0.43571246
BBB,2014B,325080,P3,F2,0.0,0.40355262
BBB,2014B,325308,P3,F2,0.0,0.4900157
BBB,2014B,327003,P3,F2,0.0,0.46234182
BBB,2014B,327641,P3,F2,0.0,0.50169045
BBB,2014B,331156,P3,F2,0.0,0.5925914
BBB,2014B,334023,P3,F2,0.0,0.48462525
BBB,2014B,334565,P3,F2,0.0,0.39739537
BBB,2014B,334981,P3,F2,0.0,0.45526415
BBB,2014B,336356,P3,F2,0.0,0.4377817
BBB,2014B,338168,P3,F2,1.0,0.4611569
BBB,2014B,339381,P3,F2,0.0,0.40080595
BBB,2014B,340831,P3,F2,0.0,0.629502
BBB,2014B,342017,P3,F2,1.0,0.44633028
BBB,2014B,347864,P3,F2,1.0,0.5262831
BBB,2014B,348771,P3,F2,1.0,0.50256693
BBB,2014B,349258,P3,F2,1.0,0.48940104
BBB,2014B,352009,P3,F2,1.0,0.6363064
BBB,2014B,352953,P3,F2,1.0,0.51912475
BBB,2014B,354984,P3,F2,0.0,0.40756342
BBB,2014B,355147,P3,F2,0.0,0.4410403
BBB,2014B,355369,P3,F2,1.0,0.6414913
BBB,2014B,355643,P3,F2,0.0,0.4656838
BBB,2014B,356386,P3,F2,1.0,0.51486266
BBB,2014B,358054,P3,F2,1.0,0.40468395
BBB,2014B,358956,P3,F2,0.0,0.48370072
BBB,2014B,359438,P3,F2,0.0,0.4930413
BBB,2014B,360190,P3,F2,1.0,0.55480677
BBB,2014B,363110,P3,F2,0.0,0.48875275
BBB,2014B,363396,P3,F2,0.0,0.40348375
BBB,2014B,365111,P3,F2,1.0,0.48085216
BBB,2014B,365488,P3,F2,1.0,0.5190375
BBB,2014B,366936,P3,F2,1.0,0.47393554
BBB,2014B,367535,P3,F2,0.0,0.49945527
BBB,2014B,369715,P3,F2,0.0,0.5097552
BBB,2014B,370008,P3,F2,1.0,0.41844395
BBB,2014B,372997,P3,F2,0.0,0.42704043
BBB,2014B,374515,P3,F2,1.0,0.54325324
BBB,2014B,374747,P3,F2,0.0,0.47173858
BBB,2014B,375711,P3,F2,1.0,0.47968003
BBB,2014B,375717,P3,F2,0.0,0.4162003
BBB,2014B,376868,P3,F2,1.0,0.6414913
BBB,2014B,377469,P3,F2,0.0,0.4833634
BBB,2014B,380184,P3,F2,0.0,0.4865364
BBB,2014B,380204,P3,F2,0.0,0.40808648
BBB,2014B,381533,P3,F2,0.0,0.45493025
BBB,2014B,381544,P3,F2,0.0,0.45895335
BBB,2014B,381909,P3,F2,0.0,0.3982006
BBB,2014B,381917,P3,F2,0.0,0.4038028
BBB,2014B,383241,P3,F2,0.0,0.5420516
BBB,2014B,383967,P3,F2,0.0,0.5216463
BBB,2014B,384636,P3,F2,1.0,0.45003128
BBB,2014B,384884,P3,F2,0.0,0.5085204
BBB,2014B,386374,P3,F2,1.0,0.49829328
BBB,2014B,389249,P3,F2,0.0,0.51034963
BBB,2014B,391153,P3,F2,0.0,0.45014215
BBB,2014B,391556,P3,F2,1.0,0.6414913
BBB,2014B,392604,P3,F2,0.0,0.4841274
BBB,2014B,392733,P3,F2,1.0,0.56317866
BBB,2014B,393131,P3,F2,1.0,0.53539
BBB,2014B,394067,P3,F2,0.0,0.4844792
BBB,2014B,394331,P3,F2,0.0,0.49970692
BBB,2014B,394480,P3,F2,1.0,0.4923437
BBB,2014B,394520,P3,F2,0.0,0.5240563
BBB,2014B,395374,P3,F2,0.0,0.4586291
BBB,2014B,396456,P3,F2,0.0,0.4415789
BBB,2014B,396799,P3,F2,0.0,0.43637955
BBB,2014B,397312,P3,F2,1.0,0.4382315
BBB,2014B,397747,P3,F2,0.0,0.49861997
BBB,2014B,397829,P3,F2,0.0,0.5045079
BBB,2014B,401441,P3,F2,1.0,0.45058873
BBB,2014B,405268,P3,F2,0.0,0.56551707
BBB,2014B,406600,P3,F2,0.0,0.5126925
BBB,2014B,406974,P3,F2,1.0,0.6240453
BBB,2014B,407545,P3,F2,1.0,0.4901699
BBB,2014B,408581,P3,F2,0.0,0.5131053
BBB,2014B,411895,P3,F2,1.0,0.5200144
BBB,2014B,415298,P3,F2,1.0,0.6414913
BBB,2014B,417263,P3,F2,0.0,0.44291145
BBB,2014B,417684,P3,F2,0.0,0.42737678
BBB,2014B,420663,P3,F2,0.0,0.4954083
BBB,2014B,421326,P3,F2,1.0,0.5005332
BBB,2014B,421992,P3,F2,1.0,0.48913532
BBB,2014B,423652,P3,F2,0.0,0.47382125
BBB,2014B,424014,P3,F2,0.0,0.49733672
BBB,2014B,424863,P3,F2,1.0,0.5252369
BBB,2014B,429099,P3,F2,0.0,0.44220698
BBB,2014B,429417,P3,F2,0.0,0.4616089
BBB,2014B,429777,P3,F2,1.0,0.5249548
BBB,2014B,430002,P3,F2,1.0,0.638613
BBB,2014B,432480,P3,F2,0.0,0.49383435
BBB,2014B,435057,P3,F2,1.0,0.6374504
BBB,2014B,435282,P3,F2,1.0,0.50751877
BBB,2014B,437171,P3,F2,0.0,0.4561148
BBB,2014B,437565,P3,F2,0.0,0.50539756
BBB,2014B,438775,P3,F2,1.0,0.5338093
BBB,2014B,439109,P3,F2,1.0,0.50521314
BBB,2014B,439710,P3,F2,0.0,0.39528087
BBB,2014B,442497,P3,F2,1.0,0.55183166
BBB,2014B,444221,P3,F2,1.0,0.5136319
BBB,2014B,444561,P3,F2,0.0,0.4173068
BBB,2014B,444858,P3,F2,1.0,0.47483975
BBB,2014B,444872,P3,F2,0.0,0.43478653
BBB,2014B,445136,P3,F2,1.0,0.4841746
BBB,2014B,445415,P3,F2,0.0,0.40368629
BBB,2014B,445494,P3,F2,0.0,0.44484922
BBB,2014B,446296,P3,F2,1.0,0.48732126
BBB,2014B,446650,P3,F2,0.0,0.50006247
BBB,2014B,446755,P3,F2,0.0,0.4624977
BBB,2014B,447184,P3,F2,0.0,0.5281943
BBB,2014B,447265,P3,F2,0.0,0.500927
BBB,2014B,447292,P3,F2,1.0,0.5200222
BBB,2014B,465369,P3,F2,0.0,0.54655707
BBB,2014B,466377,P3,F2,1.0,0.4335338
BBB,2014B,466856,P3,F2,0.0,0.51635677
BBB,2014B,467100,P3,F2,1.0,0.43862274
BBB,2014B,467303,P3,F2,0.0,0.47454834
BBB,2014B,467580,P3,F2,0.0,0.48571804
BBB,2014B,468349,P3,F2,1.0,0.4976544
BBB,2014B,468529,P3,F2,1.0,0.4833489
BBB,2014B,469177,P3,F2,0.0,0.4736475
BBB,2014B,469664,P3,F2,1.0,0.6414913
BBB,2014B,470113,P3,F2,0.0,0.48162
BBB,2014B,470331,P3,F2,1.0,0.45705977
BBB,2014B,470693,P3,F2,0.0,0.39164406
BBB,2014B,471157,P3,F2,1.0,0.6414913
BBB,2014B,471925,P3,F2,0.0,0.47179943
BBB,2014B,473095,P3,F2,1.0,0.48301858
BBB,2014B,473509,P3,F2,1.0,0.4728662
BBB,2014B,474607,P3,F2,1.0,0.54475033
BBB,2014B,475981,P3,F2,0.0,0.4906274
BBB,2014B,476037,P3,F2,1.0,0.63625956
BBB,2014B,477779,P3,F2,1.0,0.4843681
BBB,2014B,478242,P3,F2,0.0,0.49893755
BBB,2014B,478317,P3,F2,1.0,0.6260985
BBB,2014B,479738,P3,F2,0.0,0.47492522
BBB,2014B,480372,P3,F2,0.0,0.529131
BBB,2014B,481150,P3,F2,0.0,0.43050417
BBB,2014B,481947,P3,F2,1.0,0.52423924
BBB,2014B,483031,P3,F2,0.0,0.42795685
BBB,2014B,483411,P3,F2,1.0,0.6414913
BBB,2014B,483468,P3,F2,0.0,0.42837512
BBB,2014B,483485,P3,F2,0.0,0.5172107
BBB,2014B,483921,P3,F2,1.0,0.45238766
BBB,2014B,484821,P3,F2,1.0,0.6414913
BBB,2014B,484983,P3,F2,1.0,0.4460871
BBB,2014B,485180,P3,F2,0.0,0.46567318
BBB,2014B,485262,P3,F2,0.0,0.46893072
BBB,2014B,485675,P3,F2,1.0,0.6381512
BBB,2014B,485980,P3,F2,0.0,0.48771396
BBB,2014B,486994,P3,F2,0.0,0.39263377
BBB,2014B,487002,P3,F2,0.0,0.42675522
BBB,2014B,487543,P3,F2,0.0,0.50469583
BBB,2014B,489198,P3,F2,1.0,0.4781837
BBB,2014B,490391,P3,F2,0.0,0.47816384
BBB,2014B,492895,P3,F2,1.0,0.40299037
BBB,2014B,492928,P3,F2,1.0,0.5098854
BBB,2014B,493559,P3,F2,0.0,0.4811978
BBB,2014B,494896,P3,F2,0.0,0.517051
BBB,2014B,495324,P3,F2,1.0,0.5191544
BBB,2014B,495876,P3,F2,1.0,0.6414913
BBB,2014B,497872,P3,F2,1.0,0.5122912
BBB,2014B,500279,P3,F2,1.0,0.5251
BBB,2014B,500395,P3,F2,1.0,0.52162445
BBB,2014B,501095,P3,F2,0.0,0.43038613
BBB,2014B,504352,P3,F2,1.0,0.4874012
BBB,2014B,504967,P3,F2,1.0,0.4958051
BBB,2014B,505248,P3,F2,1.0,0.48793286
BBB,2014B,505899,P3,F2,0.0,0.5184848
BBB,2014B,506622,P3,F2,0.0,0.4860747
BBB,2014B,506650,P3,F2,0.0,0.6414913
BBB,2014B,507009,P3,F2,1.0,0.6345581
BBB,2014B,507983,P3,F2,1.0,0.47026932
BBB,2014B,508100,P3,F2,1.0,0.43283227
BBB,2014B,508400,P3,F2,1.0,0.53553677
BBB,2014B,508470,P3,F2,0.0,0.48740247
BBB,2014B,508940,P3,F2,0.0,0.51277125
BBB,2014B,509696,P3,F2,0.0,0.5136214
BBB,2014B,510141,P3,F2,1.0,0.6414913
BBB,2014B,511506,P3,F2,1.0,0.62547386
BBB,2014B,511901,P3,F2,0.0,0.47171417
BBB,2014B,512118,P3,F2,1.0,0.48460245
BBB,2014B,513077,P3,F2,1.0,0.5826867
BBB,2014B,514031,P3,F2,0.0,0.46497962
BBB,2014B,516601,P3,F2,1.0,0.5224191
BBB,2014B,517679,P3,F2,0.0,0.48229307
BBB,2014B,518711,P3,F2,1.0,0.5880864
BBB,2014B,519078,P3,F2,0.0,0.47040004
BBB,2014B,519084,P3,F2,1.0,0.55743736
BBB,2014B,519859,P3,F2,0.0,0.39754906
BBB,2014B,521671,P3,F2,1.0,0.6414913
BBB,2014B,521957,P3,F2,1.0,0.6414913
BBB,2014B,522087,P3,F2,0.0,0.47574598
BBB,2014B,523021,P3,F2,1.0,0.49435237
BBB,2014B,523247,P3,F2,0.0,0.43224606
BBB,2014B,524290,P3,F2,0.0,0.47923017
BBB,2014B,525027,P3,F2,1.0,0.4841013
BBB,2014B,525942,P3,F2,1.0,0.6414913
BBB,2014B,526285,P3,F2,0.0,0.48291922
BBB,2014B,529438,P3,F2,1.0,0.5183379
BBB,2014B,529439,P3,F2,1.0,0.6414913
BBB,2014B,529705,P3,F2,1.0,0.6414913
BBB,2014B,531755,P3,F2,0.0,0.5274695
BBB,2014B,532274,P3,F2,1.0,0.5163424
BBB,2014B,532617,P3,F2,0.0,0.47315824
BBB,2014B,533077,P3,F2,1.0,0.4267683
BBB,2014B,533210,P3,F2,0.0,0.42742407
BBB,2014B,533527,P3,F2,1.0,0.46278083
BBB,2014B,534143,P3,F2,1.0,0.50294185
BBB,2014B,534163,P3,F2,1.0,0.47724673
BBB,2014B,535077,P3,F2,0.0,0.43939316
BBB,2014B,535462,P3,F2,1.0,0.49383435
BBB,2014B,535506,P3,F2,0.0,0.4817176
BBB,2014B,535548,P3,F2,0.0,0.5021882
BBB,2014B,536286,P3,F2,0.0,0.45321405
BBB,2014B,536629,P3,F2,0.0,0.44869357
BBB,2014B,536805,P3,F2,0.0,0.4697623
BBB,2014B,537077,P3,F2,0.0,0.49011084
BBB,2014B,537171,P3,F2,0.0,0.43670607
BBB,2014B,537373,P3,F2,0.0,0.47461364
BBB,2014B,537605,P3,F2,1.0,0.49280098
BBB,2014B,537698,P3,F2,0.0,0.49220872
BBB,2014B,538196,P3,F2,1.0,0.638613
BBB,2014B,539675,P3,F2,1.0,0.49215883
BBB,2014B,539894,P3,F2,0.0,0.51373816
BBB,2014B,540558,P3,F2,0.0,0.4647631
BBB,2014B,541769,P3,F2,0.0,0.58151156
BBB,2014B,542466,P3,F2,0.0,0.50743574
BBB,2014B,542547,P3,F2,0.0,0.4915368
BBB,2014B,543963,P3,F2,1.0,0.500927
BBB,2014B,544050,P3,F2,1.0,0.6414913
BBB,2014B,544430,P3,F2,1.0,0.6414913
BBB,2014B,545146,P3,F2,0.0,0.48625824
BBB,2014B,545196,P3,F2,0.0,0.4540637
BBB,2014B,545223,P3,F2,1.0,0.6414913
BBB,2014B,545254,P3,F2,0.0,0.55403167
BBB,2014B,546202,P3,F2,0.0,0.5091406
BBB,2014B,546302,P3,F2,1.0,0.5507096
BBB,2014B,547018,P3,F2,1.0,0.48561248
BBB,2014B,547487,P3,F2,0.0,0.4605339
BBB,2014B,547556,P3,F2,1.0,0.4921645
BBB,2014B,548296,P3,F2,1.0,0.5188195
BBB,2014B,548445,P3,F2,1.0,0.4879138
BBB,2014B,548844,P3,F2,1.0,0.52428985
BBB,2014B,549078,P3,F2,1.0,0.61301774
BBB,2014B,549087,P3,F2,1.0,0.6414913
BBB,2014B,549190,P3,F2,0.0,0.49705428
BBB,2014B,549892,P3,F2,1.0,0.5282866
BBB,2014B,550269,P3,F2,0.0,0.5006708
BBB,2014B,551053,P3,F2,1.0,0.6414913
BBB,2014B,551252,P3,F2,0.0,0.40333328
BBB,2014B,551515,P3,F2,0.0,0.5146172
BBB,2014B,551718,P3,F2,1.0,0.5136963
BBB,2014B,551953,P3,F2,1.0,0.4734313
BBB,2014B,552025,P3,F2,1.0,0.6414913
BBB,2014B,552656,P3,F2,1.0,0.56384814
BBB,2014B,552896,P3,F2,1.0,0.4354865
BBB,2014B,553437,P3,F2,1.0,0.46232933
BBB,2014B,553733,P3,F2,1.0,0.46408597
BBB,2014B,553807,P3,F2,1.0,0.6414913
BBB,2014B,553808,P3,F2,0.0,0.43053097
BBB,2014B,554004,P3,F2,0.0,0.4794365
BBB,2014B,554969,P3,F2,0.0,0.45770428
BBB,2014B,555015,P3,F2,0.0,0.45220378
BBB,2014B,555720,P3,F2,1.0,0.5363188
BBB,2014B,555860,P3,F2,1.0,0.5252595
BBB,2014B,555994,P3,F2,1.0,0.6414913
BBB,2014B,556012,P3,F2,1.0,0.51803464
BBB,2014B,556853,P3,F2,0.0,0.54677767
BBB,2014B,556877,P3,F2,0.0,0.627036
BBB,2014B,557029,P3,F2,1.0,0.4800681
BBB,2014B,557351,P3,F2,1.0,0.50727403
BBB,2014B,558084,P3,F2,0.0,0.42605928
BBB,2014B,558595,P3,F2,0.0,0.45013374
BBB,2014B,558921,P3,F2,0.0,0.39741805
BBB,2014B,559065,P3,F2,1.0,0.6414913
BBB,2014B,559090,P3,F2,1.0,0.5997709
BBB,2014B,559336,P3,F2,0.0,0.4834478
BBB,2014B,559381,P3,F2,0.0,0.48134482
BBB,2014B,559467,P3,F2,0.0,0.48621517
BBB,2014B,559573,P3,F2,1.0,0.4601496
BBB,2014B,559831,P3,F2,0.0,0.48108864
BBB,2014B,559861,P3,F2,0.0,0.3941169
BBB,2014B,560117,P3,F2,1.0,0.6414913
BBB,2014B,560238,P3,F2,0.0,0.46130723
BBB,2014B,560335,P3,F2,1.0,0.6414913
BBB,2014B,560536,P3,F2,0.0,0.4848106
BBB,2014B,560920,P3,F2,1.0,0.63720703
BBB,2014B,561060,P3,F2,0.0,0.5191408
BBB,2014B,561061,P3,F2,0.0,0.4747028
BBB,2014B,561674,P3,F2,1.0,0.6414913
BBB,2014B,561953,P3,F2,0.0,0.4555453
BBB,2014B,561978,P3,F2,0.0,0.47945988
BBB,2014B,562642,P3,F2,1.0,0.6414913
BBB,2014B,562643,P3,F2,1.0,0.47491306
BBB,2014B,562783,P3,F2,1.0,0.4692867
BBB,2014B,562857,P3,F2,0.0,0.44069314
BBB,2014B,563413,P3,F2,0.0,0.486173
BBB,2014B,563487,P3,F2,0.0,0.44177827
BBB,2014B,563754,P3,F2,0.0,0.4900449
BBB,2014B,563822,P3,F2,1.0,0.6414913
BBB,2014B,563986,P3,F2,1.0,0.51641244
BBB,2014B,563987,P3,F2,0.0,0.4815782
BBB,2014B,564409,P3,F2,0.0,0.48139957
BBB,2014B,564906,P3,F2,0.0,0.46951592
BBB,2014B,565009,P3,F2,1.0,0.49536452
BBB,2014B,565344,P3,F2,1.0,0.49743852
BBB,2014B,565869,P3,F2,0.0,0.44949988
BBB,2014B,565988,P3,F2,1.0,0.49320045
BBB,2014B,566181,P3,F2,0.0,0.54537034
BBB,2014B,566669,P3,F2,0.0,0.45337847
BBB,2014B,567048,P3,F2,0.0,0.50859517
BBB,2014B,567059,P3,F2,0.0,0.50195163
BBB,2014B,567757,P3,F2,0.0,0.46026623
BBB,2014B,567889,P3,F2,0.0,0.4820736
BBB,2014B,567963,P3,F2,0.0,0.43775463
BBB,2014B,568042,P3,F2,1.0,0.5874119
BBB,2014B,568370,P3,F2,0.0,0.638613
BBB,2014B,568559,P3,F2,0.0,0.49449867
BBB,2014B,568968,P3,F2,0.0,0.59184045
BBB,2014B,569074,P3,F2,1.0,0.50459224
BBB,2014B,569225,P3,F2,0.0,0.46207878
BBB,2014B,569663,P3,F2,0.0,0.42629525
BBB,2014B,569664,P3,F2,0.0,0.48733258
BBB,2014B,569761,P3,F2,0.0,0.44574288
BBB,2014B,569864,P3,F2,0.0,0.53071016
BBB,2014B,569970,P3,F2,0.0,0.4911991
BBB,2014B,570031,P3,F2,0.0,0.43603805
BBB,2014B,570177,P3,F2,1.0,0.6414913
BBB,2014B,570186,P3,F2,1.0,0.51945996
BBB,2014B,570239,P3,F2,1.0,0.48404694
BBB,2014B,570437,P3,F2,0.0,0.39690432
BBB,2014B,570627,P3,F2,0.0,0.44004464
BBB,2014B,571223,P3,F2,0.0,0.4967844
BBB,2014B,571540,P3,F2,0.0,0.49066076
BBB,2014B,571614,P3,F2,0.0,0.4782489
BBB,2014B,571880,P3,F2,0.0,0.49100843
BBB,2014B,571897,P3,F2,0.0,0.4839877
BBB,2014B,571954,P3,F2,0.0,0.4608949
BBB,2014B,572187,P3,F2,1.0,0.39542204
BBB,2014B,572290,P3,F2,0.0,0.457688
BBB,2014B,573108,P3,F2,1.0,0.4313148
BBB,2014B,573323,P3,F2,0.0,0.5011133
BBB,2014B,573488,P3,F2,0.0,0.58972335
BBB,2014B,573496,P3,F2,0.0,0.4899254
BBB,2014B,573806,P3,F2,0.0,0.47808507
BBB,2014B,573824,P3,F2,1.0,0.4953979
BBB,2014B,573851,P3,F2,0.0,0.50094116
BBB,2014B,573853,P3,F2,0.0,0.5141616
BBB,2014B,574057,P3,F2,1.0,0.6414913
BBB,2014B,574569,P3,F2,0.0,0.4961785
BBB,2014B,574935,P3,F2,1.0,0.44979343
BBB,2014B,574944,P3,F2,1.0,0.48557717
BBB,2014B,575251,P3,F2,1.0,0.54214305
BBB,2014B,575602,P3,F2,0.0,0.5158159
BBB,2014B,575680,P3,F2,0.0,0.480158
BBB,2014B,575990,P3,F2,1.0,0.5491868
BBB,2014B,576375,P3,F2,0.0,0.4705781
BBB,2014B,576738,P3,F2,0.0,0.4067746
BBB,2014B,577170,P3,F2,1.0,0.6363064
BBB,2014B,577304,P3,F2,1.0,0.6376878
BBB,2014B,577527,P3,F2,0.0,0.5230323
BBB,2014B,577676,P3,F2,0.0,0.4806225
BBB,2014B,577905,P3,F2,1.0,0.5479912
BBB,2014B,578003,P3,F2,1.0,0.5561001
BBB,2014B,578282,P3,F2,1.0,0.50363433
BBB,2014B,578574,P3,F2,0.0,0.5002639
BBB,2014B,579255,P3,F2,1.0,0.627036
BBB,2014B,579537,P3,F2,0.0,0.467009
BBB,2014B,579720,P3,F2,1.0,0.48928463
BBB,2014B,580688,P3,F2,0.0,0.638613
BBB,2014B,581222,P3,F2,0.0,0.5273703
BBB,2014B,581353,P3,F2,0.0,0.4598021
BBB,2014B,581459,P3,F2,1.0,0.49181563
BBB,2014B,582742,P3,F2,1.0,0.43414164
BBB,2014B,583102,P3,F2,1.0,0.4800335
BBB,2014B,583950,P3,F2,1.0,0.5878362
BBB,2014B,584632,P3,F2,1.0,0.6414913
BBB,2014B,584762,P3,F2,1.0,0.6414913
BBB,2014B,585048,P3,F2,0.0,0.48255453
BBB,2014B,585150,P3,F2,0.0,0.47539526
BBB,2014B,585547,P3,F2,0.0,0.43707457
BBB,2014B,585727,P3,F2,1.0,0.47628042
BBB,2014B,586086,P3,F2,0.0,0.4949805
BBB,2014B,586111,P3,F2,1.0,0.6414913
BBB,2014B,586712,P3,F2,0.0,0.3925146
BBB,2014B,586995,P3,F2,0.0,0.4608724
BBB,2014B,587181,P3,F2,0.0,0.49066746
BBB,2014B,587524,P3,F2,0.0,0.43864286
BBB,2014B,587538,P3,F2,0.0,0.47653782
BBB,2014B,587780,P3,F2,0.0,0.46726882
BBB,2014B,588039,P3,F2,0.0,0.49025315
BBB,2014B,588302,P3,F2,0.0,0.39926195
BBB,2014B,588459,P3,F2,1.0,0.52803564
BBB,2014B,588484,P3,F2,0.0,0.4804688
BBB,2014B,588495,P3,F2,1.0,0.6414913
BBB,2014B,588592,P3,F2,1.0,0.49575588
BBB,2014B,588685,P3,F2,1.0,0.6363064
BBB,2014B,589333,P3,F2,0.0,0.47522074
BBB,2014B,589444,P3,F2,0.0,0.45368278
BBB,2014B,589862,P3,F2,0.0,0.48182052
BBB,2014B,589997,P3,F2,0.0,0.45232219
BBB,2014B,590408,P3,F2,1.0,0.45643526
BBB,2014B,590520,P3,F2,1.0,0.6414913
BBB,2014B,590812,P3,F2,1.0,0.5407528
BBB,2014B,590870,P3,F2,1.0,0.63720703
BBB,2014B,591094,P3,F2,1.0,0.47330853
BBB,2014B,591547,P3,F2,1.0,0.45487124
BBB,2014B,591725,P3,F2,1.0,0.5193348
BBB,2014B,591743,P3,F2,1.0,0.48798877
BBB,2014B,592193,P3,F2,0.0,0.45056826
BBB,2014B,592602,P3,F2,1.0,0.48653305
BBB,2014B,592725,P3,F2,0.0,0.47266603
BBB,2014B,593345,P3,F2,1.0,0.47429135
BBB,2014B,594061,P3,F2,0.0,0.47172615
BBB,2014B,594417,P3,F2,0.0,0.47973952
BBB,2014B,594774,P3,F2,1.0,0.6414913
BBB,2014B,595047,P3,F2,0.0,0.47650957
BBB,2014B,596171,P3,F2,0.0,0.45512152
BBB,2014B,596533,P3,F2,0.0,0.42798015
BBB,2014B,597316,P3,F2,0.0,0.44515368
BBB,2014B,597321,P3,F2,1.0,0.6414913
BBB,2014B,597610,P3,F2,1.0,0.6376878
BBB,2014B,597730,P3,F2,1.0,0.54864943
BBB,2014B,597882,P3,F2,0.0,0.45965096
BBB,2014B,598250,P3,F2,1.0,0.4701642
BBB,2014B,598313,P3,F2,1.0,0.54323274
BBB,2014B,598415,P3,F2,1.0,0.48030493
BBB,2014B,598451,P3,F2,1.0,0.4967988
BBB,2014B,598495,P3,F2,1.0,0.45456648
BBB,2014B,598614,P3,F2,0.0,0.4872152
BBB,2014B,598624,P3,F2,0.0,0.48139885
BBB,2014B,598694,P3,F2,0.0,0.44689238
BBB,2014B,598918,P3,F2,0.0,0.41086683
BBB,2014B,599132,P3,F2,0.0,0.4584921
BBB,2014B,599161,P3,F2,1.0,0.48408654
BBB,2014B,599202,P3,F2,0.0,0.3976142
BBB,2014B,599207,P3,F2,0.0,0.4420936
BBB,2014B,599495,P3,F2,0.0,0.4709239
BBB,2014B,599769,P3,F2,1.0,0.4654782
BBB,2014B,599990,P3,F2,0.0,0.49355066
BBB,2014B,600407,P3,F2,1.0,0.47414255
BBB,2014B,601010,P3,F2,0.0,0.4102613
BBB,2014B,601238,P3,F2,0.0,0.48666564
BBB,2014B,601356,P3,F2,0.0,0.506464
BBB,2014B,601616,P3,F2,0.0,0.48772883
BBB,2014B,601862,P3,F2,0.0,0.48546186
BBB,2014B,602011,P3,F2,1.0,0.5746409
BBB,2014B,602815,P3,F2,1.0,0.4982
BBB,2014B,602898,P3,F2,1.0,0.5495612
BBB,2014B,602929,P3,F2,1.0,0.5222345
BBB,2014B,602991,P3,F2,0.0,0.40009955
BBB,2014B,603061,P3,F2,1.0,0.4870148
BBB,2014B,603112,P3,F2,0.0,0.480139
BBB,2014B,603543,P3,F2,1.0,0.638613
BBB,2014B,603739,P3,F2,1.0,0.54506075
BBB,2014B,603762,P3,F2,0.0,0.439956
BBB,2014B,604106,P3,F2,0.0,0.5126382
BBB,2014B,604267,P3,F2,1.0,0.4943387
BBB,2014B,604962,P3,F2,0.0,0.45969167
BBB,2014B,605474,P3,F2,1.0,0.6414913
BBB,2014B,605597,P3,F2,1.0,0.5329217
BBB,2014B,605672,P3,F2,0.0,0.43470526
BBB,2014B,605693,P3,F2,0.0,0.46113783
BBB,2014B,605956,P3,F2,1.0,0.6414913
BBB,2014B,605996,P3,F2,0.0,0.4986332
BBB,2014B,606069,P3,F2,0.0,0.5152798
BBB,2014B,606075,P3,F2,1.0,0.6414913
BBB,2014B,606313,P3,F2,0.0,0.42532447
BBB,2014B,606501,P3,F2,1.0,0.58172935
BBB,2014B,606529,P3,F2,1.0,0.448942
BBB,2014B,606634,P3,F2,0.0,0.47362092
BBB,2014B,606690,P3,F2,0.0,0.40262762
BBB,2014B,607108,P3,F2,1.0,0.4810062
BBB,2014B,607220,P3,F2,0.0,0.4525007
BBB,2014B,607380,P3,F2,1.0,0.6414913
BBB,2014B,607436,P3,F2,1.0,0.6414913
BBB,2014B,607529,P3,F2,0.0,0.41876474
BBB,2014B,607678,P3,F2,0.0,0.5195445
BBB,2014B,607848,P3,F2,1.0,0.6414913
BBB,2014B,607953,P3,F2,1.0,0.5030276
BBB,2014B,608104,P3,F2,0.0,0.459412
BBB,2014B,608110,P3,F2,0.0,0.45825395
BBB,2014B,608164,P3,F2,0.0,0.41625136
BBB,2014B,608407,P3,F2,0.0,0.4318611
BBB,2014B,608961,P3,F2,1.0,0.6322405
BBB,2014B,609422,P3,F2,1.0,0.6414913
BBB,2014B,609426,P3,F2,0.0,0.4921037
BBB,2014B,609596,P3,F2,0.0,0.44688582
BBB,2014B,610239,P3,F2,1.0,0.6414913
BBB,2014B,610340,P3,F2,1.0,0.52404726
BBB,2014B,610416,P3,F2,0.0,0.5497207
BBB,2014B,610759,P3,F2,0.0,0.5169977
BBB,2014B,610802,P3,F2,1.0,0.6414913
BBB,2014B,611233,P3,F2,1.0,0.46385103
BBB,2014B,611348,P3,F2,0.0,0.4603992
BBB,2014B,611475,P3,F2,0.0,0.4780019
BBB,2014B,611586,P3,F2,1.0,0.5064712
BBB,2014B,611719,P3,F2,1.0,0.6414913
BBB,2014B,611974,P3,F2,1.0,0.4654661
BBB,2014B,612082,P3,F2,0.0,0.4595113
BBB,2014B,612113,P3,F2,1.0,0.6414913
BBB,2014B,612120,P3,F2,1.0,0.50145614
BBB,2014B,612212,P3,F2,1.0,0.5161838
BBB,2014B,612370,P3,F2,1.0,0.4589053
BBB,2014B,612396,P3,F2,1.0,0.6414913
BBB,2014B,612600,P3,F2,1.0,0.4827078
BBB,2014B,612721,P3,F2,0.0,0.40659884
BBB,2014B,612756,P3,F2,0.0,0.42702338
BBB,2014B,612841,P3,F2,0.0,0.4889098
BBB,2014B,612862,P3,F2,0.0,0.4103793
BBB,2014B,612919,P3,F2,0.0,0.40933856
BBB,2014B,613038,P3,F2,0.0,0.50204676
BBB,2014B,613047,P3,F2,1.0,0.5264154
BBB,2014B,613093,P3,F2,0.0,0.49814025
BBB,2014B,613161,P3,F2,1.0,0.5924299
BBB,2014B,613162,P3,F2,0.0,0.6414913
BBB,2014B,613170,P3,F2,0.0,0.4486708
BBB,2014B,613199,P3,F2,0.0,0.6414913
BBB,2014B,613205,P3,F2,1.0,0.4762077
BBB,2014B,613299,P3,F2,1.0,0.47388682
BBB,2014B,613355,P3,F2,0.0,0.46097508
BBB,2014B,613426,P3,F2,0.0,0.50883365
BBB,2014B,613586,P3,F2,1.0,0.6414913
BBB,2014B,613703,P3,F2,1.0,0.44514376
BBB,2014B,613718,P3,F2,0.0,0.52197105
BBB,2014B,613722,P3,F2,0.0,0.5076236
BBB,2014B,613743,P3,F2,0.0,0.4860365
BBB,2014B,613791,P3,F2,1.0,0.4888285
BBB,2014B,613832,P3,F2,1.0,0.5475015
BBB,2014B,613842,P3,F2,1.0,0.5054391
BBB,2014B,613856,P3,F2,0.0,0.45933604
BBB,2014B,613864,P3,F2,1.0,0.6414913
BBB,2014B,613874,P3,F2,0.0,0.4824224
BBB,2014B,613881,P3,F2,0.0,0.42773828
BBB,2014B,613932,P3,F2,1.0,0.5448855
BBB,2014B,613946,P3,F2,0.0,0.4604093
BBB,2014B,614039,P3,F2,0.0,0.4633348
BBB,2014B,614117,P3,F2,0.0,0.4815191
BBB,2014B,614130,P3,F2,0.0,0.46783003
BBB,2014B,614212,P3,F2,0.0,0.4774626
BBB,2014B,614357,P3,F2,0.0,0.49234098
BBB,2014B,614403,P3,F2,1.0,0.638613
BBB,2014B,614583,P3,F2,0.0,0.42740265
BBB,2014B,614601,P3,F2,0.0,0.4922163
BBB,2014B,614629,P3,F2,0.0,0.41756713
BBB,2014B,614668,P3,F2,0.0,0.4614001
BBB,2014B,614693,P3,F2,0.0,0.4301501
BBB,2014B,614728,P3,F2,0.0,0.45012012
BBB,2014B,614732,P3,F2,0.0,0.49469072
BBB,2014B,614734,P3,F2,1.0,0.4752718
BBB,2014B,614738,P3,F2,0.0,0.41631585
BBB,2014B,614741,P3,F2,0.0,0.40026456
BBB,2014B,614742,P3,F2,0.0,0.4577693
BBB,2014B,614744,P3,F2,0.0,0.45111802
BBB,2014B,614745,P3,F2,0.0,0.49307477
BBB,2014B,614813,P3,F2,1.0,0.52925164
BBB,2014B,614871,P3,F2,0.0,0.43929294
BBB,2014B,614909,P3,F2,0.0,0.42045024
BBB,2014B,615025,P3,F2,0.0,0.44971898
BBB,2014B,615028,P3,F2,0.0,0.49810517
BBB,2014B,615090,P3,F2,0.0,0.5473917
BBB,2014B,615173,P3,F2,1.0,0.5173621
BBB,2014B,615218,P3,F2,1.0,0.544501
BBB,2014B,615259,P3,F2,0.0,0.44678375
BBB,2014B,615319,P3,F2,1.0,0.49054295
BBB,2014B,615443,P3,F2,0.0,0.46550208
BBB,2014B,616354,P3,F2,1.0,0.56252795
BBB,2014B,616377,P3,F2,1.0,0.45262432
BBB,2014B,616464,P3,F2,1.0,0.45692372
BBB,2014B,616511,P3,F2,0.0,0.46562392
BBB,2014B,616526,P3,F2,1.0,0.45911336
BBB,2014B,616536,P3,F2,0.0,0.48217916
BBB,2014B,616670,P3,F2,0.0,0.46942917
BBB,2014B,616739,P3,F2,1.0,0.48294023
BBB,2014B,616914,P3,F2,0.0,0.44446132
BBB,2014B,616919,P3,F2,0.0,0.47116286
BBB,2014B,617012,P3,F2,0.0,0.3968157
BBB,2014B,617126,P3,F2,1.0,0.5500292
BBB,2014B,617134,P3,F2,1.0,0.4544458
BBB,2014B,617146,P3,F2,1.0,0.48107055
BBB,2014B,617147,P3,F2,1.0,0.48874676
BBB,2014B,617190,P3,F2,0.0,0.5338035
BBB,2014B,617225,P3,F2,0.0,0.42067865
BBB,2014B,617287,P3,F2,1.0,0.4889098
BBB,2014B,617296,P3,F2,1.0,0.6345581
BBB,2014B,617297,P3,F2,1.0,0.53930753
BBB,2014B,617556,P3,F2,1.0,0.49353752
BBB,2014B,617560,P3,F2,0.0,0.48403594
BBB,2014B,617576,P3,F2,0.0,0.46763137
BBB,2014B,617714,P3,F2,1.0,0.5320008
BBB,2014B,617717,P3,F2,1.0,0.55842286
BBB,2014B,617764,P3,F2,0.0,0.5286685
BBB,2014B,617792,P3,F2,0.0,0.47668895
BBB,2014B,617813,P3,F2,0.0,0.48144847
BBB,2014B,617843,P3,F2,1.0,0.5200916
BBB,2014B,617959,P3,F2,1.0,0.6308241
BBB,2014B,618137,P3,F2,1.0,0.45852196
BBB,2014B,618145,P3,F2,0.0,0.44106057
BBB,2014B,618151,P3,F2,0.0,0.48873544
BBB,2014B,618197,P3,F2,1.0,0.4710695
BBB,2014B,618205,P3,F2,0.0,0.47654992
BBB,2014B,618258,P3,F2,0.0,0.41346517
BBB,2014B,618265,P3,F2,1.0,0.4908788
BBB,2014B,618399,P3,F2,0.0,0.48211268
BBB,2014B,618534,P3,F2,1.0,0.6414913
BBB,2014B,618539,P3,F2,1.0,0.6374504
BBB,2014B,618631,P3,F2,1.0,0.49274233
BBB,2014B,618632,P3,F2,1.0,0.42797536
BBB,2014B,618670,P3,F2,0.0,0.49455684
BBB,2014B,618673,P3,F2,1.0,0.48983496
BBB,2014B,618816,P3,F2,1.0,0.6414913
BBB,2014B,618869,P3,F2,1.0,0.49383435
BBB,2014B,618882,P3,F2,0.0,0.45224443
BBB,2014B,618951,P3,F2,0.0,0.4835859
BBB,2014B,618965,P3,F2,1.0,0.50256693
BBB,2014B,618981,P3,F2,0.0,0.5057696
BBB,2014B,619054,P3,F2,1.0,0.5390308
BBB,2014B,619161,P3,F2,1.0,0.4490235
BBB,2014B,619196,P3,F2,0.0,0.46168673
BBB,2014B,619207,P3,F2,1.0,0.47730234
BBB,2014B,619288,P3,F2,0.0,0.53297615
BBB,2014B,619311,P3,F2,1.0,0.473009
BBB,2014B,619330,P3,F2,1.0,0.45799989
BBB,2014B,619471,P3,F2,0.0,0.5050176
BBB,2014B,619508,P3,F2,1.0,0.53246444
BBB,2014B,619980,P3,F2,1.0,0.6363064
BBB,2014B,620018,P3,F2,1.0,0.42647249
BBB,2014B,620072,P3,F2,1.0,0.46111313
BBB,2014B,620073,P3,F2,0.0,0.46005613
BBB,2014B,620092,P3,F2,0.0,0.3998374
BBB,2014B,620126,P3,F2,1.0,0.4923864
BBB,2014B,620128,P3,F2,0.0,0.39959726
BBB,2014B,620129,P3,F2,0.0,0.4829885
BBB,2014B,620220,P3,F2,1.0,0.57740384
BBB,2014B,620257,P3,F2,0.0,0.46363026
BBB,2014B,620283,P3,F2,1.0,0.5803889
BBB,2014B,620304,P3,F2,1.0,0.53707916
BBB,2014B,620354,P3,F2,0.0,0.45391104
BBB,2014B,620408,P3,F2,0.0,0.42790654
BBB,2014B,620409,P3,F2,0.0,0.5480897
BBB,2014B,620427,P3,F2,0.0,0.39019552
BBB,2014B,620507,P3,F2,1.0,0.5874415
BBB,2014B,620573,P3,F2,0.0,0.4718392
BBB,2014B,620694,P3,F2,0.0,0.4935588
BBB,2014B,620889,P3,F2,0.0,0.42130965
BBB,2014B,620922,P3,F2,0.0,0.40478456
BBB,2014B,620923,P3,F2,0.0,0.45486838
BBB,2014B,620950,P3,F2,1.0,0.6414913
BBB,2014B,620980,P3,F2,0.0,0.47288004
BBB,2014B,621301,P3,F2,0.0,0.47815752
BBB,2014B,621303,P3,F2,1.0,0.5637778
BBB,2014B,621322,P3,F2,0.0,0.50706434
BBB,2014B,621323,P3,F2,1.0,0.4711434
BBB,2014B,621369,P3,F2,1.0,0.4229924
BBB,2014B,621394,P3,F2,0.0,0.49564597
BBB,2014B,621508,P3,F2,1.0,0.54475313
BBB,2014B,621703,P3,F2,1.0,0.6414913
BBB,2014B,621862,P3,F2,0.0,0.48567182
BBB,2014B,621894,P3,F2,0.0,0.538387
BBB,2014B,621905,P3,F2,0.0,0.42888135
BBB,2014B,621937,P3,F2,1.0,0.5022099
BBB,2014B,622132,P3,F2,0.0,0.4113125
BBB,2014B,622208,P3,F2,0.0,0.47609255
BBB,2014B,622217,P3,F2,1.0,0.50611097
BBB,2014B,622223,P3,F2,1.0,0.6363064
BBB,2014B,622330,P3,F2,1.0,0.49784377
BBB,2014B,622345,P3,F2,0.0,0.43761405
BBB,2014B,622466,P3,F2,0.0,0.4887752
BBB,2014B,622505,P3,F2,0.0,0.42773148
BBB,2014B,622538,P3,F2,1.0,0.6345581
BBB,2014B,622604,P3,F2,0.0,0.47243986
BBB,2014B,622715,P3,F2,1.0,0.5356961
BBB,2014B,622720,P3,F2,1.0,0.5038434
BBB,2014B,622766,P3,F2,1.0,0.58412856
BBB,2014B,622838,P3,F2,1.0,0.51447034
BBB,2014B,622867,P3,F2,1.0,0.45885304
BBB,2014B,622927,P3,F2,1.0,0.4700018
BBB,2014B,622974,P3,F2,0.0,0.49659565
BBB,2014B,622982,P3,F2,0.0,0.4055705
BBB,2014B,623001,P3,F2,1.0,0.4859741
BBB,2014B,623055,P3,F2,0.0,0.40421742
BBB,2014B,623069,P3,F2,1.0,0.5020504
BBB,2014B,623168,P3,F2,0.0,0.41889513
BBB,2014B,623169,P3,F2,0.0,0.4900161
BBB,2014B,623177,P3,F2,1.0,0.5306453
BBB,2014B,623240,P3,F2,0.0,0.4667714
BBB,2014B,623295,P3,F2,1.0,0.54408634
BBB,2014B,623321,P3,F2,1.0,0.4395805
BBB,2014B,623333,P3,F2,0.0,0.47424066
BBB,2014B,623406,P3,F2,0.0,0.53530425
BBB,2014B,623603,P3,F2,1.0,0.5268122
BBB,2014B,623622,P3,F2,0.0,0.47767574
BBB,2014B,623654,P3,F2,0.0,0.4222825
BBB,2014B,623660,P3,F2,0.0,0.41044378
BBB,2014B,623821,P3,F2,1.0,0.51848936
BBB,2014B,623845,P3,F2,0.0,0.62022126
BBB,2014B,623857,P3,F2,1.0,0.48805448
BBB,2014B,623882,P3,F2,0.0,0.6400902
BBB,2014B,623911,P3,F2,1.0,0.52167624
BBB,2014B,623935,P3,F2,0.0,0.5239393
BBB,2014B,624011,P3,F2,0.0,0.41126892
BBB,2014B,624046,P3,F2,0.0,0.47496244
BBB,2014B,624069,P3,F2,0.0,0.47541308
BBB,2014B,624196,P3,F2,0.0,0.4199053
BBB,2014B,624306,P3,F2,0.0,0.5025603
BBB,2014B,624350,P3,F2,1.0,0.53556573
BBB,2014B,624406,P3,F2,0.0,0.41258293
BBB,2014B,624415,P3,F2,0.0,0.49146765
BBB,2014B,624514,P3,F2,1.0,0.5211139
BBB,2014B,624567,P3,F2,1.0,0.49670273
BBB,2014B,624592,P3,F2,0.0,0.48344576
BBB,2014B,624598,P3,F2,1.0,0.50261045
BBB,2014B,624604,P3,F2,1.0,0.4820198
BBB,2014B,624653,P3,F2,0.0,0.48419702
BBB,2014B,624661,P3,F2,0.0,0.51897645
BBB,2014B,624673,P3,F2,1.0,0.5620504
BBB,2014B,624674,P3,F2,1.0,0.6414913
BBB,2014B,624677,P3,F2,1.0,0.60270375
BBB,2014B,624704,P3,F2,1.0,0.49460116
BBB,2014B,624722,P3,F2,1.0,0.6414913
BBB,2014B,624734,P3,F2,1.0,0.47248328
BBB,2014B,624738,P3,F2,0.0,0.4602122
BBB,2014B,624799,P3,F2,1.0,0.5242482
BBB,2014B,624847,P3,F2,0.0,0.4745813
BBB,2014B,624879,P3,F2,1.0,0.4887752
BBB,2014B,624972,P3,F2,0.0,0.53729874
BBB,2014B,624997,P3,F2,0.0,0.481842
BBB,2014B,625021,P3,F2,0.0,0.5131108
BBB,2014B,625024,P3,F2,0.0,0.45515478
BBB,2014B,625027,P3,F2,1.0,0.6414913
BBB,2014B,625071,P3,F2,0.0,0.47351083
BBB,2014B,625087,P3,F2,1.0,0.4339185
BBB,2014B,625094,P3,F2,0.0,0.4758456
BBB,2014B,625124,P3,F2,1.0,0.4232322
BBB,2014B,625167,P3,F2,0.0,0.58028394
BBB,2014B,625180,P3,F2,1.0,0.4870677
BBB,2014B,625185,P3,F2,0.0,0.4251652
BBB,2014B,625214,P3,F2,1.0,0.47798958
BBB,2014B,625249,P3,F2,0.0,0.4613947
BBB,2014B,625251,P3,F2,0.0,0.4385178
BBB,2014B,625295,P3,F2,1.0,0.5067701
BBB,2014B,625301,P3,F2,1.0,0.6363064
BBB,2014B,625383,P3,F2,0.0,0.49933088
BBB,2014B,625390,P3,F2,0.0,0.43181902
BBB,2014B,625444,P3,F2,0.0,0.44913176
BBB,2014B,625477,P3,F2,0.0,0.46249568
BBB,2014B,625478,P3,F2,1.0,0.6414913
BBB,2014B,625514,P3,F2,0.0,0.53236085
BBB,2014B,625578,P3,F2,1.0,0.47071183
BBB,2014B,625713,P3,F2,1.0,0.500927
BBB,2014B,625724,P3,F2,0.0,0.42660898
BBB,2014B,625768,P3,F2,1.0,0.4863738
BBB,2014B,625816,P3,F2,0.0,0.48685348
BBB,2014B,625833,P3,F2,0.0,0.44227314
BBB,2014B,625853,P3,F2,1.0,0.5151712
BBB,2014B,625857,P3,F2,1.0,0.5027494
BBB,2014B,625879,P3,F2,1.0,0.52435464
BBB,2014B,625919,P3,F2,0.0,0.5003926
BBB,2014B,626046,P3,F2,0.0,0.47267827
BBB,2014B,626123,P3,F2,0.0,0.45079947
BBB,2014B,626126,P3,F2,0.0,0.4338463
BBB,2014B,626138,P3,F2,0.0,0.44152275
BBB,2014B,626164,P3,F2,0.0,0.47360215
BBB,2014B,626245,P3,F2,0.0,0.48585328
BBB,2014B,626254,P3,F2,0.0,0.4931006
BBB,2014B,626297,P3,F2,1.0,0.5234389
BBB,2014B,626352,P3,F2,0.0,0.5086104
BBB,2014B,626365,P3,F2,0.0,0.51056194
BBB,2014B,626386,P3,F2,1.0,0.44342783
BBB,2014B,626428,P3,F2,1.0,0.55657035
BBB,2014B,626442,P3,F2,1.0,0.5449346
BBB,2014B,626491,P3,F2,0.0,0.43653008
BBB,2014B,626555,P3,F2,0.0,0.47797474
BBB,2014B,626604,P3,F2,0.0,0.5045741
BBB,2014B,626642,P3,F2,0.0,0.46716353
BBB,2014B,626750,P3,F2,1.0,0.48646972
BBB,2014B,626841,P3,F2,0.0,0.4471579
BBB,2014B,626843,P3,F2,0.0,0.48262343
BBB,2014B,626897,P3,F2,1.0,0.6414913
BBB,2014B,626917,P3,F2,1.0,0.5306643
BBB,2014B,626928,P3,F2,0.0,0.49170354
BBB,2014B,626951,P3,F2,0.0,0.46746433
BBB,2014B,626966,P3,F2,0.0,0.49366853
BBB,2014B,627000,P3,F2,1.0,0.48817348
BBB,2014B,627027,P3,F2,0.0,0.4610468
BBB,2014B,627094,P3,F2,1.0,0.6414913
BBB,2014B,627115,P3,F2,0.0,0.4134835
BBB,2014B,627118,P3,F2,0.0,0.40539554
BBB,2014B,627179,P3,F2,1.0,0.48381764
BBB,2014B,627185,P3,F2,0.0,0.47114307
BBB,2014B,627190,P3,F2,0.0,0.41521907
BBB,2014B,627244,P3,F2,0.0,0.42669258
BBB,2014B,627270,P3,F2,0.0,0.40172616
BBB,2014B,627285,P3,F2,0.0,0.47519997
BBB,2014B,627316,P3,F2,1.0,0.6414913
BBB,2014B,627321,P3,F2,1.0,0.58828485
BBB,2014B,627380,P3,F2,0.0,0.42325473
BBB,2014B,627388,P3,F2,0.0,0.4749682
BBB,2014B,627403,P3,F2,1.0,0.46407396
BBB,2014B,627427,P3,F2,1.0,0.5949298
BBB,2014B,627509,P3,F2,0.0,0.5191728
BBB,2014B,627528,P3,F2,1.0,0.6414913
BBB,2014B,627549,P3,F2,0.0,0.4304286
BBB,2014B,627550,P3,F2,0.0,0.55127627
BBB,2014B,627613,P3,F2,1.0,0.48152983
BBB,2014B,627647,P3,F2,0.0,0.43396932
BBB,2014B,627659,P3,F2,0.0,0.535403
BBB,2014B,627680,P3,F2,1.0,0.5839724
BBB,2014B,627685,P3,F2,0.0,0.4898193
BBB,2014B,627777,P3,F2,0.0,0.5819912
BBB,2014B,627948,P3,F2,1.0,0.45262486
BBB,2014B,628006,P3,F2,0.0,0.46886358
BBB,2014B,628119,P3,F2,1.0,0.43510705
BBB,2014B,628176,P3,F2,0.0,0.5657745
BBB,2014B,628178,P3,F2,0.0,0.4089799
BBB,2014B,628180,P3,F2,0.0,0.45228451
BBB,2014B,628181,P3,F2,0.0,0.43020338
BBB,2014B,628183,P3,F2,1.0,0.4532118
BBB,2014B,628190,P3,F2,0.0,0.47646713
BBB,2014B,628287,P3,F2,1.0,0.52764225
BBB,2014B,628301,P3,F2,0.0,0.42899853
BBB,2014B,628328,P3,F2,0.0,0.4868668
BBB,2014B,628329,P3,F2,1.0,0.5478665
BBB,2014B,628379,P3,F2,1.0,0.44530994
BBB,2014B,628389,P3,F2,0.0,0.48664764
BBB,2014B,628402,P3,F2,1.0,0.638613
BBB,2014B,628411,P3,F2,1.0,0.4635966
BBB,2014B,628423,P3,F2,0.0,0.5043983
BBB,2014B,628442,P3,F2,1.0,0.5522865
BBB,2014B,628511,P3,F2,1.0,0.5812013
BBB,2014B,628516,P3,F2,0.0,0.47143704
BBB,2014B,628525,P3,F2,1.0,0.5414558
BBB,2014B,628580,P3,F2,0.0,0.44537085
BBB,2014B,628586,P3,F2,1.0,0.53852725
BBB,2014B,628616,P3,F2,0.0,0.47037217
BBB,2014B,628635,P3,F2,0.0,0.47831216
BBB,2014B,628655,P3,F2,1.0,0.5185246
BBB,2014B,628751,P3,F2,0.0,0.49967346
BBB,2014B,628827,P3,F2,1.0,0.4795953
BBB,2014B,628903,P3,F2,1.0,0.52215123
BBB,2014B,628941,P3,F2,0.0,0.48556858
BBB,2014B,628954,P3,F2,0.0,0.5010103
BBB,2014B,628970,P3,F2,1.0,0.5854682
BBB,2014B,628982,P3,F2,1.0,0.47085834
BBB,2014B,629026,P3,F2,0.0,0.44913474
BBB,2014B,629037,P3,F2,0.0,0.46488562
BBB,2014B,629040,P3,F2,1.0,0.4439646
BBB,2014B,629044,P3,F2,1.0,0.45549396
BBB,2014B,629060,P3,F2,0.0,0.5433775
BBB,2014B,629088,P3,F2,1.0,0.46819475
BBB,2014B,629094,P3,F2,1.0,0.48848036
BBB,2014B,629103,P3,F2,1.0,0.45124885
BBB,2014B,629159,P3,F2,1.0,0.5169038
BBB,2014B,629240,P3,F2,0.0,0.5861074
BBB,2014B,629274,P3,F2,0.0,0.49111387
BBB,2014B,629424,P3,F2,1.0,0.4465965
BBB,2014B,629461,P3,F2,1.0,0.5766772
BBB,2014B,629490,P3,F2,1.0,0.455742
BBB,2014B,629504,P3,F2,0.0,0.43770647
BBB,2014B,629505,P3,F2,1.0,0.6363064
BBB,2014B,629507,P3,F2,0.0,0.5223896
BBB,2014B,629554,P3,F2,1.0,0.4950357
BBB,2014B,629619,P3,F2,0.0,0.4326445
BBB,2014B,629835,P3,F2,0.0,0.47165397
BBB,2014B,629870,P3,F2,1.0,0.517635
BBB,2014B,629886,P3,F2,0.0,0.5057835
BBB,2014B,629891,P3,F2,0.0,0.43413526
BBB,2014B,629923,P3,F2,1.0,0.4920082
BBB,2014B,629976,P3,F2,1.0,0.48918575
BBB,2014B,630028,P3,F2,0.0,0.5089495
BBB,2014B,630029,P3,F2,0.0,0.47469974
BBB,2014B,630030,P3,F2,0.0,0.52771324
BBB,2014B,630052,P3,F2,0.0,0.47234607
BBB,2014B,630053,P3,F2,0.0,0.4809186
BBB,2014B,630090,P3,F2,1.0,0.47876254
BBB,2014B,630147,P3,F2,1.0,0.6414913
BBB,2014B,630260,P3,F2,1.0,0.49016607
BBB,2014B,630315,P3,F2,0.0,0.45293432
BBB,2014B,630333,P3,F2,0.0,0.4600758
BBB,2014B,630345,P3,F2,1.0,0.525682
BBB,2014B,630372,P3,F2,0.0,0.49009028
BBB,2014B,630393,P3,F2,0.0,0.4894921
BBB,2014B,630415,P3,F2,0.0,0.44632542
BBB,2014B,630443,P3,F2,0.0,0.531356
BBB,2014B,630451,P3,F2,0.0,0.41686836
BBB,2014B,630476,P3,F2,1.0,0.5607263
BBB,2014B,630497,P3,F2,1.0,0.638613
BBB,2014B,630549,P3,F2,1.0,0.49727118
BBB,2014B,630561,P3,F2,0.0,0.46374622
BBB,2014B,630586,P3,F2,1.0,0.5450995
BBB,2014B,630608,P3,F2,0.0,0.42765322
BBB,2014B,630718,P3,F2,0.0,0.402364
BBB,2014B,630736,P3,F2,0.0,0.47570312
BBB,2014B,630763,P3,F2,0.0,0.5605534
BBB,2014B,630778,P3,F2,0.0,0.53043413
BBB,2014B,630794,P3,F2,1.0,0.47917992
BBB,2014B,630823,P3,F2,0.0,0.4180745
BBB,2014B,630833,P3,F2,1.0,0.4991655
BBB,2014B,630876,P3,F2,0.0,0.44789207
BBB,2014B,630944,P3,F2,0.0,0.52019346
BBB,2014B,630999,P3,F2,1.0,0.5078387
BBB,2014B,631031,P3,F2,1.0,0.44895974
BBB,2014B,631081,P3,F2,0.0,0.42215368
BBB,2014B,631086,P3,F2,1.0,0.46371725
BBB,2014B,631108,P3,F2,0.0,0.45919046
BBB,2014B,631109,P3,F2,0.0,0.43338245
BBB,2014B,631132,P3,F2,1.0,0.50085413
BBB,2014B,631225,P3,F2,0.0,0.47861323
BBB,2014B,631341,P3,F2,1.0,0.55791616
BBB,2014B,631354,P3,F2,1.0,0.4715441
BBB,2014B,631384,P3,F2,0.0,0.48895445
BBB,2014B,631422,P3,F2,1.0,0.5104473
BBB,2014B,631441,P3,F2,0.0,0.4199852
BBB,2014B,631442,P3,F2,1.0,0.51635855
BBB,2014B,631444,P3,F2,1.0,0.4922234
BBB,2014B,631445,P3,F2,0.0,0.5387027
BBB,2014B,631492,P3,F2,0.0,0.52442956
BBB,2014B,631515,P3,F2,0.0,0.40381044
BBB,2014B,631530,P3,F2,0.0,0.47469223
BBB,2014B,631561,P3,F2,1.0,0.4804034
BBB,2014B,631563,P3,F2,1.0,0.4928371
BBB,2014B,631610,P3,F2,1.0,0.5163075
BBB,2014B,631613,P3,F2,0.0,0.5269861
BBB,2014B,631650,P3,F2,1.0,0.49025893
BBB,2014B,631679,P3,F2,0.0,0.40558925
BBB,2014B,631724,P3,F2,0.0,0.43021476
BBB,2014B,631766,P3,F2,0.0,0.3915994
BBB,2014B,631777,P3,F2,0.0,0.47427183
BBB,2014B,631848,P3,F2,0.0,0.49339458
BBB,2014B,632040,P3,F2,1.0,0.6414913
BBB,2014B,632084,P3,F2,0.0,0.42422217
BBB,2014B,632113,P3,F2,1.0,0.48789448
BBB,2014B,632148,P3,F2,1.0,0.44861314
BBB,2014B,632181,P3,F2,1.0,0.40200964
BBB,2014B,632231,P3,F2,1.0,0.5429016
BBB,2014B,632254,P3,F2,0.0,0.46641183
BBB,2014B,632302,P3,F2,0.0,0.49139258
BBB,2014B,632447,P3,F2,1.0,0.49388856
BBB,2014B,632454,P3,F2,0.0,0.45479855
BBB,2014B,632470,P3,F2,1.0,0.52029735
BBB,2014B,632503,P3,F2,0.0,0.4357014
BBB,2014B,632536,P3,F2,1.0,0.47525564
BBB,2014B,632547,P3,F2,1.0,0.4549706
BBB,2014B,632574,P3,F2,1.0,0.5226741
BBB,2014B,632578,P3,F2,0.0,0.47049576
BBB,2014B,632618,P3,F2,1.0,0.44441977
BBB,2014B,632658,P3,F2,0.0,0.6414913
BBB,2014B,632682,P3,F2,1.0,0.5967719
BBB,2014B,632704,P3,F2,0.0,0.5189208
BBB,2014B,632712,P3,F2,1.0,0.51698476
BBB,2014B,632752,P3,F2,0.0,0.44051218
BBB,2014B,632823,P3,F2,0.0,0.44698554
BBB,2014B,632847,P3,F2,1.0,0.4894111
BBB,2014B,632869,P3,F2,1.0,0.47984335
BBB,2014B,633024,P3,F2,0.0,0.42380175
BBB,2014B,633130,P3,F2,0.0,0.4768623
BBB,2014B,633162,P3,F2,1.0,0.5291277
BBB,2014B,633193,P3,F2,0.0,0.48657176
BBB,2014B,633208,P3,F2,0.0,0.44818324
BBB,2014B,633212,P3,F2,0.0,0.46964282
BBB,2014B,633228,P3,F2,1.0,0.5131758
BBB,2014B,633231,P3,F2,1.0,0.6414913
BBB,2014B,633245,P3,F2,1.0,0.42893565
BBB,2014B,633257,P3,F2,1.0,0.5818812
BBB,2014B,633378,P3,F2,1.0,0.4775171
BBB,2014B,633380,P3,F2,1.0,0.48548052
BBB,2014B,633386,P3,F2,0.0,0.5232512
BBB,2014B,633394,P3,F2,1.0,0.48558044
BBB,2014B,633472,P3,F2,0.0,0.46663922
BBB,2014B,633491,P3,F2,1.0,0.45166042
BBB,2014B,633499,P3,F2,0.0,0.54519695
BBB,2014B,633560,P3,F2,0.0,0.46350807
BBB,2014B,633570,P3,F2,0.0,0.6414913
BBB,2014B,633590,P3,F2,0.0,0.4034656
BBB,2014B,633603,P3,F2,1.0,0.5797711
BBB,2014B,633646,P3,F2,0.0,0.52323765
BBB,2014B,633650,P3,F2,0.0,0.529278
BBB,2014B,633669,P3,F2,0.0,0.4800371
BBB,2014B,633865,P3,F2,1.0,0.5006436
BBB,2014B,633890,P3,F2,1.0,0.6414913
BBB,2014B,633929,P3,F2,0.0,0.48332733
BBB,2014B,633935,P3,F2,0.0,0.5000827
BBB,2014B,634058,P3,F2,0.0,0.47476152
BBB,2014B,634075,P3,F2,0.0,0.394972
BBB,2014B,634077,P3,F2,0.0,0.5201996
BBB,2014B,634164,P3,F2,1.0,0.444519
BBB,2014B,634188,P3,F2,0.0,0.5586544
BBB,2014B,634230,P3,F2,0.0,0.41789064
BBB,2014B,634265,P3,F2,0.0,0.44063175
BBB,2014B,634280,P3,F2,0.0,0.39550012
BBB,2014B,634286,P3,F2,0.0,0.51822484
BBB,2014B,634304,P3,F2,0.0,0.5070087
BBB,2014B,634353,P3,F2,1.0,0.6405693
BBB,2014B,634412,P3,F2,0.0,0.40702528
BBB,2014B,634472,P3,F2,0.0,0.40076187
BBB,2014B,634477,P3,F2,0.0,0.47417188
BBB,2014B,634481,P3,F2,0.0,0.52135956
BBB,2014B,634483,P3,F2,0.0,0.5186048
BBB,2014B,634491,P3,F2,0.0,0.44153196
BBB,2014B,634606,P3,F2,1.0,0.499507
BBB,2014B,634615,P3,F2,1.0,0.6414913
BBB,2014B,634715,P3,F2,0.0,0.4063781
BBB,2014B,634833,P3,F2,0.0,0.4510237
BBB,2014B,634851,P3,F2,0.0,0.46239167
BBB,2014B,634876,P3,F2,0.0,0.5204664
BBB,2014B,634928,P3,F2,0.0,0.5146605
BBB,2014B,634932,P3,F2,1.0,0.6414913
BBB,2014B,634944,P3,F2,0.0,0.52473515
BBB,2014B,634976,P3,F2,0.0,0.476502
BBB,2014B,635011,P3,F2,0.0,0.53866893
BBB,2014B,635113,P3,F2,0.0,0.50137985
BBB,2014B,635122,P3,F2,0.0,0.47023982
BBB,2014B,635136,P3,F2,0.0,0.44116855
BBB,2014B,635173,P3,F2,0.0,0.48821443
BBB,2014B,635228,P3,F2,0.0,0.43361086
BBB,2014B,635230,P3,F2,0.0,0.39324433
BBB,2014B,635241,P3,F2,0.0,0.5384727
BBB,2014B,635244,P3,F2,0.0,0.5241693
BBB,2014B,635245,P3,F2,1.0,0.6414913
BBB,2014B,635246,P3,F2,1.0,0.5481314
BBB,2014B,635247,P3,F2,0.0,0.53391
BBB,2014B,635432,P3,F2,1.0,0.43411458
BBB,2014B,635433,P3,F2,0.0,0.50159293
BBB,2014B,635435,P3,F2,0.0,0.5056576
BBB,2014B,635473,P3,F2,1.0,0.6363064
BBB,2014B,635591,P3,F2,0.0,0.4482346
BBB,2014B,635755,P3,F2,0.0,0.4310419
BBB,2014B,635761,P3,F2,0.0,0.5309888
BBB,2014B,635764,P3,F2,0.0,0.4881221
BBB,2014B,635771,P3,F2,0.0,0.4974716
BBB,2014B,635773,P3,F2,0.0,0.46254474
BBB,2014B,635774,P3,F2,0.0,0.5071466
BBB,2014B,635788,P3,F2,0.0,0.42477655
BBB,2014B,635793,P3,F2,1.0,0.53279793
BBB,2014B,636271,P3,F2,1.0,0.6363064
BBB,2014B,637864,P3,F2,1.0,0.6363064
BBB,2014B,1127413,P3,F2,0.0,0.4477793
BBB,2014B,1332999,P3,F2,0.0,0.48825496
BBB,2014B,1341507,P3,F2,0.0,0.52401304
BBB,2014B,1393589,P3,F2,0.0,0.5207241
BBB,2014B,1406920,P3,F2,0.0,0.4931713
BBB,2014B,1431750,P3,F2,1.0,0.5948387
BBB,2014B,1453691,P3,F2,1.0,0.50916016
BBB,2014B,1502193,P3,F2,0.0,0.42603275
BBB,2014B,1508708,P3,F2,1.0,0.6414913
BBB,2014B,1525567,P3,F2,0.0,0.39308202
BBB,2014B,1536591,P3,F2,1.0,0.6374504
BBB,2014B,1540042,P3,F2,0.0,0.49601796
BBB,2014B,1559428,P3,F2,1.0,0.48602113
BBB,2014B,1560989,P3,F2,1.0,0.44371107
BBB,2014B,1588208,P3,F2,1.0,0.5053345
BBB,2014B,1611973,P3,F2,1.0,0.5117736
BBB,2014B,1624443,P3,F2,0.0,0.43451944
BBB,2014B,1625718,P3,F2,0.0,0.4733157
BBB,2014B,1626021,P3,F2,0.0,0.6414913
BBB,2014B,1633695,P3,F2,1.0,0.4418816
BBB,2014B,1719114,P3,F2,0.0,0.44957677
BBB,2014B,1730702,P3,F2,1.0,0.6414913
BBB,2014B,1732219,P3,F2,0.0,0.48322415
BBB,2014B,1759851,P3,F2,0.0,0.638613
BBB,2014B,1763653,P3,F2,0.0,0.4013945
BBB,2014B,1780949,P3,F2,0.0,0.40459448
BBB,2014B,1782665,P3,F2,1.0,0.5211848
BBB,2014B,1786380,P3,F2,0.0,0.4901965
BBB,2014B,1829654,P3,F2,1.0,0.4972811
BBB,2014B,1840034,P3,F2,0.0,0.4800904
BBB,2014B,1863244,P3,F2,1.0,0.48882133
BBB,2014B,1864697,P3,F2,0.0,0.40093416
BBB,2014B,1866742,P3,F2,0.0,0.49925587
BBB,2014B,1877634,P3,F2,0.0,0.5022744
BBB,2014B,1932474,P3,F2,0.0,0.42062977
BBB,2014B,1934118,P3,F2,1.0,0.6414913
BBB,2014B,1955634,P3,F2,0.0,0.45342827
BBB,2014B,1957682,P3,F2,0.0,0.47695044
BBB,2014B,1967937,P3,F2,1.0,0.4451778
BBB,2014B,2002415,P3,F2,0.0,0.4261463
BBB,2014B,2006364,P3,F2,1.0,0.6414913
BBB,2014B,2022801,P3,F2,0.0,0.49608788
BBB,2014B,2080885,P3,F2,0.0,0.4892774
BBB,2014B,2081955,P3,F2,0.0,0.3994899
BBB,2014B,2082318,P3,F2,0.0,0.4834291
BBB,2014B,2087747,P3,F2,0.0,0.4715217
BBB,2014B,2094350,P3,F2,1.0,0.5271454
BBB,2014B,2104426,P3,F2,0.0,0.48410755
BBB,2014B,2108614,P3,F2,0.0,0.41937077
BBB,2014B,2133207,P3,F2,0.0,0.5296017
BBB,2014B,2148859,P3,F2,0.0,0.4599746
BBB,2014B,2153200,P3,F2,1.0,0.40504828
BBB,2014B,2164251,P3,F2,0.0,0.3930089
BBB,2014B,2181205,P3,F2,0.0,0.485003
BBB,2014B,2213424,P3,F2,0.0,0.48013282
BBB,2014B,2221869,P3,F2,1.0,0.47723463
BBB,2014B,2230457,P3,F2,1.0,0.5448232
BBB,2014B,2243703,P3,F2,0.0,0.5492017
BBB,2014B,2248122,P3,F2,0.0,0.46589154
BBB,2014B,2266377,P3,F2,1.0,0.49289873
BBB,2014B,2271743,P3,F2,1.0,0.4785037
BBB,2014B,2273828,P3,F2,1.0,0.6360425
BBB,2014B,2277941,P3,F2,1.0,0.6414913
BBB,2014B,2291760,P3,F2,0.0,0.4999807
BBB,2014B,2300911,P3,F2,1.0,0.6414913
BBB,2014B,2300913,P3,F2,1.0,0.5525747
BBB,2014B,2303083,P3,F2,1.0,0.6414913
BBB,2014B,2308026,P3,F2,0.0,0.49839026
BBB,2014B,2308564,P3,F2,0.0,0.49283943
BBB,2014B,2315082,P3,F2,1.0,0.473056
BBB,2014B,2317273,P3,F2,0.0,0.42471832
BBB,2014B,2334930,P3,F2,0.0,0.4731636
BBB,2014B,2340165,P3,F2,0.0,0.46179354
BBB,2014B,2343413,P3,F2,0.0,0.4418091
BBB,2014B,2351235,P3,F2,1.0,0.48363945
BBB,2014B,2392789,P3,F2,0.0,0.4312345
BBB,2014B,2418877,P3,F2,1.0,0.6414913
BBB,2014B,2420725,P3,F2,1.0,0.45429403
BBB,2014B,2436707,P3,F2,1.0,0.49461967
BBB,2014B,2437428,P3,F2,1.0,0.48870137
BBB,2014B,2440756,P3,F2,0.0,0.51596284
BBB,2014B,2444501,P3,F2,1.0,0.6067492
BBB,2014B,2446599,P3,F2,0.0,0.43896532
BBB,2014B,2476144,P3,F2,0.0,0.51668036
BBB,2014B,2482994,P3,F2,1.0,0.5035401
BBB,2014B,2487785,P3,F2,0.0,0.43352866
BBB,2014B,2502127,P3,F2,0.0,0.45909995
BBB,2014B,2512349,P3,F2,1.0,0.6414913
BBB,2014B,2513954,P3,F2,0.0,0.4951716
BBB,2014B,2514044,P3,F2,0.0,0.45604447
BBB,2014B,2523350,P3,F2,0.0,0.3987353
BBB,2014B,2523430,P3,F2,1.0,0.46094525
BBB,2014B,2523989,P3,F2,0.0,0.6414913
BBB,2014B,2524295,P3,F2,0.0,0.50631225
BBB,2014B,2526784,P3,F2,0.0,0.515045
BBB,2014B,2532643,P3,F2,1.0,0.4293369
BBB,2014B,2533391,P3,F2,0.0,0.42553183
BBB,2014B,2534954,P3,F2,0.0,0.45240855
BBB,2014B,2539641,P3,F2,0.0,0.52172774
BBB,2014B,2541388,P3,F2,0.0,0.41361037
BBB,2014B,2554464,P3,F2,1.0,0.6414913
BBB,2014B,2568059,P3,F2,0.0,0.4983503
BBB,2014B,2570092,P3,F2,0.0,0.45575964
BBB,2014B,2571054,P3,F2,0.0,0.50050503
BBB,2014B,2574365,P3,F2,0.0,0.4786969
BBB,2014B,2575914,P3,F2,0.0,0.6414913
BBB,2014B,2578704,P3,F2,1.0,0.39167657
BBB,2014B,2590564,P3,F2,0.0,0.41002798
BBB,2014B,2591974,P3,F2,0.0,0.45025906
BBB,2014B,2592923,P3,F2,1.0,0.48205465
BBB,2014B,2597543,P3,F2,0.0,0.47758278
BBB,2014B,2602679,P3,F2,0.0,0.5044647
BBB,2014B,2609574,P3,F2,1.0,0.6414913
BBB,2014B,2611847,P3,F2,1.0,0.46531668
BBB,2014B,2625752,P3,F2,1.0,0.6414913
BBB,2014B,2626410,P3,F2,1.0,0.6374504
BBB,2014B,2634946,P3,F2,1.0,0.44090727
BBB,2014B,2636696,P3,F2,0.0,0.5440813
BBB,2014B,2641657,P3,F2,0.0,0.47173554
BBB,2014B,2641682,P3,F2,1.0,0.5480786
BBB,2014B,2643007,P3,F2,0.0,0.40038118
BBB,2014B,2652209,P3,F2,0.0,0.47831795
BBB,2014B,2653570,P3,F2,1.0,0.5408815
BBB,2014B,2659042,P3,F2,0.0,0.4443501
BBB,2014B,2677541,P3,F2,1.0,0.525567
BBB,2014B,2681783,P3,F2,0.0,0.4923203
BBB,2014B,2683697,P3,F2,1.0,0.5810121
BBB,2014B,2687378,P3,F2,0.0,0.45028284
BBB,2014B,2690136,P3,F2,1.0,0.6414913
CCC,2014B,28418,P3,F2,1.0,0.6053664
CCC,2014B,29764,P3,F2,0.0,0.50652
CCC,2014B,29820,P3,F2,0.0,0.54939604
CCC,2014B,40604,P3,F2,0.0,0.5089057
CCC,2014B,42638,P3,F2,0.0,0.53936195
CCC,2014B,45664,P3,F2,1.0,0.61084324
CCC,2014B,46605,P3,F2,0.0,0.41469288
CCC,2014B,49119,P3,F2,0.0,0.58173233
CCC,2014B,50263,P3,F2,1.0,0.609368
CCC,2014B,51576,P3,F2,1.0,0.57568294
CCC,2014B,54391,P3,F2,1.0,0.5887939
CCC,2014B,57340,P3,F2,0.0,0.5670854
CCC,2014B,62278,P3,F2,1.0,0.55560154
CCC,2014B,64296,P3,F2,1.0,0.5575971
CCC,2014B,66254,P3,F2,1.0,0.554247
CCC,2014B,69703,P3,F2,0.0,0.5071657
CCC,2014B,70381,P3,F2,0.0,0.60470927
CCC,2014B,70771,P3,F2,1.0,0.58092517
CCC,2014B,74290,P3,F2,1.0,0.6021552
CCC,2014B,75454,P3,F2,0.0,0.48910075
CCC,2014B,75728,P3,F2,1.0,0.5016627
CCC,2014B,79461,P3,F2,1.0,0.6049741
CCC,2014B,80329,P3,F2,1.0,0.54815745
CCC,2014B,82575,P3,F2,0.0,0.5255668
CCC,2014B,83219,P3,F2,0.0,0.55847365
CCC,2014B,83453,P3,F2,1.0,0.5990051
CCC,2014B,84299,P3,F2,1.0,0.5844639
CCC,2014B,86047,P3,F2,1.0,0.6096761
CCC,2014B,94484,P3,F2,0.0,0.51928294
CCC,2014B,95906,P3,F2,0.0,0.42849582
CCC,2014B,96538,P3,F2,1.0,0.6414913
CCC,2014B,100621,P3,F2,1.0,0.6405693
CCC,2014B,105523,P3,F2,0.0,0.60697985
CCC,2014B,107028,P3,F2,1.0,0.5458781
CCC,2014B,107339,P3,F2,0.0,0.5478012
CCC,2014B,108834,P3,F2,1.0,0.5417217
CCC,2014B,116518,P3,F2,0.0,0.54617697
CCC,2014B,117232,P3,F2,0.0,0.509732
CCC,2014B,118098,P3,F2,1.0,0.60879433
CCC,2014B,119729,P3,F2,1.0,0.5964557
CCC,2014B,122392,P3,F2,0.0,0.60636204
CCC,2014B,123598,P3,F2,1.0,0.60989004
CCC,2014B,124193,P3,F2,0.0,0.45415688
CCC,2014B,126337,P3,F2,1.0,0.60380685
CCC,2014B,126394,P3,F2,0.0,0.5083541
CCC,2014B,126395,P3,F2,0.0,0.6003177
CCC,2014B,128510,P3,F2,1.0,0.5199699
CCC,2014B,129198,P3,F2,1.0,0.6331675
CCC,2014B,129638,P3,F2,1.0,0.6128107
CCC,2014B,129878,P3,F2,1.0,0.6005528
CCC,2014B,131145,P3,F2,0.0,0.46962714
CCC,2014B,131933,P3,F2,1.0,0.5242114
CCC,2014B,132191,P3,F2,1.0,0.6414913
CCC,2014B,133104,P3,F2,0.0,0.5481522
CCC,2014B,134025,P3,F2,1.0,0.42619535
CCC,2014B,135330,P3,F2,1.0,0.6028492
CCC,2014B,135792,P3,F2,1.0,0.5744335
CCC,2014B,142935,P3,F2,0.0,0.52405393
CCC,2014B,145282,P3,F2,0.0,0.4520043
CCC,2014B,147675,P3,F2,1.0,0.571823
CCC,2014B,151549,P3,F2,1.0,0.5552551
CCC,2014B,152428,P3,F2,0.0,0.5190566
CCC,2014B,152962,P3,F2,0.0,0.44512194
CCC,2014B,155067,P3,F2,1.0,0.6414913
CCC,2014B,155963,P3,F2,0.0,0.5169948
CCC,2014B,160300,P3,F2,0.0,0.56838036
CCC,2014B,162650,P3,F2,1.0,0.6086783
CCC,2014B,165647,P3,F2,1.0,0.52105427
CCC,2014B,165733,P3,F2,1.0,0.63524467
CCC,2014B,166160,P3,F2,0.0,0.42428103
CCC,2014B,167791,P3,F2,0.0,0.5521402
CCC,2014B,168178,P3,F2,0.0,0.55243766
CCC,2014B,169380,P3,F2,0.0,0.48455027
CCC,2014B,170025,P3,F2,1.0,0.6122219
CCC,2014B,170864,P3,F2,0.0,0.41737476
CCC,2014B,172301,P3,F2,1.0,0.6381512
CCC,2014B,172965,P3,F2,0.0,0.46926934
CCC,2014B,175490,P3,F2,0.0,0.44610167
CCC,2014B,177967,P3,F2,0.0,0.5521511
CCC,2014B,178072,P3,F2,1.0,0.46293887
CCC,2014B,178496,P3,F2,0.0,0.5488153
CCC,2014B,179904,P3,F2,1.0,0.6414913
CCC,2014B,180976,P3,F2,0.0,0.47517002
CCC,2014B,187435,P3,F2,0.0,0.5170798
CCC,2014B,189428,P3,F2,0.0,0.5397534
CCC,2014B,189624,P3,F2,0.0,0.59959507
CCC,2014B,191797,P3,F2,0.0,0.52037776
CCC,2014B,193163,P3,F2,1.0,0.47864205
CCC,2014B,198902,P3,F2,1.0,0.61470556
CCC,2014B,200372,P3,F2,1.0,0.45646715
CCC,2014B,201327,P3,F2,1.0,0.6086783
CCC,2014B,204725,P3,F2,0.0,0.43951666
CCC,2014B,205398,P3,F2,1.0,0.5623984
CCC,2014B,205425,P3,F2,0.0,0.5572919
CCC,2014B,206245,P3,F2,0.0,0.5124343
CCC,2014B,206599,P3,F2,1.0,0.5768906
CCC,2014B,227192,P3,F2,0.0,0.555619
CCC,2014B,227752,P3,F2,1.0,0.5437441
CCC,2014B,228153,P3,F2,1.0,0.6097957
CCC,2014B,228743,P3,F2,1.0,0.6414913
CCC,2014B,229499,P3,F2,1.0,0.6414913
CCC,2014B,230761,P3,F2,1.0,0.6067866
CCC,2014B,231339,P3,F2,0.0,0.41738513
CCC,2014B,232833,P3,F2,1.0,0.60141015
CCC,2014B,233444,P3,F2,1.0,0.5857746
CCC,2014B,234068,P3,F2,1.0,0.6414913
CCC,2014B,234311,P3,F2,1.0,0.6041452
CCC,2014B,234740,P3,F2,1.0,0.5673364
CCC,2014B,236205,P3,F2,0.0,0.4717825
CCC,2014B,236620,P3,F2,0.0,0.4680868
CCC,2014B,237934,P3,F2,1.0,0.5584582
CCC,2014B,239707,P3,F2,1.0,0.60548615
CCC,2014B,241955,P3,F2,1.0,0.60478216
CCC,2014B,242858,P3,F2,0.0,0.57355225
CCC,2014B,244977,P3,F2,0.0,0.4509458
CCC,2014B,245217,P3,F2,1.0,0.5569232
CCC,2014B,245494,P3,F2,1.0,0.592224
CCC,2014B,246248,P3,F2,1.0,0.6363064
CCC,2014B,247819,P3,F2,0.0,0.47741944
CCC,2014B,250092,P3,F2,1.0,0.6414913
CCC,2014B,251385,P3,F2,0.0,0.45791274
CCC,2014B,253859,P3,F2,0.0,0.440238
CCC,2014B,255310,P3,F2,0.0,0.54835016
CCC,2014B,256532,P3,F2,1.0,0.6414913
CCC,2014B,260062,P3,F2,1.0,0.6363064
CCC,2014B,260949,P3,F2,0.0,0.56760323
CCC,2014B,261042,P3,F2,1.0,0.6414913
CCC,2014B,261265,P3,F2,1.0,0.5390695
CCC,2014B,261615,P3,F2,0.0,0.5107914
CCC,2014B,262391,P3,F2,1.0,0.58584625
CCC,2014B,264159,P3,F2,0.0,0.56707555
CCC,2014B,266040,P3,F2,1.0,0.5244696
CCC,2014B,266558,P3,F2,1.0,0.6139546
CCC,2014B,266915,P3,F2,1.0,0.61380464
CCC,2014B,267118,P3,F2,1.0,0.6338498
CCC,2014B,268018,P3,F2,1.0,0.51967096
CCC,2014B,269676,P3,F2,0.0,0.63562745
CCC,2014B,278861,P3,F2,1.0,0.39125153
CCC,2014B,279868,P3,F2,0.0,0.4927333
CCC,2014B,281261,P3,F2,1.0,0.5591793
CCC,2014B,281801,P3,F2,0.0,0.51013446
CCC,2014B,282193,P3,F2,0.0,0.50351113
CCC,2014B,283798,P3,F2,0.0,0.51572865
CCC,2014B,284812,P3,F2,0.0,0.41187114
CCC,2014B,285170,P3,F2,0.0,0.5530819
CCC,2014B,285475,P3,F2,0.0,0.46242675
CCC,2014B,289009,P3,F2,0.0,0.5853214
CCC,2014B,290382,P3,F2,1.0,0.5737854
CCC,2014B,291805,P3,F2,0.0,0.5945895
CCC,2014B,295893,P3,F2,1.0,0.55972093
CCC,2014B,296411,P3,F2,0.0,0.44096696
CCC,2014B,298040,P3,F2,0.0,0.4289677
CCC,2014B,300059,P3,F2,0.0,0.5649344
CCC,2014B,300594,P3,F2,1.0,0.6126346
CCC,2014B,300611,P3,F2,1.0,0.6032663
CCC,2014B,301232,P3,F2,0.0,0.5974402
CCC,2014B,305876,P3,F2,1.0,0.5447548
CCC,2014B,308391,P3,F2,1.0,0.6414913
CCC,2014B,308918,P3,F2,1.0,0.58365524
CCC,2014B,309118,P3,F2,0.0,0.60629714
CCC,2014B,310088,P3,F2,1.0,0.521384
CCC,2014B,311616,P3,F2,0.0,0.4293576
CCC,2014B,312886,P3,F2,1.0,0.6414913
CCC,2014B,314555,P3,F2,1.0,0.63720703
CCC,2014B,315322,P3,F2,1.0,0.60808605
CCC,2014B,315728,P3,F2,0.0,0.53676784
CCC,2014B,316061,P3,F2,1.0,0.6414913
CCC,2014B,316227,P3,F2,0.0,0.4756094
CCC,2014B,319042,P3,F2,1.0,0.60187876
CCC,2014B,320153,P3,F2,1.0,0.5671465
CCC,2014B,321112,P3,F2,1.0,0.6414913
CCC,2014B,324257,P3,F2,1.0,0.6008625
CCC,2014B,325497,P3,F2,1.0,0.5452606
CCC,2014B,328261,P3,F2,1.0,0.63720703
CCC,2014B,329673,P3,F2,0.0,0.5420424
CCC,2014B,330862,P3,F2,1.0,0.5245931
CCC,2014B,335553,P3,F2,1.0,0.5510168
CCC,2014B,335648,P3,F2,1.0,0.5904821
CCC,2014B,336398,P3,F2,0.0,0.427529
CCC,2014B,336695,P3,F2,1.0,0.5038091
CCC,2014B,338604,P3,F2,0.0,0.53648806
CCC,2014B,338731,P3,F2,1.0,0.5726461
CCC,2014B,342089,P3,F2,1.0,0.6363064
CCC,2014B,342957,P3,F2,1.0,0.61363316
CCC,2014B,342974,P3,F2,0.0,0.4966828
CCC,2014B,344367,P3,F2,1.0,0.60734683
CCC,2014B,344396,P3,F2,1.0,0.5779599
CCC,2014B,345256,P3,F2,0.0,0.5985554
CCC,2014B,347764,P3,F2,1.0,0.6086888
CCC,2014B,348050,P3,F2,1.0,0.50005203
CCC,2014B,348159,P3,F2,0.0,0.46567944
CCC,2014B,349069,P3,F2,1.0,0.6115079
CCC,2014B,351328,P3,F2,1.0,0.48899
CCC,2014B,351577,P3,F2,0.0,0.43712464
CCC,2014B,351775,P3,F2,0.0,0.508477
CCC,2014B,353660,P3,F2,1.0,0.63720703
CCC,2014B,353804,P3,F2,1.0,0.58012366
CCC,2014B,354607,P3,F2,0.0,0.54302585
CCC,2014B,355143,P3,F2,1.0,0.6282073
CCC,2014B,356274,P3,F2,1.0,0.61346644
CCC,2014B,356523,P3,F2,1.0,0.60573363
CCC,2014B,357176,P3,F2,0.0,0.44135433
CCC,2014B,357851,P3,F2,1.0,0.61226034
CCC,2014B,357942,P3,F2,1.0,0.4690772
CCC,2014B,358075,P3,F2,1.0,0.46069768
CCC,2014B,359114,P3,F2,0.0,0.480521
CCC,2014B,360547,P3,F2,1.0,0.6414913
CCC,2014B,361410,P3,F2,0.0,0.5672487
CCC,2014B,362223,P3,F2,0.0,0.4655004
CCC,2014B,363374,P3,F2,1.0,0.5876763
CCC,2014B,363773,P3,F2,0.0,0.42721286
CCC,2014B,363906,P3,F2,1.0,0.56832165
CCC,2014B,363939,P3,F2,1.0,0.5808513
CCC,2014B,364920,P3,F2,1.0,0.6363064
CCC,2014B,365993,P3,F2,1.0,0.5629049
CCC,2014B,366310,P3,F2,0.0,0.6361726
CCC,2014B,368483,P3,F2,1.0,0.6363064
CCC,2014B,368876,P3,F2,1.0,0.5672366
CCC,2014B,370336,P3,F2,1.0,0.5308964
CCC,2014B,371526,P3,F2,0.0,0.52639395
CCC,2014B,371901,P3,F2,0.0,0.57235736
CCC,2014B,372812,P3,F2,1.0,0.6367445
CCC,2014B,374028,P3,F2,0.0,0.478279
CCC,2014B,374756,P3,F2,0.0,0.4260152
CCC,2014B,376701,P3,F2,1.0,0.5923376
CCC,2014B,378920,P3,F2,0.0,0.5767629
CCC,2014B,379406,P3,F2,1.0,0.42954215
CCC,2014B,381240,P3,F2,1.0,0.55849
CCC,2014B,381927,P3,F2,0.0,0.4807719
CCC,2014B,383140,P3,F2,0.0,0.5111193
CCC,2014B,383158,P3,F2,0.0,0.6035568
CCC,2014B,383311,P3,F2,1.0,0.61230224
CCC,2014B,383347,P3,F2,0.0,0.5439512
CCC,2014B,383372,P3,F2,0.0,0.59597635
CCC,2014B,383971,P3,F2,1.0,0.5645391
CCC,2014B,385120,P3,F2,1.0,0.6019854
CCC,2014B,385387,P3,F2,0.0,0.42806432
CCC,2014B,386189,P3,F2,1.0,0.6035857
CCC,2014B,387009,P3,F2,0.0,0.41575128
CCC,2014B,388538,P3,F2,0.0,0.5200055
CCC,2014B,388708,P3,F2,1.0,0.6363064
CCC,2014B,388750,P3,F2,1.0,0.5762436
CCC,2014B,391343,P3,F2,1.0,0.5566559
CCC,2014B,391419,P3,F2,1.0,0.59868205
CCC,2014B,392289,P3,F2,1.0,0.6414913
CCC,2014B,392526,P3,F2,0.0,0.52720404
CCC,2014B,394311,P3,F2,0.0,0.5100581
CCC,2014B,394341,P3,F2,1.0,0.44538096
CCC,2014B,396825,P3,F2,0.0,0.4659694
CCC,2014B,397506,P3,F2,0.0,0.52479553
CCC,2014B,398487,P3,F2,1.0,0.6032511
CCC,2014B,400063,P3,F2,1.0,0.6414913
CCC,2014B,401296,P3,F2,0.0,0.48119053
CCC,2014B,401903,P3,F2,0.0,0.4675622
CCC,2014B,403085,P3,F2,0.0,0.46576202
CCC,2014B,404239,P3,F2,1.0,0.6414913
CCC,2014B,406265,P3,F2,1.0,0.52670294
CCC,2014B,406846,P3,F2,1.0,0.6414913
CCC,2014B,406908,P3,F2,1.0,0.5580101
CCC,2014B,406937,P3,F2,1.0,0.6075492
CCC,2014B,407453,P3,F2,1.0,0.58847064
CCC,2014B,407818,P3,F2,1.0,0.6053664
CCC,2014B,408371,P3,F2,1.0,0.6405693
CCC,2014B,408413,P3,F2,1.0,0.5446896
CCC,2014B,409540,P3,F2,1.0,0.54874045
CCC,2014B,410203,P3,F2,0.0,0.50490546
CCC,2014B,410407,P3,F2,0.0,0.4320999
CCC,2014B,410699,P3,F2,0.0,0.55222744
CCC,2014B,410886,P3,F2,1.0,0.5298992
CCC,2014B,412258,P3,F2,0.0,0.4706235
CCC,2014B,412284,P3,F2,1.0,0.6370361
CCC,2014B,413083,P3,F2,1.0,0.60654277
CCC,2014B,416500,P3,F2,1.0,0.60805535
CCC,2014B,416689,P3,F2,0.0,0.605506
CCC,2014B,416860,P3,F2,1.0,0.5899304
CCC,2014B,417820,P3,F2,0.0,0.53448904
CCC,2014B,418224,P3,F2,1.0,0.5603523
CCC,2014B,418623,P3,F2,0.0,0.5287246
CCC,2014B,418971,P3,F2,1.0,0.60480416
CCC,2014B,419233,P3,F2,1.0,0.52304095
CCC,2014B,419536,P3,F2,1.0,0.56499314
CCC,2014B,420345,P3,F2,0.0,0.5360153
CCC,2014B,420528,P3,F2,0.0,0.4286752
CCC,2014B,420935,P3,F2,0.0,0.41348833
CCC,2014B,421209,P3,F2,0.0,0.6363064
CCC,2014B,421712,P3,F2,1.0,0.5354477
CCC,2014B,423879,P3,F2,0.0,0.4125047
CCC,2014B,424082,P3,F2,0.0,0.59147054
CCC,2014B,424112,P3,F2,0.0,0.53781146
CCC,2014B,424950,P3,F2,0.0,0.5852738
CCC,2014B,425287,P3,F2,1.0,0.60759825
CCC,2014B,426610,P3,F2,0.0,0.46978927
CCC,2014B,426616,P3,F2,1.0,0.60564995
CCC,2014B,429065,P3,F2,1.0,0.5681781
CCC,2014B,429185,P3,F2,0.0,0.41855612
CCC,2014B,430686,P3,F2,0.0,0.5244392
CCC,2014B,431014,P3,F2,1.0,0.6090832
CCC,2014B,431386,P3,F2,0.0,0.5552121
CCC,2014B,432278,P3,F2,1.0,0.5069551
CCC,2014B,434562,P3,F2,0.0,0.5115772
CCC,2014B,434573,P3,F2,1.0,0.6414913
CCC,2014B,436058,P3,F2,0.0,0.5745983
CCC,2014B,438313,P3,F2,1.0,0.60741997
CCC,2014B,438796,P3,F2,0.0,0.500155
CCC,2014B,440323,P3,F2,1.0,0.5531633
CCC,2014B,440905,P3,F2,1.0,0.6414913
CCC,2014B,441540,P3,F2,1.0,0.56290793
CCC,2014B,441606,P3,F2,1.0,0.6064478
CCC,2014B,442954,P3,F2,1.0,0.6405693
CCC,2014B,445777,P3,F2,0.0,0.50067335
CCC,2014B,445917,P3,F2,0.0,0.41926545
CCC,2014B,445972,P3,F2,0.0,0.4322934
CCC,2014B,446295,P3,F2,1.0,0.6400902
CCC,2014B,446628,P3,F2,1.0,0.6125752
CCC,2014B,447306,P3,F2,1.0,0.60759825
CCC,2014B,464236,P3,F2,1.0,0.5959427
CCC,2014B,465406,P3,F2,0.0,0.54815936
CCC,2014B,465719,P3,F2,1.0,0.6414913
CCC,2014B,465843,P3,F2,1.0,0.5470983
CCC,2014B,466289,P3,F2,0.0,0.45607132
CCC,2014B,466714,P3,F2,1.0,0.61149657
CCC,2014B,467230,P3,F2,0.0,0.5389313
CCC,2014B,467753,P3,F2,1.0,0.6056303
CCC,2014B,467894,P3,F2,1.0,0.60673004
CCC,2014B,468753,P3,F2,1.0,0.5283792
CCC,2014B,469761,P3,F2,0.0,0.47692636
CCC,2014B,470002,P3,F2,1.0,0.5427725
CCC,2014B,471018,P3,F2,1.0,0.6093374
CCC,2014B,471580,P3,F2,1.0,0.57489884
CCC,2014B,471657,P3,F2,0.0,0.5347012
CCC,2014B,471979,P3,F2,0.0,0.48181757
CCC,2014B,472087,P3,F2,0.0,0.607258
CCC,2014B,472309,P3,F2,1.0,0.5602073
CCC,2014B,473965,P3,F2,0.0,0.60673004
CCC,2014B,474283,P3,F2,1.0,0.58515626
CCC,2014B,474759,P3,F2,1.0,0.6400902
CCC,2014B,475149,P3,F2,1.0,0.49062103
CCC,2014B,475556,P3,F2,1.0,0.57580537
CCC,2014B,475945,P3,F2,0.0,0.520497
CCC,2014B,476108,P3,F2,0.0,0.47019395
CCC,2014B,476937,P3,F2,1.0,0.5218945
CCC,2014B,477067,P3,F2,0.0,0.40701893
CCC,2014B,478212,P3,F2,1.0,0.60879433
CCC,2014B,478550,P3,F2,1.0,0.445354
CCC,2014B,478977,P3,F2,1.0,0.55985296
CCC,2014B,479607,P3,F2,1.0,0.54193246
CCC,2014B,479725,P3,F2,1.0,0.6414913
CCC,2014B,479753,P3,F2,1.0,0.603718
CCC,2014B,480604,P3,F2,1.0,0.5035921
CCC,2014B,480929,P3,F2,0.0,0.43156603
CCC,2014B,480943,P3,F2,0.0,0.54093385
CCC,2014B,482280,P3,F2,0.0,0.5304224
CCC,2014B,482745,P3,F2,1.0,0.6063629
CCC,2014B,483108,P3,F2,1.0,0.5288803
CCC,2014B,483267,P3,F2,1.0,0.5612956
CCC,2014B,483275,P3,F2,0.0,0.53541744
CCC,2014B,484174,P3,F2,1.0,0.5878123
CCC,2014B,484464,P3,F2,0.0,0.46356073
CCC,2014B,485312,P3,F2,0.0,0.46428907
CCC,2014B,485374,P3,F2,0.0,0.48950592
CCC,2014B,485594,P3,F2,1.0,0.60271996
CCC,2014B,485604,P3,F2,0.0,0.43225747
CCC,2014B,485944,P3,F2,1.0,0.5453389
CCC,2014B,486378,P3,F2,1.0,0.6135789
CCC,2014B,487494,P3,F2,1.0,0.6414913
CCC,2014B,487629,P3,F2,1.0,0.60285985
CCC,2014B,488431,P3,F2,0.0,0.5371559
CCC,2014B,489929,P3,F2,0.0,0.54308933
CCC,2014B,490024,P3,F2,0.0,0.5789866
CCC,2014B,490081,P3,F2,0.0,0.5763181
CCC,2014B,490282,P3,F2,0.0,0.49471855
CCC,2014B,490297,P3,F2,1.0,0.59640783
CCC,2014B,490587,P3,F2,1.0,0.6120254
CCC,2014B,490662,P3,F2,1.0,0.5825715
CCC,2014B,490768,P3,F2,1.0,0.55519885
CCC,2014B,490769,P3,F2,1.0,0.5716295
CCC,2014B,491170,P3,F2,1.0,0.60573167
CCC,2014B,491232,P3,F2,1.0,0.6381512
CCC,2014B,491742,P3,F2,1.0,0.63905936
CCC,2014B,491843,P3,F2,1.0,0.5814861
CCC,2014B,492357,P3,F2,1.0,0.5876735
CCC,2014B,492900,P3,F2,0.0,0.59774536
CCC,2014B,493822,P3,F2,1.0,0.59378356
CCC,2014B,493988,P3,F2,1.0,0.622605
CCC,2014B,494389,P3,F2,1.0,0.6374504
CCC,2014B,494919,P3,F2,0.0,0.5408779
CCC,2014B,495320,P3,F2,0.0,0.51847196
CCC,2014B,496108,P3,F2,1.0,0.61712235
CCC,2014B,497080,P3,F2,1.0,0.61433375
CCC,2014B,498043,P3,F2,1.0,0.52235764
CCC,2014B,498138,P3,F2,1.0,0.60120064
CCC,2014B,498741,P3,F2,1.0,0.60879433
CCC,2014B,500006,P3,F2,1.0,0.5333689
CCC,2014B,500189,P3,F2,1.0,0.5938619
CCC,2014B,500597,P3,F2,1.0,0.59930027
CCC,2014B,501339,P3,F2,1.0,0.5328957
CCC,2014B,501443,P3,F2,1.0,0.60530883
CCC,2014B,501652,P3,F2,1.0,0.63625956
CCC,2014B,502465,P3,F2,0.0,0.6010965
CCC,2014B,502554,P3,F2,0.0,0.42928502
CCC,2014B,502833,P3,F2,1.0,0.6414913
CCC,2014B,502868,P3,F2,0.0,0.5264162
CCC,2014B,502929,P3,F2,1.0,0.6186454
CCC,2014B,503469,P3,F2,1.0,0.555573
CCC,2014B,503872,P3,F2,1.0,0.6414913
CCC,2014B,504057,P3,F2,1.0,0.6414913
CCC,2014B,505235,P3,F2,1.0,0.5437793
CCC,2014B,505520,P3,F2,1.0,0.58422023
CCC,2014B,505767,P3,F2,0.0,0.44622415
CCC,2014B,505815,P3,F2,1.0,0.5007039
CCC,2014B,506206,P3,F2,0.0,0.51930237
CCC,2014B,507034,P3,F2,0.0,0.53161097
CCC,2014B,507388,P3,F2,1.0,0.6363064
CCC,2014B,507523,P3,F2,0.0,0.57367325
CCC,2014B,507671,P3,F2,1.0,0.568548
CCC,2014B,508025,P3,F2,1.0,0.52821606
CCC,2014B,509029,P3,F2,0.0,0.5241299
CCC,2014B,509102,P3,F2,0.0,0.52934605
CCC,2014B,509122,P3,F2,1.0,0.6414913
CCC,2014B,509183,P3,F2,0.0,0.47708344
CCC,2014B,509649,P3,F2,1.0,0.6111651
CCC,2014B,509839,P3,F2,0.0,0.49098063
CCC,2014B,510070,P3,F2,1.0,0.585386
CCC,2014B,510694,P3,F2,1.0,0.6414913
CCC,2014B,510914,P3,F2,1.0,0.4519649
CCC,2014B,511473,P3,F2,0.0,0.56284523
CCC,2014B,511657,P3,F2,1.0,0.5815901
CCC,2014B,512353,P3,F2,1.0,0.60900074
CCC,2014B,512475,P3,F2,0.0,0.44740275
CCC,2014B,512582,P3,F2,1.0,0.5355934
CCC,2014B,513638,P3,F2,0.0,0.53810596
CCC,2014B,513934,P3,F2,1.0,0.55063415
CCC,2014B,514000,P3,F2,1.0,0.53018606
CCC,2014B,514186,P3,F2,1.0,0.60294193
CCC,2014B,515046,P3,F2,0.0,0.4794641
CCC,2014B,515107,P3,F2,0.0,0.5516873
CCC,2014B,515278,P3,F2,1.0,0.57956356
CCC,2014B,515515,P3,F2,1.0,0.48270833
CCC,2014B,515774,P3,F2,0.0,0.53835535
CCC,2014B,515936,P3,F2,1.0,0.6404622
CCC,2014B,516024,P3,F2,0.0,0.58567715
CCC,2014B,516238,P3,F2,0.0,0.5018081
CCC,2014B,516496,P3,F2,0.0,0.52715445
CCC,2014B,516685,P3,F2,1.0,0.60149604
CCC,2014B,516726,P3,F2,0.0,0.6260985
CCC,2014B,517999,P3,F2,0.0,0.44705606
CCC,2014B,518116,P3,F2,1.0,0.6414913
CCC,2014B,518363,P3,F2,0.0,0.5563299
CCC,2014B,518862,P3,F2,0.0,0.53506917
CCC,2014B,519544,P3,F2,0.0,0.5723017
CCC,2014B,519589,P3,F2,1.0,0.6029696
CCC,2014B,520377,P3,F2,0.0,0.56824446
CCC,2014B,520588,P3,F2,1.0,0.55065995
CCC,2014B,521051,P3,F2,0.0,0.56195396
CCC,2014B,521297,P3,F2,0.0,0.59969455
CCC,2014B,521542,P3,F2,1.0,0.6414913
CCC,2014B,521614,P3,F2,0.0,0.4265548
CCC,2014B,522312,P3,F2,0.0,0.42729908
CCC,2014B,522484,P3,F2,1.0,0.6056946
CCC,2014B,522682,P3,F2,1.0,0.6414913
CCC,2014B,523061,P3,F2,0.0,0.55398273
CCC,2014B,523079,P3,F2,0.0,0.4910896
CCC,2014B,523239,P3,F2,1.0,0.5997142
CCC,2014B,523335,P3,F2,1.0,0.60651463
CCC,2014B,523710,P3,F2,1.0,0.60701495
CCC,2014B,524128,P3,F2,0.0,0.5277421
CCC,2014B,524295,P3,F2,0.0,0.54758495
CCC,2014B,524378,P3,F2,0.0,0.47488344
CCC,2014B,524386,P3,F2,1.0,0.5430175
CCC,2014B,525332,P3,F2,1.0,0.6080784
CCC,2014B,525832,P3,F2,0.0,0.41942298
CCC,2014B,526073,P3,F2,1.0,0.60951734
CCC,2014B,526235,P3,F2,1.0,0.60820174
CCC,2014B,526547,P3,F2,1.0,0.601144
CCC,2014B,526564,P3,F2,1.0,0.4274527
CCC,2014B,526876,P3,F2,1.0,0.46091384
CCC,2014B,526927,P3,F2,0.0,0.45457682
CCC,2014B,527771,P3,F2,1.0,0.5473976
CCC,2014B,527826,P3,F2,0.0,0.42861125
CCC,2014B,527964,P3,F2,0.0,0.48949894
CCC,2014B,528021,P3,F2,1.0,0.61226034
CCC,2014B,528023,P3,F2,1.0,0.6114494
CCC,2014B,528066,P3,F2,0.0,0.565182
CCC,2014B,528892,P3,F2,0.0,0.5997153
CCC,2014B,529025,P3,F2,0.0,0.5950509
CCC,2014B,529073,P3,F2,1.0,0.6090963
CCC,2014B,529078,P3,F2,1.0,0.5073172
CCC,2014B,529153,P3,F2,1.0,0.61380464
CCC,2014B,529434,P3,F2,0.0,0.5592023
CCC,2014B,530113,P3,F2,1.0,0.54664534
CCC,2014B,530481,P3,F2,1.0,0.6414913
CCC,2014B,530650,P3,F2,0.0,0.5184098
CCC,2014B,530936,P3,F2,1.0,0.60817266
CCC,2014B,531047,P3,F2,1.0,0.60897046
CCC,2014B,531075,P3,F2,1.0,0.6414913
CCC,2014B,532020,P3,F2,0.0,0.54929674
CCC,2014B,532350,P3,F2,0.0,0.5175592
CCC,2014B,532531,P3,F2,1.0,0.6400902
CCC,2014B,532565,P3,F2,1.0,0.6006209
CCC,2014B,532718,P3,F2,0.0,0.51874256
CCC,2014B,532859,P3,F2,1.0,0.6092436
CCC,2014B,533004,P3,F2,1.0,0.6343901
CCC,2014B,534074,P3,F2,1.0,0.6363064
CCC,2014B,535047,P3,F2,0.0,0.60717046
CCC,2014B,535682,P3,F2,1.0,0.61586714
CCC,2014B,536032,P3,F2,1.0,0.61230224
CCC,2014B,536170,P3,F2,0.0,0.42097038
CCC,2014B,536261,P3,F2,0.0,0.6414913
CCC,2014B,536435,P3,F2,1.0,0.4995955
CCC,2014B,536536,P3,F2,1.0,0.61586714
CCC,2014B,537322,P3,F2,0.0,0.55478555
CCC,2014B,537603,P3,F2,1.0,0.6050268
CCC,2014B,537606,P3,F2,1.0,0.50997216
CCC,2014B,537622,P3,F2,1.0,0.53853
CCC,2014B,537654,P3,F2,1.0,0.602069
CCC,2014B,537658,P3,F2,1.0,0.6414913
CCC,2014B,538887,P3,F2,1.0,0.5437145
CCC,2014B,539328,P3,F2,1.0,0.53657705
CCC,2014B,539514,P3,F2,1.0,0.47434193
CCC,2014B,539784,P3,F2,0.0,0.4410261
CCC,2014B,539971,P3,F2,0.0,0.59792405
CCC,2014B,540686,P3,F2,0.0,0.4623143
CCC,2014B,541003,P3,F2,1.0,0.5763735
CCC,2014B,541184,P3,F2,1.0,0.61583316
CCC,2014B,542050,P3,F2,1.0,0.56932503
CCC,2014B,542721,P3,F2,1.0,0.6414913
CCC,2014B,543170,P3,F2,0.0,0.52279615
CCC,2014B,543417,P3,F2,1.0,0.60950947
CCC,2014B,543475,P3,F2,1.0,0.5972985
CCC,2014B,543678,P3,F2,0.0,0.53556323
CCC,2014B,543924,P3,F2,1.0,0.6414913
CCC,2014B,543948,P3,F2,0.0,0.48360777
CCC,2014B,544090,P3,F2,1.0,0.47548932
CCC,2014B,544467,P3,F2,1.0,0.60575134
CCC,2014B,544490,P3,F2,0.0,0.56412077
CCC,2014B,544594,P3,F2,0.0,0.4078704
CCC,2014B,544791,P3,F2,1.0,0.61139584
CCC,2014B,544839,P3,F2,0.0,0.44243807
CCC,2014B,545045,P3,F2,1.0,0.60873103
CCC,2014B,545740,P3,F2,0.0,0.4825625
CCC,2014B,545747,P3,F2,0.0,0.4274468
CCC,2014B,546400,P3,F2,1.0,0.6414913
CCC,2014B,546675,P3,F2,1.0,0.614256
CCC,2014B,547287,P3,F2,0.0,0.4247449
CCC,2014B,547332,P3,F2,1.0,0.42057618
CCC,2014B,547413,P3,F2,1.0,0.5810965
CCC,2014B,547571,P3,F2,1.0,0.5493894
CCC,2014B,547986,P3,F2,1.0,0.61379725
CCC,2014B,548261,P3,F2,1.0,0.5494211
CCC,2014B,548383,P3,F2,1.0,0.6363064
CCC,2014B,548386,P3,F2,0.0,0.49592143
CCC,2014B,548509,P3,F2,0.0,0.43211898
CCC,2014B,548602,P3,F2,0.0,0.5175139
CCC,2014B,548677,P3,F2,0.0,0.525101
CCC,2014B,548764,P3,F2,1.0,0.5139091
CCC,2014B,548854,P3,F2,0.0,0.63782704
CCC,2014B,549636,P3,F2,1.0,0.46772832
CCC,2014B,549928,P3,F2,1.0,0.6414913
CCC,2014B,549951,P3,F2,0.0,0.52817154
CCC,2014B,550092,P3,F2,1.0,0.60223186
CCC,2014B,550545,P3,F2,1.0,0.5075007
CCC,2014B,550812,P3,F2,1.0,0.6111458
CCC,2014B,550893,P3,F2,1.0,0.6414913
CCC,2014B,551115,P3,F2,0.0,0.43928272
CCC,2014B,551267,P3,F2,0.0,0.5746858
CCC,2014B,551304,P3,F2,0.0,0.5348417
CCC,2014B,551478,P3,F2,0.0,0.47137344
CCC,2014B,551528,P3,F2,1.0,0.5992385
CCC,2014B,551604,P3,F2,1.0,0.5529327
CCC,2014B,551856,P3,F2,1.0,0.6042673
CCC,2014B,551902,P3,F2,1.0,0.5954638
CCC,2014B,552166,P3,F2,1.0,0.59684384
CCC,2014B,552441,P3,F2,0.0,0.44597477
CCC,2014B,552498,P3,F2,1.0,0.55435175
CCC,2014B,552590,P3,F2,1.0,0.6108082
CCC,2014B,552913,P3,F2,0.0,0.58573896
CCC,2014B,553021,P3,F2,0.0,0.4314819
CCC,2014B,553280,P3,F2,0.0,0.5110488
CCC,2014B,553394,P3,F2,0.0,0.43454835
CCC,2014B,553410,P3,F2,1.0,0.5196879
CCC,2014B,553655,P3,F2,0.0,0.53487915
CCC,2014B,553741,P3,F2,1.0,0.5771828
CCC,2014B,554141,P3,F2,0.0,0.54829067
CCC,2014B,554205,P3,F2,1.0,0.44145086
CCC,2014B,554583,P3,F2,0.0,0.59906435
CCC,2014B,554870,P3,F2,0.0,0.6105632
CCC,2014B,554951,P3,F2,0.0,0.58460104
CCC,2014B,555008,P3,F2,0.0,0.43403032
CCC,2014B,555368,P3,F2,1.0,0.5924098
CCC,2014B,555604,P3,F2,0.0,0.59734386
CCC,2014B,555706,P3,F2,0.0,0.5150249
CCC,2014B,555953,P3,F2,1.0,0.6091449
CCC,2014B,556042,P3,F2,1.0,0.61346644
CCC,2014B,556109,P3,F2,1.0,0.57822734
CCC,2014B,556246,P3,F2,0.0,0.46398473
CCC,2014B,556295,P3,F2,0.0,0.46883836
CCC,2014B,556521,P3,F2,1.0,0.60792106
CCC,2014B,556584,P3,F2,0.0,0.50923467
CCC,2014B,556587,P3,F2,1.0,0.6217176
CCC,2014B,556858,P3,F2,0.0,0.6017072
CCC,2014B,556918,P3,F2,1.0,0.5103634
CCC,2014B,557172,P3,F2,1.0,0.6414913
CCC,2014B,557700,P3,F2,1.0,0.5824614
CCC,2014B,557995,P3,F2,1.0,0.5856365
CCC,2014B,558122,P3,F2,1.0,0.6363064
CCC,2014B,558444,P3,F2,1.0,0.6414913
CCC,2014B,558471,P3,F2,1.0,0.48548827
CCC,2014B,558518,P3,F2,0.0,0.5662371
CCC,2014B,558616,P3,F2,0.0,0.5984696
CCC,2014B,558914,P3,F2,1.0,0.5937254
CCC,2014B,559157,P3,F2,1.0,0.6156474
CCC,2014B,559469,P3,F2,1.0,0.6414913
CCC,2014B,559706,P3,F2,0.0,0.6157711
CCC,2014B,559770,P3,F2,0.0,0.5397606
CCC,2014B,559912,P3,F2,1.0,0.6285245
CCC,2014B,559977,P3,F2,1.0,0.6405693
CCC,2014B,560114,P3,F2,0.0,0.5968826
CCC,2014B,560311,P3,F2,0.0,0.45164895
CCC,2014B,560494,P3,F2,0.0,0.4502339
CCC,2014B,560784,P3,F2,1.0,0.56185323
CCC,2014B,560951,P3,F2,1.0,0.57879996
CCC,2014B,561363,P3,F2,0.0,0.58281106
CCC,2014B,561559,P3,F2,0.0,0.44999418
CCC,2014B,561774,P3,F2,0.0,0.45817095
CCC,2014B,562450,P3,F2,0.0,0.49074727
CCC,2014B,562585,P3,F2,1.0,0.5967064
CCC,2014B,562825,P3,F2,0.0,0.55576384
CCC,2014B,563046,P3,F2,0.0,0.57273024
CCC,2014B,563631,P3,F2,1.0,0.6102294
CCC,2014B,563819,P3,F2,0.0,0.6414913
CCC,2014B,563967,P3,F2,1.0,0.6041371
CCC,2014B,564700,P3,F2,1.0,0.6112941
CCC,2014B,565399,P3,F2,0.0,0.41876215
CCC,2014B,565838,P3,F2,1.0,0.5589535
CCC,2014B,565883,P3,F2,1.0,0.592417
CCC,2014B,566185,P3,F2,1.0,0.57521504
CCC,2014B,566310,P3,F2,0.0,0.54340374
CCC,2014B,566428,P3,F2,0.0,0.5340589
CCC,2014B,566664,P3,F2,1.0,0.63625956
CCC,2014B,566670,P3,F2,0.0,0.5651553
CCC,2014B,566715,P3,F2,0.0,0.4886009
CCC,2014B,566871,P3,F2,1.0,0.47176436
CCC,2014B,566872,P3,F2,1.0,0.57246464
CCC,2014B,568047,P3,F2,1.0,0.57383645
CCC,2014B,568084,P3,F2,0.0,0.47726217
CCC,2014B,569080,P3,F2,0.0,0.43432155
CCC,2014B,569108,P3,F2,0.0,0.47351393
CCC,2014B,569342,P3,F2,1.0,0.63414234
CCC,2014B,569609,P3,F2,0.0,0.605811
CCC,2014B,569712,P3,F2,1.0,0.5514072
CCC,2014B,570113,P3,F2,1.0,0.60999835
CCC,2014B,570410,P3,F2,0.0,0.5673336
CCC,2014B,570514,P3,F2,1.0,0.595211
CCC,2014B,570872,P3,F2,0.0,0.6017045
CCC,2014B,570967,P3,F2,0.0,0.50238633
CCC,2014B,571025,P3,F2,1.0,0.5195101
CCC,2014B,571129,P3,F2,0.0,0.39339763
CCC,2014B,571233,P3,F2,1.0,0.5397279
CCC,2014B,571389,P3,F2,1.0,0.6081246
CCC,2014B,571571,P3,F2,0.0,0.4842747
CCC,2014B,571595,P3,F2,1.0,0.6375803
CCC,2014B,571776,P3,F2,0.0,0.43537053
CCC,2014B,571992,P3,F2,1.0,0.6060649
CCC,2014B,572036,P3,F2,0.0,0.53871036
CCC,2014B,572279,P3,F2,1.0,0.6414913
CCC,2014B,572303,P3,F2,0.0,0.5981608
CCC,2014B,572382,P3,F2,1.0,0.6032663
CCC,2014B,572401,P3,F2,1.0,0.61216116
CCC,2014B,572438,P3,F2,0.0,0.41960928
CCC,2014B,572570,P3,F2,0.0,0.48831666
CCC,2014B,572854,P3,F2,0.0,0.44568846
CCC,2014B,572891,P3,F2,0.0,0.5708517
CCC,2014B,573153,P3,F2,1.0,0.6091219
CCC,2014B,573166,P3,F2,1.0,0.5270568
CCC,2014B,573197,P3,F2,1.0,0.6097957
CCC,2014B,573377,P3,F2,0.0,0.5434104
CCC,2014B,573440,P3,F2,0.0,0.5285785
CCC,2014B,573558,P3,F2,0.0,0.6052904
CCC,2014B,573662,P3,F2,1.0,0.6053888
CCC,2014B,573696,P3,F2,1.0,0.546583
CCC,2014B,573697,P3,F2,1.0,0.6363064
CCC,2014B,573701,P3,F2,1.0,0.6414913
CCC,2014B,574221,P3,F2,0.0,0.47845876
CCC,2014B,574283,P3,F2,1.0,0.5356336
CCC,2014B,574529,P3,F2,1.0,0.60725373
CCC,2014B,574551,P3,F2,1.0,0.5420287
CCC,2014B,574580,P3,F2,1.0,0.6414913
CCC,2014B,574663,P3,F2,1.0,0.63905936
CCC,2014B,574817,P3,F2,0.0,0.52561
CCC,2014B,575166,P3,F2,1.0,0.52093214
CCC,2014B,575545,P3,F2,1.0,0.45420584
CCC,2014B,575733,P3,F2,0.0,0.51446927
CCC,2014B,575745,P3,F2,0.0,0.50946647
CCC,2014B,575824,P3,F2,0.0,0.4274987
CCC,2014B,575967,P3,F2,0.0,0.49525526
CCC,2014B,576191,P3,F2,1.0,0.57309633
CCC,2014B,576383,P3,F2,0.0,0.3962001
CCC,2014B,576413,P3,F2,0.0,0.43547016
CCC,2014B,576475,P3,F2,0.0,0.53873783
CCC,2014B,576516,P3,F2,1.0,0.5667966
CCC,2014B,576780,P3,F2,0.0,0.42690942
CCC,2014B,576782,P3,F2,1.0,0.5130432
CCC,2014B,577035,P3,F2,0.0,0.47912386
CCC,2014B,577236,P3,F2,0.0,0.4286032
CCC,2014B,577245,P3,F2,1.0,0.5488186
CCC,2014B,577273,P3,F2,1.0,0.5845053
CCC,2014B,577352,P3,F2,1.0,0.6414913
CCC,2014B,577414,P3,F2,0.0,0.5348698
CCC,2014B,577427,P3,F2,1.0,0.6414913
CCC,2014B,577502,P3,F2,0.0,0.4802629
CCC,2014B,577686,P3,F2,1.0,0.5417521
CCC,2014B,578034,P3,F2,1.0,0.53356165
CCC,2014B,578189,P3,F2,0.0,0.529228
CCC,2014B,578450,P3,F2,1.0,0.5574374
CCC,2014B,578541,P3,F2,1.0,0.610432
CCC,2014B,578655,P3,F2,0.0,0.549435
CCC,2014B,578823,P3,F2,1.0,0.6414913
CCC,2014B,578850,P3,F2,0.0,0.49760577
CCC,2014B,578958,P3,F2,0.0,0.58277243
CCC,2014B,579027,P3,F2,1.0,0.6363064
CCC,2014B,579321,P3,F2,1.0,0.6414913
CCC,2014B,579340,P3,F2,1.0,0.5390603
CCC,2014B,579343,P3,F2,0.0,0.518568
CCC,2014B,579372,P3,F2,1.0,0.6414913
CCC,2014B,579550,P3,F2,0.0,0.48907816
CCC,2014B,580511,P3,F2,1.0,0.5766966
CCC,2014B,580525,P3,F2,0.0,0.5541395
CCC,2014B,580689,P3,F2,1.0,0.6003097
CCC,2014B,580768,P3,F2,1.0,0.6158124
CCC,2014B,580779,P3,F2,0.0,0.49381423
CCC,2014B,581123,P3,F2,1.0,0.60653925
CCC,2014B,581328,P3,F2,1.0,0.6414913
CCC,2014B,581611,P3,F2,0.0,0.4784982
CCC,2014B,581614,P3,F2,0.0,0.60469997
CCC,2014B,581744,P3,F2,1.0,0.6097957
CCC,2014B,582087,P3,F2,1.0,0.549777
CCC,2014B,582108,P3,F2,1.0,0.47316927
CCC,2014B,582827,P3,F2,1.0,0.62262684
CCC,2014B,582879,P3,F2,0.0,0.6043314
CCC,2014B,582950,P3,F2,0.0,0.5664281
CCC,2014B,583032,P3,F2,0.0,0.45155
CCC,2014B,583052,P3,F2,0.0,0.46275604
CCC,2014B,583192,P3,F2,0.0,0.48161256
CCC,2014B,583906,P3,F2,0.0,0.40850016
CCC,2014B,584077,P3,F2,1.0,0.5721165
CCC,2014B,584191,P3,F2,0.0,0.5945332
CCC,2014B,584446,P3,F2,0.0,0.60305274
CCC,2014B,584756,P3,F2,1.0,0.6414913
CCC,2014B,584771,P3,F2,1.0,0.5745129
CCC,2014B,584940,P3,F2,0.0,0.4930251
CCC,2014B,585057,P3,F2,0.0,0.5445659
CCC,2014B,585093,P3,F2,0.0,0.434835
CCC,2014B,585383,P3,F2,0.0,0.51387584
CCC,2014B,585393,P3,F2,0.0,0.4265548
CCC,2014B,585397,P3,F2,0.0,0.5375069
CCC,2014B,585455,P3,F2,0.0,0.47814518
CCC,2014B,585681,P3,F2,1.0,0.5723138
CCC,2014B,585695,P3,F2,0.0,0.5140126
CCC,2014B,585709,P3,F2,0.0,0.42905945
CCC,2014B,585769,P3,F2,1.0,0.4535383
CCC,2014B,585900,P3,F2,1.0,0.5177391
CCC,2014B,586060,P3,F2,1.0,0.6414913
CCC,2014B,586132,P3,F2,1.0,0.6367445
CCC,2014B,586436,P3,F2,1.0,0.6414913
CCC,2014B,586473,P3,F2,1.0,0.6414913
CCC,2014B,586526,P3,F2,1.0,0.6414913
CCC,2014B,586716,P3,F2,1.0,0.6006283
CCC,2014B,586921,P3,F2,1.0,0.5991631
CCC,2014B,587585,P3,F2,1.0,0.6414913
CCC,2014B,587621,P3,F2,1.0,0.60575134
CCC,2014B,587783,P3,F2,0.0,0.47395837
CCC,2014B,587906,P3,F2,0.0,0.53959554
CCC,2014B,587911,P3,F2,0.0,0.43735632
CCC,2014B,588219,P3,F2,1.0,0.5706468
CCC,2014B,588274,P3,F2,0.0,0.39125153
CCC,2014B,588402,P3,F2,1.0,0.54595524
CCC,2014B,588430,P3,F2,0.0,0.5708397
CCC,2014B,588460,P3,F2,1.0,0.54852694
CCC,2014B,588464,P3,F2,1.0,0.5629355
CCC,2014B,588473,P3,F2,0.0,0.49817422
CCC,2014B,588524,P3,F2,0.0,0.6053546
CCC,2014B,588590,P3,F2,1.0,0.57143927
CCC,2014B,588676,P3,F2,0.0,0.5723998
CCC,2014B,588707,P3,F2,0.0,0.49649277
CCC,2014B,588710,P3,F2,1.0,0.6063415
CCC,2014B,588846,P3,F2,1.0,0.5436604
CCC,2014B,588956,P3,F2,0.0,0.575036
CCC,2014B,589327,P3,F2,1.0,0.603718
CCC,2014B,589390,P3,F2,0.0,0.47606012
CCC,2014B,589525,P3,F2,0.0,0.44618005
CCC,2014B,589722,P3,F2,1.0,0.61583316
CCC,2014B,589894,P3,F2,1.0,0.53964937
CCC,2014B,590072,P3,F2,1.0,0.6414913
CCC,2014B,590762,P3,F2,1.0,0.638613
CCC,2014B,590877,P3,F2,1.0,0.6055553
CCC,2014B,590914,P3,F2,1.0,0.56524014
CCC,2014B,590961,P3,F2,1.0,0.5769044
CCC,2014B,590974,P3,F2,1.0,0.5563688
CCC,2014B,591375,P3,F2,0.0,0.46319282
CCC,2014B,591388,P3,F2,0.0,0.43021786
CCC,2014B,591566,P3,F2,1.0,0.6068188
CCC,2014B,591619,P3,F2,1.0,0.55239373
CCC,2014B,591655,P3,F2,1.0,0.61484784
CCC,2014B,591719,P3,F2,1.0,0.6414913
CCC,2014B,591738,P3,F2,1.0,0.49495605
CCC,2014B,591958,P3,F2,0.0,0.4879515
CCC,2014B,592007,P3,F2,1.0,0.59875476
CCC,2014B,592051,P3,F2,1.0,0.5688713
CCC,2014B,592093,P3,F2,1.0,0.5789448
CCC,2014B,592151,P3,F2,0.0,0.4910609
CCC,2014B,592158,P3,F2,1.0,0.5884207
CCC,2014B,592259,P3,F2,1.0,0.5064796
CCC,2014B,592429,P3,F2,1.0,0.6363064
CCC,2014B,592609,P3,F2,1.0,0.597169
CCC,2014B,592775,P3,F2,0.0,0.5491396
CCC,2014B,592776,P3,F2,0.0,0.48621878
CCC,2014B,592842,P3,F2,1.0,0.6363064
CCC,2014B,592876,P3,F2,1.0,0.6363064
CCC,2014B,592939,P3,F2,1.0,0.5989836
CCC,2014B,592961,P3,F2,0.0,0.41426468
CCC,2014B,592976,P3,F2,0.0,0.4965421
CCC,2014B,593071,P3,F2,1.0,0.6337303
CCC,2014B,593103,P3,F2,0.0,0.48913372
CCC,2014B,593123,P3,F2,1.0,0.5470746
CCC,2014B,593305,P3,F2,0.0,0.608029
CCC,2014B,593787,P3,F2,1.0,0.6414913
CCC,2014B,593823,P3,F2,0.0,0.42632818
CCC,2014B,593972,P3,F2,0.0,0.48459595
CCC,2014B,593995,P3,F2,0.0,0.41694796
CCC,2014B,594044,P3,F2,0.0,0.44207406
CCC,2014B,594111,P3,F2,1.0,0.6381512
CCC,2014B,594157,P3,F2,0.0,0.57584256
CCC,2014B,594193,P3,F2,1.0,0.5591851
CCC,2014B,594246,P3,F2,1.0,0.52851665
CCC,2014B,594371,P3,F2,0.0,0.51307577
CCC,2014B,594851,P3,F2,1.0,0.6414913
CCC,2014B,595164,P3,F2,0.0,0.51063025
CCC,2014B,595182,P3,F2,0.0,0.462652
CCC,2014B,595189,P3,F2,0.0,0.439728
CCC,2014B,595324,P3,F2,1.0,0.6414913
CCC,2014B,595356,P3,F2,1.0,0.6391461
CCC,2014B,595492,P3,F2,1.0,0.6414913
CCC,2014B,595514,P3,F2,1.0,0.5589288
CCC,2014B,595659,P3,F2,0.0,0.5756202
CCC,2014B,595685,P3,F2,1.0,0.6102294
CCC,2014B,595781,P3,F2,1.0,0.60672396
CCC,2014B,595797,P3,F2,0.0,0.52426124
CCC,2014B,595847,P3,F2,0.0,0.55356985
CCC,2014B,595986,P3,F2,0.0,0.5708183
CCC,2014B,596035,P3,F2,1.0,0.45077267
CCC,2014B,596157,P3,F2,0.0,0.5435968
CCC,2014B,596321,P3,F2,1.0,0.6414913
CCC,2014B,596432,P3,F2,1.0,0.6414913
CCC,2014B,596731,P3,F2,0.0,0.59528047
CCC,2014B,596903,P3,F2,0.0,0.5451207
CCC,2014B,596947,P3,F2,1.0,0.6093374
CCC,2014B,597181,P3,F2,1.0,0.6414913
CCC,2014B,597403,P3,F2,0.0,0.54690254
CCC,2014B,597817,P3,F2,1.0,0.6400902
CCC,2014B,597926,P3,F2,0.0,0.5415947
CCC,2014B,598074,P3,F2,1.0,0.48538715
CCC,2014B,598113,P3,F2,0.0,0.5251797
CCC,2014B,598321,P3,F2,0.0,0.5899355
CCC,2014B,598662,P3,F2,0.0,0.53638023
CCC,2014B,598666,P3,F2,1.0,0.6414913
CCC,2014B,598860,P3,F2,0.0,0.39884907
CCC,2014B,598924,P3,F2,1.0,0.6414913
CCC,2014B,599263,P3,F2,1.0,0.55709296
CCC,2014B,599275,P3,F2,1.0,0.6367445
CCC,2014B,599542,P3,F2,1.0,0.5829212
CCC,2014B,599615,P3,F2,1.0,0.6414913
CCC,2014B,599857,P3,F2,0.0,0.52125114
CCC,2014B,599893,P3,F2,1.0,0.637088
CCC,2014B,599902,P3,F2,1.0,0.6414913
CCC,2014B,599937,P3,F2,1.0,0.60663575
CCC,2014B,599942,P3,F2,1.0,0.63720703
CCC,2014B,599958,P3,F2,0.0,0.56382
CCC,2014B,600073,P3,F2,0.0,0.4428274
CCC,2014B,600094,P3,F2,1.0,0.57246464
CCC,2014B,600142,P3,F2,1.0,0.60989994
CCC,2014B,600181,P3,F2,1.0,0.60478216
CCC,2014B,600335,P3,F2,0.0,0.586779
CCC,2014B,600509,P3,F2,1.0,0.6414913
CCC,2014B,600547,P3,F2,1.0,0.53301996
CCC,2014B,600632,P3,F2,0.0,0.47374272
CCC,2014B,600859,P3,F2,1.0,0.6363064
CCC,2014B,600945,P3,F2,0.0,0.44126007
CCC,2014B,600975,P3,F2,1.0,0.6105128
CCC,2014B,600987,P3,F2,0.0,0.5402282
CCC,2014B,601021,P3,F2,1.0,0.63119406
CCC,2014B,601175,P3,F2,1.0,0.60725373
CCC,2014B,601224,P3,F2,0.0,0.54098153
CCC,2014B,601550,P3,F2,0.0,0.5388839
CCC,2014B,601731,P3,F2,1.0,0.6414913
CCC,2014B,601757,P3,F2,1.0,0.5632037
CCC,2014B,601872,P3,F2,0.0,0.44734928
CCC,2014B,601949,P3,F2,0.0,0.5964804
CCC,2014B,602030,P3,F2,1.0,0.55247116
CCC,2014B,602042,P3,F2,0.0,0.50081676
CCC,2014B,602107,P3,F2,1.0,0.5063034
CCC,2014B,602133,P3,F2,0.0,0.5490448
CCC,2014B,602269,P3,F2,1.0,0.55292
CCC,2014B,602398,P3,F2,1.0,0.54780495
CCC,2014B,602585,P3,F2,1.0,0.6400902
CCC,2014B,602703,P3,F2,1.0,0.6006623
CCC,2014B,602718,P3,F2,1.0,0.5981608
CCC,2014B,602902,P3,F2,0.0,0.5288804
CCC,2014B,602913,P3,F2,0.0,0.60064644
CCC,2014B,603053,P3,F2,1.0,0.6414913
CCC,2014B,603222,P3,F2,1.0,0.6154557
CCC,2014B,603239,P3,F2,1.0,0.6414913
CCC,2014B,603477,P3,F2,0.0,0.59730947
CCC,2014B,603498,P3,F2,1.0,0.6414913
CCC,2014B,603639,P3,F2,1.0,0.5693248
CCC,2014B,603791,P3,F2,1.0,0.6414913
CCC,2014B,603832,P3,F2,1.0,0.605132
CCC,2014B,603859,P3,F2,0.0,0.50432163
CCC,2014B,604164,P3,F2,1.0,0.4726688
CCC,2014B,604517,P3,F2,0.0,0.54958194
CCC,2014B,604571,P3,F2,0.0,0.52525306
CCC,2014B,604655,P3,F2,1.0,0.6080155
CCC,2014B,604723,P3,F2,0.0,0.6414913
CCC,2014B,604997,P3,F2,0.0,0.51000893
CCC,2014B,605144,P3,F2,0.0,0.4942192
CCC,2014B,605180,P3,F2,1.0,0.61119896
CCC,2014B,605266,P3,F2,0.0,0.46984896
CCC,2014B,605571,P3,F2,0.0,0.43269047
CCC,2014B,605688,P3,F2,0.0,0.47347555
CCC,2014B,605703,P3,F2,0.0,0.555044
CCC,2014B,606206,P3,F2,1.0,0.63414234
CCC,2014B,606282,P3,F2,0.0,0.5497957
CCC,2014B,606350,P3,F2,1.0,0.60705686
CCC,2014B,606444,P3,F2,0.0,0.5200699
CCC,2014B,606665,P3,F2,1.0,0.58313173
CCC,2014B,606724,P3,F2,0.0,0.5748755
CCC,2014B,606828,P3,F2,1.0,0.6405693
CCC,2014B,606930,P3,F2,1.0,0.6414913
CCC,2014B,607052,P3,F2,0.0,0.5582612
CCC,2014B,607061,P3,F2,0.0,0.5097896
CCC,2014B,607411,P3,F2,1.0,0.5076474
CCC,2014B,607636,P3,F2,0.0,0.60206795
CCC,2014B,607835,P3,F2,0.0,0.4372138
CCC,2014B,607927,P3,F2,1.0,0.54789495
CCC,2014B,607966,P3,F2,1.0,0.54543114
CCC,2014B,608130,P3,F2,1.0,0.60568786
CCC,2014B,608152,P3,F2,1.0,0.59424335
CCC,2014B,608243,P3,F2,0.0,0.5088287
CCC,2014B,608464,P3,F2,0.0,0.5398052
CCC,2014B,608472,P3,F2,1.0,0.56572145
CCC,2014B,608504,P3,F2,1.0,0.5347357
CCC,2014B,608577,P3,F2,1.0,0.5419087
CCC,2014B,608735,P3,F2,0.0,0.5694616
CCC,2014B,608753,P3,F2,1.0,0.6071228
CCC,2014B,608904,P3,F2,0.0,0.5147672
CCC,2014B,609025,P3,F2,1.0,0.6391461
CCC,2014B,609045,P3,F2,0.0,0.4424755
CCC,2014B,609192,P3,F2,1.0,0.56946874
CCC,2014B,609229,P3,F2,0.0,0.39111048
CCC,2014B,609489,P3,F2,1.0,0.6032102
CCC,2014B,609515,P3,F2,0.0,0.48000777
CCC,2014B,609602,P3,F2,0.0,0.43879652
CCC,2014B,609645,P3,F2,1.0,0.60294193
CCC,2014B,610099,P3,F2,0.0,0.47458667
CCC,2014B,610158,P3,F2,1.0,0.6414913
CCC,2014B,610287,P3,F2,1.0,0.5583385
CCC,2014B,610391,P3,F2,1.0,0.46117774
CCC,2014B,610575,P3,F2,0.0,0.5573784
CCC,2014B,610577,P3,F2,1.0,0.60692513
CCC,2014B,610718,P3,F2,1.0,0.6414913
CCC,2014B,610831,P3,F2,1.0,0.6414913
CCC,2014B,611062,P3,F2,1.0,0.6064342
CCC,2014B,611176,P3,F2,0.0,0.46521056
CCC,2014B,611260,P3,F2,0.0,0.5311847
CCC,2014B,611402,P3,F2,0.0,0.63409764
CCC,2014B,611865,P3,F2,1.0,0.6414913
CCC,2014B,612023,P3,F2,1.0,0.6131085
CCC,2014B,612119,P3,F2,0.0,0.5154427
CCC,2014B,612287,P3,F2,1.0,0.6114021
CCC,2014B,612381,P3,F2,1.0,0.6348966
CCC,2014B,612644,P3,F2,0.0,0.55446106
CCC,2014B,612673,P3,F2,1.0,0.54267204
CCC,2014B,612814,P3,F2,0.0,0.4501671
CCC,2014B,612882,P3,F2,1.0,0.55021703
CCC,2014B,613116,P3,F2,1.0,0.6414913
CCC,2014B,613133,P3,F2,0.0,0.47200087
CCC,2014B,613310,P3,F2,1.0,0.4973268
CCC,2014B,613387,P3,F2,1.0,0.6363064
CCC,2014B,613417,P3,F2,1.0,0.6414913
CCC,2014B,613461,P3,F2,1.0,0.48092514
CCC,2014B,613501,P3,F2,0.0,0.45764655
CCC,2014B,614059,P3,F2,0.0,0.6348966
CCC,2014B,614263,P3,F2,1.0,0.5512527
CCC,2014B,614477,P3,F2,1.0,0.5254675
CCC,2014B,614733,P3,F2,1.0,0.6414913
CCC,2014B,614804,P3,F2,1.0,0.49802637
CCC,2014B,614844,P3,F2,0.0,0.4507925
CCC,2014B,614952,P3,F2,1.0,0.607728
CCC,2014B,615031,P3,F2,0.0,0.51155406
CCC,2014B,615229,P3,F2,0.0,0.47029707
CCC,2014B,615246,P3,F2,1.0,0.60933715
CCC,2014B,615249,P3,F2,0.0,0.48652768
CCC,2014B,615321,P3,F2,1.0,0.6096761
CCC,2014B,615407,P3,F2,1.0,0.6322405
CCC,2014B,615437,P3,F2,0.0,0.443374
CCC,2014B,616333,P3,F2,1.0,0.6414913
CCC,2014B,616334,P3,F2,1.0,0.63006634
CCC,2014B,616407,P3,F2,1.0,0.4770286
CCC,2014B,616831,P3,F2,0.0,0.57823706
CCC,2014B,617186,P3,F2,1.0,0.6414913
CCC,2014B,617331,P3,F2,1.0,0.56502557
CCC,2014B,617348,P3,F2,0.0,0.48872158
CCC,2014B,617355,P3,F2,0.0,0.52361816
CCC,2014B,617365,P3,F2,0.0,0.6400902
CCC,2014B,617416,P3,F2,0.0,0.5990444
CCC,2014B,617781,P3,F2,0.0,0.5909507
CCC,2014B,617898,P3,F2,1.0,0.6414913
CCC,2014B,617942,P3,F2,1.0,0.49939254
CCC,2014B,618002,P3,F2,1.0,0.5778013
CCC,2014B,618096,P3,F2,0.0,0.44266772
CCC,2014B,618129,P3,F2,0.0,0.6098035
CCC,2014B,618279,P3,F2,1.0,0.6095589
CCC,2014B,618571,P3,F2,0.0,0.44725895
CCC,2014B,618619,P3,F2,1.0,0.6414913
CCC,2014B,618665,P3,F2,1.0,0.5847344
CCC,2014B,618679,P3,F2,1.0,0.5507799
CCC,2014B,618824,P3,F2,0.0,0.49453434
CCC,2014B,619006,P3,F2,1.0,0.59734386
CCC,2014B,619014,P3,F2,0.0,0.5088049
CCC,2014B,619303,P3,F2,0.0,0.4401267
CCC,2014B,619447,P3,F2,0.0,0.47476083
CCC,2014B,619870,P3,F2,0.0,0.4420036
CCC,2014B,620148,P3,F2,1.0,0.5608525
CCC,2014B,620266,P3,F2,1.0,0.5938572
CCC,2014B,620368,P3,F2,0.0,0.41306874
CCC,2014B,620369,P3,F2,1.0,0.51420057
CCC,2014B,620440,P3,F2,1.0,0.6414913
CCC,2014B,620485,P3,F2,1.0,0.5465054
CCC,2014B,620646,P3,F2,1.0,0.5050475
CCC,2014B,620713,P3,F2,1.0,0.6414913
CCC,2014B,620876,P3,F2,1.0,0.5377011
CCC,2014B,620897,P3,F2,1.0,0.48681554
CCC,2014B,620918,P3,F2,1.0,0.6127584
CCC,2014B,620974,P3,F2,1.0,0.5293385
CCC,2014B,620977,P3,F2,1.0,0.602725
CCC,2014B,621401,P3,F2,1.0,0.6414913
CCC,2014B,621655,P3,F2,1.0,0.6085727
CCC,2014B,621656,P3,F2,0.0,0.54719937
CCC,2014B,622215,P3,F2,1.0,0.6102294
CCC,2014B,622302,P3,F2,0.0,0.5045155
CCC,2014B,622368,P3,F2,0.0,0.5735078
CCC,2014B,622386,P3,F2,1.0,0.4475408
CCC,2014B,622652,P3,F2,0.0,0.41828206
CCC,2014B,622753,P3,F2,1.0,0.58195347
CCC,2014B,622773,P3,F2,0.0,0.42933816
CCC,2014B,622787,P3,F2,1.0,0.44951972
CCC,2014B,622804,P3,F2,1.0,0.61149657
CCC,2014B,622948,P3,F2,1.0,0.49788958
CCC,2014B,623052,P3,F2,0.0,0.39140245
CCC,2014B,623250,P3,F2,0.0,0.5862565
CCC,2014B,623290,P3,F2,0.0,0.59046173
CCC,2014B,623347,P3,F2,0.0,0.5282322
CCC,2014B,623421,P3,F2,0.0,0.46946084
CCC,2014B,623456,P3,F2,1.0,0.6414913
CCC,2014B,623562,P3,F2,0.0,0.44486284
CCC,2014B,623605,P3,F2,1.0,0.5670281
CCC,2014B,623609,P3,F2,1.0,0.6085356
CCC,2014B,623667,P3,F2,0.0,0.48597416
CCC,2014B,623707,P3,F2,1.0,0.55614
CCC,2014B,623732,P3,F2,0.0,0.41149557
CCC,2014B,623780,P3,F2,1.0,0.52669775
CCC,2014B,623797,P3,F2,0.0,0.5213944
CCC,2014B,624039,P3,F2,1.0,0.61230224
CCC,2014B,624060,P3,F2,1.0,0.4289677
CCC,2014B,624126,P3,F2,1.0,0.5619336
CCC,2014B,624127,P3,F2,0.0,0.47140354
CCC,2014B,624134,P3,F2,1.0,0.5316366
CCC,2014B,624164,P3,F2,0.0,0.46217707
CCC,2014B,624441,P3,F2,0.0,0.50362974
CCC,2014B,624445,P3,F2,0.0,0.48431382
CCC,2014B,624483,P3,F2,0.0,0.43504906
CCC,2014B,624591,P3,F2,1.0,0.5696945
CCC,2014B,624765,P3,F2,1.0,0.6363064
CCC,2014B,624782,P3,F2,1.0,0.5732823
CCC,2014B,624810,P3,F2,0.0,0.6348966
CCC,2014B,624875,P3,F2,0.0,0.45261168
CCC,2014B,624970,P3,F2,0.0,0.5834885
CCC,2014B,625014,P3,F2,0.0,0.4438447
CCC,2014B,625028,P3,F2,0.0,0.47819263
CCC,2014B,625077,P3,F2,0.0,0.49290887
CCC,2014B,625078,P3,F2,1.0,0.49274585
CCC,2014B,625108,P3,F2,0.0,0.5353982
CCC,2014B,625128,P3,F2,1.0,0.605748
CCC,2014B,625330,P3,F2,0.0,0.49385294
CCC,2014B,625423,P3,F2,1.0,0.5407397
CCC,2014B,625453,P3,F2,0.0,0.5255792
CCC,2014B,625476,P3,F2,1.0,0.48648
CCC,2014B,625517,P3,F2,1.0,0.603718
CCC,2014B,625527,P3,F2,1.0,0.56106895
CCC,2014B,625552,P3,F2,0.0,0.59938496
CCC,2014B,625574,P3,F2,0.0,0.42666805
CCC,2014B,625614,P3,F2,1.0,0.5805424
CCC,2014B,625684,P3,F2,1.0,0.5043174
CCC,2014B,625714,P3,F2,1.0,0.47230062
CCC,2014B,625740,P3,F2,1.0,0.48145667
CCC,2014B,625745,P3,F2,0.0,0.5123538
CCC,2014B,625782,P3,F2,0.0,0.5547716
CCC,2014B,625790,P3,F2,1.0,0.592582
CCC,2014B,625822,P3,F2,0.0,0.4604538
CCC,2014B,625838,P3,F2,0.0,0.50847447
CCC,2014B,625841,P3,F2,1.0,0.6391667
CCC,2014B,625953,P3,F2,1.0,0.60469687
CCC,2014B,625975,P3,F2,1.0,0.60394394
CCC,2014B,626055,P3,F2,1.0,0.6345802
CCC,2014B,626183,P3,F2,1.0,0.6405693
CCC,2014B,626252,P3,F2,0.0,0.4515232
CCC,2014B,626417,P3,F2,1.0,0.53414714
CCC,2014B,626444,P3,F2,1.0,0.6414913
CCC,2014B,626501,P3,F2,0.0,0.53803325
CCC,2014B,626516,P3,F2,1.0,0.6105049
CCC,2014B,626614,P3,F2,1.0,0.48791045
CCC,2014B,626712,P3,F2,1.0,0.6363064
CCC,2014B,626714,P3,F2,1.0,0.5088622
CCC,2014B,626763,P3,F2,0.0,0.45848235
CCC,2014B,626857,P3,F2,1.0,0.478848
CCC,2014B,626862,P3,F2,0.0,0.44459972
CCC,2014B,626877,P3,F2,1.0,0.5968449
CCC,2014B,626906,P3,F2,1.0,0.5671523
CCC,2014B,626930,P3,F2,1.0,0.6367445
CCC,2014B,626998,P3,F2,0.0,0.5581915
CCC,2014B,627066,P3,F2,1.0,0.58030885
CCC,2014B,627136,P3,F2,0.0,0.47032434
CCC,2014B,627168,P3,F2,1.0,0.56671166
CCC,2014B,627253,P3,F2,0.0,0.52644056
CCC,2014B,627343,P3,F2,0.0,0.51452
CCC,2014B,627348,P3,F2,0.0,0.5134189
CCC,2014B,627374,P3,F2,0.0,0.6021176
CCC,2014B,627386,P3,F2,1.0,0.60792106
CCC,2014B,627387,P3,F2,0.0,0.61104953
CCC,2014B,627399,P3,F2,0.0,0.48773825
CCC,2014B,627435,P3,F2,1.0,0.6152921
CCC,2014B,627500,P3,F2,1.0,0.6086417
CCC,2014B,627520,P3,F2,1.0,0.6023778
CCC,2014B,627635,P3,F2,1.0,0.61230224
CCC,2014B,627691,P3,F2,0.0,0.4261495
CCC,2014B,627711,P3,F2,1.0,0.43522877
CCC,2014B,627747,P3,F2,0.0,0.50918776
CCC,2014B,627750,P3,F2,0.0,0.5425148
CCC,2014B,627784,P3,F2,1.0,0.531374
CCC,2014B,627933,P3,F2,1.0,0.51176286
CCC,2014B,627947,P3,F2,1.0,0.49445394
CCC,2014B,628029,P3,F2,1.0,0.508716
CCC,2014B,628053,P3,F2,1.0,0.6363064
CCC,2014B,628086,P3,F2,0.0,0.47381663
CCC,2014B,628090,P3,F2,1.0,0.58426833
CCC,2014B,628122,P3,F2,1.0,0.49314097
CCC,2014B,628157,P3,F2,0.0,0.47181296
CCC,2014B,628214,P3,F2,1.0,0.61376375
CCC,2014B,628293,P3,F2,0.0,0.5241074
CCC,2014B,628366,P3,F2,1.0,0.6112907
CCC,2014B,628383,P3,F2,0.0,0.44022763
CCC,2014B,628506,P3,F2,0.0,0.4895098
CCC,2014B,628527,P3,F2,1.0,0.51091224
CCC,2014B,628565,P3,F2,1.0,0.5642893
CCC,2014B,628575,P3,F2,0.0,0.5835852
CCC,2014B,628663,P3,F2,0.0,0.4974316
CCC,2014B,628771,P3,F2,1.0,0.53582805
CCC,2014B,629081,P3,F2,1.0,0.6348966
CCC,2014B,629164,P3,F2,0.0,0.45408916
CCC,2014B,629270,P3,F2,1.0,0.6360534
CCC,2014B,629342,P3,F2,1.0,0.5726864
CCC,2014B,629500,P3,F2,1.0,0.6414913
CCC,2014B,629613,P3,F2,1.0,0.6414913
CCC,2014B,629628,P3,F2,1.0,0.6114494
CCC,2014B,629654,P3,F2,1.0,0.5539978
CCC,2014B,629694,P3,F2,1.0,0.5811913
CCC,2014B,629696,P3,F2,1.0,0.48379174
CCC,2014B,629710,P3,F2,0.0,0.4772574
CCC,2014B,629766,P3,F2,0.0,0.5152106
CCC,2014B,629773,P3,F2,1.0,0.52810526
CCC,2014B,629798,P3,F2,1.0,0.51226544
CCC,2014B,629862,P3,F2,0.0,0.52275217
CCC,2014B,629890,P3,F2,1.0,0.54785854
CCC,2014B,629936,P3,F2,1.0,0.5345355
CCC,2014B,630005,P3,F2,1.0,0.63179743
CCC,2014B,630012,P3,F2,0.0,0.4897939
CCC,2014B,630047,P3,F2,0.0,0.52027833
CCC,2014B,630086,P3,F2,0.0,0.53218096
CCC,2014B,630152,P3,F2,1.0,0.6014354
CCC,2014B,630157,P3,F2,0.0,0.49265152
CCC,2014B,630178,P3,F2,0.0,0.58269227
CCC,2014B,630200,P3,F2,1.0,0.5861684
CCC,2014B,630211,P3,F2,0.0,0.56758016
CCC,2014B,630449,P3,F2,1.0,0.45015723
CCC,2014B,630471,P3,F2,1.0,0.56610423
CCC,2014B,630540,P3,F2,1.0,0.6113207
CCC,2014B,630573,P3,F2,1.0,0.557107
CCC,2014B,630585,P3,F2,1.0,0.59858364
CCC,2014B,630606,P3,F2,0.0,0.5647412
CCC,2014B,630613,P3,F2,0.0,0.4567636
CCC,2014B,630635,P3,F2,1.0,0.53703284
CCC,2014B,630730,P3,F2,1.0,0.6054258
CCC,2014B,630825,P3,F2,1.0,0.6114494
CCC,2014B,630888,P3,F2,1.0,0.58309543
CCC,2014B,630896,P3,F2,0.0,0.46963015
CCC,2014B,630912,P3,F2,1.0,0.60283345
CCC,2014B,631044,P3,F2,0.0,0.41555682
CCC,2014B,631051,P3,F2,1.0,0.6414913
CCC,2014B,631075,P3,F2,1.0,0.5021295
CCC,2014B,631122,P3,F2,1.0,0.49021843
CCC,2014B,631216,P3,F2,1.0,0.59596044
CCC,2014B,631300,P3,F2,1.0,0.61657387
CCC,2014B,631334,P3,F2,0.0,0.49663728
CCC,2014B,631453,P3,F2,1.0,0.58576214
CCC,2014B,631455,P3,F2,0.0,0.44651854
CCC,2014B,631473,P3,F2,0.0,0.45504248
CCC,2014B,631583,P3,F2,0.0,0.49190277
CCC,2014B,631655,P3,F2,1.0,0.51233673
CCC,2014B,631699,P3,F2,0.0,0.49016985
CCC,2014B,631715,P3,F2,0.0,0.43756402
CCC,2014B,631770,P3,F2,1.0,0.6414913
CCC,2014B,631772,P3,F2,0.0,0.3980065
CCC,2014B,631850,P3,F2,0.0,0.4927336
CCC,2014B,631925,P3,F2,1.0,0.5804725
CCC,2014B,631929,P3,F2,1.0,0.5446145
CCC,2014B,631981,P3,F2,0.0,0.5442568
CCC,2014B,632017,P3,F2,0.0,0.48681933
CCC,2014B,632037,P3,F2,1.0,0.60626435
CCC,2014B,632074,P3,F2,0.0,0.44935954
CCC,2014B,632107,P3,F2,1.0,0.47372198
CCC,2014B,632111,P3,F2,0.0,0.57218826
CCC,2014B,632133,P3,F2,1.0,0.52084064
CCC,2014B,632134,P3,F2,1.0,0.5556112
CCC,2014B,632135,P3,F2,1.0,0.5157381
CCC,2014B,632190,P3,F2,1.0,0.5872379
CCC,2014B,632242,P3,F2,1.0,0.6414913
CCC,2014B,632312,P3,F2,1.0,0.58013237
CCC,2014B,632313,P3,F2,0.0,0.4338741
CCC,2014B,632459,P3,F2,0.0,0.5231441
CCC,2014B,632506,P3,F2,1.0,0.5415763
CCC,2014B,632546,P3,F2,1.0,0.47319832
CCC,2014B,632554,P3,F2,0.0,0.5522928
CCC,2014B,632571,P3,F2,0.0,0.6414913
CCC,2014B,632597,P3,F2,0.0,0.51666737
CCC,2014B,632691,P3,F2,1.0,0.5376199
CCC,2014B,632836,P3,F2,0.0,0.5085455
CCC,2014B,632856,P3,F2,1.0,0.6046667
CCC,2014B,632889,P3,F2,1.0,0.6414913
CCC,2014B,632900,P3,F2,0.0,0.49469277
CCC,2014B,633071,P3,F2,1.0,0.5320966
CCC,2014B,633112,P3,F2,0.0,0.4405034
CCC,2014B,633178,P3,F2,0.0,0.50683445
CCC,2014B,633240,P3,F2,1.0,0.6363064
CCC,2014B,633243,P3,F2,1.0,0.60571754
CCC,2014B,633250,P3,F2,0.0,0.4045682
CCC,2014B,633256,P3,F2,1.0,0.56118596
CCC,2014B,633270,P3,F2,0.0,0.47094274
CCC,2014B,633281,P3,F2,0.0,0.52683556
CCC,2014B,633310,P3,F2,1.0,0.5650524
CCC,2014B,633330,P3,F2,1.0,0.6404622
CCC,2014B,633341,P3,F2,1.0,0.5960543
CCC,2014B,633384,P3,F2,1.0,0.6168286
CCC,2014B,633395,P3,F2,1.0,0.60573494
CCC,2014B,633432,P3,F2,1.0,0.6126346
CCC,2014B,633447,P3,F2,1.0,0.43325612
CCC,2014B,633460,P3,F2,1.0,0.61310416
CCC,2014B,633493,P3,F2,0.0,0.43301854
CCC,2014B,633637,P3,F2,1.0,0.55872625
CCC,2014B,633679,P3,F2,1.0,0.6043973
CCC,2014B,633695,P3,F2,0.0,0.4486954
CCC,2014B,633722,P3,F2,0.0,0.39833897
CCC,2014B,633857,P3,F2,0.0,0.47980025
CCC,2014B,633942,P3,F2,0.0,0.47793794
CCC,2014B,633998,P3,F2,0.0,0.53033054
CCC,2014B,634040,P3,F2,1.0,0.5559495
CCC,2014B,634128,P3,F2,0.0,0.48677945
CCC,2014B,634157,P3,F2,0.0,0.49548203
CCC,2014B,634167,P3,F2,0.0,0.5155771
CCC,2014B,634216,P3,F2,0.0,0.43610287
CCC,2014B,634217,P3,F2,0.0,0.46929422
CCC,2014B,634241,P3,F2,0.0,0.46369535
CCC,2014B,634279,P3,F2,1.0,0.61254334
CCC,2014B,634349,P3,F2,1.0,0.5427804
CCC,2014B,634414,P3,F2,1.0,0.5366625
CCC,2014B,634433,P3,F2,1.0,0.5626519
CCC,2014B,634500,P3,F2,0.0,0.5286679
CCC,2014B,634507,P3,F2,0.0,0.42912284
CCC,2014B,634512,P3,F2,0.0,0.51639503
CCC,2014B,634570,P3,F2,0.0,0.43438303
CCC,2014B,634578,P3,F2,1.0,0.4494016
CCC,2014B,634589,P3,F2,0.0,0.5301379
CCC,2014B,634618,P3,F2,0.0,0.4748444
CCC,2014B,634649,P3,F2,1.0,0.5341324
CCC,2014B,634671,P3,F2,0.0,0.6076494
CCC,2014B,634744,P3,F2,1.0,0.5324093
CCC,2014B,634816,P3,F2,0.0,0.55390334
CCC,2014B,634853,P3,F2,1.0,0.60618275
CCC,2014B,634862,P3,F2,0.0,0.46626115
CCC,2014B,634878,P3,F2,0.0,0.4749857
CCC,2014B,635034,P3,F2,1.0,0.5744644
CCC,2014B,635041,P3,F2,1.0,0.513023
CCC,2014B,635043,P3,F2,0.0,0.46753883
CCC,2014B,635109,P3,F2,0.0,0.6091437
CCC,2014B,635416,P3,F2,0.0,0.48814195
CCC,2014B,635515,P3,F2,1.0,0.50280887
CCC,2014B,856294,P3,F2,1.0,0.5952954
CCC,2014B,917586,P3,F2,0.0,0.47136873
CCC,2014B,925553,P3,F2,0.0,0.54540575
CCC,2014B,949548,P3,F2,0.0,0.49624783
CCC,2014B,984619,P3,F2,0.0,0.43384913
CCC,2014B,992544,P3,F2,0.0,0.4678078
CCC,2014B,1038161,P3,F2,0.0,0.53577137
CCC,2014B,1057883,P3,F2,0.0,0.5771463
CCC,2014B,1073766,P3,F2,0.0,0.52221715
CCC,2014B,1087710,P3,F2,1.0,0.50684005
CCC,2014B,1095916,P3,F2,0.0,0.40165532
CCC,2014B,1100639,P3,F2,1.0,0.4798135
CCC,2014B,1115623,P3,F2,0.0,0.57427037
CCC,2014B,1187586,P3,F2,0.0,0.47697252
CCC,2014B,1268772,P3,F2,1.0,0.5491471
CCC,2014B,1270832,P3,F2,0.0,0.49844974
CCC,2014B,1307784,P3,F2,1.0,0.5746973
CCC,2014B,1311171,P3,F2,0.0,0.5165016
CCC,2014B,1416784,P3,F2,0.0,0.52501655
CCC,2014B,1440467,P3,F2,0.0,0.4265548
CCC,2014B,1442991,P3,F2,0.0,0.57472086
CCC,2014B,1462676,P3,F2,1.0,0.6363064
CCC,2014B,1468838,P3,F2,1.0,0.61470556
CCC,2014B,1470291,P3,F2,0.0,0.58173233
CCC,2014B,1474869,P3,F2,0.0,0.42825493
CCC,2014B,1493739,P3,F2,0.0,0.49145913
CCC,2014B,1534494,P3,F2,0.0,0.44140252
CCC,2014B,1541906,P3,F2,1.0,0.6414913
CCC,2014B,1560205,P3,F2,1.0,0.5974402
CCC,2014B,1561431,P3,F2,1.0,0.60059315
CCC,2014B,1568828,P3,F2,0.0,0.4597795
CCC,2014B,1591013,P3,F2,1.0,0.6074192
CCC,2014B,1632487,P3,F2,0.0,0.5040891
CCC,2014B,1644328,P3,F2,1.0,0.6032251
CCC,2014B,1668504,P3,F2,1.0,0.50795054
CCC,2014B,1671811,P3,F2,0.0,0.4975773
CCC,2014B,1672690,P3,F2,1.0,0.6363064
CCC,2014B,1673876,P3,F2,1.0,0.51379645
CCC,2014B,1678014,P3,F2,1.0,0.60717946
CCC,2014B,1678800,P3,F2,0.0,0.47055545
CCC,2014B,1691815,P3,F2,1.0,0.462637
CCC,2014B,1694780,P3,F2,1.0,0.47559142
CCC,2014B,1715237,P3,F2,0.0,0.49170712
CCC,2014B,1739026,P3,F2,1.0,0.5655198
CCC,2014B,1750405,P3,F2,1.0,0.6096761
CCC,2014B,1753458,P3,F2,0.0,0.4098886
CCC,2014B,1763378,P3,F2,1.0,0.58479244
CCC,2014B,1769985,P3,F2,1.0,0.5087919
CCC,2014B,1774071,P3,F2,1.0,0.6027347
CCC,2014B,1780737,P3,F2,1.0,0.60188955
CCC,2014B,1781834,P3,F2,0.0,0.5855201
CCC,2014B,1828112,P3,F2,1.0,0.5846871
CCC,2014B,1841267,P3,F2,1.0,0.5417157
CCC,2014B,1848820,P3,F2,1.0,0.5664975
CCC,2014B,1855583,P3,F2,0.0,0.533759
CCC,2014B,1876636,P3,F2,0.0,0.52369124
CCC,2014B,1877015,P3,F2,1.0,0.4559716
CCC,2014B,1888343,P3,F2,0.0,0.41124424
CCC,2014B,1891323,P3,F2,0.0,0.5000996
CCC,2014B,1894419,P3,F2,1.0,0.6100554
CCC,2014B,1896088,P3,F2,1.0,0.6015082
CCC,2014B,1906919,P3,F2,0.0,0.5896874
CCC,2014B,1908526,P3,F2,1.0,0.6363064
CCC,2014B,1911513,P3,F2,0.0,0.5371133
CCC,2014B,1922200,P3,F2,1.0,0.5427973
CCC,2014B,1924641,P3,F2,1.0,0.5950973
CCC,2014B,1930146,P3,F2,0.0,0.5918625
CCC,2014B,1930644,P3,F2,1.0,0.6414913
CCC,2014B,1942999,P3,F2,1.0,0.5265222
CCC,2014B,1945240,P3,F2,1.0,0.60179645
CCC,2014B,1947911,P3,F2,1.0,0.43094826
CCC,2014B,1951080,P3,F2,1.0,0.48188046
CCC,2014B,1951139,P3,F2,0.0,0.5447507
CCC,2014B,1969407,P3,F2,1.0,0.52614135
CCC,2014B,1997164,P3,F2,0.0,0.5243855
CCC,2014B,2008262,P3,F2,1.0,0.59814465
CCC,2014B,2016517,P3,F2,0.0,0.5381663
CCC,2014B,2030117,P3,F2,1.0,0.60337603
CCC,2014B,2032058,P3,F2,1.0,0.46798444
CCC,2014B,2044299,P3,F2,1.0,0.55323786
CCC,2014B,2047421,P3,F2,0.0,0.45796925
CCC,2014B,2049668,P3,F2,0.0,0.5988499
CCC,2014B,2056643,P3,F2,0.0,0.498282
CCC,2014B,2063578,P3,F2,0.0,0.4289677
CCC,2014B,2064873,P3,F2,0.0,0.51096815
CCC,2014B,2066504,P3,F2,1.0,0.6363064
CCC,2014B,2087182,P3,F2,1.0,0.5591126
CCC,2014B,2088765,P3,F2,0.0,0.49628028
CCC,2014B,2109119,P3,F2,0.0,0.48621568
CCC,2014B,2110039,P3,F2,1.0,0.6114494
CCC,2014B,2113778,P3,F2,1.0,0.6391667
CCC,2014B,2131908,P3,F2,0.0,0.50044185
CCC,2014B,2134237,P3,F2,1.0,0.6022357
CCC,2014B,2134304,P3,F2,1.0,0.6414913
CCC,2014B,2139037,P3,F2,0.0,0.49241784
CCC,2014B,2146277,P3,F2,0.0,0.50536126
CCC,2014B,2147620,P3,F2,0.0,0.57270724
CCC,2014B,2147713,P3,F2,0.0,0.54192483
CCC,2014B,2156058,P3,F2,0.0,0.5245814
CCC,2014B,2171264,P3,F2,1.0,0.5321646
CCC,2014B,2171834,P3,F2,0.0,0.60791767
CCC,2014B,2178929,P3,F2,0.0,0.5022504
CCC,2014B,2187422,P3,F2,0.0,0.5183881
CCC,2014B,2211797,P3,F2,0.0,0.45098597
CCC,2014B,2213982,P3,F2,1.0,0.6270105
CCC,2014B,2236538,P3,F2,1.0,0.63720703
CCC,2014B,2238904,P3,F2,1.0,0.5246323
CCC,2014B,2239848,P3,F2,0.0,0.4458584
CCC,2014B,2241036,P3,F2,1.0,0.63720703
CCC,2014B,2247222,P3,F2,0.0,0.5450263
CCC,2014B,2252437,P3,F2,1.0,0.6360534
CCC,2014B,2258228,P3,F2,1.0,0.59203166
CCC,2014B,2289032,P3,F2,1.0,0.5753341
CCC,2014B,2298895,P3,F2,0.0,0.4761547
CCC,2014B,2327710,P3,F2,1.0,0.5877122
CCC,2014B,2329539,P3,F2,1.0,0.6405693
CCC,2014B,2341839,P3,F2,1.0,0.46931428
CCC,2014B,2347802,P3,F2,0.0,0.45021603
CCC,2014B,2358707,P3,F2,1.0,0.59334224
CCC,2014B,2367058,P3,F2,1.0,0.49307454
CCC,2014B,2375259,P3,F2,1.0,0.6098841
CCC,2014B,2384687,P3,F2,1.0,0.53782016
CCC,2014B,2389754,P3,F2,1.0,0.56078905
CCC,2014B,2391004,P3,F2,0.0,0.56227565
CCC,2014B,2410459,P3,F2,1.0,0.6381512
CCC,2014B,2410519,P3,F2,0.0,0.43414307
CCC,2014B,2418732,P3,F2,0.0,0.5054656
CCC,2014B,2419115,P3,F2,0.0,0.5003611
CCC,2014B,2421961,P3,F2,1.0,0.638613
CCC,2014B,2433069,P3,F2,0.0,0.4768538
CCC,2014B,2433221,P3,F2,0.0,0.5567128
CCC,2014B,2447528,P3,F2,1.0,0.4434959
CCC,2014B,2451726,P3,F2,1.0,0.60501873
CCC,2014B,2454878,P3,F2,1.0,0.6414913
CCC,2014B,2471283,P3,F2,0.0,0.60191894
CCC,2014B,2473058,P3,F2,1.0,0.60718024
CCC,2014B,2478799,P3,F2,1.0,0.5725476
CCC,2014B,2486769,P3,F2,1.0,0.6057149
CCC,2014B,2488382,P3,F2,0.0,0.51118785
CCC,2014B,2488713,P3,F2,1.0,0.5486112
CCC,2014B,2494507,P3,F2,0.0,0.5354044
CCC,2014B,2498388,P3,F2,0.0,0.47932327
CCC,2014B,2503063,P3,F2,0.0,0.53035086
CCC,2014B,2513997,P3,F2,1.0,0.544482
CCC,2014B,2517778,P3,F2,1.0,0.61198336
CCC,2014B,2522932,P3,F2,1.0,0.5768042
CCC,2014B,2526493,P3,F2,0.0,0.43495825
CCC,2014B,2529663,P3,F2,0.0,0.514104
CCC,2014B,2545113,P3,F2,0.0,0.54477143
CCC,2014B,2548877,P3,F2,0.0,0.43604553
CCC,2014B,2555596,P3,F2,1.0,0.59697604
CCC,2014B,2556060,P3,F2,0.0,0.4353113
CCC,2014B,2558365,P3,F2,1.0,0.5024659
CCC,2014B,2564333,P3,F2,1.0,0.5416086
CCC,2014B,2564711,P3,F2,0.0,0.42520735
CCC,2014B,2567038,P3,F2,0.0,0.4810233
CCC,2014B,2569090,P3,F2,1.0,0.52025765
CCC,2014B,2569834,P3,F2,1.0,0.60987484
CCC,2014B,2569912,P3,F2,1.0,0.6414913
CCC,2014B,2577091,P3,F2,1.0,0.5272258
CCC,2014B,2581603,P3,F2,0.0,0.51014245
CCC,2014B,2588201,P3,F2,0.0,0.49869415
CCC,2014B,2598913,P3,F2,1.0,0.5561027
CCC,2014B,2602235,P3,F2,1.0,0.6097957
CCC,2014B,2602264,P3,F2,0.0,0.5383392
CCC,2014B,2603195,P3,F2,0.0,0.58624387
CCC,2014B,2607849,P3,F2,0.0,0.48138857
CCC,2014B,2609908,P3,F2,0.0,0.54250026
CCC,2014B,2613331,P3,F2,0.0,0.52635324
CCC,2014B,2615849,P3,F2,1.0,0.63204515
CCC,2014B,2616950,P3,F2,0.0,0.52289236
CCC,2014B,2617635,P3,F2,1.0,0.56055665
CCC,2014B,2620636,P3,F2,1.0,0.5840712
CCC,2014B,2621734,P3,F2,1.0,0.6414913
CCC,2014B,2623263,P3,F2,0.0,0.41683224
CCC,2014B,2629436,P3,F2,1.0,0.43615022
CCC,2014B,2631703,P3,F2,0.0,0.501736
CCC,2014B,2634238,P3,F2,1.0,0.6414913
CCC,2014B,2639310,P3,F2,0.0,0.48079318
CCC,2014B,2641486,P3,F2,0.0,0.56398135
CCC,2014B,2644404,P3,F2,0.0,0.6008014
CCC,2014B,2652523,P3,F2,1.0,0.6414913
CCC,2014B,2658268,P3,F2,1.0,0.59861726
CCC,2014B,2659556,P3,F2,1.0,0.6068188
CCC,2014B,2661696,P3,F2,1.0,0.5341141
CCC,2014B,2665399,P3,F2,0.0,0.5611533
CCC,2014B,2668550,P3,F2,1.0,0.49666333
CCC,2014B,2677969,P3,F2,1.0,0.514997
CCC,2014B,2680742,P3,F2,0.0,0.542281
CCC,2014B,2681198,P3,F2,1.0,0.6047865
CCC,2014B,2686578,P3,F2,0.0,0.50957346
CCC,2014B,2692327,P3,F2,0.0,0.4876263
CCC,2014B,2697181,P3,F2,0.0,0.49115402
CCC,2014B,2698535,P3,F2,1.0,0.59961087
DDD,2014B,24213,P3,F2,0.0,0.46216607
DDD,2014B,31269,P3,F2,1.0,0.56931055
DDD,2014B,35502,P3,F2,1.0,0.47646475
DDD,2014B,39660,P3,F2,1.0,0.42698377
DDD,2014B,46753,P3,F2,0.0,0.42139554
DDD,2014B,49119,P3,F2,1.0,0.48684964
DDD,2014B,50476,P3,F2,0.0,0.44442326
DDD,2014B,51030,P3,F2,0.0,0.47014368
DDD,2014B,53632,P3,F2,1.0,0.46778455
DDD,2014B,54810,P3,F2,1.0,0.46829653
DDD,2014B,58617,P3,F2,1.0,0.5727979
DDD,2014B,61911,P3,F2,1.0,0.5007631
DDD,2014B,64450,P3,F2,0.0,0.5997441
DDD,2014B,64767,P3,F2,1.0,0.49135545
DDD,2014B,67781,P3,F2,0.0,0.5019874
DDD,2014B,69489,P3,F2,1.0,0.638613
DDD,2014B,71723,P3,F2,1.0,0.4636591
DDD,2014B,76081,P3,F2,1.0,0.53390604
DDD,2014B,84576,P3,F2,0.0,0.42042795
DDD,2014B,85216,P3,F2,1.0,0.6363064
DDD,2014B,88490,P3,F2,0.0,0.4360904
DDD,2014B,88910,P3,F2,0.0,0.52119195
DDD,2014B,89904,P3,F2,0.0,0.44113058
DDD,2014B,90537,P3,F2,0.0,0.50400543
DDD,2014B,95356,P3,F2,1.0,0.6363064
DDD,2014B,97939,P3,F2,1.0,0.524062
DDD,2014B,99151,P3,F2,1.0,0.58475757
DDD,2014B,111959,P3,F2,1.0,0.51729196
DDD,2014B,116763,P3,F2,1.0,0.5358795
DDD,2014B,117281,P3,F2,0.0,0.42992327
DDD,2014B,117435,P3,F2,1.0,0.6414913
DDD,2014B,118479,P3,F2,0.0,0.41157186
DDD,2014B,124134,P3,F2,1.0,0.39630976
DDD,2014B,127580,P3,F2,0.0,0.4760732
DDD,2014B,128348,P3,F2,1.0,0.6226161
DDD,2014B,131695,P3,F2,1.0,0.561806
DDD,2014B,137150,P3,F2,1.0,0.58903265
DDD,2014B,138204,P3,F2,1.0,0.47668114
DDD,2014B,138416,P3,F2,0.0,0.49594975
DDD,2014B,138704,P3,F2,0.0,0.4805678
DDD,2014B,139455,P3,F2,1.0,0.6405693
DDD,2014B,141497,P3,F2,1.0,0.45607513
DDD,2014B,144908,P3,F2,1.0,0.42094505
DDD,2014B,145114,P3,F2,0.0,0.4635682
DDD,2014B,145640,P3,F2,0.0,0.40725985
DDD,2014B,145770,P3,F2,1.0,0.6140438
DDD,2014B,152320,P3,F2,1.0,0.41892692
DDD,2014B,154697,P3,F2,1.0,0.6414913
DDD,2014B,161878,P3,F2,1.0,0.6363064
DDD,2014B,165178,P3,F2,1.0,0.638613
DDD,2014B,172965,P3,F2,1.0,0.6363064
DDD,2014B,178258,P3,F2,1.0,0.52478904
DDD,2014B,183331,P3,F2,1.0,0.4349008
DDD,2014B,187663,P3,F2,0.0,0.5315167
DDD,2014B,189178,P3,F2,1.0,0.41176572
DDD,2014B,189442,P3,F2,1.0,0.45447537
DDD,2014B,192186,P3,F2,0.0,0.5660457
DDD,2014B,201151,P3,F2,0.0,0.403767
DDD,2014B,226895,P3,F2,1.0,0.59126645
DDD,2014B,227826,P3,F2,1.0,0.4923693
DDD,2014B,228272,P3,F2,0.0,0.4120412
DDD,2014B,228373,P3,F2,1.0,0.5062676
DDD,2014B,228775,P3,F2,1.0,0.5128566
DDD,2014B,229499,P3,F2,1.0,0.6414913
DDD,2014B,231973,P3,F2,1.0,0.551036
DDD,2014B,232827,P3,F2,0.0,0.44706511
DDD,2014B,233868,P3,F2,1.0,0.6310633
DDD,2014B,236015,P3,F2,1.0,0.40077192
DDD,2014B,239459,P3,F2,0.0,0.39436847
DDD,2014B,240389,P3,F2,1.0,0.6363064
DDD,2014B,240486,P3,F2,0.0,0.40025824
DDD,2014B,240755,P3,F2,0.0,0.6414913
DDD,2014B,242633,P3,F2,0.0,0.47207603
DDD,2014B,260565,P3,F2,0.0,0.434898
DDD,2014B,264723,P3,F2,0.0,0.42002222
DDD,2014B,266922,P3,F2,0.0,0.4925618
DDD,2014B,267118,P3,F2,1.0,0.5132108
DDD,2014B,268883,P3,F2,1.0,0.6310633
DDD,2014B,268915,P3,F2,1.0,0.51926947
DDD,2014B,271974,P3,F2,0.0,0.4805596
DDD,2014B,277166,P3,F2,0.0,0.44907117
DDD,2014B,284540,P3,F2,1.0,0.46144873
DDD,2014B,285412,P3,F2,0.0,0.54940325
DDD,2014B,286449,P3,F2,1.0,0.6405693
DDD,2014B,291005,P3,F2,1.0,0.44657072
DDD,2014B,299949,P3,F2,1.0,0.4288138
DDD,2014B,300592,P3,F2,0.0,0.50969064
DDD,2014B,306944,P3,F2,1.0,0.50739986
DDD,2014B,309756,P3,F2,1.0,0.638613
DDD,2014B,312761,P3,F2,0.0,0.39921486
DDD,2014B,315517,P3,F2,1.0,0.5039361
DDD,2014B,317801,P3,F2,0.0,0.45401636
DDD,2014B,320593,P3,F2,1.0,0.6374504
DDD,2014B,321810,P3,F2,0.0,0.47420427
DDD,2014B,323659,P3,F2,1.0,0.5808542
DDD,2014B,325044,P3,F2,0.0,0.43902487
DDD,2014B,325566,P3,F2,1.0,0.5886642
DDD,2014B,327449,P3,F2,1.0,0.49392286
DDD,2014B,328123,P3,F2,1.0,0.49275142
DDD,2014B,333308,P3,F2,0.0,0.48245022
DDD,2014B,335471,P3,F2,1.0,0.6310425
DDD,2014B,336936,P3,F2,1.0,0.49936375
DDD,2014B,339513,P3,F2,0.0,0.4077557
DDD,2014B,347365,P3,F2,1.0,0.5786184
DDD,2014B,348439,P3,F2,1.0,0.4865822
DDD,2014B,352308,P3,F2,1.0,0.6414913
DDD,2014B,352679,P3,F2,1.0,0.6093536
DDD,2014B,354050,P3,F2,1.0,0.5378962
DDD,2014B,354953,P3,F2,1.0,0.6405693
DDD,2014B,355309,P3,F2,0.0,0.50876844
DDD,2014B,355780,P3,F2,1.0,0.44254264
DDD,2014B,355935,P3,F2,0.0,0.4125612
DDD,2014B,356166,P3,F2,0.0,0.48192498
DDD,2014B,356297,P3,F2,0.0,0.44496715
DDD,2014B,356705,P3,F2,1.0,0.62811846
DDD,2014B,360759,P3,F2,1.0,0.39282727
DDD,2014B,362115,P3,F2,1.0,0.5898452
DDD,2014B,363122,P3,F2,0.0,0.6414913
DDD,2014B,365397,P3,F2,1.0,0.5096485
DDD,2014B,365764,P3,F2,1.0,0.5293399
DDD,2014B,367127,P3,F2,0.0,0.5011927
DDD,2014B,367646,P3,F2,0.0,0.40191185
DDD,2014B,370089,P3,F2,1.0,0.47565478
DDD,2014B,370865,P3,F2,0.0,0.5225116
DDD,2014B,373790,P3,F2,1.0,0.6414913
DDD,2014B,374645,P3,F2,0.0,0.5672072
DDD,2014B,375856,P3,F2,0.0,0.42972445
DDD,2014B,376280,P3,F2,1.0,0.638613
DDD,2014B,378728,P3,F2,0.0,0.40332896
DDD,2014B,379330,P3,F2,1.0,0.61673695
DDD,2014B,380681,P3,F2,1.0,0.53976876
DDD,2014B,382051,P3,F2,0.0,0.6366539
DDD,2014B,384372,P3,F2,1.0,0.59420407
DDD,2014B,385927,P3,F2,0.0,0.52844286
DDD,2014B,385947,P3,F2,1.0,0.43311766
DDD,2014B,386140,P3,F2,1.0,0.63533175
DDD,2014B,386671,P3,F2,0.0,0.5085577
DDD,2014B,386849,P3,F2,1.0,0.610742
DDD,2014B,387289,P3,F2,1.0,0.6376878
DDD,2014B,387656,P3,F2,1.0,0.5094847
DDD,2014B,387963,P3,F2,0.0,0.4868364
DDD,2014B,390026,P3,F2,0.0,0.48461667
DDD,2014B,391611,P3,F2,1.0,0.6395391
DDD,2014B,391924,P3,F2,0.0,0.6298802
DDD,2014B,392802,P3,F2,1.0,0.6405693
DDD,2014B,393094,P3,F2,1.0,0.52900356
DDD,2014B,394020,P3,F2,1.0,0.6414913
DDD,2014B,395288,P3,F2,1.0,0.6414913
DDD,2014B,397429,P3,F2,1.0,0.57086426
DDD,2014B,398529,P3,F2,1.0,0.6414913
DDD,2014B,399203,P3,F2,1.0,0.5939359
DDD,2014B,400599,P3,F2,1.0,0.4388237
DDD,2014B,402314,P3,F2,0.0,0.49763015
DDD,2014B,402575,P3,F2,1.0,0.5346262
DDD,2014B,407115,P3,F2,1.0,0.5354785
DDD,2014B,407303,P3,F2,0.0,0.5184374
DDD,2014B,409284,P3,F2,1.0,0.6414913
DDD,2014B,410816,P3,F2,1.0,0.52318496
DDD,2014B,411060,P3,F2,0.0,0.46534526
DDD,2014B,412600,P3,F2,1.0,0.5845403
DDD,2014B,412663,P3,F2,0.0,0.49623474
DDD,2014B,413629,P3,F2,1.0,0.6199278
DDD,2014B,415151,P3,F2,1.0,0.51814544
DDD,2014B,415695,P3,F2,1.0,0.53078854
DDD,2014B,416008,P3,F2,0.0,0.47440374
DDD,2014B,418453,P3,F2,0.0,0.40014967
DDD,2014B,418781,P3,F2,0.0,0.46686003
DDD,2014B,421754,P3,F2,1.0,0.6376878
DDD,2014B,424880,P3,F2,0.0,0.4466982
DDD,2014B,426137,P3,F2,1.0,0.6108555
DDD,2014B,426297,P3,F2,0.0,0.44339088
DDD,2014B,428769,P3,F2,1.0,0.50974566
DDD,2014B,430678,P3,F2,0.0,0.46040675
DDD,2014B,431136,P3,F2,1.0,0.6282366
DDD,2014B,431406,P3,F2,0.0,0.4099548
DDD,2014B,434002,P3,F2,1.0,0.46551344
DDD,2014B,434841,P3,F2,1.0,0.50567734
DDD,2014B,440103,P3,F2,0.0,0.44695076
DDD,2014B,440331,P3,F2,0.0,0.40758413
DDD,2014B,440798,P3,F2,1.0,0.6345581
DDD,2014B,441213,P3,F2,0.0,0.47436485
DDD,2014B,441393,P3,F2,1.0,0.61593026
DDD,2014B,442393,P3,F2,1.0,0.6404622
DDD,2014B,442873,P3,F2,0.0,0.51122075
DDD,2014B,443861,P3,F2,0.0,0.42234218
DDD,2014B,444474,P3,F2,1.0,0.616272
DDD,2014B,445145,P3,F2,1.0,0.4329716
DDD,2014B,445857,P3,F2,0.0,0.39917892
DDD,2014B,447162,P3,F2,0.0,0.39907646
DDD,2014B,464592,P3,F2,1.0,0.6405693
DDD,2014B,464685,P3,F2,0.0,0.4989943
DDD,2014B,464748,P3,F2,1.0,0.47682995
DDD,2014B,464887,P3,F2,1.0,0.48129427
DDD,2014B,465413,P3,F2,0.0,0.5352366
DDD,2014B,466714,P3,F2,1.0,0.5266737
DDD,2014B,467230,P3,F2,0.0,0.48349944
DDD,2014B,468386,P3,F2,1.0,0.5090791
DDD,2014B,469425,P3,F2,1.0,0.61346674
DDD,2014B,469614,P3,F2,0.0,0.49337596
DDD,2014B,470555,P3,F2,1.0,0.6331454
DDD,2014B,470733,P3,F2,1.0,0.4723127
DDD,2014B,471189,P3,F2,1.0,0.57211345
DDD,2014B,471476,P3,F2,1.0,0.43152604
DDD,2014B,471669,P3,F2,1.0,0.5896369
DDD,2014B,472257,P3,F2,0.0,0.62355715
DDD,2014B,472284,P3,F2,0.0,0.42839402
DDD,2014B,472651,P3,F2,0.0,0.3964254
DDD,2014B,473265,P3,F2,1.0,0.5883221
DDD,2014B,473406,P3,F2,1.0,0.6375803
DDD,2014B,474153,P3,F2,1.0,0.5115363
DDD,2014B,474451,P3,F2,1.0,0.6260985
DDD,2014B,477063,P3,F2,1.0,0.6414913
DDD,2014B,477180,P3,F2,1.0,0.6414913
DDD,2014B,479649,P3,F2,0.0,0.50732887
DDD,2014B,480956,P3,F2,0.0,0.42657676
DDD,2014B,481863,P3,F2,0.0,0.6414913
DDD,2014B,484130,P3,F2,1.0,0.63419443
DDD,2014B,484213,P3,F2,0.0,0.5212822
DDD,2014B,484762,P3,F2,0.0,0.46326172
DDD,2014B,485219,P3,F2,1.0,0.5798403
DDD,2014B,485306,P3,F2,1.0,0.6414913
DDD,2014B,486022,P3,F2,0.0,0.5093704
DDD,2014B,488550,P3,F2,1.0,0.6324793
DDD,2014B,489507,P3,F2,0.0,0.5250361
DDD,2014B,490164,P3,F2,1.0,0.6404622
DDD,2014B,491036,P3,F2,0.0,0.5052651
DDD,2014B,492095,P3,F2,0.0,0.55323863
DDD,2014B,492537,P3,F2,0.0,0.5111078
DDD,2014B,493296,P3,F2,1.0,0.63628024
DDD,2014B,493434,P3,F2,1.0,0.47905263
DDD,2014B,493879,P3,F2,1.0,0.6024719
DDD,2014B,494329,P3,F2,1.0,0.5160096
DDD,2014B,496085,P3,F2,1.0,0.63720703
DDD,2014B,498363,P3,F2,0.0,0.51936203
DDD,2014B,498582,P3,F2,1.0,0.48564965
DDD,2014B,498793,P3,F2,1.0,0.4921806
DDD,2014B,498905,P3,F2,1.0,0.5956999
DDD,2014B,498980,P3,F2,1.0,0.5839631
DDD,2014B,501123,P3,F2,1.0,0.50990367
DDD,2014B,501487,P3,F2,0.0,0.41247922
DDD,2014B,501723,P3,F2,1.0,0.6414913
DDD,2014B,502004,P3,F2,0.0,0.41162327
DDD,2014B,502057,P3,F2,0.0,0.4730045
DDD,2014B,502161,P3,F2,1.0,0.5733749
DDD,2014B,502207,P3,F2,1.0,0.6375803
DDD,2014B,504089,P3,F2,1.0,0.6414913
DDD,2014B,505561,P3,F2,1.0,0.6260985
DDD,2014B,505815,P3,F2,0.0,0.43868256
DDD,2014B,505854,P3,F2,1.0,0.5734193
DDD,2014B,507812,P3,F2,1.0,0.6147886
DDD,2014B,508446,P3,F2,1.0,0.63625956
DDD,2014B,508594,P3,F2,1.0,0.5704009
DDD,2014B,508872,P3,F2,1.0,0.6414913
DDD,2014B,511890,P3,F2,1.0,0.627036
DDD,2014B,513415,P3,F2,1.0,0.6414913
DDD,2014B,513687,P3,F2,0.0,0.4413636
DDD,2014B,513957,P3,F2,0.0,0.53477764
DDD,2014B,515161,P3,F2,1.0,0.5979044
DDD,2014B,515331,P3,F2,1.0,0.52557266
DDD,2014B,516318,P3,F2,1.0,0.547178
DDD,2014B,517864,P3,F2,0.0,0.5350279
DDD,2014B,520349,P3,F2,1.0,0.6087455
DDD,2014B,520962,P3,F2,0.0,0.4023804
DDD,2014B,522129,P3,F2,1.0,0.61223644
DDD,2014B,522205,P3,F2,1.0,0.5832597
DDD,2014B,522363,P3,F2,1.0,0.6363064
DDD,2014B,522840,P3,F2,0.0,0.6308255
DDD,2014B,523583,P3,F2,1.0,0.6414913
DDD,2014B,523857,P3,F2,0.0,0.52719164
DDD,2014B,523978,P3,F2,0.0,0.627036
DDD,2014B,524109,P3,F2,1.0,0.52237743
DDD,2014B,524137,P3,F2,0.0,0.63720703
DDD,2014B,525412,P3,F2,1.0,0.52740425
DDD,2014B,525635,P3,F2,1.0,0.6063741
DDD,2014B,526175,P3,F2,1.0,0.6414913
DDD,2014B,527242,P3,F2,1.0,0.57420266
DDD,2014B,527323,P3,F2,1.0,0.49944618
DDD,2014B,528699,P3,F2,1.0,0.41230997
DDD,2014B,529190,P3,F2,0.0,0.40828466
DDD,2014B,531069,P3,F2,1.0,0.6414913
DDD,2014B,531234,P3,F2,0.0,0.6260985
DDD,2014B,531243,P3,F2,1.0,0.57096136
DDD,2014B,531340,P3,F2,1.0,0.63414234
DDD,2014B,532194,P3,F2,1.0,0.4020965
DDD,2014B,532988,P3,F2,1.0,0.6414913
DDD,2014B,533012,P3,F2,1.0,0.52244586
DDD,2014B,534201,P3,F2,0.0,0.56247115
DDD,2014B,536941,P3,F2,0.0,0.4279503
DDD,2014B,536999,P3,F2,1.0,0.6414913
DDD,2014B,537756,P3,F2,0.0,0.6361726
DDD,2014B,539060,P3,F2,1.0,0.47114962
DDD,2014B,539186,P3,F2,1.0,0.6414913
DDD,2014B,539451,P3,F2,0.0,0.5123567
DDD,2014B,539588,P3,F2,1.0,0.47887257
DDD,2014B,539872,P3,F2,1.0,0.63628024
DDD,2014B,540758,P3,F2,0.0,0.483451
DDD,2014B,541000,P3,F2,0.0,0.45950854
DDD,2014B,541765,P3,F2,0.0,0.44460496
DDD,2014B,543361,P3,F2,1.0,0.6345581
DDD,2014B,543789,P3,F2,0.0,0.39431542
DDD,2014B,543976,P3,F2,1.0,0.45693383
DDD,2014B,544499,P3,F2,1.0,0.50434196
DDD,2014B,544587,P3,F2,1.0,0.45548263
DDD,2014B,545387,P3,F2,1.0,0.57705
DDD,2014B,546025,P3,F2,1.0,0.5464651
DDD,2014B,546040,P3,F2,1.0,0.5514096
DDD,2014B,546299,P3,F2,1.0,0.61708057
DDD,2014B,546403,P3,F2,1.0,0.6404622
DDD,2014B,546584,P3,F2,0.0,0.443435
DDD,2014B,546654,P3,F2,0.0,0.40635043
DDD,2014B,547629,P3,F2,1.0,0.516762
DDD,2014B,547786,P3,F2,1.0,0.58803296
DDD,2014B,548292,P3,F2,0.0,0.40007073
DDD,2014B,548371,P3,F2,1.0,0.5144013
DDD,2014B,548500,P3,F2,1.0,0.4989087
DDD,2014B,549160,P3,F2,1.0,0.5012618
DDD,2014B,550046,P3,F2,0.0,0.4622543
DDD,2014B,550638,P3,F2,1.0,0.5048122
DDD,2014B,550893,P3,F2,1.0,0.6405693
DDD,2014B,551171,P3,F2,0.0,0.50999105
DDD,2014B,551427,P3,F2,1.0,0.6366819
DDD,2014B,551814,P3,F2,0.0,0.4722475
DDD,2014B,552003,P3,F2,0.0,0.39633402
DDD,2014B,552255,P3,F2,0.0,0.57956576
DDD,2014B,552908,P3,F2,1.0,0.6105259
DDD,2014B,554065,P3,F2,0.0,0.47162536
DDD,2014B,554444,P3,F2,1.0,0.6069976
DDD,2014B,554585,P3,F2,1.0,0.6414913
DDD,2014B,554588,P3,F2,1.0,0.6363064
DDD,2014B,554712,P3,F2,1.0,0.6405693
DDD,2014B,555132,P3,F2,1.0,0.48922056
DDD,2014B,555137,P3,F2,1.0,0.6405693
DDD,2014B,555408,P3,F2,1.0,0.53170645
DDD,2014B,555446,P3,F2,1.0,0.5385561
DDD,2014B,556007,P3,F2,1.0,0.6374504
DDD,2014B,556057,P3,F2,0.0,0.48620665
DDD,2014B,556170,P3,F2,1.0,0.6414913
DDD,2014B,556171,P3,F2,1.0,0.56906253
DDD,2014B,556370,P3,F2,1.0,0.6363064
DDD,2014B,556374,P3,F2,1.0,0.58612204
DDD,2014B,556416,P3,F2,0.0,0.43622506
DDD,2014B,557404,P3,F2,0.0,0.40917742
DDD,2014B,558029,P3,F2,0.0,0.39839748
DDD,2014B,558292,P3,F2,0.0,0.5710535
DDD,2014B,558629,P3,F2,1.0,0.46510977
DDD,2014B,558705,P3,F2,0.0,0.54258686
DDD,2014B,559328,P3,F2,0.0,0.5170838
DDD,2014B,559872,P3,F2,0.0,0.5571564
DDD,2014B,560944,P3,F2,0.0,0.48165166
DDD,2014B,561503,P3,F2,1.0,0.59013796
DDD,2014B,561906,P3,F2,1.0,0.6400902
DDD,2014B,561913,P3,F2,0.0,0.38928652
DDD,2014B,562112,P3,F2,0.0,0.4795519
DDD,2014B,562248,P3,F2,1.0,0.5776586
DDD,2014B,562632,P3,F2,0.0,0.6260985
DDD,2014B,562708,P3,F2,1.0,0.43497023
DDD,2014B,562929,P3,F2,1.0,0.62894565
DDD,2014B,563081,P3,F2,0.0,0.5256833
DDD,2014B,563631,P3,F2,1.0,0.6414913
DDD,2014B,563763,P3,F2,0.0,0.46317106
DDD,2014B,564081,P3,F2,1.0,0.5859097
DDD,2014B,564712,P3,F2,1.0,0.52990043
DDD,2014B,565158,P3,F2,0.0,0.48046702
DDD,2014B,565840,P3,F2,1.0,0.5161916
DDD,2014B,565851,P3,F2,1.0,0.4896933
DDD,2014B,566240,P3,F2,0.0,0.41551304
DDD,2014B,566652,P3,F2,1.0,0.57226783
DDD,2014B,566694,P3,F2,0.0,0.46132126
DDD,2014B,566788,P3,F2,0.0,0.44915858
DDD,2014B,567595,P3,F2,0.0,0.6250908
DDD,2014B,567808,P3,F2,1.0,0.44113347
DDD,2014B,567896,P3,F2,1.0,0.6145258
DDD,2014B,568631,P3,F2,1.0,0.6094184
DDD,2014B,568686,P3,F2,1.0,0.44309166
DDD,2014B,569084,P3,F2,0.0,0.49019483
DDD,2014B,569706,P3,F2,1.0,0.6395391
DDD,2014B,569944,P3,F2,0.0,0.3968157
DDD,2014B,570049,P3,F2,0.0,0.50885975
DDD,2014B,570215,P3,F2,0.0,0.43835017
DDD,2014B,571000,P3,F2,0.0,0.638613
DDD,2014B,571008,P3,F2,1.0,0.63625956
DDD,2014B,571292,P3,F2,1.0,0.46003395
DDD,2014B,571397,P3,F2,0.0,0.43960312
DDD,2014B,572235,P3,F2,1.0,0.6391667
DDD,2014B,572414,P3,F2,1.0,0.63625956
DDD,2014B,572924,P3,F2,0.0,0.46988702
DDD,2014B,573126,P3,F2,0.0,0.4677035
DDD,2014B,573235,P3,F2,1.0,0.63341016
DDD,2014B,574190,P3,F2,1.0,0.63533175
DDD,2014B,574590,P3,F2,0.0,0.4321025
DDD,2014B,574909,P3,F2,0.0,0.39140603
DDD,2014B,575603,P3,F2,0.0,0.47809833
DDD,2014B,575773,P3,F2,1.0,0.6414913
DDD,2014B,575792,P3,F2,0.0,0.46707672
DDD,2014B,576041,P3,F2,0.0,0.41291037
DDD,2014B,576350,P3,F2,1.0,0.6414913
DDD,2014B,576584,P3,F2,0.0,0.49228713
DDD,2014B,576827,P3,F2,1.0,0.63628024
DDD,2014B,577954,P3,F2,1.0,0.5383758
DDD,2014B,578031,P3,F2,0.0,0.4676999
DDD,2014B,578595,P3,F2,1.0,0.57124966
DDD,2014B,578815,P3,F2,0.0,0.49346888
DDD,2014B,579134,P3,F2,0.0,0.5897762
DDD,2014B,579711,P3,F2,0.0,0.5054359
DDD,2014B,580912,P3,F2,0.0,0.4280568
DDD,2014B,581648,P3,F2,0.0,0.44945422
DDD,2014B,581909,P3,F2,1.0,0.6400902
DDD,2014B,582366,P3,F2,1.0,0.6414913
DDD,2014B,582479,P3,F2,0.0,0.5170857
DDD,2014B,582920,P3,F2,1.0,0.6414913
DDD,2014B,583053,P3,F2,0.0,0.52192944
DDD,2014B,583713,P3,F2,0.0,0.40520754
DDD,2014B,583775,P3,F2,0.0,0.6414913
DDD,2014B,584077,P3,F2,1.0,0.638613
DDD,2014B,584082,P3,F2,1.0,0.6414913
DDD,2014B,584089,P3,F2,1.0,0.6363064
DDD,2014B,584660,P3,F2,0.0,0.4465287
DDD,2014B,585372,P3,F2,1.0,0.6260985
DDD,2014B,585830,P3,F2,0.0,0.3883658
DDD,2014B,586347,P3,F2,0.0,0.51986533
DDD,2014B,586369,P3,F2,1.0,0.44983464
DDD,2014B,586876,P3,F2,0.0,0.40553594
DDD,2014B,586946,P3,F2,1.0,0.56293446
DDD,2014B,587403,P3,F2,1.0,0.6404622
DDD,2014B,587576,P3,F2,1.0,0.638613
DDD,2014B,587633,P3,F2,1.0,0.5544081
DDD,2014B,588182,P3,F2,1.0,0.52654356
DDD,2014B,588198,P3,F2,0.0,0.47703722
DDD,2014B,588397,P3,F2,1.0,0.5601064
DDD,2014B,588749,P3,F2,1.0,0.63179743
DDD,2014B,588752,P3,F2,1.0,0.49713805
DDD,2014B,589569,P3,F2,1.0,0.47289526
DDD,2014B,589963,P3,F2,0.0,0.48418316
DDD,2014B,590410,P3,F2,1.0,0.42850244
DDD,2014B,590504,P3,F2,1.0,0.6414913
DDD,2014B,590541,P3,F2,0.0,0.39526314
DDD,2014B,590680,P3,F2,0.0,0.43900213
DDD,2014B,591448,P3,F2,0.0,0.43022978
DDD,2014B,591654,P3,F2,1.0,0.61802727
DDD,2014B,592220,P3,F2,1.0,0.5015961
DDD,2014B,592465,P3,F2,0.0,0.627036
DDD,2014B,593607,P3,F2,0.0,0.4150889
DDD,2014B,593657,P3,F2,0.0,0.44999757
DDD,2014B,594078,P3,F2,0.0,0.44446018
DDD,2014B,594407,P3,F2,1.0,0.6414913
DDD,2014B,595193,P3,F2,0.0,0.4389198
DDD,2014B,595342,P3,F2,1.0,0.40108293
DDD,2014B,595373,P3,F2,1.0,0.4494966
DDD,2014B,596439,P3,F2,0.0,0.5214349
DDD,2014B,596465,P3,F2,0.0,0.46257275
DDD,2014B,596906,P3,F2,1.0,0.54542166
DDD,2014B,597356,P3,F2,1.0,0.52531964
DDD,2014B,597839,P3,F2,1.0,0.59680957
DDD,2014B,598102,P3,F2,0.0,0.5789839
DDD,2014B,598179,P3,F2,0.0,0.48267275
DDD,2014B,598750,P3,F2,0.0,0.40490595
DDD,2014B,599134,P3,F2,1.0,0.54604703
DDD,2014B,599649,P3,F2,1.0,0.55031884
DDD,2014B,599789,P3,F2,0.0,0.46810699
DDD,2014B,600130,P3,F2,1.0,0.6414913
DDD,2014B,600670,P3,F2,0.0,0.44606626
DDD,2014B,600767,P3,F2,0.0,0.44559333
DDD,2014B,600891,P3,F2,0.0,0.40042588
DDD,2014B,601082,P3,F2,0.0,0.46389285
DDD,2014B,601093,P3,F2,0.0,0.474622
DDD,2014B,601270,P3,F2,1.0,0.6400902
DDD,2014B,601329,P3,F2,1.0,0.5837288
DDD,2014B,601652,P3,F2,1.0,0.41214305
DDD,2014B,601731,P3,F2,1.0,0.6414913
DDD,2014B,601956,P3,F2,0.0,0.57311267
DDD,2014B,602228,P3,F2,1.0,0.47343808
DDD,2014B,602365,P3,F2,0.0,0.52300626
DDD,2014B,602454,P3,F2,0.0,0.5568109
DDD,2014B,602533,P3,F2,0.0,0.6414913
DDD,2014B,603302,P3,F2,0.0,0.62374943
DDD,2014B,603559,P3,F2,1.0,0.6414913
DDD,2014B,603690,P3,F2,0.0,0.49571517
DDD,2014B,604704,P3,F2,1.0,0.5610746
DDD,2014B,604905,P3,F2,0.0,0.52692246
DDD,2014B,605596,P3,F2,0.0,0.5241087
DDD,2014B,605652,P3,F2,0.0,0.6317161
DDD,2014B,605695,P3,F2,0.0,0.40576717
DDD,2014B,605759,P3,F2,1.0,0.59366244
DDD,2014B,605781,P3,F2,0.0,0.4445412
DDD,2014B,605890,P3,F2,1.0,0.5150537
DDD,2014B,606802,P3,F2,1.0,0.54682404
DDD,2014B,606884,P3,F2,1.0,0.5664533
DDD,2014B,607130,P3,F2,0.0,0.5043581
DDD,2014B,607462,P3,F2,1.0,0.579927
DDD,2014B,607572,P3,F2,1.0,0.5041865
DDD,2014B,607939,P3,F2,1.0,0.56516266
DDD,2014B,608322,P3,F2,0.0,0.4842494
DDD,2014B,608487,P3,F2,0.0,0.4687472
DDD,2014B,608724,P3,F2,0.0,0.52078605
DDD,2014B,608772,P3,F2,1.0,0.62292796
DDD,2014B,609019,P3,F2,1.0,0.5631896
DDD,2014B,609089,P3,F2,1.0,0.5936177
DDD,2014B,609194,P3,F2,0.0,0.5520905
DDD,2014B,609265,P3,F2,0.0,0.40828466
DDD,2014B,609354,P3,F2,1.0,0.45310846
DDD,2014B,609570,P3,F2,1.0,0.52755207
DDD,2014B,609573,P3,F2,0.0,0.45469815
DDD,2014B,609681,P3,F2,1.0,0.638613
DDD,2014B,609708,P3,F2,1.0,0.6414913
DDD,2014B,609852,P3,F2,0.0,0.41880035
DDD,2014B,609946,P3,F2,1.0,0.6036459
DDD,2014B,610228,P3,F2,1.0,0.6053368
DDD,2014B,610261,P3,F2,1.0,0.6414913
DDD,2014B,610285,P3,F2,0.0,0.4525747
DDD,2014B,610326,P3,F2,0.0,0.5423365
DDD,2014B,610515,P3,F2,0.0,0.5738043
DDD,2014B,610931,P3,F2,0.0,0.3883658
DDD,2014B,611377,P3,F2,0.0,0.41785467
DDD,2014B,611493,P3,F2,1.0,0.6376878
DDD,2014B,611520,P3,F2,1.0,0.5678643
DDD,2014B,611735,P3,F2,1.0,0.5279844
DDD,2014B,611845,P3,F2,1.0,0.55840784
DDD,2014B,611865,P3,F2,1.0,0.5220727
DDD,2014B,611879,P3,F2,0.0,0.5088076
DDD,2014B,611910,P3,F2,1.0,0.43132588
DDD,2014B,611983,P3,F2,1.0,0.5137422
DDD,2014B,612000,P3,F2,0.0,0.41541234
DDD,2014B,612026,P3,F2,1.0,0.5297401
DDD,2014B,612136,P3,F2,0.0,0.4181112
DDD,2014B,612283,P3,F2,1.0,0.6124554
DDD,2014B,612326,P3,F2,0.0,0.462079
DDD,2014B,612439,P3,F2,0.0,0.49764425
DDD,2014B,612443,P3,F2,1.0,0.49529657
DDD,2014B,612563,P3,F2,1.0,0.6374504
DDD,2014B,612625,P3,F2,1.0,0.54421365
DDD,2014B,612669,P3,F2,1.0,0.5274304
DDD,2014B,612822,P3,F2,1.0,0.5560814
DDD,2014B,612935,P3,F2,1.0,0.574682
DDD,2014B,613063,P3,F2,1.0,0.6376289
DDD,2014B,613105,P3,F2,1.0,0.6414913
DDD,2014B,613107,P3,F2,0.0,0.39229137
DDD,2014B,613313,P3,F2,0.0,0.42216876
DDD,2014B,613370,P3,F2,0.0,0.45861697
DDD,2014B,613466,P3,F2,0.0,0.45693678
DDD,2014B,613667,P3,F2,0.0,0.39505622
DDD,2014B,613834,P3,F2,0.0,0.4331884
DDD,2014B,613876,P3,F2,1.0,0.6088087
DDD,2014B,614025,P3,F2,1.0,0.63219345
DDD,2014B,614074,P3,F2,0.0,0.41762668
DDD,2014B,614176,P3,F2,0.0,0.4410739
DDD,2014B,614217,P3,F2,1.0,0.45261803
DDD,2014B,614241,P3,F2,1.0,0.6374504
DDD,2014B,614265,P3,F2,0.0,0.4070681
DDD,2014B,614406,P3,F2,1.0,0.45836473
DDD,2014B,614471,P3,F2,1.0,0.49220082
DDD,2014B,614633,P3,F2,1.0,0.4844397
DDD,2014B,614649,P3,F2,1.0,0.6202683
DDD,2014B,614650,P3,F2,1.0,0.5798896
DDD,2014B,614804,P3,F2,0.0,0.4115493
DDD,2014B,614808,P3,F2,0.0,0.6414913
DDD,2014B,614930,P3,F2,1.0,0.6042765
DDD,2014B,614949,P3,F2,0.0,0.4100919
DDD,2014B,615075,P3,F2,0.0,0.46174702
DDD,2014B,615184,P3,F2,1.0,0.5052884
DDD,2014B,615438,P3,F2,1.0,0.46884236
DDD,2014B,616334,P3,F2,1.0,0.5585524
DDD,2014B,616542,P3,F2,0.0,0.5124706
DDD,2014B,616658,P3,F2,0.0,0.414569
DDD,2014B,616862,P3,F2,1.0,0.6300261
DDD,2014B,616870,P3,F2,0.0,0.5209853
DDD,2014B,616952,P3,F2,0.0,0.5402414
DDD,2014B,617265,P3,F2,1.0,0.5670115
DDD,2014B,617327,P3,F2,0.0,0.5264056
DDD,2014B,617401,P3,F2,1.0,0.6414913
DDD,2014B,617442,P3,F2,0.0,0.40048268
DDD,2014B,617619,P3,F2,1.0,0.47172195
DDD,2014B,617699,P3,F2,0.0,0.46890143
DDD,2014B,617771,P3,F2,1.0,0.63006634
DDD,2014B,617781,P3,F2,0.0,0.51604146
DDD,2014B,617801,P3,F2,0.0,0.50688344
DDD,2014B,617880,P3,F2,0.0,0.48704875
DDD,2014B,617897,P3,F2,1.0,0.54583097
DDD,2014B,618131,P3,F2,1.0,0.5222498
DDD,2014B,618171,P3,F2,1.0,0.5321507
DDD,2014B,618295,P3,F2,0.0,0.43915975
DDD,2014B,618377,P3,F2,0.0,0.4806681
DDD,2014B,618649,P3,F2,0.0,0.3969555
DDD,2014B,618675,P3,F2,1.0,0.5115318
DDD,2014B,618682,P3,F2,1.0,0.6317161
DDD,2014B,618683,P3,F2,0.0,0.41730607
DDD,2014B,618696,P3,F2,1.0,0.44713193
DDD,2014B,618845,P3,F2,0.0,0.39526314
DDD,2014B,618937,P3,F2,0.0,0.39521608
DDD,2014B,618940,P3,F2,0.0,0.48068705
DDD,2014B,618963,P3,F2,1.0,0.632729
DDD,2014B,618968,P3,F2,1.0,0.63473725
DDD,2014B,618998,P3,F2,1.0,0.6414913
DDD,2014B,619297,P3,F2,0.0,0.4249053
DDD,2014B,619359,P3,F2,0.0,0.5169724
DDD,2014B,619382,P3,F2,1.0,0.62290585
DDD,2014B,619403,P3,F2,0.0,0.41076097
DDD,2014B,619851,P3,F2,1.0,0.6128493
DDD,2014B,619939,P3,F2,1.0,0.6414913
DDD,2014B,619964,P3,F2,1.0,0.6345581
DDD,2014B,620060,P3,F2,1.0,0.47395793
DDD,2014B,620102,P3,F2,1.0,0.47358045
DDD,2014B,620159,P3,F2,0.0,0.4359044
DDD,2014B,620231,P3,F2,0.0,0.4640491
DDD,2014B,620243,P3,F2,0.0,0.51614
DDD,2014B,620337,P3,F2,1.0,0.5071026
DDD,2014B,620437,P3,F2,1.0,0.50697154
DDD,2014B,620608,P3,F2,1.0,0.45644048
DDD,2014B,620630,P3,F2,0.0,0.4373552
DDD,2014B,620658,P3,F2,0.0,0.4020777
DDD,2014B,620734,P3,F2,0.0,0.41193753
DDD,2014B,620793,P3,F2,1.0,0.6414913
DDD,2014B,620820,P3,F2,0.0,0.52890486
DDD,2014B,620892,P3,F2,1.0,0.5679285
DDD,2014B,620925,P3,F2,1.0,0.5834529
DDD,2014B,620951,P3,F2,1.0,0.55449194
DDD,2014B,620974,P3,F2,1.0,0.60367805
DDD,2014B,621004,P3,F2,0.0,0.48997998
DDD,2014B,621010,P3,F2,0.0,0.43406123
DDD,2014B,621300,P3,F2,0.0,0.50316787
DDD,2014B,621352,P3,F2,1.0,0.50703
DDD,2014B,621384,P3,F2,1.0,0.6414913
DDD,2014B,621442,P3,F2,0.0,0.6414913
DDD,2014B,621457,P3,F2,0.0,0.44633758
DDD,2014B,621615,P3,F2,0.0,0.3951908
DDD,2014B,621659,P3,F2,1.0,0.52869606
DDD,2014B,621699,P3,F2,0.0,0.4958499
DDD,2014B,621883,P3,F2,0.0,0.506023
DDD,2014B,621908,P3,F2,1.0,0.5103221
DDD,2014B,622086,P3,F2,0.0,0.42994425
DDD,2014B,622175,P3,F2,1.0,0.42020383
DDD,2014B,622192,P3,F2,0.0,0.4289014
DDD,2014B,622207,P3,F2,1.0,0.6414913
DDD,2014B,622215,P3,F2,0.0,0.5717269
DDD,2014B,622225,P3,F2,1.0,0.6028683
DDD,2014B,622281,P3,F2,1.0,0.6414913
DDD,2014B,622413,P3,F2,0.0,0.5328146
DDD,2014B,622435,P3,F2,1.0,0.48291987
DDD,2014B,622499,P3,F2,1.0,0.59518737
DDD,2014B,622541,P3,F2,0.0,0.440523
DDD,2014B,622571,P3,F2,1.0,0.47935155
DDD,2014B,622614,P3,F2,1.0,0.62292796
DDD,2014B,622630,P3,F2,1.0,0.6331454
DDD,2014B,622657,P3,F2,1.0,0.623686
DDD,2014B,622672,P3,F2,1.0,0.6414913
DDD,2014B,622724,P3,F2,0.0,0.44389495
DDD,2014B,622764,P3,F2,0.0,0.39456752
DDD,2014B,622790,P3,F2,1.0,0.5195727
DDD,2014B,622792,P3,F2,1.0,0.638613
DDD,2014B,622844,P3,F2,1.0,0.6295411
DDD,2014B,622851,P3,F2,1.0,0.51659966
DDD,2014B,622900,P3,F2,1.0,0.4850849
DDD,2014B,623008,P3,F2,0.0,0.6414913
DDD,2014B,623015,P3,F2,1.0,0.6414913
DDD,2014B,623052,P3,F2,1.0,0.39140603
DDD,2014B,623073,P3,F2,0.0,0.39764774
DDD,2014B,623099,P3,F2,1.0,0.63628024
DDD,2014B,623164,P3,F2,0.0,0.40134922
DDD,2014B,623210,P3,F2,1.0,0.531755
DDD,2014B,623257,P3,F2,1.0,0.42939854
DDD,2014B,623347,P3,F2,0.0,0.47921288
DDD,2014B,623514,P3,F2,0.0,0.5644938
DDD,2014B,623541,P3,F2,0.0,0.39727673
DDD,2014B,623585,P3,F2,0.0,0.48797598
DDD,2014B,623740,P3,F2,1.0,0.517197
DDD,2014B,623815,P3,F2,0.0,0.39521608
DDD,2014B,623826,P3,F2,0.0,0.41507864
DDD,2014B,623829,P3,F2,1.0,0.61579007
DDD,2014B,623917,P3,F2,1.0,0.5374559
DDD,2014B,623931,P3,F2,0.0,0.43883994
DDD,2014B,623932,P3,F2,1.0,0.43454668
DDD,2014B,624007,P3,F2,0.0,0.40160358
DDD,2014B,624052,P3,F2,0.0,0.403417
DDD,2014B,624077,P3,F2,0.0,0.4481988
DDD,2014B,624078,P3,F2,1.0,0.41212127
DDD,2014B,624093,P3,F2,1.0,0.63031703
DDD,2014B,624105,P3,F2,1.0,0.60689735
DDD,2014B,624156,P3,F2,0.0,0.5098414
DDD,2014B,624358,P3,F2,0.0,0.4376964
DDD,2014B,624407,P3,F2,1.0,0.520908
DDD,2014B,624476,P3,F2,1.0,0.52512765
DDD,2014B,624493,P3,F2,0.0,0.41772524
DDD,2014B,624570,P3,F2,1.0,0.62447435
DDD,2014B,624585,P3,F2,0.0,0.4792073
DDD,2014B,624610,P3,F2,1.0,0.43594685
DDD,2014B,624730,P3,F2,1.0,0.5396043
DDD,2014B,624789,P3,F2,0.0,0.3883658
DDD,2014B,624804,P3,F2,0.0,0.40693465
DDD,2014B,624829,P3,F2,1.0,0.45862153
DDD,2014B,624839,P3,F2,0.0,0.4260541
DDD,2014B,624881,P3,F2,0.0,0.41358837
DDD,2014B,624921,P3,F2,1.0,0.6281932
DDD,2014B,624927,P3,F2,0.0,0.43536982
DDD,2014B,624944,P3,F2,1.0,0.6064608
DDD,2014B,625035,P3,F2,0.0,0.41043586
DDD,2014B,625080,P3,F2,1.0,0.45731935
DDD,2014B,625098,P3,F2,1.0,0.47573626
DDD,2014B,625218,P3,F2,0.0,0.3974942
DDD,2014B,625263,P3,F2,0.0,0.53146315
DDD,2014B,625427,P3,F2,0.0,0.40330443
DDD,2014B,625615,P3,F2,1.0,0.528658
DDD,2014B,625714,P3,F2,0.0,0.50343215
DDD,2014B,625748,P3,F2,0.0,0.41582078
DDD,2014B,625864,P3,F2,0.0,0.45545608
DDD,2014B,625874,P3,F2,1.0,0.47924036
DDD,2014B,625902,P3,F2,1.0,0.46111476
DDD,2014B,625983,P3,F2,1.0,0.5210266
DDD,2014B,626018,P3,F2,1.0,0.5159712
DDD,2014B,626040,P3,F2,1.0,0.50765616
DDD,2014B,626049,P3,F2,1.0,0.43202063
DDD,2014B,626061,P3,F2,0.0,0.57043654
DDD,2014B,626114,P3,F2,0.0,0.40287274
DDD,2014B,626146,P3,F2,0.0,0.43475243
DDD,2014B,626172,P3,F2,0.0,0.434966
DDD,2014B,626192,P3,F2,0.0,0.39800596
DDD,2014B,626217,P3,F2,1.0,0.57091606
DDD,2014B,626238,P3,F2,0.0,0.40167508
DDD,2014B,626321,P3,F2,1.0,0.6405693
DDD,2014B,626348,P3,F2,1.0,0.49753952
DDD,2014B,626405,P3,F2,1.0,0.4078414
DDD,2014B,626417,P3,F2,0.0,0.5095873
DDD,2014B,626450,P3,F2,0.0,0.3972787
DDD,2014B,626551,P3,F2,0.0,0.4128239
DDD,2014B,626556,P3,F2,0.0,0.51531655
DDD,2014B,626607,P3,F2,1.0,0.6040603
DDD,2014B,626679,P3,F2,1.0,0.41371843
DDD,2014B,626723,P3,F2,1.0,0.55590194
DDD,2014B,626798,P3,F2,1.0,0.6113406
DDD,2014B,626852,P3,F2,0.0,0.51186407
DDD,2014B,626885,P3,F2,0.0,0.40590248
DDD,2014B,626889,P3,F2,0.0,0.50032765
DDD,2014B,626930,P3,F2,1.0,0.63062376
DDD,2014B,626979,P3,F2,1.0,0.5173969
DDD,2014B,627021,P3,F2,0.0,0.53331935
DDD,2014B,627071,P3,F2,1.0,0.50003654
DDD,2014B,627100,P3,F2,0.0,0.44775876
DDD,2014B,627173,P3,F2,1.0,0.57263064
DDD,2014B,627184,P3,F2,0.0,0.46357012
DDD,2014B,627276,P3,F2,0.0,0.48277986
DDD,2014B,627322,P3,F2,0.0,0.40578082
DDD,2014B,627333,P3,F2,0.0,0.6414913
DDD,2014B,627367,P3,F2,1.0,0.49937493
DDD,2014B,627397,P3,F2,0.0,0.4199445
DDD,2014B,627416,P3,F2,1.0,0.45334426
DDD,2014B,627536,P3,F2,0.0,0.54107046
DDD,2014B,627581,P3,F2,1.0,0.50740016
DDD,2014B,627638,P3,F2,1.0,0.47025564
DDD,2014B,627655,P3,F2,1.0,0.5725491
DDD,2014B,627772,P3,F2,0.0,0.46582583
DDD,2014B,627879,P3,F2,0.0,0.44387022
DDD,2014B,627882,P3,F2,0.0,0.38993153
DDD,2014B,627891,P3,F2,0.0,0.55368537
DDD,2014B,627924,P3,F2,1.0,0.4528527
DDD,2014B,628008,P3,F2,0.0,0.44299546
DDD,2014B,628099,P3,F2,0.0,0.41458833
DDD,2014B,628216,P3,F2,0.0,0.4391795
DDD,2014B,628246,P3,F2,0.0,0.47124216
DDD,2014B,628333,P3,F2,0.0,0.459134
DDD,2014B,628347,P3,F2,0.0,0.46807912
DDD,2014B,628376,P3,F2,0.0,0.48767444
DDD,2014B,628386,P3,F2,0.0,0.50889635
DDD,2014B,628502,P3,F2,0.0,0.42000026
DDD,2014B,628575,P3,F2,0.0,0.49132183
DDD,2014B,628642,P3,F2,0.0,0.52233154
DDD,2014B,628806,P3,F2,0.0,0.41552603
DDD,2014B,628835,P3,F2,0.0,0.48754093
DDD,2014B,628841,P3,F2,1.0,0.6414913
DDD,2014B,628875,P3,F2,0.0,0.43535435
DDD,2014B,628915,P3,F2,0.0,0.39119235
DDD,2014B,628956,P3,F2,0.0,0.42965525
DDD,2014B,629000,P3,F2,1.0,0.46555048
DDD,2014B,629039,P3,F2,1.0,0.43592456
DDD,2014B,629055,P3,F2,0.0,0.45556143
DDD,2014B,629316,P3,F2,1.0,0.58315897
DDD,2014B,629405,P3,F2,0.0,0.48233908
DDD,2014B,629452,P3,F2,0.0,0.39375412
DDD,2014B,629454,P3,F2,1.0,0.49740788
DDD,2014B,629632,P3,F2,1.0,0.52470917
DDD,2014B,629673,P3,F2,1.0,0.6414913
DDD,2014B,629696,P3,F2,0.0,0.6363945
DDD,2014B,629699,P3,F2,1.0,0.5094047
DDD,2014B,629702,P3,F2,1.0,0.46808514
DDD,2014B,629706,P3,F2,1.0,0.6405693
DDD,2014B,629710,P3,F2,0.0,0.39405462
DDD,2014B,629725,P3,F2,0.0,0.42013186
DDD,2014B,629773,P3,F2,1.0,0.42972594
DDD,2014B,629822,P3,F2,0.0,0.43406543
DDD,2014B,629876,P3,F2,1.0,0.42631093
DDD,2014B,629877,P3,F2,0.0,0.39229137
DDD,2014B,629898,P3,F2,0.0,0.39724067
DDD,2014B,629921,P3,F2,0.0,0.4066144
DDD,2014B,629955,P3,F2,1.0,0.6414913
DDD,2014B,630073,P3,F2,0.0,0.50022507
DDD,2014B,630137,P3,F2,0.0,0.43826264
DDD,2014B,630152,P3,F2,1.0,0.47838745
DDD,2014B,630178,P3,F2,0.0,0.46125567
DDD,2014B,630195,P3,F2,1.0,0.4449001
DDD,2014B,630200,P3,F2,0.0,0.5135099
DDD,2014B,630301,P3,F2,1.0,0.44043234
DDD,2014B,630359,P3,F2,1.0,0.6414913
DDD,2014B,630401,P3,F2,1.0,0.49423593
DDD,2014B,630432,P3,F2,0.0,0.45890722
DDD,2014B,630596,P3,F2,0.0,0.3965957
DDD,2014B,630613,P3,F2,0.0,0.49204323
DDD,2014B,630774,P3,F2,0.0,0.49248075
DDD,2014B,630818,P3,F2,0.0,0.42519262
DDD,2014B,630935,P3,F2,0.0,0.43608686
DDD,2014B,630948,P3,F2,0.0,0.39944908
DDD,2014B,631029,P3,F2,1.0,0.5150657
DDD,2014B,631131,P3,F2,0.0,0.5031754
DDD,2014B,631207,P3,F2,1.0,0.5763405
DDD,2014B,631240,P3,F2,1.0,0.62712395
DDD,2014B,631257,P3,F2,0.0,0.5217647
DDD,2014B,631299,P3,F2,1.0,0.6115356
DDD,2014B,631322,P3,F2,0.0,0.5333647
DDD,2014B,631355,P3,F2,1.0,0.4143845
DDD,2014B,631388,P3,F2,0.0,0.5446138
DDD,2014B,631439,P3,F2,0.0,0.43545118
DDD,2014B,631513,P3,F2,1.0,0.44321042
DDD,2014B,631514,P3,F2,0.0,0.5176984
DDD,2014B,631527,P3,F2,1.0,0.59892184
DDD,2014B,631569,P3,F2,0.0,0.42773256
DDD,2014B,631600,P3,F2,1.0,0.6405693
DDD,2014B,631623,P3,F2,1.0,0.561155
DDD,2014B,631639,P3,F2,0.0,0.4644106
DDD,2014B,631670,P3,F2,0.0,0.4045653
DDD,2014B,631749,P3,F2,1.0,0.5862168
DDD,2014B,631771,P3,F2,0.0,0.44264987
DDD,2014B,631813,P3,F2,1.0,0.6033199
DDD,2014B,631846,P3,F2,1.0,0.42607266
DDD,2014B,631851,P3,F2,0.0,0.39295968
DDD,2014B,631945,P3,F2,1.0,0.46279398
DDD,2014B,632115,P3,F2,1.0,0.6391461
DDD,2014B,632125,P3,F2,1.0,0.47673544
DDD,2014B,632195,P3,F2,1.0,0.41937554
DDD,2014B,632205,P3,F2,0.0,0.44383276
DDD,2014B,632215,P3,F2,0.0,0.42418388
DDD,2014B,632305,P3,F2,0.0,0.48086637
DDD,2014B,632314,P3,F2,1.0,0.5783812
DDD,2014B,632463,P3,F2,1.0,0.60314375
DDD,2014B,632469,P3,F2,1.0,0.576483
DDD,2014B,632473,P3,F2,1.0,0.6414913
DDD,2014B,632482,P3,F2,1.0,0.63720703
DDD,2014B,632486,P3,F2,1.0,0.436793
DDD,2014B,632504,P3,F2,1.0,0.58530825
DDD,2014B,632551,P3,F2,1.0,0.44242397
DDD,2014B,632680,P3,F2,0.0,0.41323355
DDD,2014B,632725,P3,F2,1.0,0.60604656
DDD,2014B,632741,P3,F2,0.0,0.42443106
DDD,2014B,632790,P3,F2,0.0,0.45766982
DDD,2014B,632793,P3,F2,1.0,0.5916711
DDD,2014B,632814,P3,F2,1.0,0.6080417
DDD,2014B,632845,P3,F2,0.0,0.3964423
DDD,2014B,632856,P3,F2,1.0,0.57084316
DDD,2014B,632898,P3,F2,1.0,0.49052012
DDD,2014B,633008,P3,F2,0.0,0.41608614
DDD,2014B,633214,P3,F2,1.0,0.4141942
DDD,2014B,633273,P3,F2,1.0,0.50567937
DDD,2014B,633325,P3,F2,0.0,0.6405693
DDD,2014B,633331,P3,F2,1.0,0.5196438
DDD,2014B,633341,P3,F2,1.0,0.6073727
DDD,2014B,633355,P3,F2,0.0,0.462759
DDD,2014B,633368,P3,F2,0.0,0.5285612
DDD,2014B,633384,P3,F2,1.0,0.5011899
DDD,2014B,633467,P3,F2,0.0,0.5689442
DDD,2014B,633510,P3,F2,1.0,0.51327705
DDD,2014B,633591,P3,F2,0.0,0.4129057
DDD,2014B,633763,P3,F2,0.0,0.49200013
DDD,2014B,633764,P3,F2,0.0,0.5163601
DDD,2014B,633771,P3,F2,1.0,0.6414913
DDD,2014B,633864,P3,F2,0.0,0.41998944
DDD,2014B,633921,P3,F2,0.0,0.44102702
DDD,2014B,633960,P3,F2,0.0,0.40026912
DDD,2014B,634094,P3,F2,0.0,0.627036
DDD,2014B,634106,P3,F2,0.0,0.44725704
DDD,2014B,634178,P3,F2,0.0,0.42212218
DDD,2014B,634246,P3,F2,0.0,0.58033115
DDD,2014B,634278,P3,F2,1.0,0.505101
DDD,2014B,634351,P3,F2,0.0,0.499634
DDD,2014B,634360,P3,F2,1.0,0.41893455
DDD,2014B,634383,P3,F2,0.0,0.39602762
DDD,2014B,634397,P3,F2,1.0,0.62547386
DDD,2014B,634420,P3,F2,0.0,0.51923305
DDD,2014B,634508,P3,F2,1.0,0.5059959
DDD,2014B,634596,P3,F2,0.0,0.38937017
DDD,2014B,634648,P3,F2,0.0,0.43529955
DDD,2014B,634681,P3,F2,0.0,0.40469235
DDD,2014B,634824,P3,F2,0.0,0.42832893
DDD,2014B,634905,P3,F2,0.0,0.40930805
DDD,2014B,634909,P3,F2,1.0,0.50539774
DDD,2014B,635058,P3,F2,0.0,0.40126973
DDD,2014B,635100,P3,F2,0.0,0.5227021
DDD,2014B,635141,P3,F2,0.0,0.39360547
DDD,2014B,669530,P3,F2,1.0,0.562249
DDD,2014B,879295,P3,F2,0.0,0.62304366
DDD,2014B,909056,P3,F2,0.0,0.39753813
DDD,2014B,963176,P3,F2,1.0,0.5100293
DDD,2014B,1031884,P3,F2,0.0,0.40813747
DDD,2014B,1033968,P3,F2,1.0,0.6414913
DDD,2014B,1049036,P3,F2,0.0,0.4086248
DDD,2014B,1332356,P3,F2,0.0,0.4553891
DDD,2014B,1531649,P3,F2,1.0,0.4475153
DDD,2014B,1549107,P3,F2,0.0,0.43783292
DDD,2014B,1552044,P3,F2,0.0,0.4125966
DDD,2014B,1554143,P3,F2,1.0,0.634699
DDD,2014B,1591864,P3,F2,1.0,0.41205212
DDD,2014B,1592048,P3,F2,0.0,0.41343877
DDD,2014B,1612600,P3,F2,0.0,0.4218111
DDD,2014B,1624025,P3,F2,1.0,0.39786875
DDD,2014B,1668372,P3,F2,1.0,0.56666887
DDD,2014B,1671208,P3,F2,1.0,0.4361529
DDD,2014B,1671761,P3,F2,1.0,0.5455708
DDD,2014B,1671811,P3,F2,0.0,0.39940438
DDD,2014B,1735651,P3,F2,0.0,0.62894565
DDD,2014B,1735653,P3,F2,0.0,0.5179405
DDD,2014B,1763186,P3,F2,0.0,0.43199152
DDD,2014B,1767786,P3,F2,1.0,0.47970164
DDD,2014B,1777223,P3,F2,1.0,0.43249068
DDD,2014B,1804143,P3,F2,1.0,0.47904825
DDD,2014B,1826729,P3,F2,0.0,0.61236024
DDD,2014B,1843355,P3,F2,1.0,0.6093391
DDD,2014B,1874160,P3,F2,0.0,0.4538855
DDD,2014B,1903131,P3,F2,1.0,0.6414913
DDD,2014B,1916140,P3,F2,0.0,0.38928652
DDD,2014B,1939179,P3,F2,1.0,0.6230074
DDD,2014B,1945434,P3,F2,0.0,0.41967356
DDD,2014B,1951727,P3,F2,0.0,0.39106613
DDD,2014B,1962854,P3,F2,0.0,0.6414913
DDD,2014B,1981053,P3,F2,1.0,0.63903415
DDD,2014B,1986370,P3,F2,1.0,0.465528
DDD,2014B,2001102,P3,F2,1.0,0.60520196
DDD,2014B,2002727,P3,F2,1.0,0.6414913
DDD,2014B,2046628,P3,F2,1.0,0.5712321
DDD,2014B,2077023,P3,F2,0.0,0.5546572
DDD,2014B,2080340,P3,F2,1.0,0.49882913
DDD,2014B,2087698,P3,F2,0.0,0.41183266
DDD,2014B,2091387,P3,F2,0.0,0.41115585
DDD,2014B,2109013,P3,F2,1.0,0.63341016
DDD,2014B,2110039,P3,F2,1.0,0.6414913
DDD,2014B,2151748,P3,F2,1.0,0.62292796
DDD,2014B,2162388,P3,F2,1.0,0.51295763
DDD,2014B,2172136,P3,F2,0.0,0.4007787
DDD,2014B,2173688,P3,F2,1.0,0.56235605
DDD,2014B,2188469,P3,F2,1.0,0.52870077
DDD,2014B,2210989,P3,F2,0.0,0.48073557
DDD,2014B,2228206,P3,F2,1.0,0.4882756
DDD,2014B,2231018,P3,F2,0.0,0.4359484
DDD,2014B,2261142,P3,F2,1.0,0.6290333
DDD,2014B,2265935,P3,F2,1.0,0.47595662
DDD,2014B,2266889,P3,F2,0.0,0.46069422
DDD,2014B,2301511,P3,F2,1.0,0.56506443
DDD,2014B,2305957,P3,F2,1.0,0.6363064
DDD,2014B,2306519,P3,F2,0.0,0.47125164
DDD,2014B,2312809,P3,F2,0.0,0.58131105
DDD,2014B,2333244,P3,F2,1.0,0.42609236
DDD,2014B,2336922,P3,F2,0.0,0.62468934
DDD,2014B,2343809,P3,F2,0.0,0.45379472
DDD,2014B,2348961,P3,F2,0.0,0.506056
DDD,2014B,2356318,P3,F2,1.0,0.63720703
DDD,2014B,2366701,P3,F2,1.0,0.6363064
DDD,2014B,2371311,P3,F2,1.0,0.6405693
DDD,2014B,2394090,P3,F2,0.0,0.40795666
DDD,2014B,2399951,P3,F2,1.0,0.57061243
DDD,2014B,2411981,P3,F2,1.0,0.63321227
DDD,2014B,2414973,P3,F2,0.0,0.6414913
DDD,2014B,2415480,P3,F2,0.0,0.42097786
DDD,2014B,2416424,P3,F2,0.0,0.4721856
DDD,2014B,2416501,P3,F2,0.0,0.45961642
DDD,2014B,2436400,P3,F2,0.0,0.43269634
DDD,2014B,2444109,P3,F2,1.0,0.6405693
DDD,2014B,2450600,P3,F2,0.0,0.4175071
DDD,2014B,2450650,P3,F2,0.0,0.398107
DDD,2014B,2451003,P3,F2,0.0,0.59840584
DDD,2014B,2452902,P3,F2,0.0,0.638613
DDD,2014B,2460775,P3,F2,0.0,0.47490695
DDD,2014B,2465186,P3,F2,1.0,0.63006985
DDD,2014B,2473025,P3,F2,0.0,0.39719105
DDD,2014B,2485856,P3,F2,1.0,0.6414913
DDD,2014B,2495139,P3,F2,1.0,0.6405693
DDD,2014B,2499850,P3,F2,1.0,0.6363064
DDD,2014B,2502516,P3,F2,0.0,0.42311826
DDD,2014B,2502707,P3,F2,1.0,0.6361473
DDD,2014B,2503273,P3,F2,0.0,0.45105013
DDD,2014B,2516497,P3,F2,1.0,0.6414913
DDD,2014B,2519622,P3,F2,1.0,0.43059066
DDD,2014B,2523146,P3,F2,1.0,0.6414913
DDD,2014B,2527077,P3,F2,1.0,0.40209067
DDD,2014B,2533297,P3,F2,1.0,0.5318101
DDD,2014B,2533590,P3,F2,1.0,0.6405693
DDD,2014B,2545413,P3,F2,1.0,0.62706417
DDD,2014B,2550946,P3,F2,0.0,0.5113533
DDD,2014B,2558463,P3,F2,0.0,0.44208705
DDD,2014B,2577480,P3,F2,1.0,0.6414913
DDD,2014B,2588215,P3,F2,1.0,0.48774242
DDD,2014B,2588543,P3,F2,1.0,0.53545225
DDD,2014B,2595457,P3,F2,1.0,0.49429807
DDD,2014B,2595730,P3,F2,1.0,0.43514872
DDD,2014B,2608626,P3,F2,0.0,0.43122342
DDD,2014B,2609908,P3,F2,0.0,0.49054214
DDD,2014B,2611371,P3,F2,0.0,0.47265932
DDD,2014B,2619496,P3,F2,0.0,0.44267598
DDD,2014B,2623532,P3,F2,1.0,0.53172606
DDD,2014B,2635116,P3,F2,1.0,0.52746516
DDD,2014B,2636552,P3,F2,1.0,0.51551807
DDD,2014B,2637219,P3,F2,0.0,0.3887171
DDD,2014B,2639021,P3,F2,1.0,0.52826136
DDD,2014B,2640853,P3,F2,1.0,0.6414913
DDD,2014B,2643028,P3,F2,0.0,0.39958835
DDD,2014B,2646737,P3,F2,1.0,0.51981694
DDD,2014B,2648035,P3,F2,0.0,0.42784396
DDD,2014B,2659530,P3,F2,0.0,0.4418037
DDD,2014B,2660408,P3,F2,0.0,0.48101956
DDD,2014B,2661162,P3,F2,0.0,0.42501777
DDD,2014B,2668106,P3,F2,1.0,0.6260985
DDD,2014B,2669736,P3,F2,0.0,0.4804795
DDD,2014B,2669995,P3,F2,0.0,0.41784492
DDD,2014B,2675343,P3,F2,0.0,0.58092153
DDD,2014B,2684847,P3,F2,0.0,0.4607091
DDD,2014B,2685827,P3,F2,0.0,0.44021276
DDD,2014B,2686365,P3,F2,1.0,0.5781532
DDD,2014B,2686865,P3,F2,0.0,0.5223163
DDD,2014B,2688692,P3,F2,0.0,0.5018447
DDD,2014B,2689501,P3,F2,1.0,0.6405693
DDD,2014B,2692101,P3,F2,1.0,0.5301983
DDD,2014B,2692577,P3,F2,0.0,0.46935177
DDD,2014B,2692948,P3,F2,0.0,0.6414913
DDD,2014B,2694886,P3,F2,0.0,0.5343889
DDD,2014B,2696376,P3,F2,1.0,0.6414913
DDD,2014B,2698251,P3,F2,1.0,0.4900738
EEE,2014B,25150,P3,F2,0.0,0.61545324
EEE,2014B,27780,P3,F2,0.0,0.6297688
EEE,2014B,29639,P3,F2,0.0,0.4404729
EEE,2014B,29820,P3,F2,0.0,0.61982864
EEE,2014B,35340,P3,F2,0.0,0.6179316
EEE,2014B,35508,P3,F2,0.0,0.61773384
EEE,2014B,64296,P3,F2,1.0,0.62425876
EEE,2014B,70537,P3,F2,0.0,0.6218678
EEE,2014B,83219,P3,F2,0.0,0.6182435
EEE,2014B,121574,P3,F2,1.0,0.63353926
EEE,2014B,128971,P3,F2,0.0,0.62541306
EEE,2014B,135330,P3,F2,1.0,0.62402594
EEE,2014B,144745,P3,F2,0.0,0.6157235
EEE,2014B,148282,P3,F2,1.0,0.6306454
EEE,2014B,156594,P3,F2,0.0,0.6072756
EEE,2014B,158831,P3,F2,0.0,0.6169943
EEE,2014B,165376,P3,F2,0.0,0.63353926
EEE,2014B,167791,P3,F2,0.0,0.6031159
EEE,2014B,170936,P3,F2,0.0,0.63097036
EEE,2014B,171334,P3,F2,1.0,0.6193646
EEE,2014B,182400,P3,F2,1.0,0.6171942
EEE,2014B,185057,P3,F2,0.0,0.6125193
EEE,2014B,186476,P3,F2,0.0,0.6253972
EEE,2014B,188260,P3,F2,0.0,0.4726691
EEE,2014B,188662,P3,F2,0.0,0.62194026
EEE,2014B,193163,P3,F2,1.0,0.6093393
EEE,2014B,197730,P3,F2,0.0,0.6286621
EEE,2014B,198902,P3,F2,1.0,0.6333345
EEE,2014B,231019,P3,F2,1.0,0.6233683
EEE,2014B,231339,P3,F2,0.0,0.607113
EEE,2014B,234559,P3,F2,0.0,0.6168689
EEE,2014B,237934,P3,F2,1.0,0.63097036
EEE,2014B,244166,P3,F2,1.0,0.6198189
EEE,2014B,244977,P3,F2,0.0,0.6129882
EEE,2014B,247819,P3,F2,0.0,0.61924726
EEE,2014B,248818,P3,F2,0.0,0.6184122
EEE,2014B,250092,P3,F2,1.0,0.6225489
EEE,2014B,256867,P3,F2,0.0,0.61415493
EEE,2014B,261042,P3,F2,1.0,0.6353074
EEE,2014B,266040,P3,F2,1.0,0.49546564
EEE,2014B,267961,P3,F2,1.0,0.62620705
EEE,2014B,272103,P3,F2,1.0,0.63353926
EEE,2014B,274218,P3,F2,0.0,0.6245209
EEE,2014B,278786,P3,F2,1.0,0.6309917
EEE,2014B,285170,P3,F2,0.0,0.61680603
EEE,2014B,289397,P3,F2,0.0,0.6322394
EEE,2014B,291674,P3,F2,0.0,0.6135166
EEE,2014B,293670,P3,F2,1.0,0.6278626
EEE,2014B,293686,P3,F2,0.0,0.62060606
EEE,2014B,303774,P3,F2,1.0,0.6353074
EEE,2014B,308391,P3,F2,1.0,0.62591344
EEE,2014B,321112,P3,F2,1.0,0.63353926
EEE,2014B,324257,P3,F2,0.0,0.62163717
EEE,2014B,329455,P3,F2,0.0,0.6210114
EEE,2014B,335355,P3,F2,0.0,0.608353
EEE,2014B,338854,P3,F2,0.0,0.6111842
EEE,2014B,342957,P3,F2,0.0,0.5136464
EEE,2014B,349069,P3,F2,1.0,0.6309917
EEE,2014B,350690,P3,F2,1.0,0.60877186
EEE,2014B,353368,P3,F2,1.0,0.63353926
EEE,2014B,353953,P3,F2,0.0,0.6322842
EEE,2014B,359460,P3,F2,1.0,0.6125193
EEE,2014B,366424,P3,F2,0.0,0.42965093
EEE,2014B,368306,P3,F2,0.0,0.61621934
EEE,2014B,372812,P3,F2,1.0,0.49381492
EEE,2014B,380921,P3,F2,0.0,0.61561817
EEE,2014B,382432,P3,F2,1.0,0.62552804
EEE,2014B,382910,P3,F2,0.0,0.62625164
EEE,2014B,383239,P3,F2,0.0,0.6224363
EEE,2014B,389267,P3,F2,0.0,0.61303157
EEE,2014B,393488,P3,F2,0.0,0.61964864
EEE,2014B,404239,P3,F2,1.0,0.63245106
EEE,2014B,407428,P3,F2,1.0,0.6244901
EEE,2014B,410810,P3,F2,0.0,0.6275182
EEE,2014B,411381,P3,F2,1.0,0.6316522
EEE,2014B,413891,P3,F2,1.0,0.62643415
EEE,2014B,417547,P3,F2,0.0,0.6298577
EEE,2014B,420333,P3,F2,0.0,0.6253219
EEE,2014B,421111,P3,F2,0.0,0.63279265
EEE,2014B,424978,P3,F2,0.0,0.62132865
EEE,2014B,426316,P3,F2,0.0,0.45737875
EEE,2014B,426616,P3,F2,0.0,0.6249456
EEE,2014B,431386,P3,F2,1.0,0.6278626
EEE,2014B,437971,P3,F2,1.0,0.6103524
EEE,2014B,441852,P3,F2,0.0,0.6210151
EEE,2014B,443948,P3,F2,0.0,0.60787773
EEE,2014B,444197,P3,F2,0.0,0.6207723
EEE,2014B,444349,P3,F2,1.0,0.6253535
EEE,2014B,446077,P3,F2,1.0,0.6263693
EEE,2014B,446295,P3,F2,1.0,0.6353074
EEE,2014B,447235,P3,F2,0.0,0.6273375
EEE,2014B,464724,P3,F2,0.0,0.62128246
EEE,2014B,467144,P3,F2,0.0,0.62591344
EEE,2014B,469761,P3,F2,0.0,0.616671
EEE,2014B,469861,P3,F2,0.0,0.62395287
EEE,2014B,471018,P3,F2,1.0,0.62734336
EEE,2014B,474628,P3,F2,0.0,0.61782473
EEE,2014B,474674,P3,F2,1.0,0.6306768
EEE,2014B,475497,P3,F2,1.0,0.45489708
EEE,2014B,478550,P3,F2,0.0,0.61860144
EEE,2014B,478791,P3,F2,0.0,0.607113
EEE,2014B,479607,P3,F2,1.0,0.6187395
EEE,2014B,480928,P3,F2,1.0,0.6218708
EEE,2014B,481618,P3,F2,0.0,0.6040812
EEE,2014B,485920,P3,F2,0.0,0.49622312
EEE,2014B,486836,P3,F2,0.0,0.6235059
EEE,2014B,487239,P3,F2,0.0,0.6135631
EEE,2014B,487494,P3,F2,1.0,0.62671864
EEE,2014B,488828,P3,F2,1.0,0.63353926
EEE,2014B,490587,P3,F2,1.0,0.62476665
EEE,2014B,490662,P3,F2,1.0,0.61765224
EEE,2014B,492403,P3,F2,0.0,0.6168567
EEE,2014B,494427,P3,F2,0.0,0.6192016
EEE,2014B,494872,P3,F2,1.0,0.632316
EEE,2014B,496108,P3,F2,0.0,0.63025945
EEE,2014B,497361,P3,F2,1.0,0.6168996
EEE,2014B,497580,P3,F2,0.0,0.60523957
EEE,2014B,502640,P3,F2,1.0,0.6200964
EEE,2014B,502929,P3,F2,0.0,0.6140358
EEE,2014B,503872,P3,F2,1.0,0.6316522
EEE,2014B,504062,P3,F2,0.0,0.6228496
EEE,2014B,504652,P3,F2,0.0,0.63369435
EEE,2014B,504728,P3,F2,0.0,0.62480414
EEE,2014B,505333,P3,F2,1.0,0.6353074
EEE,2014B,505767,P3,F2,0.0,0.44248903
EEE,2014B,505855,P3,F2,0.0,0.61505896
EEE,2014B,510266,P3,F2,0.0,0.42027482
EEE,2014B,511199,P3,F2,1.0,0.62477165
EEE,2014B,511657,P3,F2,1.0,0.6262359
EEE,2014B,513211,P3,F2,1.0,0.6278626
EEE,2014B,513672,P3,F2,0.0,0.4756148
EEE,2014B,515125,P3,F2,1.0,0.6262359
EEE,2014B,516238,P3,F2,0.0,0.62390214
EEE,2014B,516728,P3,F2,1.0,0.6353074
EEE,2014B,518116,P3,F2,1.0,0.6296958
EEE,2014B,519258,P3,F2,1.0,0.6196566
EEE,2014B,519589,P3,F2,1.0,0.626285
EEE,2014B,520824,P3,F2,1.0,0.6255324
EEE,2014B,522525,P3,F2,0.0,0.6163045
EEE,2014B,523061,P3,F2,0.0,0.62643415
EEE,2014B,524276,P3,F2,1.0,0.63097036
EEE,2014B,524386,P3,F2,1.0,0.6274371
EEE,2014B,525332,P3,F2,1.0,0.6305258
EEE,2014B,526051,P3,F2,0.0,0.6160542
EEE,2014B,527771,P3,F2,1.0,0.62567186
EEE,2014B,529304,P3,F2,0.0,0.62345463
EEE,2014B,531845,P3,F2,1.0,0.628904
EEE,2014B,532531,P3,F2,0.0,0.6338959
EEE,2014B,538102,P3,F2,1.0,0.619315
EEE,2014B,540509,P3,F2,0.0,0.6219456
EEE,2014B,541003,P3,F2,0.0,0.6184559
EEE,2014B,541999,P3,F2,1.0,0.62874055
EEE,2014B,542050,P3,F2,0.0,0.6284223
EEE,2014B,542524,P3,F2,0.0,0.6094217
EEE,2014B,543475,P3,F2,0.0,0.61718124
EEE,2014B,543924,P3,F2,1.0,0.6172937
EEE,2014B,543948,P3,F2,0.0,0.60558015
EEE,2014B,544052,P3,F2,0.0,0.4878381
EEE,2014B,544295,P3,F2,1.0,0.61329955
EEE,2014B,546400,P3,F2,1.0,0.6259635
EEE,2014B,547100,P3,F2,1.0,0.6353074
EEE,2014B,547685,P3,F2,1.0,0.6297688
EEE,2014B,548261,P3,F2,1.0,0.6275182
EEE,2014B,548992,P3,F2,1.0,0.62874055
EEE,2014B,549401,P3,F2,1.0,0.6263143
EEE,2014B,550197,P3,F2,1.0,0.6316768
EEE,2014B,550357,P3,F2,0.0,0.6133494
EEE,2014B,550812,P3,F2,0.0,0.6247334
EEE,2014B,551528,P3,F2,1.0,0.618782
EEE,2014B,551856,P3,F2,1.0,0.62128115
EEE,2014B,552067,P3,F2,0.0,0.6182896
EEE,2014B,554988,P3,F2,1.0,0.6186795
EEE,2014B,555022,P3,F2,0.0,0.6162341
EEE,2014B,555756,P3,F2,0.0,0.6068291
EEE,2014B,557700,P3,F2,0.0,0.61773384
EEE,2014B,558122,P3,F2,1.0,0.63097036
EEE,2014B,558492,P3,F2,1.0,0.63097036
EEE,2014B,559518,P3,F2,0.0,0.6305258
EEE,2014B,559977,P3,F2,1.0,0.6353074
EEE,2014B,560951,P3,F2,1.0,0.60516155
EEE,2014B,561271,P3,F2,1.0,0.6259141
EEE,2014B,561363,P3,F2,0.0,0.61106205
EEE,2014B,561559,P3,F2,0.0,0.61975473
EEE,2014B,561774,P3,F2,0.0,0.4596756
EEE,2014B,562825,P3,F2,0.0,0.61975473
EEE,2014B,563230,P3,F2,0.0,0.626774
EEE,2014B,565838,P3,F2,1.0,0.4233667
EEE,2014B,566337,P3,F2,1.0,0.6284432
EEE,2014B,566422,P3,F2,0.0,0.6182435
EEE,2014B,566871,P3,F2,1.0,0.62398106
EEE,2014B,569620,P3,F2,1.0,0.6247458
EEE,2014B,571025,P3,F2,1.0,0.47588763
EEE,2014B,571128,P3,F2,0.0,0.61228603
EEE,2014B,571233,P3,F2,1.0,0.61751264
EEE,2014B,571389,P3,F2,1.0,0.6127693
EEE,2014B,571789,P3,F2,1.0,0.62156814
EEE,2014B,571963,P3,F2,0.0,0.62149215
EEE,2014B,572249,P3,F2,1.0,0.63369435
EEE,2014B,573558,P3,F2,0.0,0.614536
EEE,2014B,574508,P3,F2,0.0,0.6151737
EEE,2014B,574523,P3,F2,0.0,0.6268511
EEE,2014B,574580,P3,F2,1.0,0.6288012
EEE,2014B,574637,P3,F2,0.0,0.62060606
EEE,2014B,575162,P3,F2,0.0,0.62922645
EEE,2014B,575473,P3,F2,0.0,0.61631244
EEE,2014B,575777,P3,F2,0.0,0.5174278
EEE,2014B,576876,P3,F2,0.0,0.46196786
EEE,2014B,577245,P3,F2,0.0,0.45304218
EEE,2014B,577352,P3,F2,1.0,0.6353074
EEE,2014B,577460,P3,F2,0.0,0.4017923
EEE,2014B,577562,P3,F2,0.0,0.6230081
EEE,2014B,578541,P3,F2,1.0,0.6242091
EEE,2014B,578634,P3,F2,0.0,0.6218708
EEE,2014B,578958,P3,F2,0.0,0.6161658
EEE,2014B,581257,P3,F2,0.0,0.6243933
EEE,2014B,581269,P3,F2,0.0,0.6192407
EEE,2014B,581676,P3,F2,0.0,0.47113067
EEE,2014B,582094,P3,F2,1.0,0.6153645
EEE,2014B,583968,P3,F2,0.0,0.61992574
EEE,2014B,584698,P3,F2,1.0,0.62937075
EEE,2014B,585393,P3,F2,0.0,0.61860144
EEE,2014B,585397,P3,F2,0.0,0.62379354
EEE,2014B,585662,P3,F2,0.0,0.6234865
EEE,2014B,587323,P3,F2,0.0,0.62530535
EEE,2014B,588274,P3,F2,0.0,0.39629704
EEE,2014B,588765,P3,F2,0.0,0.6157235
EEE,2014B,589033,P3,F2,0.0,0.62251353
EEE,2014B,589223,P3,F2,0.0,0.6171668
EEE,2014B,589260,P3,F2,0.0,0.6188908
EEE,2014B,589722,P3,F2,1.0,0.6316522
EEE,2014B,589828,P3,F2,0.0,0.62854224
EEE,2014B,591398,P3,F2,0.0,0.43081504
EEE,2014B,592372,P3,F2,0.0,0.6231841
EEE,2014B,592593,P3,F2,0.0,0.6286453
EEE,2014B,592666,P3,F2,0.0,0.62213933
EEE,2014B,593123,P3,F2,1.0,0.624018
EEE,2014B,593733,P3,F2,0.0,0.61451274
EEE,2014B,594131,P3,F2,0.0,0.61461914
EEE,2014B,594193,P3,F2,1.0,0.6322803
EEE,2014B,594684,P3,F2,0.0,0.42476997
EEE,2014B,595100,P3,F2,0.0,0.61781573
EEE,2014B,595356,P3,F2,1.0,0.6318005
EEE,2014B,595808,P3,F2,1.0,0.6338959
EEE,2014B,595992,P3,F2,0.0,0.62567186
EEE,2014B,596347,P3,F2,0.0,0.6255004
EEE,2014B,596947,P3,F2,0.0,0.61833715
EEE,2014B,597909,P3,F2,0.0,0.6353074
EEE,2014B,599056,P3,F2,0.0,0.61200625
EEE,2014B,599263,P3,F2,1.0,0.6234624
EEE,2014B,599341,P3,F2,0.0,0.44988835
EEE,2014B,599554,P3,F2,0.0,0.61013806
EEE,2014B,599937,P3,F2,0.0,0.61986876
EEE,2014B,600181,P3,F2,1.0,0.62364614
EEE,2014B,600623,P3,F2,0.0,0.6207723
EEE,2014B,600801,P3,F2,0.0,0.61545324
EEE,2014B,600814,P3,F2,0.0,0.61468065
EEE,2014B,600987,P3,F2,0.0,0.6098921
EEE,2014B,601043,P3,F2,0.0,0.62266475
EEE,2014B,601054,P3,F2,0.0,0.61992264
EEE,2014B,601211,P3,F2,0.0,0.6133494
EEE,2014B,601248,P3,F2,1.0,0.6316768
EEE,2014B,601386,P3,F2,0.0,0.6171942
EEE,2014B,602107,P3,F2,1.0,0.45565155
EEE,2014B,602150,P3,F2,1.0,0.63086784
EEE,2014B,602721,P3,F2,0.0,0.4031686
EEE,2014B,603531,P3,F2,0.0,0.6146801
EEE,2014B,603791,P3,F2,1.0,0.632316
EEE,2014B,603832,P3,F2,0.0,0.62389064
EEE,2014B,604172,P3,F2,0.0,0.6043159
EEE,2014B,604270,P3,F2,0.0,0.6260401
EEE,2014B,604337,P3,F2,1.0,0.62251014
EEE,2014B,604490,P3,F2,1.0,0.62527734
EEE,2014B,604502,P3,F2,0.0,0.62527734
EEE,2014B,604571,P3,F2,0.0,0.63285744
EEE,2014B,604789,P3,F2,0.0,0.62399006
EEE,2014B,605367,P3,F2,0.0,0.61860144
EEE,2014B,605688,P3,F2,0.0,0.61424214
EEE,2014B,606127,P3,F2,1.0,0.6243203
EEE,2014B,606182,P3,F2,0.0,0.60752594
EEE,2014B,606350,P3,F2,1.0,0.6310194
EEE,2014B,607413,P3,F2,1.0,0.6186795
EEE,2014B,607570,P3,F2,1.0,0.6322803
EEE,2014B,608152,P3,F2,0.0,0.613603
EEE,2014B,609383,P3,F2,1.0,0.6224363
EEE,2014B,609450,P3,F2,1.0,0.62230086
EEE,2014B,609645,P3,F2,0.0,0.6186795
EEE,2014B,610234,P3,F2,0.0,0.41099995
EEE,2014B,610287,P3,F2,1.0,0.6157235
EEE,2014B,610684,P3,F2,0.0,0.6140967
EEE,2014B,610718,P3,F2,1.0,0.6353074
EEE,2014B,610927,P3,F2,1.0,0.614536
EEE,2014B,611024,P3,F2,0.0,0.6226416
EEE,2014B,611407,P3,F2,0.0,0.6217607
EEE,2014B,611502,P3,F2,0.0,0.6236377
EEE,2014B,611999,P3,F2,1.0,0.61631244
EEE,2014B,612023,P3,F2,1.0,0.62166995
EEE,2014B,612127,P3,F2,0.0,0.61462665
EEE,2014B,612287,P3,F2,1.0,0.6322803
EEE,2014B,612327,P3,F2,0.0,0.4018568
EEE,2014B,612397,P3,F2,1.0,0.6130253
EEE,2014B,612449,P3,F2,0.0,0.6154063
EEE,2014B,612644,P3,F2,0.0,0.6318005
EEE,2014B,612673,P3,F2,1.0,0.63321525
EEE,2014B,612882,P3,F2,1.0,0.62922645
EEE,2014B,613091,P3,F2,1.0,0.63353926
EEE,2014B,613116,P3,F2,1.0,0.62961626
EEE,2014B,613122,P3,F2,0.0,0.62060606
EEE,2014B,613133,P3,F2,0.0,0.6135631
EEE,2014B,613213,P3,F2,0.0,0.4034898
EEE,2014B,613387,P3,F2,1.0,0.6284432
EEE,2014B,613501,P3,F2,0.0,0.6170516
EEE,2014B,613790,P3,F2,1.0,0.6228496
EEE,2014B,614234,P3,F2,0.0,0.6228819
EEE,2014B,614245,P3,F2,0.0,0.6054611
EEE,2014B,614754,P3,F2,0.0,0.39748684
EEE,2014B,614952,P3,F2,1.0,0.6227026
EEE,2014B,615112,P3,F2,1.0,0.6288012
EEE,2014B,615229,P3,F2,0.0,0.6132453
EEE,2014B,615242,P3,F2,1.0,0.6085479
EEE,2014B,616386,P3,F2,0.0,0.60760987
EEE,2014B,616407,P3,F2,1.0,0.61003983
EEE,2014B,616439,P3,F2,0.0,0.6126557
EEE,2014B,616700,P3,F2,1.0,0.6228408
EEE,2014B,616708,P3,F2,1.0,0.6318005
EEE,2014B,616831,P3,F2,0.0,0.6257259
EEE,2014B,616927,P3,F2,1.0,0.6125193
EEE,2014B,617186,P3,F2,1.0,0.6316768
EEE,2014B,617355,P3,F2,0.0,0.6067165
EEE,2014B,617365,P3,F2,0.0,0.63025945
EEE,2014B,617418,P3,F2,1.0,0.6297688
EEE,2014B,617455,P3,F2,0.0,0.62638307
EEE,2014B,617531,P3,F2,0.0,0.61699265
EEE,2014B,617898,P3,F2,1.0,0.6353074
EEE,2014B,618078,P3,F2,1.0,0.63353926
EEE,2014B,618571,P3,F2,0.0,0.42457584
EEE,2014B,618583,P3,F2,0.0,0.6078455
EEE,2014B,618606,P3,F2,0.0,0.6174174
EEE,2014B,618619,P3,F2,1.0,0.6254221
EEE,2014B,618777,P3,F2,0.0,0.4154365
EEE,2014B,618824,P3,F2,0.0,0.61783636
EEE,2014B,618982,P3,F2,0.0,0.6272969
EEE,2014B,619006,P3,F2,1.0,0.61216974
EEE,2014B,619014,P3,F2,0.0,0.6088535
EEE,2014B,619292,P3,F2,0.0,0.6092368
EEE,2014B,619369,P3,F2,1.0,0.6305258
EEE,2014B,619380,P3,F2,0.0,0.43674526
EEE,2014B,619503,P3,F2,0.0,0.616671
EEE,2014B,619927,P3,F2,0.0,0.41805288
EEE,2014B,619928,P3,F2,0.0,0.6160542
EEE,2014B,620215,P3,F2,0.0,0.626774
EEE,2014B,620260,P3,F2,1.0,0.63245106
EEE,2014B,620369,P3,F2,0.0,0.61860144
EEE,2014B,620414,P3,F2,1.0,0.5492945
EEE,2014B,620646,P3,F2,0.0,0.62480414
EEE,2014B,620713,P3,F2,1.0,0.63369435
EEE,2014B,620716,P3,F2,0.0,0.6201999
EEE,2014B,620876,P3,F2,1.0,0.6256729
EEE,2014B,620916,P3,F2,1.0,0.6259835
EEE,2014B,620918,P3,F2,1.0,0.6278626
EEE,2014B,620977,P3,F2,1.0,0.6182479
EEE,2014B,621401,P3,F2,1.0,0.62874055
EEE,2014B,621414,P3,F2,0.0,0.60266703
EEE,2014B,621655,P3,F2,0.0,0.628904
EEE,2014B,621906,P3,F2,1.0,0.6089184
EEE,2014B,622015,P3,F2,1.0,0.61850065
EEE,2014B,622037,P3,F2,1.0,0.62228984
EEE,2014B,622280,P3,F2,1.0,0.61783636
EEE,2014B,622315,P3,F2,1.0,0.62937075
EEE,2014B,622368,P3,F2,0.0,0.6193572
EEE,2014B,622425,P3,F2,0.0,0.614536
EEE,2014B,622609,P3,F2,0.0,0.6244266
EEE,2014B,622812,P3,F2,0.0,0.616671
EEE,2014B,622948,P3,F2,0.0,0.45991677
EEE,2014B,623079,P3,F2,0.0,0.62275004
EEE,2014B,623100,P3,F2,0.0,0.6125193
EEE,2014B,623105,P3,F2,1.0,0.6225184
EEE,2014B,623115,P3,F2,1.0,0.6238425
EEE,2014B,623184,P3,F2,1.0,0.6125921
EEE,2014B,623250,P3,F2,0.0,0.61474967
EEE,2014B,623421,P3,F2,0.0,0.62639165
EEE,2014B,623562,P3,F2,0.0,0.46021286
EEE,2014B,623609,P3,F2,1.0,0.6313482
EEE,2014B,623667,P3,F2,0.0,0.62042457
EEE,2014B,623738,P3,F2,1.0,0.61878926
EEE,2014B,623780,P3,F2,0.0,0.47592866
EEE,2014B,623797,P3,F2,0.0,0.61924726
EEE,2014B,623864,P3,F2,0.0,0.6181404
EEE,2014B,623940,P3,F2,1.0,0.6182435
EEE,2014B,624092,P3,F2,1.0,0.6338959
EEE,2014B,624126,P3,F2,1.0,0.48305196
EEE,2014B,624153,P3,F2,1.0,0.6210084
EEE,2014B,624266,P3,F2,1.0,0.6316522
EEE,2014B,624384,P3,F2,1.0,0.6353074
EEE,2014B,624441,P3,F2,0.0,0.6278892
EEE,2014B,624469,P3,F2,0.0,0.6305258
EEE,2014B,624782,P3,F2,0.0,0.63025945
EEE,2014B,625067,P3,F2,0.0,0.6234865
EEE,2014B,625126,P3,F2,0.0,0.6248977
EEE,2014B,625174,P3,F2,0.0,0.6174642
EEE,2014B,625213,P3,F2,1.0,0.6079643
EEE,2014B,625476,P3,F2,0.0,0.61924726
EEE,2014B,625527,P3,F2,0.0,0.60698175
EEE,2014B,625541,P3,F2,0.0,0.6210913
EEE,2014B,625740,P3,F2,0.0,0.62696993
EEE,2014B,625785,P3,F2,1.0,0.6311869
EEE,2014B,625790,P3,F2,1.0,0.6099381
EEE,2014B,625841,P3,F2,1.0,0.6098921
EEE,2014B,625861,P3,F2,0.0,0.6078105
EEE,2014B,625901,P3,F2,1.0,0.62834436
EEE,2014B,625953,P3,F2,0.0,0.6187989
EEE,2014B,625975,P3,F2,1.0,0.62544495
EEE,2014B,626022,P3,F2,1.0,0.6201915
EEE,2014B,626055,P3,F2,1.0,0.6153645
EEE,2014B,626183,P3,F2,0.0,0.62985253
EEE,2014B,626296,P3,F2,0.0,0.62028825
EEE,2014B,626407,P3,F2,0.0,0.6148178
EEE,2014B,626444,P3,F2,1.0,0.6243816
EEE,2014B,626494,P3,F2,1.0,0.619315
EEE,2014B,626516,P3,F2,1.0,0.6211433
EEE,2014B,626519,P3,F2,0.0,0.60578114
EEE,2014B,626625,P3,F2,0.0,0.6198189
EEE,2014B,626714,P3,F2,0.0,0.6255004
EEE,2014B,626749,P3,F2,0.0,0.6297688
EEE,2014B,626753,P3,F2,0.0,0.6210151
EEE,2014B,626768,P3,F2,0.0,0.61767834
EEE,2014B,626772,P3,F2,1.0,0.6189162
EEE,2014B,626877,P3,F2,0.0,0.6211033
EEE,2014B,626906,P3,F2,1.0,0.6338959
EEE,2014B,626998,P3,F2,1.0,0.6255004
EEE,2014B,627168,P3,F2,1.0,0.61986077
EEE,2014B,627290,P3,F2,1.0,0.6304232
EEE,2014B,627387,P3,F2,0.0,0.6206131
EEE,2014B,627390,P3,F2,1.0,0.4712178
EEE,2014B,627399,P3,F2,0.0,0.44448608
EEE,2014B,627401,P3,F2,0.0,0.6271889
EEE,2014B,627450,P3,F2,0.0,0.61924726
EEE,2014B,627461,P3,F2,1.0,0.5296449
EEE,2014B,627471,P3,F2,0.0,0.62932533
EEE,2014B,627500,P3,F2,1.0,0.6255328
EEE,2014B,627516,P3,F2,0.0,0.62163925
EEE,2014B,627636,P3,F2,0.0,0.6128929
EEE,2014B,627711,P3,F2,0.0,0.61860144
EEE,2014B,627750,P3,F2,0.0,0.6163346
EEE,2014B,627907,P3,F2,0.0,0.6205518
EEE,2014B,627961,P3,F2,1.0,0.62583643
EEE,2014B,628054,P3,F2,1.0,0.62256116
EEE,2014B,628214,P3,F2,1.0,0.624861
EEE,2014B,628300,P3,F2,0.0,0.6201684
EEE,2014B,628366,P3,F2,1.0,0.62834436
EEE,2014B,628527,P3,F2,1.0,0.62478226
EEE,2014B,628677,P3,F2,1.0,0.6102671
EEE,2014B,628718,P3,F2,0.0,0.6208819
EEE,2014B,628777,P3,F2,0.0,0.62831956
EEE,2014B,628910,P3,F2,0.0,0.6157235
EEE,2014B,628914,P3,F2,1.0,0.6218341
EEE,2014B,628938,P3,F2,1.0,0.62638307
EEE,2014B,628959,P3,F2,0.0,0.6179316
EEE,2014B,629081,P3,F2,1.0,0.62907773
EEE,2014B,629089,P3,F2,1.0,0.62873626
EEE,2014B,629202,P3,F2,0.0,0.61739385
EEE,2014B,629283,P3,F2,1.0,0.618191
EEE,2014B,629342,P3,F2,1.0,0.6175896
EEE,2014B,629500,P3,F2,1.0,0.6243933
EEE,2014B,629506,P3,F2,0.0,0.6094566
EEE,2014B,629601,P3,F2,0.0,0.6162341
EEE,2014B,629627,P3,F2,1.0,0.61773384
EEE,2014B,629628,P3,F2,1.0,0.6338959
EEE,2014B,629654,P3,F2,0.0,0.62402594
EEE,2014B,629753,P3,F2,0.0,0.6106789
EEE,2014B,629906,P3,F2,1.0,0.6338959
EEE,2014B,630047,P3,F2,0.0,0.43952847
EEE,2014B,630086,P3,F2,0.0,0.6141828
EEE,2014B,630165,P3,F2,0.0,0.6184559
EEE,2014B,630416,P3,F2,1.0,0.6311869
EEE,2014B,630449,P3,F2,0.0,0.6157235
EEE,2014B,630540,P3,F2,1.0,0.6105375
EEE,2014B,630573,P3,F2,1.0,0.62625164
EEE,2014B,630585,P3,F2,1.0,0.61836904
EEE,2014B,630606,P3,F2,0.0,0.612413
EEE,2014B,630635,P3,F2,0.0,0.61631244
EEE,2014B,630657,P3,F2,1.0,0.63245106
EEE,2014B,630696,P3,F2,1.0,0.6187701
EEE,2014B,630722,P3,F2,0.0,0.62286264
EEE,2014B,630825,P3,F2,1.0,0.6353074
EEE,2014B,630888,P3,F2,0.0,0.6288341
EEE,2014B,630900,P3,F2,0.0,0.6072248
EEE,2014B,630980,P3,F2,1.0,0.63353926
EEE,2014B,631016,P3,F2,0.0,0.6274153
EEE,2014B,631051,P3,F2,1.0,0.632316
EEE,2014B,631073,P3,F2,0.0,0.61773384
EEE,2014B,631117,P3,F2,0.0,0.61860144
EEE,2014B,631334,P3,F2,0.0,0.6162197
EEE,2014B,631356,P3,F2,0.0,0.40601367
EEE,2014B,631453,P3,F2,0.0,0.6084507
EEE,2014B,631509,P3,F2,0.0,0.432152
EEE,2014B,631655,P3,F2,0.0,0.60857636
EEE,2014B,631807,P3,F2,1.0,0.6135631
EEE,2014B,632004,P3,F2,0.0,0.6214878
EEE,2014B,632074,P3,F2,0.0,0.616671
EEE,2014B,632083,P3,F2,0.0,0.60925144
EEE,2014B,632111,P3,F2,0.0,0.62529755
EEE,2014B,632133,P3,F2,1.0,0.6245209
EEE,2014B,632135,P3,F2,1.0,0.6269403
EEE,2014B,632312,P3,F2,1.0,0.6212381
EEE,2014B,632329,P3,F2,1.0,0.61735016
EEE,2014B,632376,P3,F2,1.0,0.63089967
EEE,2014B,632389,P3,F2,0.0,0.6142992
EEE,2014B,632459,P3,F2,0.0,0.62238413
EEE,2014B,632641,P3,F2,0.0,0.6179531
EEE,2014B,632700,P3,F2,0.0,0.6195463
EEE,2014B,632800,P3,F2,1.0,0.6164031
EEE,2014B,632883,P3,F2,0.0,0.6193572
EEE,2014B,632889,P3,F2,1.0,0.63353926
EEE,2014B,632904,P3,F2,0.0,0.6133494
EEE,2014B,632977,P3,F2,0.0,0.6232016
EEE,2014B,633107,P3,F2,0.0,0.6184196
EEE,2014B,633259,P3,F2,1.0,0.6292559
EEE,2014B,633270,P3,F2,0.0,0.6205055
EEE,2014B,633304,P3,F2,0.0,0.6112228
EEE,2014B,633310,P3,F2,0.0,0.62345463
EEE,2014B,633330,P3,F2,1.0,0.62593323
EEE,2014B,633334,P3,F2,1.0,0.62697685
EEE,2014B,633395,P3,F2,1.0,0.62743753
EEE,2014B,633432,P3,F2,1.0,0.6254801
EEE,2014B,633455,P3,F2,0.0,0.6182367
EEE,2014B,633511,P3,F2,0.0,0.62054914
EEE,2014B,633530,P3,F2,1.0,0.619182
EEE,2014B,633544,P3,F2,0.0,0.6304232
EEE,2014B,633605,P3,F2,0.0,0.62496555
EEE,2014B,633634,P3,F2,0.0,0.62204576
EEE,2014B,633637,P3,F2,1.0,0.6234865
EEE,2014B,633695,P3,F2,0.0,0.61860144
EEE,2014B,633716,P3,F2,0.0,0.60964024
EEE,2014B,633746,P3,F2,0.0,0.6157235
EEE,2014B,633998,P3,F2,0.0,0.6291921
EEE,2014B,634040,P3,F2,1.0,0.531049
EEE,2014B,634193,P3,F2,0.0,0.605799
EEE,2014B,634216,P3,F2,0.0,0.61860144
EEE,2014B,634241,P3,F2,0.0,0.61773384
EEE,2014B,634309,P3,F2,0.0,0.61666
EEE,2014B,634318,P3,F2,0.0,0.62787265
EEE,2014B,634433,P3,F2,1.0,0.43805364
EEE,2014B,634570,P3,F2,0.0,0.6070919
EEE,2014B,634578,P3,F2,1.0,0.61860144
EEE,2014B,634600,P3,F2,0.0,0.6238489
EEE,2014B,634737,P3,F2,1.0,0.62063783
EEE,2014B,634744,P3,F2,1.0,0.6254535
EEE,2014B,634817,P3,F2,0.0,0.6193572
EEE,2014B,634862,P3,F2,1.0,0.6043159
EEE,2014B,634869,P3,F2,0.0,0.62549603
EEE,2014B,635041,P3,F2,0.0,0.6257812
EEE,2014B,635043,P3,F2,0.0,0.6124607
EEE,2014B,635109,P3,F2,0.0,0.5012809
EEE,2014B,635515,P3,F2,1.0,0.63216585
EEE,2014B,996047,P3,F2,0.0,0.62206185
EEE,2014B,1268772,P3,F2,0.0,0.62922645
EEE,2014B,1410398,P3,F2,0.0,0.44453996
EEE,2014B,1457691,P3,F2,0.0,0.6146234
EEE,2014B,1500950,P3,F2,0.0,0.61670756
EEE,2014B,1573624,P3,F2,0.0,0.4464157
EEE,2014B,1618172,P3,F2,0.0,0.6254415
EEE,2014B,1644328,P3,F2,1.0,0.61933106
EEE,2014B,1661805,P3,F2,0.0,0.61887026
EEE,2014B,1663815,P3,F2,1.0,0.6110544
EEE,2014B,1664171,P3,F2,1.0,0.6259835
EEE,2014B,1700371,P3,F2,0.0,0.6099162
EEE,2014B,1763786,P3,F2,0.0,0.60399544
EEE,2014B,1780737,P3,F2,1.0,0.6229061
EEE,2014B,1789319,P3,F2,0.0,0.61773384
EEE,2014B,1810414,P3,F2,0.0,0.6271889
EEE,2014B,1828112,P3,F2,1.0,0.6318005
EEE,2014B,1839181,P3,F2,0.0,0.6099162
EEE,2014B,1861830,P3,F2,0.0,0.6081879
EEE,2014B,1894419,P3,F2,1.0,0.6240433
EEE,2014B,1908526,P3,F2,1.0,0.63097036
EEE,2014B,2002664,P3,F2,0.0,0.61451274
EEE,2014B,2026585,P3,F2,0.0,0.41285792
EEE,2014B,2064873,P3,F2,0.0,0.61924726
EEE,2014B,2139273,P3,F2,0.0,0.62638307
EEE,2014B,2187588,P3,F2,0.0,0.6263911
EEE,2014B,2198914,P3,F2,0.0,0.61896574
EEE,2014B,2249143,P3,F2,0.0,0.6275182
EEE,2014B,2329539,P3,F2,1.0,0.6279856
EEE,2014B,2359504,P3,F2,1.0,0.6281423
EEE,2014B,2364637,P3,F2,0.0,0.6267239
EEE,2014B,2376512,P3,F2,0.0,0.6155614
EEE,2014B,2391004,P3,F2,0.0,0.61991024
EEE,2014B,2434339,P3,F2,0.0,0.62156814
EEE,2014B,2455893,P3,F2,0.0,0.4491582
EEE,2014B,2472178,P3,F2,1.0,0.6133494
EEE,2014B,2478799,P3,F2,1.0,0.62480414
EEE,2014B,2492827,P3,F2,0.0,0.6174642
EEE,2014B,2520067,P3,F2,1.0,0.6214878
EEE,2014B,2567038,P3,F2,0.0,0.6297688
EEE,2014B,2569912,P3,F2,1.0,0.63353926
EEE,2014B,2577893,P3,F2,0.0,0.62081695
EEE,2014B,2595665,P3,F2,0.0,0.6219079
EEE,2014B,2600862,P3,F2,0.0,0.6223658
EEE,2014B,2603195,P3,F2,0.0,0.6262359
EEE,2014B,2613219,P3,F2,1.0,0.61991024
EEE,2014B,2620661,P3,F2,0.0,0.6261387
EEE,2014B,2632165,P3,F2,0.0,0.6164472
EEE,2014B,2642697,P3,F2,0.0,0.62128246
EEE,2014B,2647314,P3,F2,0.0,0.40285867
EEE,2014B,2662742,P3,F2,1.0,0.62961626
FFF,2014B,26211,P3,F2,0.0,0.40409967
FFF,2014B,27189,P3,F2,1.0,0.58424276
FFF,2014B,27683,P3,F2,0.0,0.5067073
FFF,2014B,28808,P3,F2,1.0,0.47464412
FFF,2014B,28897,P3,F2,0.0,0.4451505
FFF,2014B,30531,P3,F2,1.0,0.46720022
FFF,2014B,34293,P3,F2,1.0,0.5115037
FFF,2014B,36347,P3,F2,0.0,0.47707576
FFF,2014B,39882,P3,F2,0.0,0.49404377
FFF,2014B,41489,P3,F2,1.0,0.6370361
FFF,2014B,42746,P3,F2,0.0,0.39147034
FFF,2014B,46148,P3,F2,0.0,0.41213787
FFF,2014B,48635,P3,F2,0.0,0.4021178
FFF,2014B,53136,P3,F2,0.0,0.50187933
FFF,2014B,53709,P3,F2,0.0,0.6414913
FFF,2014B,54867,P3,F2,1.0,0.52539176
FFF,2014B,63958,P3,F2,1.0,0.6414913
FFF,2014B,67986,P3,F2,1.0,0.47261333
FFF,2014B,72114,P3,F2,0.0,0.50788045
FFF,2014B,74521,P3,F2,0.0,0.5738534
FFF,2014B,74524,P3,F2,1.0,0.6414913
FFF,2014B,77845,P3,F2,1.0,0.52274656
FFF,2014B,77998,P3,F2,0.0,0.6414913
FFF,2014B,79683,P3,F2,1.0,0.51653427
FFF,2014B,82201,P3,F2,1.0,0.6351517
FFF,2014B,83603,P3,F2,0.0,0.4194541
FFF,2014B,84299,P3,F2,0.0,0.41135743
FFF,2014B,85874,P3,F2,1.0,0.4748391
FFF,2014B,99670,P3,F2,1.0,0.45180026
FFF,2014B,101634,P3,F2,1.0,0.51243573
FFF,2014B,104316,P3,F2,1.0,0.44549716
FFF,2014B,108207,P3,F2,0.0,0.4620388
FFF,2014B,108822,P3,F2,0.0,0.40323856
FFF,2014B,108949,P3,F2,1.0,0.4782863
FFF,2014B,110529,P3,F2,1.0,0.4867693
FFF,2014B,116621,P3,F2,0.0,0.40797547
FFF,2014B,117510,P3,F2,0.0,0.395519
FFF,2014B,117550,P3,F2,1.0,0.6271449
FFF,2014B,124018,P3,F2,1.0,0.6374504
FFF,2014B,128132,P3,F2,0.0,0.42453536
FFF,2014B,128968,P3,F2,0.0,0.4498123
FFF,2014B,130992,P3,F2,0.0,0.4367621
FFF,2014B,131538,P3,F2,0.0,0.42124724
FFF,2014B,132157,P3,F2,0.0,0.40515924
FFF,2014B,132477,P3,F2,0.0,0.49150434
FFF,2014B,133104,P3,F2,0.0,0.49942702
FFF,2014B,133322,P3,F2,1.0,0.48780632
FFF,2014B,134847,P3,F2,0.0,0.6363064
FFF,2014B,134851,P3,F2,0.0,0.44113597
FFF,2014B,136054,P3,F2,0.0,0.3992051
FFF,2014B,136944,P3,F2,1.0,0.5307307
FFF,2014B,140108,P3,F2,1.0,0.6374504
FFF,2014B,141430,P3,F2,0.0,0.39822432
FFF,2014B,150121,P3,F2,1.0,0.56048405
FFF,2014B,152626,P3,F2,0.0,0.4478517
FFF,2014B,153611,P3,F2,1.0,0.4766223
FFF,2014B,155158,P3,F2,0.0,0.507605
FFF,2014B,156788,P3,F2,1.0,0.6414913
FFF,2014B,160262,P3,F2,1.0,0.63628024
FFF,2014B,160472,P3,F2,1.0,0.4656261
FFF,2014B,163332,P3,F2,1.0,0.6092824
FFF,2014B,163962,P3,F2,1.0,0.6091878
FFF,2014B,167106,P3,F2,0.0,0.6414913
FFF,2014B,178179,P3,F2,0.0,0.51006335
FFF,2014B,179081,P3,F2,1.0,0.44911274
FFF,2014B,181719,P3,F2,1.0,0.43492848
FFF,2014B,183429,P3,F2,1.0,0.51935524
FFF,2014B,190418,P3,F2,0.0,0.42281854
FFF,2014B,190930,P3,F2,0.0,0.49655387
FFF,2014B,191590,P3,F2,0.0,0.49117506
FFF,2014B,195515,P3,F2,0.0,0.46117038
FFF,2014B,197538,P3,F2,1.0,0.4995549
FFF,2014B,203568,P3,F2,1.0,0.5148156
FFF,2014B,227297,P3,F2,0.0,0.4502999
FFF,2014B,228138,P3,F2,0.0,0.4649774
FFF,2014B,228258,P3,F2,1.0,0.5057011
FFF,2014B,228729,P3,F2,0.0,0.43300462
FFF,2014B,232286,P3,F2,0.0,0.4746656
FFF,2014B,234796,P3,F2,0.0,0.49885368
FFF,2014B,237182,P3,F2,1.0,0.52379256
FFF,2014B,237370,P3,F2,1.0,0.6414913
FFF,2014B,239345,P3,F2,0.0,0.41007748
FFF,2014B,242254,P3,F2,1.0,0.638613
FFF,2014B,242998,P3,F2,0.0,0.40465984
FFF,2014B,244961,P3,F2,0.0,0.40533394
FFF,2014B,247940,P3,F2,1.0,0.638613
FFF,2014B,251375,P3,F2,0.0,0.45568758
FFF,2014B,255878,P3,F2,0.0,0.5016305
FFF,2014B,256740,P3,F2,0.0,0.39969027
FFF,2014B,257104,P3,F2,1.0,0.4508737
FFF,2014B,258737,P3,F2,0.0,0.4893955
FFF,2014B,260062,P3,F2,0.0,0.513409
FFF,2014B,261265,P3,F2,0.0,0.46040016
FFF,2014B,264298,P3,F2,1.0,0.4610334
FFF,2014B,266536,P3,F2,0.0,0.4082831
FFF,2014B,268649,P3,F2,1.0,0.48175135
FFF,2014B,268845,P3,F2,1.0,0.50379026
FFF,2014B,269730,P3,F2,0.0,0.40180206
FFF,2014B,272701,P3,F2,1.0,0.6414913
FFF,2014B,276265,P3,F2,1.0,0.4236564
FFF,2014B,277577,P3,F2,0.0,0.44482318
FFF,2014B,278155,P3,F2,0.0,0.4235195
FFF,2014B,279755,P3,F2,0.0,0.4101574
FFF,2014B,282806,P3,F2,1.0,0.5089242
FFF,2014B,286484,P3,F2,1.0,0.5142697
FFF,2014B,293454,P3,F2,1.0,0.43539414
FFF,2014B,295741,P3,F2,0.0,0.4860357
FFF,2014B,296904,P3,F2,0.0,0.54196095
FFF,2014B,297014,P3,F2,0.0,0.4941895
FFF,2014B,304500,P3,F2,1.0,0.6291355
FFF,2014B,305876,P3,F2,0.0,0.5233889
FFF,2014B,305918,P3,F2,1.0,0.4197609
FFF,2014B,313243,P3,F2,0.0,0.46282536
FFF,2014B,313756,P3,F2,0.0,0.5020613
FFF,2014B,315025,P3,F2,0.0,0.40509984
FFF,2014B,315850,P3,F2,0.0,0.45933726
FFF,2014B,316327,P3,F2,1.0,0.5111725
FFF,2014B,316772,P3,F2,1.0,0.5136406
FFF,2014B,317394,P3,F2,0.0,0.44046867
FFF,2014B,318068,P3,F2,0.0,0.4422897
FFF,2014B,319042,P3,F2,0.0,0.4929457
FFF,2014B,321096,P3,F2,0.0,0.4459096
FFF,2014B,324948,P3,F2,0.0,0.50515217
FFF,2014B,325089,P3,F2,0.0,0.4913227
FFF,2014B,327616,P3,F2,0.0,0.488054
FFF,2014B,329895,P3,F2,1.0,0.630833
FFF,2014B,331107,P3,F2,1.0,0.49420953
FFF,2014B,332237,P3,F2,1.0,0.48639977
FFF,2014B,334224,P3,F2,1.0,0.52316505
FFF,2014B,336163,P3,F2,1.0,0.5155914
FFF,2014B,337615,P3,F2,1.0,0.5103297
FFF,2014B,337940,P3,F2,1.0,0.5509172
FFF,2014B,338958,P3,F2,1.0,0.42857924
FFF,2014B,339728,P3,F2,0.0,0.40938243
FFF,2014B,339824,P3,F2,0.0,0.49053675
FFF,2014B,339855,P3,F2,1.0,0.4718386
FFF,2014B,341044,P3,F2,1.0,0.58788294
FFF,2014B,342089,P3,F2,1.0,0.6363064
FFF,2014B,342125,P3,F2,0.0,0.62227523
FFF,2014B,342234,P3,F2,0.0,0.42917988
FFF,2014B,342303,P3,F2,1.0,0.5695277
FFF,2014B,344409,P3,F2,0.0,0.47754115
FFF,2014B,344451,P3,F2,0.0,0.42602614
FFF,2014B,345442,P3,F2,1.0,0.51618874
FFF,2014B,345455,P3,F2,1.0,0.6414913
FFF,2014B,348378,P3,F2,1.0,0.63524467
FFF,2014B,348855,P3,F2,0.0,0.49582148
FFF,2014B,351181,P3,F2,0.0,0.4057188
FFF,2014B,353979,P3,F2,1.0,0.52514654
FFF,2014B,354988,P3,F2,1.0,0.48927078
FFF,2014B,356371,P3,F2,0.0,0.44442812
FFF,2014B,362661,P3,F2,0.0,0.5166395
FFF,2014B,365860,P3,F2,0.0,0.4330247
FFF,2014B,367510,P3,F2,1.0,0.50255775
FFF,2014B,367898,P3,F2,0.0,0.4414242
FFF,2014B,368675,P3,F2,0.0,0.4250098
FFF,2014B,371168,P3,F2,0.0,0.39573476
FFF,2014B,378809,P3,F2,0.0,0.4903192
FFF,2014B,379042,P3,F2,0.0,0.39895788
FFF,2014B,379107,P3,F2,1.0,0.6366819
FFF,2014B,379769,P3,F2,1.0,0.554112
FFF,2014B,381365,P3,F2,1.0,0.537676
FFF,2014B,382857,P3,F2,1.0,0.5281047
FFF,2014B,383778,P3,F2,1.0,0.47800952
FFF,2014B,383921,P3,F2,1.0,0.6185461
FFF,2014B,388697,P3,F2,0.0,0.4225122
FFF,2014B,389759,P3,F2,1.0,0.61775076
FFF,2014B,389773,P3,F2,1.0,0.4693208
FFF,2014B,391114,P3,F2,0.0,0.39629704
FFF,2014B,392207,P3,F2,1.0,0.41288173
FFF,2014B,395188,P3,F2,1.0,0.47059152
FFF,2014B,395758,P3,F2,1.0,0.46892822
FFF,2014B,395814,P3,F2,1.0,0.6414913
FFF,2014B,398439,P3,F2,0.0,0.47637546
FFF,2014B,399863,P3,F2,1.0,0.6414913
FFF,2014B,400252,P3,F2,0.0,0.48477778
FFF,2014B,402200,P3,F2,1.0,0.4830373
FFF,2014B,402449,P3,F2,1.0,0.40787062
FFF,2014B,402502,P3,F2,0.0,0.4068128
FFF,2014B,402806,P3,F2,0.0,0.46800292
FFF,2014B,404170,P3,F2,0.0,0.6414913
FFF,2014B,405192,P3,F2,0.0,0.41226417
FFF,2014B,405775,P3,F2,0.0,0.51873684
FFF,2014B,405963,P3,F2,1.0,0.6400902
FFF,2014B,407500,P3,F2,0.0,0.39858276
FFF,2014B,408105,P3,F2,1.0,0.6414913
FFF,2014B,408353,P3,F2,0.0,0.47793746
FFF,2014B,409651,P3,F2,0.0,0.4821446
FFF,2014B,409949,P3,F2,1.0,0.54489285
FFF,2014B,410199,P3,F2,0.0,0.44176945
FFF,2014B,410666,P3,F2,1.0,0.4142473
FFF,2014B,411939,P3,F2,1.0,0.6414913
FFF,2014B,412387,P3,F2,1.0,0.6405693
FFF,2014B,412695,P3,F2,0.0,0.4218988
FFF,2014B,413200,P3,F2,0.0,0.44494772
FFF,2014B,414258,P3,F2,0.0,0.4930848
FFF,2014B,416302,P3,F2,0.0,0.4432474
FFF,2014B,417184,P3,F2,0.0,0.4702578
FFF,2014B,417805,P3,F2,1.0,0.6363064
FFF,2014B,418218,P3,F2,0.0,0.47211137
FFF,2014B,419284,P3,F2,0.0,0.41885492
FFF,2014B,420042,P3,F2,0.0,0.4299454
FFF,2014B,421179,P3,F2,1.0,0.5242617
FFF,2014B,422250,P3,F2,1.0,0.523104
FFF,2014B,422530,P3,F2,0.0,0.54805994
FFF,2014B,422626,P3,F2,0.0,0.5080646
FFF,2014B,422697,P3,F2,0.0,0.39865777
FFF,2014B,423648,P3,F2,1.0,0.5269039
FFF,2014B,425332,P3,F2,1.0,0.47673413
FFF,2014B,428068,P3,F2,1.0,0.6400902
FFF,2014B,429015,P3,F2,0.0,0.47318256
FFF,2014B,430516,P3,F2,1.0,0.501659
FFF,2014B,430625,P3,F2,1.0,0.5033058
FFF,2014B,431987,P3,F2,0.0,0.39419365
FFF,2014B,435446,P3,F2,0.0,0.41210103
FFF,2014B,436481,P3,F2,0.0,0.51126105
FFF,2014B,436590,P3,F2,0.0,0.44310758
FFF,2014B,437529,P3,F2,1.0,0.6342226
FFF,2014B,438796,P3,F2,0.0,0.41372725
FFF,2014B,439433,P3,F2,0.0,0.5411994
FFF,2014B,439633,P3,F2,0.0,0.40623003
FFF,2014B,439896,P3,F2,1.0,0.4615439
FFF,2014B,440559,P3,F2,0.0,0.47096774
FFF,2014B,441073,P3,F2,1.0,0.6317864
FFF,2014B,442753,P3,F2,1.0,0.46302208
FFF,2014B,443007,P3,F2,0.0,0.39857322
FFF,2014B,444574,P3,F2,1.0,0.42075062
FFF,2014B,444718,P3,F2,1.0,0.5178596
FFF,2014B,445605,P3,F2,1.0,0.62641203
FFF,2014B,445818,P3,F2,1.0,0.42318362
FFF,2014B,445947,P3,F2,1.0,0.5184209
FFF,2014B,465175,P3,F2,0.0,0.6374504
FFF,2014B,465421,P3,F2,0.0,0.5299058
FFF,2014B,466347,P3,F2,1.0,0.5158573
FFF,2014B,466576,P3,F2,1.0,0.5462593
FFF,2014B,467582,P3,F2,0.0,0.4925977
FFF,2014B,468730,P3,F2,1.0,0.43987766
FFF,2014B,469977,P3,F2,0.0,0.40815783
FFF,2014B,470619,P3,F2,0.0,0.40667528
FFF,2014B,472120,P3,F2,0.0,0.49566337
FFF,2014B,472341,P3,F2,1.0,0.43151787
FFF,2014B,472810,P3,F2,1.0,0.5513532
FFF,2014B,474677,P3,F2,1.0,0.53080434
FFF,2014B,475811,P3,F2,0.0,0.4468648
FFF,2014B,476912,P3,F2,1.0,0.6414913
FFF,2014B,477069,P3,F2,1.0,0.6405693
FFF,2014B,477588,P3,F2,0.0,0.4401072
FFF,2014B,477812,P3,F2,0.0,0.6414913
FFF,2014B,477833,P3,F2,1.0,0.4597202
FFF,2014B,478073,P3,F2,0.0,0.47248137
FFF,2014B,479061,P3,F2,0.0,0.45461732
FFF,2014B,481210,P3,F2,1.0,0.632729
FFF,2014B,482445,P3,F2,1.0,0.6363064
FFF,2014B,482843,P3,F2,0.0,0.4820024
FFF,2014B,483389,P3,F2,0.0,0.42722774
FFF,2014B,483975,P3,F2,0.0,0.51427186
FFF,2014B,484075,P3,F2,0.0,0.4359302
FFF,2014B,484223,P3,F2,0.0,0.43413877
FFF,2014B,484675,P3,F2,1.0,0.63625956
FFF,2014B,485312,P3,F2,0.0,0.45416194
FFF,2014B,485780,P3,F2,0.0,0.44124225
FFF,2014B,487168,P3,F2,1.0,0.4851694
FFF,2014B,487314,P3,F2,0.0,0.39659017
FFF,2014B,488386,P3,F2,1.0,0.6227866
FFF,2014B,488524,P3,F2,0.0,0.41095278
FFF,2014B,488758,P3,F2,1.0,0.6414913
FFF,2014B,489137,P3,F2,0.0,0.4082644
FFF,2014B,490154,P3,F2,1.0,0.54012793
FFF,2014B,491011,P3,F2,0.0,0.40044674
FFF,2014B,491486,P3,F2,1.0,0.45839086
FFF,2014B,491548,P3,F2,1.0,0.49848166
FFF,2014B,492088,P3,F2,0.0,0.48430198
FFF,2014B,493760,P3,F2,0.0,0.4242207
FFF,2014B,494433,P3,F2,0.0,0.51447207
FFF,2014B,494818,P3,F2,0.0,0.53073436
FFF,2014B,495580,P3,F2,1.0,0.6414913
FFF,2014B,495618,P3,F2,1.0,0.44277668
FFF,2014B,496590,P3,F2,1.0,0.5330882
FFF,2014B,498006,P3,F2,0.0,0.4054227
FFF,2014B,498266,P3,F2,0.0,0.3962161
FFF,2014B,498636,P3,F2,1.0,0.6414913
FFF,2014B,498828,P3,F2,1.0,0.4148951
FFF,2014B,499813,P3,F2,0.0,0.4097667
FFF,2014B,501302,P3,F2,1.0,0.46380514
FFF,2014B,501421,P3,F2,1.0,0.48728186
FFF,2014B,502150,P3,F2,1.0,0.5643287
FFF,2014B,502501,P3,F2,1.0,0.57534987
FFF,2014B,502993,P3,F2,0.0,0.49562758
FFF,2014B,503154,P3,F2,0.0,0.5159289
FFF,2014B,503183,P3,F2,0.0,0.4625268
FFF,2014B,505017,P3,F2,0.0,0.4021785
FFF,2014B,505131,P3,F2,1.0,0.44842196
FFF,2014B,505826,P3,F2,1.0,0.63473725
FFF,2014B,506038,P3,F2,0.0,0.3989553
FFF,2014B,506674,P3,F2,1.0,0.50975096
FFF,2014B,507577,P3,F2,1.0,0.6297322
FFF,2014B,509292,P3,F2,1.0,0.48598295
FFF,2014B,509407,P3,F2,1.0,0.47723642
FFF,2014B,509866,P3,F2,1.0,0.6414913
FFF,2014B,510142,P3,F2,1.0,0.5075223
FFF,2014B,510420,P3,F2,0.0,0.44864577
FFF,2014B,510693,P3,F2,1.0,0.50524247
FFF,2014B,511350,P3,F2,1.0,0.5025206
FFF,2014B,511912,P3,F2,0.0,0.4251666
FFF,2014B,512236,P3,F2,1.0,0.51248753
FFF,2014B,513701,P3,F2,0.0,0.46209198
FFF,2014B,515965,P3,F2,1.0,0.5452248
FFF,2014B,516634,P3,F2,0.0,0.39417046
FFF,2014B,516770,P3,F2,0.0,0.6414913
FFF,2014B,516894,P3,F2,1.0,0.6414913
FFF,2014B,517274,P3,F2,0.0,0.49454227
FFF,2014B,517277,P3,F2,0.0,0.622534
FFF,2014B,518210,P3,F2,0.0,0.49535832
FFF,2014B,518359,P3,F2,0.0,0.40867665
FFF,2014B,521377,P3,F2,1.0,0.6414913
FFF,2014B,524296,P3,F2,1.0,0.5025924
FFF,2014B,525874,P3,F2,1.0,0.494378
FFF,2014B,526303,P3,F2,0.0,0.6363064
FFF,2014B,526821,P3,F2,0.0,0.50488645
FFF,2014B,527744,P3,F2,1.0,0.6376878
FFF,2014B,528538,P3,F2,1.0,0.4922497
FFF,2014B,528713,P3,F2,1.0,0.6414913
FFF,2014B,529458,P3,F2,1.0,0.5577916
FFF,2014B,530196,P3,F2,1.0,0.45811036
FFF,2014B,532062,P3,F2,1.0,0.633265
FFF,2014B,532413,P3,F2,0.0,0.5232843
FFF,2014B,532575,P3,F2,1.0,0.5334468
FFF,2014B,533140,P3,F2,1.0,0.63822144
FFF,2014B,533141,P3,F2,1.0,0.4947531
FFF,2014B,533198,P3,F2,1.0,0.6345581
FFF,2014B,533217,P3,F2,0.0,0.42868388
FFF,2014B,534318,P3,F2,1.0,0.5228605
FFF,2014B,536636,P3,F2,1.0,0.51285803
FFF,2014B,537322,P3,F2,1.0,0.51336193
FFF,2014B,537703,P3,F2,0.0,0.39659017
FFF,2014B,537938,P3,F2,0.0,0.47258505
FFF,2014B,539401,P3,F2,1.0,0.63119054
FFF,2014B,539444,P3,F2,0.0,0.39763063
FFF,2014B,539922,P3,F2,0.0,0.6301091
FFF,2014B,540909,P3,F2,1.0,0.51238775
FFF,2014B,541281,P3,F2,1.0,0.47916633
FFF,2014B,541327,P3,F2,1.0,0.6414913
FFF,2014B,542287,P3,F2,0.0,0.53138834
FFF,2014B,542557,P3,F2,0.0,0.3940005
FFF,2014B,543686,P3,F2,0.0,0.4052358
FFF,2014B,544108,P3,F2,0.0,0.52879727
FFF,2014B,544140,P3,F2,1.0,0.51777536
FFF,2014B,544271,P3,F2,0.0,0.5359885
FFF,2014B,544593,P3,F2,1.0,0.45655885
FFF,2014B,545119,P3,F2,0.0,0.48427168
FFF,2014B,545637,P3,F2,0.0,0.43850914
FFF,2014B,545741,P3,F2,0.0,0.4506157
FFF,2014B,546071,P3,F2,0.0,0.41421658
FFF,2014B,546394,P3,F2,1.0,0.4931758
FFF,2014B,546627,P3,F2,0.0,0.44161278
FFF,2014B,546961,P3,F2,0.0,0.41344452
FFF,2014B,547128,P3,F2,0.0,0.6308538
FFF,2014B,547413,P3,F2,1.0,0.43989548
FFF,2014B,547506,P3,F2,0.0,0.461745
FFF,2014B,547569,P3,F2,1.0,0.49469042
FFF,2014B,547680,P3,F2,0.0,0.4415293
FFF,2014B,547884,P3,F2,1.0,0.6414913
FFF,2014B,548424,P3,F2,0.0,0.4288037
FFF,2014B,548573,P3,F2,1.0,0.6268314
FFF,2014B,548926,P3,F2,1.0,0.53469783
FFF,2014B,549792,P3,F2,1.0,0.6319956
FFF,2014B,550003,P3,F2,1.0,0.53152156
FFF,2014B,550038,P3,F2,0.0,0.52488995
FFF,2014B,550097,P3,F2,0.0,0.45253477
FFF,2014B,550246,P3,F2,1.0,0.6414913
FFF,2014B,550498,P3,F2,1.0,0.49828368
FFF,2014B,550903,P3,F2,0.0,0.3957114
FFF,2014B,550925,P3,F2,0.0,0.44141015
FFF,2014B,551636,P3,F2,1.0,0.6414913
FFF,2014B,552284,P3,F2,0.0,0.6414913
FFF,2014B,552395,P3,F2,1.0,0.6414913
FFF,2014B,552648,P3,F2,0.0,0.54561263
FFF,2014B,553032,P3,F2,1.0,0.44029224
FFF,2014B,553160,P3,F2,1.0,0.4248066
FFF,2014B,554881,P3,F2,0.0,0.52595866
FFF,2014B,555691,P3,F2,1.0,0.49619958
FFF,2014B,555929,P3,F2,0.0,0.50758755
FFF,2014B,556126,P3,F2,1.0,0.50134516
FFF,2014B,556140,P3,F2,0.0,0.47512004
FFF,2014B,556492,P3,F2,1.0,0.5177376
FFF,2014B,557469,P3,F2,0.0,0.6414913
FFF,2014B,557650,P3,F2,0.0,0.5070404
FFF,2014B,557708,P3,F2,1.0,0.5285324
FFF,2014B,557894,P3,F2,1.0,0.6246259
FFF,2014B,558105,P3,F2,0.0,0.5465045
FFF,2014B,558121,P3,F2,0.0,0.52473384
FFF,2014B,558244,P3,F2,1.0,0.62611675
FFF,2014B,558284,P3,F2,1.0,0.634699
FFF,2014B,558404,P3,F2,1.0,0.5006139
FFF,2014B,559449,P3,F2,1.0,0.6363064
FFF,2014B,559876,P3,F2,0.0,0.43957582
FFF,2014B,560168,P3,F2,1.0,0.502717
FFF,2014B,560399,P3,F2,0.0,0.41082647
FFF,2014B,560496,P3,F2,0.0,0.63720703
FFF,2014B,560595,P3,F2,1.0,0.4348986
FFF,2014B,560685,P3,F2,1.0,0.4757792
FFF,2014B,561009,P3,F2,0.0,0.44933182
FFF,2014B,561215,P3,F2,1.0,0.40323856
FFF,2014B,561799,P3,F2,1.0,0.6363064
FFF,2014B,562064,P3,F2,1.0,0.6414913
FFF,2014B,562917,P3,F2,1.0,0.56093186
FFF,2014B,563823,P3,F2,0.0,0.40211925
FFF,2014B,564632,P3,F2,1.0,0.51861256
FFF,2014B,565109,P3,F2,0.0,0.40543175
FFF,2014B,565348,P3,F2,1.0,0.4590505
FFF,2014B,565373,P3,F2,0.0,0.4380815
FFF,2014B,565469,P3,F2,1.0,0.4744445
FFF,2014B,565526,P3,F2,1.0,0.63537866
FFF,2014B,566460,P3,F2,1.0,0.45287806
FFF,2014B,567629,P3,F2,0.0,0.4677872
FFF,2014B,567681,P3,F2,1.0,0.6391461
FFF,2014B,567859,P3,F2,1.0,0.5232252
FFF,2014B,567873,P3,F2,0.0,0.41035733
FFF,2014B,568954,P3,F2,0.0,0.43535417
FFF,2014B,569065,P3,F2,0.0,0.4174976
FFF,2014B,569729,P3,F2,1.0,0.6414913
FFF,2014B,569783,P3,F2,1.0,0.4772981
FFF,2014B,570264,P3,F2,1.0,0.43480566
FFF,2014B,571050,P3,F2,0.0,0.42739448
FFF,2014B,571190,P3,F2,0.0,0.43712637
FFF,2014B,571316,P3,F2,0.0,0.4322187
FFF,2014B,571815,P3,F2,1.0,0.4855788
FFF,2014B,571844,P3,F2,0.0,0.6414913
FFF,2014B,571962,P3,F2,0.0,0.51091385
FFF,2014B,572154,P3,F2,0.0,0.4368506
FFF,2014B,572367,P3,F2,1.0,0.5155205
FFF,2014B,572395,P3,F2,1.0,0.49662924
FFF,2014B,572716,P3,F2,0.0,0.46133533
FFF,2014B,572804,P3,F2,1.0,0.6414913
FFF,2014B,572832,P3,F2,0.0,0.50584096
FFF,2014B,572870,P3,F2,0.0,0.43736687
FFF,2014B,573549,P3,F2,0.0,0.47298178
FFF,2014B,574028,P3,F2,0.0,0.4686104
FFF,2014B,574605,P3,F2,1.0,0.4643578
FFF,2014B,574663,P3,F2,1.0,0.63179743
FFF,2014B,574671,P3,F2,0.0,0.48025805
FFF,2014B,574815,P3,F2,1.0,0.6414913
FFF,2014B,576159,P3,F2,0.0,0.41547015
FFF,2014B,577142,P3,F2,1.0,0.43373847
FFF,2014B,577600,P3,F2,1.0,0.6414913
FFF,2014B,578022,P3,F2,1.0,0.5009229
FFF,2014B,578258,P3,F2,1.0,0.6414913
FFF,2014B,578754,P3,F2,0.0,0.48371723
FFF,2014B,578764,P3,F2,0.0,0.42357466
FFF,2014B,579081,P3,F2,0.0,0.43244156
FFF,2014B,579376,P3,F2,0.0,0.43822554
FFF,2014B,580425,P3,F2,1.0,0.39976248
FFF,2014B,581065,P3,F2,1.0,0.51927525
FFF,2014B,581520,P3,F2,1.0,0.44442335
FFF,2014B,581598,P3,F2,0.0,0.432376
FFF,2014B,581772,P3,F2,1.0,0.6414913
FFF,2014B,582553,P3,F2,1.0,0.46087182
FFF,2014B,582629,P3,F2,1.0,0.6363064
FFF,2014B,583056,P3,F2,1.0,0.533778
FFF,2014B,583138,P3,F2,1.0,0.46014738
FFF,2014B,584184,P3,F2,0.0,0.41842413
FFF,2014B,584571,P3,F2,1.0,0.6414913
FFF,2014B,584842,P3,F2,0.0,0.50543404
FFF,2014B,584884,P3,F2,1.0,0.4738807
FFF,2014B,584990,P3,F2,1.0,0.5312281
FFF,2014B,585454,P3,F2,0.0,0.47345924
FFF,2014B,585921,P3,F2,0.0,0.40882716
FFF,2014B,586351,P3,F2,1.0,0.6414913
FFF,2014B,586506,P3,F2,1.0,0.6342158
FFF,2014B,586543,P3,F2,1.0,0.6070122
FFF,2014B,586592,P3,F2,0.0,0.4541642
FFF,2014B,586917,P3,F2,0.0,0.4910504
FFF,2014B,587195,P3,F2,1.0,0.50903213
FFF,2014B,587600,P3,F2,0.0,0.5693452
FFF,2014B,587696,P3,F2,1.0,0.6057261
FFF,2014B,588107,P3,F2,1.0,0.5349059
FFF,2014B,588145,P3,F2,0.0,0.4889972
FFF,2014B,588436,P3,F2,1.0,0.5306601
FFF,2014B,588913,P3,F2,1.0,0.40676728
FFF,2014B,589016,P3,F2,0.0,0.47197086
FFF,2014B,589029,P3,F2,0.0,0.45924643
FFF,2014B,589449,P3,F2,0.0,0.40537038
FFF,2014B,589454,P3,F2,0.0,0.48266575
FFF,2014B,589469,P3,F2,1.0,0.48326325
FFF,2014B,589548,P3,F2,0.0,0.46223
FFF,2014B,589565,P3,F2,0.0,0.4014295
FFF,2014B,589798,P3,F2,1.0,0.5250247
FFF,2014B,590018,P3,F2,0.0,0.47890946
FFF,2014B,590508,P3,F2,0.0,0.3937121
FFF,2014B,590543,P3,F2,1.0,0.52764505
FFF,2014B,590548,P3,F2,1.0,0.6414913
FFF,2014B,590604,P3,F2,1.0,0.6363064
FFF,2014B,590970,P3,F2,0.0,0.50982803
FFF,2014B,591111,P3,F2,1.0,0.48152286
FFF,2014B,591132,P3,F2,1.0,0.6405693
FFF,2014B,591318,P3,F2,1.0,0.53774536
FFF,2014B,591550,P3,F2,1.0,0.63905936
FFF,2014B,591946,P3,F2,1.0,0.4616033
FFF,2014B,592422,P3,F2,1.0,0.48649794
FFF,2014B,592632,P3,F2,1.0,0.39417046
FFF,2014B,592766,P3,F2,0.0,0.40933636
FFF,2014B,592939,P3,F2,1.0,0.44449353
FFF,2014B,593206,P3,F2,1.0,0.4930987
FFF,2014B,593220,P3,F2,1.0,0.5134365
FFF,2014B,593617,P3,F2,1.0,0.46425045
FFF,2014B,594136,P3,F2,0.0,0.4178919
FFF,2014B,594258,P3,F2,1.0,0.5720408
FFF,2014B,594374,P3,F2,1.0,0.5400658
FFF,2014B,594636,P3,F2,1.0,0.55078095
FFF,2014B,594909,P3,F2,0.0,0.491277
FFF,2014B,595186,P3,F2,1.0,0.45729995
FFF,2014B,595428,P3,F2,1.0,0.61967903
FFF,2014B,595895,P3,F2,1.0,0.6414913
FFF,2014B,595935,P3,F2,0.0,0.638613
FFF,2014B,595978,P3,F2,1.0,0.63562745
FFF,2014B,596243,P3,F2,1.0,0.638613
FFF,2014B,596482,P3,F2,0.0,0.39284074
FFF,2014B,596601,P3,F2,0.0,0.47955653
FFF,2014B,596663,P3,F2,1.0,0.4620467
FFF,2014B,596699,P3,F2,1.0,0.477279
FFF,2014B,596953,P3,F2,1.0,0.48463202
FFF,2014B,597234,P3,F2,0.0,0.3966704
FFF,2014B,597359,P3,F2,1.0,0.42055175
FFF,2014B,597378,P3,F2,1.0,0.46635184
FFF,2014B,597386,P3,F2,1.0,0.632729
FFF,2014B,597426,P3,F2,1.0,0.5310132
FFF,2014B,597495,P3,F2,1.0,0.4614376
FFF,2014B,597662,P3,F2,0.0,0.4602777
FFF,2014B,597761,P3,F2,1.0,0.54289514
FFF,2014B,598113,P3,F2,0.0,0.47748938
FFF,2014B,598300,P3,F2,1.0,0.630663
FFF,2014B,598353,P3,F2,1.0,0.5169988
FFF,2014B,598571,P3,F2,0.0,0.40234497
FFF,2014B,598642,P3,F2,0.0,0.5065724
FFF,2014B,598713,P3,F2,0.0,0.40201396
FFF,2014B,599048,P3,F2,0.0,0.48653507
FFF,2014B,599105,P3,F2,1.0,0.6414913
FFF,2014B,599117,P3,F2,1.0,0.6348966
FFF,2014B,599398,P3,F2,0.0,0.4262729
FFF,2014B,599740,P3,F2,0.0,0.47593156
FFF,2014B,599812,P3,F2,1.0,0.50737715
FFF,2014B,600292,P3,F2,0.0,0.424707
FFF,2014B,600388,P3,F2,0.0,0.3966704
FFF,2014B,600397,P3,F2,1.0,0.6414913
FFF,2014B,600702,P3,F2,0.0,0.5814732
FFF,2014B,600893,P3,F2,1.0,0.49031854
FFF,2014B,601155,P3,F2,1.0,0.6391461
FFF,2014B,601266,P3,F2,1.0,0.63720703
FFF,2014B,601345,P3,F2,1.0,0.6414913
FFF,2014B,601375,P3,F2,0.0,0.50218827
FFF,2014B,601560,P3,F2,1.0,0.50769985
FFF,2014B,601735,P3,F2,0.0,0.51662004
FFF,2014B,602571,P3,F2,1.0,0.45230463
FFF,2014B,602672,P3,F2,1.0,0.5080844
FFF,2014B,602681,P3,F2,0.0,0.42712453
FFF,2014B,602818,P3,F2,1.0,0.44778448
FFF,2014B,602854,P3,F2,0.0,0.42299387
FFF,2014B,602862,P3,F2,0.0,0.4096917
FFF,2014B,603111,P3,F2,0.0,0.6376878
FFF,2014B,603163,P3,F2,0.0,0.44871843
FFF,2014B,603319,P3,F2,1.0,0.41498065
FFF,2014B,603483,P3,F2,1.0,0.6414913
FFF,2014B,603539,P3,F2,0.0,0.40024352
FFF,2014B,603694,P3,F2,1.0,0.5056372
FFF,2014B,603848,P3,F2,1.0,0.63378704
FFF,2014B,603972,P3,F2,1.0,0.47079477
FFF,2014B,604174,P3,F2,0.0,0.48762926
FFF,2014B,604234,P3,F2,1.0,0.4996362
FFF,2014B,604293,P3,F2,1.0,0.41860336
FFF,2014B,604326,P3,F2,1.0,0.6414913
FFF,2014B,604338,P3,F2,0.0,0.3910323
FFF,2014B,604698,P3,F2,0.0,0.40183794
FFF,2014B,604969,P3,F2,1.0,0.6276289
FFF,2014B,605312,P3,F2,0.0,0.47812754
FFF,2014B,605370,P3,F2,1.0,0.51781416
FFF,2014B,605475,P3,F2,0.0,0.49667814
FFF,2014B,605493,P3,F2,0.0,0.43188977
FFF,2014B,605522,P3,F2,1.0,0.5108946
FFF,2014B,606713,P3,F2,0.0,0.48225856
FFF,2014B,606870,P3,F2,0.0,0.45569408
FFF,2014B,606911,P3,F2,1.0,0.638613
FFF,2014B,606935,P3,F2,1.0,0.6363064
FFF,2014B,606967,P3,F2,1.0,0.57011205
FFF,2014B,606976,P3,F2,0.0,0.43317953
FFF,2014B,606977,P3,F2,0.0,0.47372004
FFF,2014B,607453,P3,F2,0.0,0.4281933
FFF,2014B,607702,P3,F2,1.0,0.5499696
FFF,2014B,607896,P3,F2,0.0,0.4979023
FFF,2014B,607899,P3,F2,1.0,0.5210575
FFF,2014B,608111,P3,F2,1.0,0.6363064
FFF,2014B,608727,P3,F2,1.0,0.5024222
FFF,2014B,608864,P3,F2,1.0,0.6363064
FFF,2014B,608891,P3,F2,0.0,0.42561454
FFF,2014B,609171,P3,F2,1.0,0.43558434
FFF,2014B,609347,P3,F2,1.0,0.54039955
FFF,2014B,609868,P3,F2,1.0,0.51592076
FFF,2014B,609891,P3,F2,0.0,0.48801255
FFF,2014B,610094,P3,F2,0.0,0.58870935
FFF,2014B,610267,P3,F2,1.0,0.6414913
FFF,2014B,610272,P3,F2,0.0,0.46567512
FFF,2014B,610273,P3,F2,0.0,0.5445338
FFF,2014B,610771,P3,F2,0.0,0.6351517
FFF,2014B,610775,P3,F2,0.0,0.40677625
FFF,2014B,610778,P3,F2,1.0,0.47482222
FFF,2014B,610992,P3,F2,0.0,0.46938714
FFF,2014B,611185,P3,F2,0.0,0.4870393
FFF,2014B,611245,P3,F2,1.0,0.50159514
FFF,2014B,611350,P3,F2,0.0,0.4228762
FFF,2014B,611427,P3,F2,1.0,0.48467872
FFF,2014B,611517,P3,F2,1.0,0.4231153
FFF,2014B,611542,P3,F2,0.0,0.45660797
FFF,2014B,611595,P3,F2,0.0,0.446467
FFF,2014B,611635,P3,F2,0.0,0.43440026
FFF,2014B,611714,P3,F2,1.0,0.6197427
FFF,2014B,611763,P3,F2,0.0,0.43636662
FFF,2014B,611798,P3,F2,1.0,0.39508837
FFF,2014B,611813,P3,F2,0.0,0.44553378
FFF,2014B,611855,P3,F2,1.0,0.6315584
FFF,2014B,611905,P3,F2,1.0,0.6176808
FFF,2014B,612248,P3,F2,0.0,0.39565685
FFF,2014B,612506,P3,F2,1.0,0.6414913
FFF,2014B,612528,P3,F2,0.0,0.4260451
FFF,2014B,612530,P3,F2,0.0,0.46303046
FFF,2014B,612535,P3,F2,0.0,0.4990358
FFF,2014B,612538,P3,F2,0.0,0.4175259
FFF,2014B,612539,P3,F2,0.0,0.44703633
FFF,2014B,612540,P3,F2,0.0,0.48389453
FFF,2014B,612542,P3,F2,0.0,0.474413
FFF,2014B,612543,P3,F2,0.0,0.48000574
FFF,2014B,612545,P3,F2,0.0,0.50480384
FFF,2014B,612547,P3,F2,0.0,0.52146673
FFF,2014B,612549,P3,F2,0.0,0.49375436
FFF,2014B,612598,P3,F2,1.0,0.44806135
FFF,2014B,612607,P3,F2,1.0,0.4232322
FFF,2014B,612638,P3,F2,1.0,0.4998831
FFF,2014B,612740,P3,F2,1.0,0.4905516
FFF,2014B,612743,P3,F2,1.0,0.6414913
FFF,2014B,612880,P3,F2,1.0,0.57441896
FFF,2014B,612982,P3,F2,1.0,0.51260406
FFF,2014B,613013,P3,F2,1.0,0.45124227
FFF,2014B,613152,P3,F2,1.0,0.443313
FFF,2014B,613226,P3,F2,1.0,0.5246452
FFF,2014B,613255,P3,F2,0.0,0.49030724
FFF,2014B,613281,P3,F2,1.0,0.6351517
FFF,2014B,613417,P3,F2,1.0,0.6414913
FFF,2014B,613447,P3,F2,1.0,0.53388035
FFF,2014B,613459,P3,F2,1.0,0.40211806
FFF,2014B,613461,P3,F2,0.0,0.4841212
FFF,2014B,613464,P3,F2,0.0,0.45153382
FFF,2014B,613574,P3,F2,1.0,0.51672417
FFF,2014B,613593,P3,F2,1.0,0.49865904
FFF,2014B,613630,P3,F2,0.0,0.47397256
FFF,2014B,613676,P3,F2,1.0,0.48133907
FFF,2014B,613677,P3,F2,1.0,0.4931244
FFF,2014B,613717,P3,F2,1.0,0.49831364
FFF,2014B,613865,P3,F2,0.0,0.3974735
FFF,2014B,613900,P3,F2,0.0,0.4419099
FFF,2014B,613928,P3,F2,1.0,0.52247256
FFF,2014B,613952,P3,F2,0.0,0.45484382
FFF,2014B,614059,P3,F2,1.0,0.63690096
FFF,2014B,614083,P3,F2,1.0,0.5024845
FFF,2014B,614163,P3,F2,0.0,0.4473457
FFF,2014B,614172,P3,F2,1.0,0.48931968
FFF,2014B,614181,P3,F2,0.0,0.4524779
FFF,2014B,614381,P3,F2,1.0,0.47592834
FFF,2014B,614599,P3,F2,1.0,0.48987827
FFF,2014B,614730,P3,F2,1.0,0.52107316
FFF,2014B,614733,P3,F2,1.0,0.6367445
FFF,2014B,614764,P3,F2,0.0,0.41640484
FFF,2014B,614801,P3,F2,1.0,0.4034898
FFF,2014B,614812,P3,F2,1.0,0.4913262
FFF,2014B,614887,P3,F2,0.0,0.46298864
FFF,2014B,614973,P3,F2,1.0,0.53648496
FFF,2014B,614994,P3,F2,1.0,0.6376878
FFF,2014B,615225,P3,F2,0.0,0.44111782
FFF,2014B,615241,P3,F2,0.0,0.54840577
FFF,2014B,615426,P3,F2,1.0,0.41764414
FFF,2014B,615429,P3,F2,1.0,0.5652711
FFF,2014B,615439,P3,F2,0.0,0.5108997
FFF,2014B,616383,P3,F2,0.0,0.39417046
FFF,2014B,616453,P3,F2,1.0,0.5056528
FFF,2014B,616613,P3,F2,1.0,0.50558144
FFF,2014B,616646,P3,F2,0.0,0.4428279
FFF,2014B,616688,P3,F2,0.0,0.4095521
FFF,2014B,616789,P3,F2,0.0,0.4584068
FFF,2014B,616794,P3,F2,1.0,0.51711845
FFF,2014B,616909,P3,F2,1.0,0.5360472
FFF,2014B,616913,P3,F2,0.0,0.5156968
FFF,2014B,617010,P3,F2,1.0,0.46102747
FFF,2014B,617014,P3,F2,0.0,0.52195793
FFF,2014B,617018,P3,F2,1.0,0.5119829
FFF,2014B,617053,P3,F2,1.0,0.50017065
FFF,2014B,617130,P3,F2,1.0,0.43487272
FFF,2014B,617201,P3,F2,0.0,0.46404117
FFF,2014B,617318,P3,F2,0.0,0.41582525
FFF,2014B,617343,P3,F2,1.0,0.41421798
FFF,2014B,617358,P3,F2,1.0,0.3995022
FFF,2014B,617382,P3,F2,0.0,0.45136335
FFF,2014B,617437,P3,F2,1.0,0.40703347
FFF,2014B,617534,P3,F2,0.0,0.6331454
FFF,2014B,617535,P3,F2,1.0,0.60692894
FFF,2014B,617540,P3,F2,1.0,0.63720703
FFF,2014B,617543,P3,F2,1.0,0.5264871
FFF,2014B,617564,P3,F2,1.0,0.6414913
FFF,2014B,617638,P3,F2,1.0,0.6414913
FFF,2014B,617678,P3,F2,0.0,0.46298054
FFF,2014B,617734,P3,F2,0.0,0.49463192
FFF,2014B,617740,P3,F2,0.0,0.43964106
FFF,2014B,617751,P3,F2,0.0,0.44518936
FFF,2014B,617805,P3,F2,0.0,0.45662403
FFF,2014B,617829,P3,F2,0.0,0.45976785
FFF,2014B,617868,P3,F2,0.0,0.44180658
FFF,2014B,617945,P3,F2,1.0,0.6414913
FFF,2014B,617965,P3,F2,0.0,0.4452059
FFF,2014B,617976,P3,F2,0.0,0.40195388
FFF,2014B,617998,P3,F2,0.0,0.41317332
FFF,2014B,618004,P3,F2,0.0,0.42791885
FFF,2014B,618005,P3,F2,0.0,0.40329364
FFF,2014B,618015,P3,F2,0.0,0.46336916
FFF,2014B,618124,P3,F2,1.0,0.47189593
FFF,2014B,618216,P3,F2,0.0,0.4094625
FFF,2014B,618279,P3,F2,1.0,0.49390855
FFF,2014B,618280,P3,F2,0.0,0.40565756
FFF,2014B,618293,P3,F2,0.0,0.41051075
FFF,2014B,618390,P3,F2,1.0,0.5291959
FFF,2014B,618397,P3,F2,0.0,0.48513976
FFF,2014B,618412,P3,F2,0.0,0.40397838
FFF,2014B,618513,P3,F2,0.0,0.5307578
FFF,2014B,618519,P3,F2,0.0,0.40156612
FFF,2014B,618590,P3,F2,0.0,0.48095515
FFF,2014B,618662,P3,F2,1.0,0.46332794
FFF,2014B,618665,P3,F2,1.0,0.5692067
FFF,2014B,618667,P3,F2,1.0,0.4523942
FFF,2014B,618744,P3,F2,1.0,0.39847228
FFF,2014B,618843,P3,F2,1.0,0.6414913
FFF,2014B,618875,P3,F2,0.0,0.4078922
FFF,2014B,618903,P3,F2,1.0,0.6300386
FFF,2014B,618914,P3,F2,0.0,0.3966704
FFF,2014B,618925,P3,F2,1.0,0.6414913
FFF,2014B,618942,P3,F2,1.0,0.49997646
FFF,2014B,619001,P3,F2,1.0,0.52912635
FFF,2014B,619112,P3,F2,1.0,0.4543081
FFF,2014B,619118,P3,F2,1.0,0.49823758
FFF,2014B,619341,P3,F2,0.0,0.43135607
FFF,2014B,619410,P3,F2,0.0,0.45699248
FFF,2014B,619461,P3,F2,0.0,0.3992078
FFF,2014B,619921,P3,F2,1.0,0.46434134
FFF,2014B,619974,P3,F2,1.0,0.42886508
FFF,2014B,620004,P3,F2,1.0,0.4766938
FFF,2014B,620081,P3,F2,0.0,0.4469021
FFF,2014B,620112,P3,F2,1.0,0.63720703
FFF,2014B,620200,P3,F2,0.0,0.42985392
FFF,2014B,620277,P3,F2,1.0,0.39705712
FFF,2014B,620320,P3,F2,1.0,0.4974044
FFF,2014B,620399,P3,F2,1.0,0.5111177
FFF,2014B,620423,P3,F2,1.0,0.53878444
FFF,2014B,620473,P3,F2,0.0,0.39717123
FFF,2014B,620498,P3,F2,1.0,0.61149603
FFF,2014B,620801,P3,F2,0.0,0.4718776
FFF,2014B,620819,P3,F2,0.0,0.41498578
FFF,2014B,620933,P3,F2,1.0,0.612574
FFF,2014B,621345,P3,F2,0.0,0.41204733
FFF,2014B,621370,P3,F2,1.0,0.48040274
FFF,2014B,621433,P3,F2,1.0,0.63625956
FFF,2014B,621436,P3,F2,0.0,0.48339495
FFF,2014B,621441,P3,F2,0.0,0.4306939
FFF,2014B,621464,P3,F2,1.0,0.55161005
FFF,2014B,621475,P3,F2,0.0,0.49240062
FFF,2014B,621531,P3,F2,0.0,0.6307834
FFF,2014B,621580,P3,F2,0.0,0.4863242
FFF,2014B,621682,P3,F2,1.0,0.6414913
FFF,2014B,621690,P3,F2,1.0,0.45314398
FFF,2014B,621696,P3,F2,0.0,0.4566362
FFF,2014B,621698,P3,F2,1.0,0.6414913
FFF,2014B,621722,P3,F2,0.0,0.4122881
FFF,2014B,621741,P3,F2,1.0,0.6414913
FFF,2014B,621881,P3,F2,0.0,0.42113882
FFF,2014B,621909,P3,F2,1.0,0.6414913
FFF,2014B,621952,P3,F2,0.0,0.49654844
FFF,2014B,621971,P3,F2,0.0,0.44312984
FFF,2014B,621998,P3,F2,0.0,0.46439812
FFF,2014B,622096,P3,F2,0.0,0.52635944
FFF,2014B,622130,P3,F2,1.0,0.54015195
FFF,2014B,622218,P3,F2,1.0,0.5012242
FFF,2014B,622278,P3,F2,0.0,0.52127135
FFF,2014B,622374,P3,F2,0.0,0.39140245
FFF,2014B,622392,P3,F2,1.0,0.4527672
FFF,2014B,622430,P3,F2,1.0,0.5272217
FFF,2014B,622442,P3,F2,0.0,0.42084232
FFF,2014B,622639,P3,F2,1.0,0.4877421
FFF,2014B,622686,P3,F2,0.0,0.4551436
FFF,2014B,622701,P3,F2,0.0,0.4998296
FFF,2014B,622859,P3,F2,0.0,0.4606552
FFF,2014B,622918,P3,F2,1.0,0.51713467
FFF,2014B,622935,P3,F2,0.0,0.5047095
FFF,2014B,622976,P3,F2,0.0,0.3966704
FFF,2014B,623138,P3,F2,1.0,0.6414913
FFF,2014B,623180,P3,F2,0.0,0.530689
FFF,2014B,623263,P3,F2,1.0,0.55479217
FFF,2014B,623314,P3,F2,0.0,0.4013559
FFF,2014B,623352,P3,F2,1.0,0.6329973
FFF,2014B,623366,P3,F2,1.0,0.5255178
FFF,2014B,623419,P3,F2,1.0,0.53735346
FFF,2014B,623433,P3,F2,0.0,0.42770338
FFF,2014B,623438,P3,F2,0.0,0.44970018
FFF,2014B,623456,P3,F2,1.0,0.5170057
FFF,2014B,623474,P3,F2,1.0,0.4684008
FFF,2014B,623496,P3,F2,1.0,0.45402
FFF,2014B,623537,P3,F2,0.0,0.39302683
FFF,2014B,623542,P3,F2,1.0,0.4529635
FFF,2014B,623554,P3,F2,1.0,0.472264
FFF,2014B,623568,P3,F2,1.0,0.63524467
FFF,2014B,623579,P3,F2,0.0,0.6329194
FFF,2014B,623687,P3,F2,0.0,0.3929521
FFF,2014B,623786,P3,F2,1.0,0.5176185
FFF,2014B,623924,P3,F2,0.0,0.44828862
FFF,2014B,623948,P3,F2,0.0,0.41534686
FFF,2014B,624014,P3,F2,1.0,0.46979174
FFF,2014B,624152,P3,F2,1.0,0.45683688
FFF,2014B,624178,P3,F2,0.0,0.4883287
FFF,2014B,624187,P3,F2,1.0,0.55172384
FFF,2014B,624197,P3,F2,0.0,0.4473353
FFF,2014B,624259,P3,F2,1.0,0.6414913
FFF,2014B,624344,P3,F2,0.0,0.48325396
FFF,2014B,624376,P3,F2,1.0,0.4580988
FFF,2014B,624499,P3,F2,1.0,0.46328464
FFF,2014B,624556,P3,F2,1.0,0.45580858
FFF,2014B,624586,P3,F2,0.0,0.46514782
FFF,2014B,624591,P3,F2,0.0,0.46513638
FFF,2014B,624718,P3,F2,1.0,0.632729
FFF,2014B,624751,P3,F2,0.0,0.4129103
FFF,2014B,624763,P3,F2,0.0,0.43238714
FFF,2014B,624772,P3,F2,1.0,0.5140543
FFF,2014B,624773,P3,F2,0.0,0.5371196
FFF,2014B,624946,P3,F2,0.0,0.4616413
FFF,2014B,624967,P3,F2,1.0,0.40306005
FFF,2014B,624975,P3,F2,1.0,0.52853197
FFF,2014B,624981,P3,F2,0.0,0.5023874
FFF,2014B,625004,P3,F2,1.0,0.46331105
FFF,2014B,625034,P3,F2,1.0,0.50317144
FFF,2014B,625073,P3,F2,1.0,0.6414913
FFF,2014B,625075,P3,F2,1.0,0.5268889
FFF,2014B,625182,P3,F2,1.0,0.49260557
FFF,2014B,625191,P3,F2,0.0,0.4110219
FFF,2014B,625291,P3,F2,0.0,0.4698122
FFF,2014B,625303,P3,F2,0.0,0.41761607
FFF,2014B,625306,P3,F2,0.0,0.4001203
FFF,2014B,625349,P3,F2,0.0,0.47672746
FFF,2014B,625361,P3,F2,1.0,0.51082927
FFF,2014B,625394,P3,F2,1.0,0.46135503
FFF,2014B,625406,P3,F2,0.0,0.42932567
FFF,2014B,625500,P3,F2,1.0,0.53508097
FFF,2014B,625536,P3,F2,0.0,0.42924982
FFF,2014B,625548,P3,F2,0.0,0.43856317
FFF,2014B,625566,P3,F2,0.0,0.40467983
FFF,2014B,625588,P3,F2,0.0,0.49463236
FFF,2014B,625609,P3,F2,1.0,0.40966436
FFF,2014B,625642,P3,F2,1.0,0.43925765
FFF,2014B,625753,P3,F2,0.0,0.40073243
FFF,2014B,625793,P3,F2,1.0,0.4951955
FFF,2014B,625794,P3,F2,0.0,0.4426978
FFF,2014B,625800,P3,F2,1.0,0.422917
FFF,2014B,625812,P3,F2,1.0,0.6332644
FFF,2014B,625828,P3,F2,1.0,0.5738464
FFF,2014B,625977,P3,F2,1.0,0.47510836
FFF,2014B,625995,P3,F2,1.0,0.5086663
FFF,2014B,626103,P3,F2,0.0,0.39361173
FFF,2014B,626128,P3,F2,0.0,0.3964075
FFF,2014B,626198,P3,F2,0.0,0.51869947
FFF,2014B,626231,P3,F2,0.0,0.41719392
FFF,2014B,626259,P3,F2,0.0,0.53314567
FFF,2014B,626320,P3,F2,1.0,0.6414913
FFF,2014B,626326,P3,F2,0.0,0.41009098
FFF,2014B,626349,P3,F2,1.0,0.43790266
FFF,2014B,626403,P3,F2,1.0,0.46241024
FFF,2014B,626419,P3,F2,0.0,0.407932
FFF,2014B,626448,P3,F2,0.0,0.39517742
FFF,2014B,626469,P3,F2,1.0,0.4759866
FFF,2014B,626473,P3,F2,1.0,0.42049846
FFF,2014B,626530,P3,F2,1.0,0.4761546
FFF,2014B,626537,P3,F2,0.0,0.45040637
FFF,2014B,626539,P3,F2,1.0,0.51238835
FFF,2014B,626644,P3,F2,0.0,0.4794881
FFF,2014B,626692,P3,F2,1.0,0.44476196
FFF,2014B,626700,P3,F2,1.0,0.48770547
FFF,2014B,626765,P3,F2,0.0,0.46084207
FFF,2014B,626777,P3,F2,1.0,0.6414913
FFF,2014B,626778,P3,F2,0.0,0.42542997
FFF,2014B,626801,P3,F2,1.0,0.4127491
FFF,2014B,626828,P3,F2,0.0,0.4986962
FFF,2014B,626878,P3,F2,0.0,0.45333084
FFF,2014B,626881,P3,F2,0.0,0.4961663
FFF,2014B,626890,P3,F2,0.0,0.5197359
FFF,2014B,626987,P3,F2,0.0,0.43136117
FFF,2014B,627022,P3,F2,0.0,0.44327047
FFF,2014B,627026,P3,F2,1.0,0.41997936
FFF,2014B,627061,P3,F2,0.0,0.4234744
FFF,2014B,627067,P3,F2,0.0,0.49126804
FFF,2014B,627126,P3,F2,1.0,0.5494829
FFF,2014B,627145,P3,F2,0.0,0.5076326
FFF,2014B,627176,P3,F2,1.0,0.47713524
FFF,2014B,627238,P3,F2,1.0,0.41420493
FFF,2014B,627247,P3,F2,0.0,0.4093674
FFF,2014B,627280,P3,F2,1.0,0.48893267
FFF,2014B,627307,P3,F2,0.0,0.39601842
FFF,2014B,627366,P3,F2,1.0,0.6400902
FFF,2014B,627417,P3,F2,0.0,0.40547627
FFF,2014B,627442,P3,F2,0.0,0.523196
FFF,2014B,627468,P3,F2,0.0,0.5266464
FFF,2014B,627521,P3,F2,0.0,0.39978862
FFF,2014B,627524,P3,F2,1.0,0.53446835
FFF,2014B,627569,P3,F2,1.0,0.5433629
FFF,2014B,627595,P3,F2,0.0,0.39468792
FFF,2014B,627620,P3,F2,0.0,0.45774966
FFF,2014B,627622,P3,F2,0.0,0.5498094
FFF,2014B,627679,P3,F2,0.0,0.41077477
FFF,2014B,627692,P3,F2,0.0,0.4237352
FFF,2014B,627717,P3,F2,0.0,0.39804605
FFF,2014B,627727,P3,F2,1.0,0.48436466
FFF,2014B,627751,P3,F2,1.0,0.48028898
FFF,2014B,627808,P3,F2,1.0,0.431049
FFF,2014B,627840,P3,F2,1.0,0.48412588
FFF,2014B,627847,P3,F2,1.0,0.42114192
FFF,2014B,627860,P3,F2,0.0,0.44044343
FFF,2014B,627886,P3,F2,0.0,0.4275959
FFF,2014B,628004,P3,F2,0.0,0.39561084
FFF,2014B,628034,P3,F2,0.0,0.4015691
FFF,2014B,628038,P3,F2,1.0,0.5512061
FFF,2014B,628058,P3,F2,0.0,0.47026184
FFF,2014B,628098,P3,F2,0.0,0.4697458
FFF,2014B,628110,P3,F2,1.0,0.63473725
FFF,2014B,628114,P3,F2,0.0,0.43972456
FFF,2014B,628117,P3,F2,0.0,0.480802
FFF,2014B,628140,P3,F2,0.0,0.4030729
FFF,2014B,628141,P3,F2,1.0,0.5355613
FFF,2014B,628143,P3,F2,1.0,0.42923287
FFF,2014B,628152,P3,F2,0.0,0.513753
FFF,2014B,628174,P3,F2,0.0,0.4520354
FFF,2014B,628307,P3,F2,1.0,0.49099734
FFF,2014B,628361,P3,F2,0.0,0.39883626
FFF,2014B,628370,P3,F2,1.0,0.40643844
FFF,2014B,628443,P3,F2,0.0,0.48883203
FFF,2014B,628476,P3,F2,1.0,0.48075888
FFF,2014B,628561,P3,F2,0.0,0.47758138
FFF,2014B,628720,P3,F2,0.0,0.47145995
FFF,2014B,628725,P3,F2,1.0,0.5153212
FFF,2014B,628803,P3,F2,1.0,0.49698532
FFF,2014B,628837,P3,F2,1.0,0.42631462
FFF,2014B,628841,P3,F2,0.0,0.5090322
FFF,2014B,628846,P3,F2,1.0,0.41245925
FFF,2014B,628925,P3,F2,1.0,0.40265414
FFF,2014B,628972,P3,F2,0.0,0.49055314
FFF,2014B,628978,P3,F2,1.0,0.53196496
FFF,2014B,628995,P3,F2,0.0,0.5450128
FFF,2014B,629022,P3,F2,0.0,0.63628024
FFF,2014B,629096,P3,F2,0.0,0.47510296
FFF,2014B,629119,P3,F2,1.0,0.6414913
FFF,2014B,629120,P3,F2,1.0,0.5482717
FFF,2014B,629163,P3,F2,1.0,0.5696299
FFF,2014B,629182,P3,F2,1.0,0.420788
FFF,2014B,629231,P3,F2,1.0,0.5784975
FFF,2014B,629244,P3,F2,0.0,0.46253058
FFF,2014B,629267,P3,F2,1.0,0.4118519
FFF,2014B,629291,P3,F2,0.0,0.39140245
FFF,2014B,629303,P3,F2,0.0,0.48059615
FFF,2014B,629386,P3,F2,1.0,0.40993223
FFF,2014B,629414,P3,F2,0.0,0.42054754
FFF,2014B,629459,P3,F2,1.0,0.5684946
FFF,2014B,629522,P3,F2,1.0,0.40821764
FFF,2014B,629540,P3,F2,0.0,0.4102502
FFF,2014B,629541,P3,F2,0.0,0.49428806
FFF,2014B,629603,P3,F2,0.0,0.42579606
FFF,2014B,629613,P3,F2,1.0,0.57755095
FFF,2014B,629655,P3,F2,1.0,0.43731475
FFF,2014B,629692,P3,F2,0.0,0.5026579
FFF,2014B,629693,P3,F2,0.0,0.44358033
FFF,2014B,629739,P3,F2,0.0,0.4746761
FFF,2014B,629762,P3,F2,1.0,0.5729073
FFF,2014B,629767,P3,F2,1.0,0.40370923
FFF,2014B,629867,P3,F2,1.0,0.46856794
FFF,2014B,629873,P3,F2,0.0,0.39615503
FFF,2014B,629879,P3,F2,1.0,0.63628024
FFF,2014B,629881,P3,F2,0.0,0.46552604
FFF,2014B,629918,P3,F2,1.0,0.6414913
FFF,2014B,629928,P3,F2,1.0,0.42703626
FFF,2014B,629938,P3,F2,0.0,0.4926433
FFF,2014B,629993,P3,F2,1.0,0.46786457
FFF,2014B,630013,P3,F2,0.0,0.43695846
FFF,2014B,630015,P3,F2,0.0,0.40226078
FFF,2014B,630038,P3,F2,1.0,0.5308083
FFF,2014B,630045,P3,F2,0.0,0.4513513
FFF,2014B,630083,P3,F2,0.0,0.41525686
FFF,2014B,630129,P3,F2,1.0,0.5421034
FFF,2014B,630168,P3,F2,1.0,0.41165635
FFF,2014B,630177,P3,F2,0.0,0.40995118
FFF,2014B,630264,P3,F2,0.0,0.54063904
FFF,2014B,630269,P3,F2,1.0,0.5861652
FFF,2014B,630326,P3,F2,0.0,0.6243316
FFF,2014B,630426,P3,F2,1.0,0.6414913
FFF,2014B,630435,P3,F2,1.0,0.6414913
FFF,2014B,630452,P3,F2,0.0,0.4968662
FFF,2014B,630479,P3,F2,0.0,0.46051002
FFF,2014B,630488,P3,F2,0.0,0.41919306
FFF,2014B,630491,P3,F2,1.0,0.43086407
FFF,2014B,630574,P3,F2,1.0,0.5380228
FFF,2014B,630634,P3,F2,0.0,0.4843457
FFF,2014B,630653,P3,F2,0.0,0.5418554
FFF,2014B,630654,P3,F2,1.0,0.5413495
FFF,2014B,630655,P3,F2,0.0,0.537779
FFF,2014B,630671,P3,F2,0.0,0.44831535
FFF,2014B,630734,P3,F2,0.0,0.49741915
FFF,2014B,630748,P3,F2,1.0,0.44774824
FFF,2014B,630759,P3,F2,1.0,0.5027412
FFF,2014B,630804,P3,F2,1.0,0.51816493
FFF,2014B,630812,P3,F2,1.0,0.5059579
FFF,2014B,630830,P3,F2,0.0,0.47386637
FFF,2014B,630854,P3,F2,0.0,0.5374755
FFF,2014B,630859,P3,F2,0.0,0.50782824
FFF,2014B,630867,P3,F2,1.0,0.6405693
FFF,2014B,630868,P3,F2,1.0,0.4153205
FFF,2014B,630891,P3,F2,1.0,0.59902155
FFF,2014B,630912,P3,F2,0.0,0.5121258
FFF,2014B,630924,P3,F2,0.0,0.4901721
FFF,2014B,630937,P3,F2,0.0,0.40862864
FFF,2014B,630966,P3,F2,0.0,0.49019507
FFF,2014B,631023,P3,F2,0.0,0.46325114
FFF,2014B,631075,P3,F2,1.0,0.40924978
FFF,2014B,631083,P3,F2,1.0,0.44487956
FFF,2014B,631099,P3,F2,1.0,0.4846582
FFF,2014B,631104,P3,F2,0.0,0.45616996
FFF,2014B,631111,P3,F2,1.0,0.49241683
FFF,2014B,631135,P3,F2,1.0,0.63720703
FFF,2014B,631235,P3,F2,0.0,0.49505967
FFF,2014B,631247,P3,F2,0.0,0.3890569
FFF,2014B,631300,P3,F2,1.0,0.4863048
FFF,2014B,631311,P3,F2,0.0,0.41596302
FFF,2014B,631327,P3,F2,0.0,0.4301141
FFF,2014B,631467,P3,F2,0.0,0.46179217
FFF,2014B,631473,P3,F2,0.0,0.47052023
FFF,2014B,631524,P3,F2,1.0,0.6298802
FFF,2014B,631654,P3,F2,1.0,0.6351517
FFF,2014B,631673,P3,F2,0.0,0.45443374
FFF,2014B,631680,P3,F2,0.0,0.47315016
FFF,2014B,631701,P3,F2,1.0,0.57255775
FFF,2014B,631719,P3,F2,0.0,0.39140245
FFF,2014B,631765,P3,F2,0.0,0.46260935
FFF,2014B,631853,P3,F2,0.0,0.42072564
FFF,2014B,631860,P3,F2,0.0,0.43069404
FFF,2014B,631880,P3,F2,0.0,0.46198353
FFF,2014B,631884,P3,F2,0.0,0.49489963
FFF,2014B,631913,P3,F2,1.0,0.40024352
FFF,2014B,631925,P3,F2,1.0,0.47299427
FFF,2014B,632019,P3,F2,1.0,0.50359863
FFF,2014B,632044,P3,F2,0.0,0.4034161
FFF,2014B,632078,P3,F2,1.0,0.42594326
FFF,2014B,632114,P3,F2,1.0,0.49516097
FFF,2014B,632124,P3,F2,1.0,0.47076994
FFF,2014B,632143,P3,F2,1.0,0.3943932
FFF,2014B,632258,P3,F2,0.0,0.49764633
FFF,2014B,632306,P3,F2,0.0,0.40263814
FFF,2014B,632316,P3,F2,0.0,0.39658317
FFF,2014B,632339,P3,F2,0.0,0.45520255
FFF,2014B,632363,P3,F2,1.0,0.45523307
FFF,2014B,632379,P3,F2,0.0,0.55356723
FFF,2014B,632380,P3,F2,0.0,0.40814447
FFF,2014B,632402,P3,F2,0.0,0.45050198
FFF,2014B,632513,P3,F2,0.0,0.40057334
FFF,2014B,632544,P3,F2,0.0,0.5069775
FFF,2014B,632588,P3,F2,0.0,0.40015677
FFF,2014B,632620,P3,F2,0.0,0.49849102
FFF,2014B,632623,P3,F2,0.0,0.44312635
FFF,2014B,632691,P3,F2,0.0,0.44291884
FFF,2014B,632698,P3,F2,0.0,0.46691573
FFF,2014B,632705,P3,F2,0.0,0.47937313
FFF,2014B,632759,P3,F2,1.0,0.41902044
FFF,2014B,632801,P3,F2,1.0,0.49212134
FFF,2014B,632840,P3,F2,1.0,0.51067543
FFF,2014B,632848,P3,F2,0.0,0.41858113
FFF,2014B,632895,P3,F2,0.0,0.41878304
FFF,2014B,632923,P3,F2,1.0,0.49492168
FFF,2014B,632927,P3,F2,1.0,0.63628024
FFF,2014B,632929,P3,F2,0.0,0.42485866
FFF,2014B,632947,P3,F2,0.0,0.5212535
FFF,2014B,632958,P3,F2,1.0,0.5034307
FFF,2014B,632991,P3,F2,0.0,0.48517692
FFF,2014B,633047,P3,F2,0.0,0.52300143
FFF,2014B,633077,P3,F2,0.0,0.41060016
FFF,2014B,633100,P3,F2,1.0,0.5391548
FFF,2014B,633157,P3,F2,1.0,0.41616377
FFF,2014B,633179,P3,F2,0.0,0.3968788
FFF,2014B,633205,P3,F2,1.0,0.41082755
FFF,2014B,633207,P3,F2,1.0,0.55294514
FFF,2014B,633219,P3,F2,0.0,0.46831882
FFF,2014B,633221,P3,F2,1.0,0.5028759
FFF,2014B,633238,P3,F2,0.0,0.41420934
FFF,2014B,633292,P3,F2,1.0,0.47297347
FFF,2014B,633297,P3,F2,1.0,0.5078033
FFF,2014B,633303,P3,F2,0.0,0.40143418
FFF,2014B,633305,P3,F2,1.0,0.63720703
FFF,2014B,633319,P3,F2,0.0,0.4118689
FFF,2014B,633328,P3,F2,0.0,0.47728497
FFF,2014B,633388,P3,F2,0.0,0.39969534
FFF,2014B,633397,P3,F2,1.0,0.50990444
FFF,2014B,633403,P3,F2,1.0,0.4741357
FFF,2014B,633411,P3,F2,1.0,0.43565863
FFF,2014B,633504,P3,F2,0.0,0.39956266
FFF,2014B,633505,P3,F2,1.0,0.49615207
FFF,2014B,633558,P3,F2,1.0,0.63341016
FFF,2014B,633625,P3,F2,1.0,0.63720703
FFF,2014B,633676,P3,F2,1.0,0.63524467
FFF,2014B,633691,P3,F2,0.0,0.40912688
FFF,2014B,633717,P3,F2,0.0,0.4039399
FFF,2014B,633732,P3,F2,1.0,0.50776863
FFF,2014B,633745,P3,F2,0.0,0.4028348
FFF,2014B,633756,P3,F2,0.0,0.48658004
FFF,2014B,633773,P3,F2,0.0,0.6414913
FFF,2014B,633840,P3,F2,1.0,0.5443513
FFF,2014B,633881,P3,F2,1.0,0.43444365
FFF,2014B,633884,P3,F2,1.0,0.5343204
FFF,2014B,633924,P3,F2,1.0,0.40451258
FFF,2014B,633983,P3,F2,0.0,0.4408577
FFF,2014B,634057,P3,F2,1.0,0.5123222
FFF,2014B,634070,P3,F2,0.0,0.4822655
FFF,2014B,634099,P3,F2,1.0,0.5443121
FFF,2014B,634111,P3,F2,0.0,0.39432514
FFF,2014B,634114,P3,F2,1.0,0.59703004
FFF,2014B,634139,P3,F2,0.0,0.41815695
FFF,2014B,634155,P3,F2,0.0,0.4382192
FFF,2014B,634165,P3,F2,0.0,0.44610062
FFF,2014B,634187,P3,F2,1.0,0.44417927
FFF,2014B,634200,P3,F2,1.0,0.4455634
FFF,2014B,634209,P3,F2,0.0,0.4624757
FFF,2014B,634245,P3,F2,1.0,0.6216346
FFF,2014B,634252,P3,F2,1.0,0.52610874
FFF,2014B,634254,P3,F2,1.0,0.49036998
FFF,2014B,634260,P3,F2,0.0,0.44318765
FFF,2014B,634279,P3,F2,1.0,0.46125385
FFF,2014B,634292,P3,F2,1.0,0.6414913
FFF,2014B,634343,P3,F2,0.0,0.511967
FFF,2014B,634349,P3,F2,1.0,0.5118477
FFF,2014B,634426,P3,F2,0.0,0.4951014
FFF,2014B,634427,P3,F2,0.0,0.44273472
FFF,2014B,634429,P3,F2,0.0,0.5058209
FFF,2014B,634430,P3,F2,0.0,0.42227697
FFF,2014B,634431,P3,F2,0.0,0.5111368
FFF,2014B,634435,P3,F2,0.0,0.44999558
FFF,2014B,634479,P3,F2,1.0,0.39803484
FFF,2014B,634500,P3,F2,0.0,0.55115646
FFF,2014B,634536,P3,F2,0.0,0.40519857
FFF,2014B,634539,P3,F2,1.0,0.44271284
FFF,2014B,634616,P3,F2,0.0,0.6363064
FFF,2014B,634635,P3,F2,1.0,0.52043
FFF,2014B,634636,P3,F2,0.0,0.43406186
FFF,2014B,634638,P3,F2,1.0,0.6414913
FFF,2014B,634682,P3,F2,1.0,0.638613
FFF,2014B,634701,P3,F2,1.0,0.62808126
FFF,2014B,634774,P3,F2,1.0,0.5214762
FFF,2014B,634784,P3,F2,1.0,0.4908218
FFF,2014B,634820,P3,F2,1.0,0.627036
FFF,2014B,634859,P3,F2,1.0,0.41127554
FFF,2014B,634918,P3,F2,1.0,0.5322389
FFF,2014B,634919,P3,F2,0.0,0.51448214
FFF,2014B,634924,P3,F2,0.0,0.39376783
FFF,2014B,634946,P3,F2,1.0,0.554046
FFF,2014B,634999,P3,F2,0.0,0.62166315
FFF,2014B,635034,P3,F2,0.0,0.42492515
FFF,2014B,635046,P3,F2,1.0,0.6260985
FFF,2014B,635079,P3,F2,1.0,0.4233585
FFF,2014B,635124,P3,F2,1.0,0.5110135
FFF,2014B,1006742,P3,F2,1.0,0.43383175
FFF,2014B,1017773,P3,F2,1.0,0.63625956
FFF,2014B,1045091,P3,F2,1.0,0.53073454
FFF,2014B,1072259,P3,F2,0.0,0.5078935
FFF,2014B,1340760,P3,F2,0.0,0.41545385
FFF,2014B,1398489,P3,F2,0.0,0.43943065
FFF,2014B,1425806,P3,F2,0.0,0.48110166
FFF,2014B,1465407,P3,F2,0.0,0.4876316
FFF,2014B,1498823,P3,F2,1.0,0.63628024
FFF,2014B,1514245,P3,F2,1.0,0.61982656
FFF,2014B,1526059,P3,F2,0.0,0.4584594
FFF,2014B,1528232,P3,F2,1.0,0.5414537
FFF,2014B,1548052,P3,F2,1.0,0.4955469
FFF,2014B,1578222,P3,F2,0.0,0.45003557
FFF,2014B,1588621,P3,F2,1.0,0.43427488
FFF,2014B,1615392,P3,F2,0.0,0.44678628
FFF,2014B,1627052,P3,F2,0.0,0.3956806
FFF,2014B,1641117,P3,F2,0.0,0.49954087
FFF,2014B,1683803,P3,F2,0.0,0.51836157
FFF,2014B,1738364,P3,F2,0.0,0.43473858
FFF,2014B,1744817,P3,F2,0.0,0.43151933
FFF,2014B,1757662,P3,F2,0.0,0.41880795
FFF,2014B,1768223,P3,F2,0.0,0.5340431
FFF,2014B,1799963,P3,F2,1.0,0.6363064
FFF,2014B,1821249,P3,F2,1.0,0.638613
FFF,2014B,1875728,P3,F2,0.0,0.40267548
FFF,2014B,1884024,P3,F2,1.0,0.53435975
FFF,2014B,1892879,P3,F2,1.0,0.6414913
FFF,2014B,1919240,P3,F2,0.0,0.4657238
FFF,2014B,1928947,P3,F2,1.0,0.6243316
FFF,2014B,1933534,P3,F2,1.0,0.4110767
FFF,2014B,1939193,P3,F2,1.0,0.5565588
FFF,2014B,1961652,P3,F2,1.0,0.5371576
FFF,2014B,1962128,P3,F2,1.0,0.6414913
FFF,2014B,1984169,P3,F2,1.0,0.49972144
FFF,2014B,1999952,P3,F2,0.0,0.5104733
FFF,2014B,2010245,P3,F2,1.0,0.46470445
FFF,2014B,2022750,P3,F2,1.0,0.6414913
FFF,2014B,2025233,P3,F2,0.0,0.52956533
FFF,2014B,2055321,P3,F2,1.0,0.5099356
FFF,2014B,2058815,P3,F2,1.0,0.4791416
FFF,2014B,2074627,P3,F2,0.0,0.51796633
FFF,2014B,2095576,P3,F2,0.0,0.5048061
FFF,2014B,2097046,P3,F2,1.0,0.45379585
FFF,2014B,2114529,P3,F2,1.0,0.5000915
FFF,2014B,2131008,P3,F2,0.0,0.47507465
FFF,2014B,2156172,P3,F2,1.0,0.5379513
FFF,2014B,2161710,P3,F2,1.0,0.6329194
FFF,2014B,2164266,P3,F2,1.0,0.51475775
FFF,2014B,2176759,P3,F2,0.0,0.52403975
FFF,2014B,2186992,P3,F2,0.0,0.4029294
FFF,2014B,2222615,P3,F2,0.0,0.4647287
FFF,2014B,2238019,P3,F2,1.0,0.51113325
FFF,2014B,2242595,P3,F2,1.0,0.4629234
FFF,2014B,2242732,P3,F2,0.0,0.45786026
FFF,2014B,2244285,P3,F2,0.0,0.42376286
FFF,2014B,2256318,P3,F2,0.0,0.40671363
FFF,2014B,2257112,P3,F2,0.0,0.45029476
FFF,2014B,2264054,P3,F2,0.0,0.46963987
FFF,2014B,2265419,P3,F2,1.0,0.42611635
FFF,2014B,2270880,P3,F2,0.0,0.50085634
FFF,2014B,2299808,P3,F2,0.0,0.40969706
FFF,2014B,2303413,P3,F2,0.0,0.41189495
FFF,2014B,2306016,P3,F2,0.0,0.46286336
FFF,2014B,2322813,P3,F2,1.0,0.638613
FFF,2014B,2327494,P3,F2,0.0,0.53963697
FFF,2014B,2336654,P3,F2,1.0,0.6324793
FFF,2014B,2337362,P3,F2,0.0,0.52224606
FFF,2014B,2345438,P3,F2,0.0,0.5330895
FFF,2014B,2355214,P3,F2,1.0,0.51801133
FFF,2014B,2360071,P3,F2,1.0,0.6363064
FFF,2014B,2383307,P3,F2,0.0,0.4578449
FFF,2014B,2410519,P3,F2,0.0,0.40736046
FFF,2014B,2413895,P3,F2,1.0,0.6414913
FFF,2014B,2426332,P3,F2,0.0,0.47455773
FFF,2014B,2437930,P3,F2,0.0,0.4680912
FFF,2014B,2448082,P3,F2,1.0,0.6240174
FFF,2014B,2463282,P3,F2,1.0,0.6375803
FFF,2014B,2480886,P3,F2,1.0,0.50786805
FFF,2014B,2481482,P3,F2,0.0,0.4500837
FFF,2014B,2492219,P3,F2,0.0,0.4067704
FFF,2014B,2492787,P3,F2,0.0,0.5163577
FFF,2014B,2494338,P3,F2,1.0,0.5258607
FFF,2014B,2503799,P3,F2,1.0,0.5718686
FFF,2014B,2516163,P3,F2,0.0,0.50737405
FFF,2014B,2523915,P3,F2,0.0,0.6319956
FFF,2014B,2525633,P3,F2,1.0,0.6414913
FFF,2014B,2532785,P3,F2,0.0,0.42301708
FFF,2014B,2540424,P3,F2,1.0,0.638613
FFF,2014B,2543637,P3,F2,1.0,0.4846673
FFF,2014B,2545629,P3,F2,0.0,0.46044388
FFF,2014B,2554552,P3,F2,0.0,0.52171123
FFF,2014B,2558365,P3,F2,1.0,0.411481
FFF,2014B,2561313,P3,F2,0.0,0.49554527
FFF,2014B,2561862,P3,F2,0.0,0.3965249
FFF,2014B,2564619,P3,F2,0.0,0.4596949
FFF,2014B,2569942,P3,F2,0.0,0.44674706
FFF,2014B,2570929,P3,F2,0.0,0.40316486
FFF,2014B,2575119,P3,F2,1.0,0.638613
FFF,2014B,2581536,P3,F2,0.0,0.4783148
FFF,2014B,2581654,P3,F2,0.0,0.6405693
FFF,2014B,2583997,P3,F2,1.0,0.6096049
FFF,2014B,2585330,P3,F2,0.0,0.4557111
FFF,2014B,2589352,P3,F2,0.0,0.4364158
FFF,2014B,2590531,P3,F2,1.0,0.52346385
FFF,2014B,2595058,P3,F2,1.0,0.50395125
FFF,2014B,2604975,P3,F2,0.0,0.40636212
FFF,2014B,2606636,P3,F2,0.0,0.39583305
FFF,2014B,2606890,P3,F2,0.0,0.4874036
FFF,2014B,2609955,P3,F2,1.0,0.48920527
FFF,2014B,2616978,P3,F2,0.0,0.41887414
FFF,2014B,2619719,P3,F2,1.0,0.5684804
FFF,2014B,2620930,P3,F2,0.0,0.469669
FFF,2014B,2625021,P3,F2,1.0,0.6414913
FFF,2014B,2630284,P3,F2,1.0,0.6352613
FFF,2014B,2634654,P3,F2,1.0,0.54517955
FFF,2014B,2652268,P3,F2,1.0,0.6414913
FFF,2014B,2653007,P3,F2,1.0,0.6414913
FFF,2014B,2659650,P3,F2,0.0,0.3997199
FFF,2014B,2661827,P3,F2,0.0,0.4797951
FFF,2014B,2666213,P3,F2,0.0,0.5096621
FFF,2014B,2666831,P3,F2,0.0,0.4800754
FFF,2014B,2667478,P3,F2,1.0,0.49029905
FFF,2014B,2674773,P3,F2,0.0,0.51448834
FFF,2014B,2675061,P3,F2,1.0,0.6414913
FFF,2014B,2681270,P3,F2,0.0,0.45956942
FFF,2014B,2684417,P3,F2,1.0,0.51307935
FFF,2014B,2689210,P3,F2,0.0,0.46757606
FFF,2014B,2697630,P3,F2,0.0,0.55142754
FFF,2014B,2697885,P3,F2,0.0,0.50208604
GGG,2014B,24186,P3,F2,0.0,0.6353074
GGG,2014B,29985,P3,F2,0.0,0.6276285
GGG,2014B,31107,P3,F2,0.0,0.62512374
GGG,2014B,41414,P3,F2,0.0,0.6246091
GGG,2014B,49123,P3,F2,0.0,0.62734336
GGG,2014B,64901,P3,F2,0.0,0.63285744
GGG,2014B,81754,P3,F2,1.0,0.61854434
GGG,2014B,96423,P3,F2,0.0,0.629642
GGG,2014B,109772,P3,F2,0.0,0.63353926
GGG,2014B,112441,P3,F2,0.0,0.6271937
GGG,2014B,116319,P3,F2,0.0,0.632316
GGG,2014B,118474,P3,F2,0.0,0.62808293
GGG,2014B,119444,P3,F2,0.0,0.6225887
GGG,2014B,120611,P3,F2,1.0,0.63353926
GGG,2014B,122337,P3,F2,1.0,0.625176
GGG,2014B,124944,P3,F2,0.0,0.62817144
GGG,2014B,131820,P3,F2,1.0,0.63216585
GGG,2014B,133068,P3,F2,0.0,0.62286097
GGG,2014B,134123,P3,F2,0.0,0.63240784
GGG,2014B,139329,P3,F2,0.0,0.6231022
GGG,2014B,145388,P3,F2,1.0,0.629642
GGG,2014B,146192,P3,F2,1.0,0.6353074
GGG,2014B,152671,P3,F2,0.0,0.63353926
GGG,2014B,159571,P3,F2,1.0,0.6115773
GGG,2014B,160479,P3,F2,0.0,0.6278626
GGG,2014B,160945,P3,F2,0.0,0.6284432
GGG,2014B,164211,P3,F2,0.0,0.61838675
GGG,2014B,164451,P3,F2,1.0,0.6353074
GGG,2014B,165898,P3,F2,1.0,0.6353074
GGG,2014B,184137,P3,F2,0.0,0.6316522
GGG,2014B,198315,P3,F2,1.0,0.63321525
GGG,2014B,203963,P3,F2,0.0,0.6353074
GGG,2014B,204550,P3,F2,1.0,0.6353074
GGG,2014B,204738,P3,F2,0.0,0.6277747
GGG,2014B,233461,P3,F2,1.0,0.63353926
GGG,2014B,245802,P3,F2,0.0,0.6243572
GGG,2014B,254417,P3,F2,1.0,0.63216585
GGG,2014B,261342,P3,F2,0.0,0.63216585
GGG,2014B,278962,P3,F2,0.0,0.629642
GGG,2014B,279839,P3,F2,1.0,0.6353074
GGG,2014B,282388,P3,F2,1.0,0.6287653
GGG,2014B,282962,P3,F2,1.0,0.6353074
GGG,2014B,283035,P3,F2,1.0,0.632316
GGG,2014B,285193,P3,F2,0.0,0.6353074
GGG,2014B,285223,P3,F2,1.0,0.6299498
GGG,2014B,285861,P3,F2,1.0,0.629642
GGG,2014B,299536,P3,F2,1.0,0.62787265
GGG,2014B,301498,P3,F2,0.0,0.626784
GGG,2014B,304106,P3,F2,1.0,0.6296711
GGG,2014B,305792,P3,F2,0.0,0.6322394
GGG,2014B,324773,P3,F2,0.0,0.6292992
GGG,2014B,344098,P3,F2,0.0,0.62634385
GGG,2014B,345737,P3,F2,1.0,0.63353926
GGG,2014B,345881,P3,F2,0.0,0.6310194
GGG,2014B,350473,P3,F2,1.0,0.63353926
GGG,2014B,359645,P3,F2,1.0,0.62961626
GGG,2014B,365084,P3,F2,0.0,0.6303088
GGG,2014B,366371,P3,F2,1.0,0.6234624
GGG,2014B,366771,P3,F2,0.0,0.6310194
GGG,2014B,372837,P3,F2,1.0,0.63353926
GGG,2014B,374266,P3,F2,0.0,0.6287653
GGG,2014B,380238,P3,F2,0.0,0.6353074
GGG,2014B,380894,P3,F2,0.0,0.621754
GGG,2014B,383420,P3,F2,0.0,0.6240939
GGG,2014B,384035,P3,F2,0.0,0.6181147
GGG,2014B,385228,P3,F2,0.0,0.6333345
GGG,2014B,387294,P3,F2,0.0,0.6138573
GGG,2014B,391937,P3,F2,0.0,0.6152593
GGG,2014B,393682,P3,F2,1.0,0.63353926
GGG,2014B,394024,P3,F2,0.0,0.6227723
GGG,2014B,398029,P3,F2,1.0,0.63216585
GGG,2014B,406751,P3,F2,0.0,0.62066954
GGG,2014B,411546,P3,F2,1.0,0.6316768
GGG,2014B,414668,P3,F2,0.0,0.63353926
GGG,2014B,414696,P3,F2,0.0,0.6353074
GGG,2014B,415399,P3,F2,1.0,0.63191986
GGG,2014B,415818,P3,F2,0.0,0.6276307
GGG,2014B,417096,P3,F2,0.0,0.6268756
GGG,2014B,425257,P3,F2,1.0,0.61874694
GGG,2014B,426547,P3,F2,0.0,0.6316522
GGG,2014B,441791,P3,F2,0.0,0.6342706
GGG,2014B,442561,P3,F2,0.0,0.6246258
GGG,2014B,442877,P3,F2,0.0,0.6228196
GGG,2014B,442949,P3,F2,1.0,0.62004495
GGG,2014B,443387,P3,F2,0.0,0.6353074
GGG,2014B,447475,P3,F2,0.0,0.6213388
GGG,2014B,469284,P3,F2,1.0,0.63353926
GGG,2014B,472511,P3,F2,0.0,0.63240784
GGG,2014B,480086,P3,F2,0.0,0.632316
GGG,2014B,480590,P3,F2,0.0,0.6287653
GGG,2014B,481762,P3,F2,0.0,0.63353926
GGG,2014B,482677,P3,F2,0.0,0.6353074
GGG,2014B,483582,P3,F2,1.0,0.63216585
GGG,2014B,485448,P3,F2,0.0,0.629642
GGG,2014B,486279,P3,F2,0.0,0.6353074
GGG,2014B,487278,P3,F2,0.0,0.6353074
GGG,2014B,488445,P3,F2,0.0,0.6353074
GGG,2014B,491474,P3,F2,1.0,0.6252671
GGG,2014B,492909,P3,F2,0.0,0.6221596
GGG,2014B,495976,P3,F2,0.0,0.63285744
GGG,2014B,496978,P3,F2,0.0,0.63216585
GGG,2014B,497619,P3,F2,1.0,0.6282585
GGG,2014B,501755,P3,F2,0.0,0.6353074
GGG,2014B,502182,P3,F2,0.0,0.629642
GGG,2014B,502709,P3,F2,0.0,0.62907773
GGG,2014B,502763,P3,F2,1.0,0.6276285
GGG,2014B,503201,P3,F2,1.0,0.624062
GGG,2014B,506533,P3,F2,0.0,0.633247
GGG,2014B,507334,P3,F2,0.0,0.6353074
GGG,2014B,508573,P3,F2,0.0,0.62724626
GGG,2014B,508924,P3,F2,0.0,0.6284432
GGG,2014B,510874,P3,F2,0.0,0.63353926
GGG,2014B,511228,P3,F2,0.0,0.6245209
GGG,2014B,511492,P3,F2,1.0,0.6353074
GGG,2014B,515051,P3,F2,1.0,0.6276285
GGG,2014B,518145,P3,F2,0.0,0.6316768
GGG,2014B,518661,P3,F2,0.0,0.63369435
GGG,2014B,519910,P3,F2,1.0,0.632316
GGG,2014B,521644,P3,F2,0.0,0.6306454
GGG,2014B,523427,P3,F2,1.0,0.6302537
GGG,2014B,532441,P3,F2,1.0,0.6181394
GGG,2014B,532473,P3,F2,1.0,0.62913144
GGG,2014B,533054,P3,F2,0.0,0.6316522
GGG,2014B,538918,P3,F2,1.0,0.632316
GGG,2014B,541044,P3,F2,1.0,0.6353074
GGG,2014B,541890,P3,F2,0.0,0.6278626
GGG,2014B,542562,P3,F2,0.0,0.61854464
GGG,2014B,543910,P3,F2,0.0,0.6236735
GGG,2014B,545665,P3,F2,0.0,0.61545324
GGG,2014B,547155,P3,F2,0.0,0.63369435
GGG,2014B,548578,P3,F2,1.0,0.61943114
GGG,2014B,549603,P3,F2,1.0,0.6353074
GGG,2014B,550515,P3,F2,0.0,0.6047915
GGG,2014B,550662,P3,F2,1.0,0.6353074
GGG,2014B,550758,P3,F2,0.0,0.6278626
GGG,2014B,551562,P3,F2,1.0,0.6316522
GGG,2014B,552486,P3,F2,0.0,0.6262494
GGG,2014B,552509,P3,F2,1.0,0.6319427
GGG,2014B,556406,P3,F2,0.0,0.6210395
GGG,2014B,556463,P3,F2,1.0,0.6278626
GGG,2014B,561441,P3,F2,1.0,0.6353074
GGG,2014B,562628,P3,F2,0.0,0.6250921
GGG,2014B,563301,P3,F2,1.0,0.6250921
GGG,2014B,566818,P3,F2,1.0,0.6353074
GGG,2014B,568863,P3,F2,1.0,0.63353926
GGG,2014B,569093,P3,F2,0.0,0.63353926
GGG,2014B,571089,P3,F2,0.0,0.624704
GGG,2014B,573834,P3,F2,1.0,0.61756086
GGG,2014B,575199,P3,F2,0.0,0.62086266
GGG,2014B,575217,P3,F2,0.0,0.62065125
GGG,2014B,575324,P3,F2,1.0,0.627081
GGG,2014B,575693,P3,F2,1.0,0.62206185
GGG,2014B,575709,P3,F2,0.0,0.63177055
GGG,2014B,576416,P3,F2,1.0,0.6353074
GGG,2014B,577000,P3,F2,0.0,0.6353074
GGG,2014B,577136,P3,F2,0.0,0.63321525
GGG,2014B,577275,P3,F2,0.0,0.63061106
GGG,2014B,577792,P3,F2,0.0,0.63279265
GGG,2014B,578389,P3,F2,0.0,0.6316522
GGG,2014B,578452,P3,F2,0.0,0.6299498
GGG,2014B,578845,P3,F2,1.0,0.63008606
GGG,2014B,579692,P3,F2,0.0,0.63216585
GGG,2014B,582033,P3,F2,1.0,0.6353074
GGG,2014B,582283,P3,F2,0.0,0.62418854
GGG,2014B,583101,P3,F2,1.0,0.63353926
GGG,2014B,583148,P3,F2,0.0,0.6353074
GGG,2014B,583686,P3,F2,1.0,0.6246561
GGG,2014B,583687,P3,F2,1.0,0.63369435
GGG,2014B,586054,P3,F2,1.0,0.6276285
GGG,2014B,586494,P3,F2,0.0,0.6278626
GGG,2014B,587287,P3,F2,1.0,0.62499464
GGG,2014B,587613,P3,F2,1.0,0.63353926
GGG,2014B,588031,P3,F2,0.0,0.6353074
GGG,2014B,588489,P3,F2,1.0,0.62766194
GGG,2014B,588940,P3,F2,1.0,0.63353926
GGG,2014B,589009,P3,F2,0.0,0.63369435
GGG,2014B,589053,P3,F2,0.0,0.6296958
GGG,2014B,589973,P3,F2,1.0,0.4953667
GGG,2014B,590445,P3,F2,0.0,0.63369435
GGG,2014B,590739,P3,F2,1.0,0.63369435
GGG,2014B,590758,P3,F2,1.0,0.6353074
GGG,2014B,591563,P3,F2,0.0,0.6338959
GGG,2014B,592001,P3,F2,1.0,0.6278626
GGG,2014B,592190,P3,F2,0.0,0.6276285
GGG,2014B,593121,P3,F2,0.0,0.6353074
GGG,2014B,593785,P3,F2,0.0,0.62731904
GGG,2014B,593965,P3,F2,0.0,0.6185024
GGG,2014B,594167,P3,F2,0.0,0.6342706
GGG,2014B,594723,P3,F2,0.0,0.6353074
GGG,2014B,594908,P3,F2,1.0,0.63369435
GGG,2014B,595102,P3,F2,0.0,0.6316522
GGG,2014B,595343,P3,F2,0.0,0.6353074
GGG,2014B,595572,P3,F2,0.0,0.6254415
GGG,2014B,596307,P3,F2,1.0,0.629642
GGG,2014B,596382,P3,F2,1.0,0.63353926
GGG,2014B,596513,P3,F2,0.0,0.6099483
GGG,2014B,596588,P3,F2,0.0,0.63353926
GGG,2014B,596751,P3,F2,0.0,0.61875695
GGG,2014B,597010,P3,F2,0.0,0.62623197
GGG,2014B,597037,P3,F2,1.0,0.6353074
GGG,2014B,598017,P3,F2,0.0,0.6267785
GGG,2014B,598127,P3,F2,1.0,0.61621934
GGG,2014B,598496,P3,F2,1.0,0.6353074
GGG,2014B,598564,P3,F2,1.0,0.63369435
GGG,2014B,599144,P3,F2,0.0,0.63321525
GGG,2014B,599276,P3,F2,0.0,0.6114723
GGG,2014B,599277,P3,F2,1.0,0.63353926
GGG,2014B,599467,P3,F2,0.0,0.6266013
GGG,2014B,599620,P3,F2,0.0,0.60846543
GGG,2014B,600035,P3,F2,0.0,0.6296817
GGG,2014B,600390,P3,F2,1.0,0.6316768
GGG,2014B,600714,P3,F2,0.0,0.6259635
GGG,2014B,601064,P3,F2,0.0,0.6263911
GGG,2014B,602045,P3,F2,0.0,0.6275647
GGG,2014B,602061,P3,F2,1.0,0.62763333
GGG,2014B,602616,P3,F2,1.0,0.6353074
GGG,2014B,602655,P3,F2,0.0,0.6310194
GGG,2014B,602858,P3,F2,1.0,0.63240784
GGG,2014B,603064,P3,F2,1.0,0.6276285
GGG,2014B,603612,P3,F2,1.0,0.6267054
GGG,2014B,603921,P3,F2,0.0,0.624062
GGG,2014B,604482,P3,F2,1.0,0.63369435
GGG,2014B,604504,P3,F2,0.0,0.63279265
GGG,2014B,604901,P3,F2,0.0,0.63369435
GGG,2014B,605176,P3,F2,1.0,0.6278626
GGG,2014B,605375,P3,F2,0.0,0.6336536
GGG,2014B,605445,P3,F2,0.0,0.63369435
GGG,2014B,605556,P3,F2,0.0,0.63353926
GGG,2014B,605702,P3,F2,1.0,0.62849754
GGG,2014B,605828,P3,F2,0.0,0.6353074
GGG,2014B,606101,P3,F2,0.0,0.6212382
GGG,2014B,606175,P3,F2,0.0,0.6316522
GGG,2014B,606274,P3,F2,1.0,0.6316522
GGG,2014B,606296,P3,F2,0.0,0.6319427
GGG,2014B,606389,P3,F2,0.0,0.61842495
GGG,2014B,606602,P3,F2,1.0,0.6353074
GGG,2014B,606705,P3,F2,1.0,0.6353074
GGG,2014B,606707,P3,F2,0.0,0.6278626
GGG,2014B,606858,P3,F2,0.0,0.62000483
GGG,2014B,607235,P3,F2,0.0,0.6271937
GGG,2014B,607530,P3,F2,0.0,0.6250921
GGG,2014B,607536,P3,F2,0.0,0.6211027
GGG,2014B,607547,P3,F2,0.0,0.6242221
GGG,2014B,607762,P3,F2,0.0,0.63008606
GGG,2014B,608109,P3,F2,0.0,0.6235809
GGG,2014B,608221,P3,F2,1.0,0.63279265
GGG,2014B,608263,P3,F2,0.0,0.6353074
GGG,2014B,608292,P3,F2,0.0,0.62266475
GGG,2014B,608596,P3,F2,0.0,0.63216585
GGG,2014B,608628,P3,F2,1.0,0.6353074
GGG,2014B,608649,P3,F2,1.0,0.63369435
GGG,2014B,608907,P3,F2,0.0,0.6353074
GGG,2014B,609297,P3,F2,0.0,0.6232758
GGG,2014B,609326,P3,F2,0.0,0.6250921
GGG,2014B,609365,P3,F2,1.0,0.63369435
GGG,2014B,609754,P3,F2,0.0,0.6239754
GGG,2014B,610127,P3,F2,0.0,0.6316768
GGG,2014B,610336,P3,F2,1.0,0.63353926
GGG,2014B,610398,P3,F2,0.0,0.62206995
GGG,2014B,610461,P3,F2,1.0,0.6353074
GGG,2014B,610917,P3,F2,1.0,0.6307485
GGG,2014B,610967,P3,F2,1.0,0.62849754
GGG,2014B,611195,P3,F2,0.0,0.6246561
GGG,2014B,611489,P3,F2,0.0,0.6249001
GGG,2014B,611496,P3,F2,0.0,0.616579
GGG,2014B,611534,P3,F2,1.0,0.629642
GGG,2014B,611612,P3,F2,0.0,0.632316
GGG,2014B,611629,P3,F2,1.0,0.63033634
GGG,2014B,611962,P3,F2,0.0,0.6267372
GGG,2014B,612002,P3,F2,0.0,0.62206185
GGG,2014B,612039,P3,F2,0.0,0.6250921
GGG,2014B,612089,P3,F2,1.0,0.6353074
GGG,2014B,612149,P3,F2,1.0,0.63097036
GGG,2014B,612207,P3,F2,1.0,0.6353074
GGG,2014B,612319,P3,F2,0.0,0.6278626
GGG,2014B,612363,P3,F2,1.0,0.6278626
GGG,2014B,612385,P3,F2,1.0,0.63353926
GGG,2014B,612459,P3,F2,1.0,0.6316768
GGG,2014B,612565,P3,F2,0.0,0.6221596
GGG,2014B,612620,P3,F2,1.0,0.6250921
GGG,2014B,612621,P3,F2,0.0,0.6250921
GGG,2014B,612690,P3,F2,0.0,0.6353074
GGG,2014B,612711,P3,F2,1.0,0.6353074
GGG,2014B,612797,P3,F2,0.0,0.62338114
GGG,2014B,612870,P3,F2,0.0,0.6246561
GGG,2014B,612903,P3,F2,0.0,0.6292992
GGG,2014B,612929,P3,F2,1.0,0.62263644
GGG,2014B,613015,P3,F2,0.0,0.6237521
GGG,2014B,613039,P3,F2,1.0,0.6326557
GGG,2014B,613131,P3,F2,0.0,0.6283269
GGG,2014B,613227,P3,F2,1.0,0.6353074
GGG,2014B,613235,P3,F2,0.0,0.63353926
GGG,2014B,613300,P3,F2,0.0,0.6269291
GGG,2014B,613407,P3,F2,1.0,0.6250921
GGG,2014B,613611,P3,F2,1.0,0.63369435
GGG,2014B,613616,P3,F2,1.0,0.6307441
GGG,2014B,613639,P3,F2,1.0,0.6276285
GGG,2014B,613646,P3,F2,0.0,0.6298848
GGG,2014B,613675,P3,F2,1.0,0.6353074
GGG,2014B,613683,P3,F2,0.0,0.63353926
GGG,2014B,613691,P3,F2,0.0,0.6213388
GGG,2014B,613720,P3,F2,0.0,0.63216585
GGG,2014B,613972,P3,F2,1.0,0.63369435
GGG,2014B,613981,P3,F2,1.0,0.6250921
GGG,2014B,613988,P3,F2,0.0,0.63353926
GGG,2014B,613993,P3,F2,1.0,0.6316768
GGG,2014B,614073,P3,F2,1.0,0.6316768
GGG,2014B,614129,P3,F2,1.0,0.62629724
GGG,2014B,614142,P3,F2,1.0,0.6316768
GGG,2014B,614162,P3,F2,0.0,0.6316522
GGG,2014B,614204,P3,F2,1.0,0.6278626
GGG,2014B,614224,P3,F2,1.0,0.6353074
GGG,2014B,614233,P3,F2,1.0,0.6282585
GGG,2014B,614249,P3,F2,1.0,0.63369435
GGG,2014B,614398,P3,F2,0.0,0.63113403
GGG,2014B,614419,P3,F2,1.0,0.6316768
GGG,2014B,614424,P3,F2,0.0,0.6190358
GGG,2014B,614571,P3,F2,0.0,0.63078946
GGG,2014B,614582,P3,F2,0.0,0.6250921
GGG,2014B,614892,P3,F2,0.0,0.6262383
GGG,2014B,614893,P3,F2,0.0,0.4283173
GGG,2014B,615001,P3,F2,0.0,0.6353074
GGG,2014B,615078,P3,F2,0.0,0.6311869
GGG,2014B,615085,P3,F2,1.0,0.63369435
GGG,2014B,615103,P3,F2,1.0,0.63078946
GGG,2014B,615283,P3,F2,1.0,0.6252671
GGG,2014B,615300,P3,F2,0.0,0.6250921
GGG,2014B,615327,P3,F2,0.0,0.629642
GGG,2014B,615377,P3,F2,0.0,0.6227026
GGG,2014B,615401,P3,F2,1.0,0.63353926
GGG,2014B,615404,P3,F2,1.0,0.62412226
GGG,2014B,615425,P3,F2,0.0,0.63369435
GGG,2014B,616338,P3,F2,0.0,0.63369435
GGG,2014B,616457,P3,F2,0.0,0.63039136
GGG,2014B,616512,P3,F2,0.0,0.61436343
GGG,2014B,616595,P3,F2,0.0,0.62589985
GGG,2014B,616629,P3,F2,0.0,0.627271
GGG,2014B,616672,P3,F2,0.0,0.616416
GGG,2014B,616706,P3,F2,0.0,0.627663
GGG,2014B,616727,P3,F2,0.0,0.6226652
GGG,2014B,616728,P3,F2,1.0,0.6316768
GGG,2014B,616742,P3,F2,0.0,0.6221596
GGG,2014B,616851,P3,F2,0.0,0.6213388
GGG,2014B,616866,P3,F2,0.0,0.6316522
GGG,2014B,617107,P3,F2,1.0,0.6316768
GGG,2014B,617114,P3,F2,1.0,0.6278626
GGG,2014B,617133,P3,F2,1.0,0.6353074
GGG,2014B,617238,P3,F2,1.0,0.6212533
GGG,2014B,617346,P3,F2,1.0,0.6276285
GGG,2014B,617347,P3,F2,1.0,0.6353074
GGG,2014B,617391,P3,F2,0.0,0.6276285
GGG,2014B,617470,P3,F2,0.0,0.6336536
GGG,2014B,617578,P3,F2,0.0,0.6266013
GGG,2014B,617611,P3,F2,1.0,0.62849754
GGG,2014B,617700,P3,F2,0.0,0.6307195
GGG,2014B,617745,P3,F2,0.0,0.6353074
GGG,2014B,617883,P3,F2,1.0,0.6114909
GGG,2014B,617886,P3,F2,0.0,0.6282982
GGG,2014B,617889,P3,F2,1.0,0.63078946
GGG,2014B,617909,P3,F2,0.0,0.6316768
GGG,2014B,618024,P3,F2,1.0,0.6353074
GGG,2014B,618088,P3,F2,0.0,0.6275647
GGG,2014B,618119,P3,F2,1.0,0.63353926
GGG,2014B,618176,P3,F2,0.0,0.63216585
GGG,2014B,618244,P3,F2,0.0,0.6283751
GGG,2014B,618338,P3,F2,0.0,0.6316522
GGG,2014B,618444,P3,F2,1.0,0.63097036
GGG,2014B,618579,P3,F2,0.0,0.6283994
GGG,2014B,618621,P3,F2,0.0,0.62584007
GGG,2014B,618767,P3,F2,0.0,0.6353074
GGG,2014B,618846,P3,F2,1.0,0.6302537
GGG,2014B,618887,P3,F2,0.0,0.6207195
GGG,2014B,618893,P3,F2,0.0,0.6276285
GGG,2014B,619013,P3,F2,1.0,0.63353926
GGG,2014B,619107,P3,F2,1.0,0.6353074
GGG,2014B,619212,P3,F2,0.0,0.6316522
GGG,2014B,619284,P3,F2,1.0,0.6353074
GGG,2014B,619363,P3,F2,0.0,0.62583625
GGG,2014B,619478,P3,F2,1.0,0.63353926
GGG,2014B,619481,P3,F2,0.0,0.6293108
GGG,2014B,619483,P3,F2,0.0,0.6316522
GGG,2014B,619520,P3,F2,1.0,0.6353074
GGG,2014B,619926,P3,F2,1.0,0.6276285
GGG,2014B,619945,P3,F2,1.0,0.6177102
GGG,2014B,619952,P3,F2,0.0,0.6353074
GGG,2014B,620179,P3,F2,0.0,0.6316768
GGG,2014B,620190,P3,F2,0.0,0.63369435
GGG,2014B,620197,P3,F2,0.0,0.61972535
GGG,2014B,620218,P3,F2,1.0,0.6278626
GGG,2014B,620317,P3,F2,0.0,0.6114809
GGG,2014B,620460,P3,F2,0.0,0.6246561
GGG,2014B,620490,P3,F2,0.0,0.6353074
GGG,2014B,620522,P3,F2,0.0,0.6316768
GGG,2014B,620552,P3,F2,1.0,0.6316522
GGG,2014B,620561,P3,F2,0.0,0.6267726
GGG,2014B,620564,P3,F2,0.0,0.6316522
GGG,2014B,620590,P3,F2,0.0,0.6316522
GGG,2014B,620629,P3,F2,1.0,0.6311869
GGG,2014B,620726,P3,F2,0.0,0.6250921
GGG,2014B,620728,P3,F2,1.0,0.63369435
GGG,2014B,620808,P3,F2,0.0,0.62629294
GGG,2014B,620915,P3,F2,1.0,0.6231022
GGG,2014B,620946,P3,F2,0.0,0.61921495
GGG,2014B,620982,P3,F2,0.0,0.62849754
GGG,2014B,621017,P3,F2,1.0,0.6333345
GGG,2014B,621025,P3,F2,1.0,0.63216585
GGG,2014B,621319,P3,F2,1.0,0.6221249
GGG,2014B,621331,P3,F2,1.0,0.6338959
GGG,2014B,621342,P3,F2,1.0,0.63097036
GGG,2014B,621459,P3,F2,1.0,0.62907773
GGG,2014B,621473,P3,F2,0.0,0.629642
GGG,2014B,621478,P3,F2,1.0,0.6267239
GGG,2014B,621676,P3,F2,1.0,0.6278626
GGG,2014B,621693,P3,F2,1.0,0.58957326
GGG,2014B,621716,P3,F2,0.0,0.6250921
GGG,2014B,621755,P3,F2,0.0,0.6268953
GGG,2014B,621888,P3,F2,1.0,0.6294065
GGG,2014B,621923,P3,F2,0.0,0.6311869
GGG,2014B,622074,P3,F2,0.0,0.624704
GGG,2014B,622166,P3,F2,0.0,0.61463624
GGG,2014B,622245,P3,F2,0.0,0.61920726
GGG,2014B,622352,P3,F2,0.0,0.6215764
GGG,2014B,622356,P3,F2,1.0,0.63353926
GGG,2014B,622382,P3,F2,0.0,0.62783474
GGG,2014B,622432,P3,F2,0.0,0.6224399
GGG,2014B,622433,P3,F2,0.0,0.6250921
GGG,2014B,622480,P3,F2,1.0,0.6243739
GGG,2014B,622500,P3,F2,0.0,0.61982864
GGG,2014B,622516,P3,F2,1.0,0.62629724
GGG,2014B,622570,P3,F2,0.0,0.624704
GGG,2014B,622618,P3,F2,1.0,0.624704
GGG,2014B,622646,P3,F2,1.0,0.6095109
GGG,2014B,622886,P3,F2,1.0,0.629642
GGG,2014B,623010,P3,F2,0.0,0.61489123
GGG,2014B,623029,P3,F2,1.0,0.629642
GGG,2014B,623072,P3,F2,0.0,0.6271713
GGG,2014B,623081,P3,F2,0.0,0.6336536
GGG,2014B,623322,P3,F2,1.0,0.6353074
GGG,2014B,623335,P3,F2,0.0,0.63216585
GGG,2014B,623416,P3,F2,0.0,0.6296958
GGG,2014B,623442,P3,F2,0.0,0.6316768
GGG,2014B,623457,P3,F2,0.0,0.63245106
GGG,2014B,623495,P3,F2,0.0,0.6353074
GGG,2014B,623575,P3,F2,0.0,0.62715083
GGG,2014B,623602,P3,F2,0.0,0.619315
GGG,2014B,623778,P3,F2,0.0,0.624704
GGG,2014B,623804,P3,F2,0.0,0.63063574
GGG,2014B,623831,P3,F2,0.0,0.62384677
GGG,2014B,623859,P3,F2,0.0,0.62384677
GGG,2014B,623903,P3,F2,0.0,0.6176392
GGG,2014B,623909,P3,F2,1.0,0.6316768
GGG,2014B,623919,P3,F2,0.0,0.6353074
GGG,2014B,623953,P3,F2,1.0,0.6266013
GGG,2014B,623988,P3,F2,0.0,0.6353074
GGG,2014B,624099,P3,F2,1.0,0.6316522
GGG,2014B,624199,P3,F2,1.0,0.62384677
GGG,2014B,624226,P3,F2,0.0,0.6282738
GGG,2014B,624230,P3,F2,0.0,0.632316
GGG,2014B,624321,P3,F2,1.0,0.62874055
GGG,2014B,624327,P3,F2,1.0,0.62996227
GGG,2014B,624430,P3,F2,1.0,0.63353926
GGG,2014B,624433,P3,F2,0.0,0.63321525
GGG,2014B,624455,P3,F2,1.0,0.632316
GGG,2014B,624522,P3,F2,0.0,0.629642
GGG,2014B,624569,P3,F2,1.0,0.6353074
GGG,2014B,624650,P3,F2,1.0,0.6152108
GGG,2014B,624667,P3,F2,1.0,0.6353074
GGG,2014B,624679,P3,F2,1.0,0.41713482
GGG,2014B,624706,P3,F2,1.0,0.6294065
GGG,2014B,624714,P3,F2,0.0,0.632723
GGG,2014B,624727,P3,F2,0.0,0.6353074
GGG,2014B,624767,P3,F2,1.0,0.6278892
GGG,2014B,624777,P3,F2,0.0,0.6265005
GGG,2014B,624795,P3,F2,1.0,0.6235809
GGG,2014B,624828,P3,F2,1.0,0.63216585
GGG,2014B,624906,P3,F2,0.0,0.6353074
GGG,2014B,624912,P3,F2,0.0,0.62929374
GGG,2014B,624938,P3,F2,0.0,0.6203297
GGG,2014B,625033,P3,F2,0.0,0.629642
GGG,2014B,625089,P3,F2,0.0,0.632316
GGG,2014B,625106,P3,F2,1.0,0.6353074
GGG,2014B,625376,P3,F2,0.0,0.6176127
GGG,2014B,625399,P3,F2,1.0,0.6222249
GGG,2014B,625446,P3,F2,0.0,0.616486
GGG,2014B,625494,P3,F2,0.0,0.62849754
GGG,2014B,625540,P3,F2,1.0,0.63216585
GGG,2014B,625544,P3,F2,0.0,0.6353074
GGG,2014B,625545,P3,F2,0.0,0.61316484
GGG,2014B,625603,P3,F2,0.0,0.6278626
GGG,2014B,625649,P3,F2,0.0,0.63279265
GGG,2014B,625651,P3,F2,0.0,0.6130584
GGG,2014B,625676,P3,F2,1.0,0.6353074
GGG,2014B,625722,P3,F2,0.0,0.6259304
GGG,2014B,625775,P3,F2,1.0,0.61980766
GGG,2014B,625875,P3,F2,0.0,0.6276962
GGG,2014B,625903,P3,F2,0.0,0.63245106
GGG,2014B,625912,P3,F2,0.0,0.63279265
GGG,2014B,625930,P3,F2,1.0,0.6353074
GGG,2014B,626023,P3,F2,0.0,0.62238413
GGG,2014B,626091,P3,F2,0.0,0.6293297
GGG,2014B,626092,P3,F2,1.0,0.632316
GGG,2014B,626096,P3,F2,1.0,0.629642
GGG,2014B,626145,P3,F2,0.0,0.6298848
GGG,2014B,626159,P3,F2,0.0,0.6213388
GGG,2014B,626213,P3,F2,1.0,0.629642
GGG,2014B,626256,P3,F2,0.0,0.61334103
GGG,2014B,626282,P3,F2,0.0,0.6137018
GGG,2014B,626287,P3,F2,0.0,0.536501
GGG,2014B,626306,P3,F2,0.0,0.627081
GGG,2014B,626307,P3,F2,1.0,0.6353074
GGG,2014B,626317,P3,F2,1.0,0.61955476
GGG,2014B,626372,P3,F2,0.0,0.6353074
GGG,2014B,626379,P3,F2,0.0,0.6146995
GGG,2014B,626585,P3,F2,0.0,0.6260131
GGG,2014B,626589,P3,F2,0.0,0.629642
GGG,2014B,626618,P3,F2,1.0,0.6353074
GGG,2014B,626629,P3,F2,1.0,0.6316522
GGG,2014B,626667,P3,F2,1.0,0.6278626
GGG,2014B,626675,P3,F2,1.0,0.629642
GGG,2014B,626708,P3,F2,0.0,0.6353074
GGG,2014B,626751,P3,F2,1.0,0.6307195
GGG,2014B,626927,P3,F2,1.0,0.632316
GGG,2014B,626940,P3,F2,1.0,0.63353926
GGG,2014B,626982,P3,F2,0.0,0.6353074
GGG,2014B,627043,P3,F2,1.0,0.63216585
GGG,2014B,627050,P3,F2,0.0,0.6353074
GGG,2014B,627057,P3,F2,0.0,0.6307195
GGG,2014B,627076,P3,F2,1.0,0.62206995
GGG,2014B,627217,P3,F2,0.0,0.6246091
GGG,2014B,627251,P3,F2,0.0,0.63353926
GGG,2014B,627264,P3,F2,0.0,0.61921
GGG,2014B,627327,P3,F2,0.0,0.632316
GGG,2014B,627330,P3,F2,0.0,0.62206995
GGG,2014B,627441,P3,F2,1.0,0.63353926
GGG,2014B,627530,P3,F2,0.0,0.63321525
GGG,2014B,627597,P3,F2,0.0,0.6257693
GGG,2014B,627661,P3,F2,0.0,0.6296711
GGG,2014B,627764,P3,F2,0.0,0.632316
GGG,2014B,627773,P3,F2,0.0,0.6236735
GGG,2014B,627787,P3,F2,0.0,0.6253285
GGG,2014B,627812,P3,F2,1.0,0.6353074
GGG,2014B,627821,P3,F2,0.0,0.63151914
GGG,2014B,627827,P3,F2,1.0,0.63216585
GGG,2014B,627834,P3,F2,0.0,0.6316522
GGG,2014B,627843,P3,F2,1.0,0.63279265
GGG,2014B,627895,P3,F2,0.0,0.6353074
GGG,2014B,627901,P3,F2,0.0,0.63216585
GGG,2014B,627973,P3,F2,1.0,0.61973655
GGG,2014B,628189,P3,F2,1.0,0.63279265
GGG,2014B,628217,P3,F2,1.0,0.6278626
GGG,2014B,628227,P3,F2,0.0,0.6353074
GGG,2014B,628245,P3,F2,1.0,0.6353074
GGG,2014B,628280,P3,F2,0.0,0.6211264
GGG,2014B,628316,P3,F2,0.0,0.6353074
GGG,2014B,628365,P3,F2,1.0,0.6353074
GGG,2014B,628367,P3,F2,0.0,0.63240784
GGG,2014B,628369,P3,F2,0.0,0.6239754
GGG,2014B,628455,P3,F2,0.0,0.629642
GGG,2014B,628495,P3,F2,0.0,0.61339724
GGG,2014B,628530,P3,F2,0.0,0.632316
GGG,2014B,628538,P3,F2,1.0,0.6290321
GGG,2014B,628545,P3,F2,0.0,0.62384677
GGG,2014B,628598,P3,F2,0.0,0.6176955
GGG,2014B,628630,P3,F2,0.0,0.62461346
GGG,2014B,628653,P3,F2,1.0,0.629642
GGG,2014B,628669,P3,F2,0.0,0.6151318
GGG,2014B,628712,P3,F2,0.0,0.62113875
GGG,2014B,628715,P3,F2,1.0,0.63216585
GGG,2014B,628722,P3,F2,1.0,0.6316522
GGG,2014B,628759,P3,F2,1.0,0.6303088
GGG,2014B,628849,P3,F2,1.0,0.6278626
GGG,2014B,628851,P3,F2,1.0,0.6353074
GGG,2014B,628869,P3,F2,0.0,0.6278626
GGG,2014B,628870,P3,F2,0.0,0.627324
GGG,2014B,628881,P3,F2,0.0,0.6247458
GGG,2014B,628929,P3,F2,0.0,0.6278626
GGG,2014B,628931,P3,F2,0.0,0.63216585
GGG,2014B,629153,P3,F2,0.0,0.63216585
GGG,2014B,629198,P3,F2,0.0,0.6336536
GGG,2014B,629310,P3,F2,1.0,0.6221515
GGG,2014B,629387,P3,F2,1.0,0.6353074
GGG,2014B,629514,P3,F2,1.0,0.63018584
GGG,2014B,629537,P3,F2,1.0,0.6316522
GGG,2014B,629542,P3,F2,1.0,0.629642
GGG,2014B,629580,P3,F2,1.0,0.63240784
GGG,2014B,629633,P3,F2,0.0,0.62874293
GGG,2014B,629736,P3,F2,0.0,0.6276918
GGG,2014B,629745,P3,F2,1.0,0.62272644
GGG,2014B,629772,P3,F2,0.0,0.6353074
GGG,2014B,629777,P3,F2,0.0,0.6133737
GGG,2014B,629779,P3,F2,0.0,0.629642
GGG,2014B,629813,P3,F2,1.0,0.6294065
GGG,2014B,629820,P3,F2,0.0,0.6315624
GGG,2014B,629853,P3,F2,0.0,0.62715083
GGG,2014B,629960,P3,F2,1.0,0.6316522
GGG,2014B,629961,P3,F2,1.0,0.62907773
GGG,2014B,629963,P3,F2,1.0,0.6353074
GGG,2014B,629978,P3,F2,1.0,0.6353074
GGG,2014B,629990,P3,F2,1.0,0.63216585
GGG,2014B,630008,P3,F2,1.0,0.6316522
GGG,2014B,630099,P3,F2,0.0,0.6216384
GGG,2014B,630108,P3,F2,0.0,0.6278065
GGG,2014B,630133,P3,F2,1.0,0.6353074
GGG,2014B,630149,P3,F2,1.0,0.6353074
GGG,2014B,630156,P3,F2,1.0,0.6353074
GGG,2014B,630169,P3,F2,1.0,0.6353074
GGG,2014B,630203,P3,F2,1.0,0.629642
GGG,2014B,630219,P3,F2,0.0,0.6315624
GGG,2014B,630221,P3,F2,0.0,0.6336536
GGG,2014B,630240,P3,F2,1.0,0.63216585
GGG,2014B,630242,P3,F2,1.0,0.62697685
GGG,2014B,630446,P3,F2,0.0,0.632316
GGG,2014B,630496,P3,F2,0.0,0.62504137
GGG,2014B,630522,P3,F2,0.0,0.6353074
GGG,2014B,630569,P3,F2,0.0,0.629642
GGG,2014B,630762,P3,F2,1.0,0.6333345
GGG,2014B,630770,P3,F2,0.0,0.63216585
GGG,2014B,630776,P3,F2,1.0,0.6240313
GGG,2014B,630787,P3,F2,0.0,0.62929374
GGG,2014B,630788,P3,F2,0.0,0.63285744
GGG,2014B,630834,P3,F2,0.0,0.6303529
GGG,2014B,630841,P3,F2,0.0,0.6272605
GGG,2014B,630863,P3,F2,0.0,0.6353074
GGG,2014B,630881,P3,F2,0.0,0.6250953
GGG,2014B,630946,P3,F2,0.0,0.5226026
GGG,2014B,631033,P3,F2,0.0,0.6353074
GGG,2014B,631189,P3,F2,1.0,0.621345
GGG,2014B,631201,P3,F2,0.0,0.6217622
GGG,2014B,631212,P3,F2,1.0,0.6342706
GGG,2014B,631277,P3,F2,0.0,0.6353074
GGG,2014B,631290,P3,F2,0.0,0.6242678
GGG,2014B,631392,P3,F2,0.0,0.6275182
GGG,2014B,631446,P3,F2,1.0,0.63097036
GGG,2014B,631454,P3,F2,0.0,0.61773384
GGG,2014B,631542,P3,F2,0.0,0.62149906
GGG,2014B,631693,P3,F2,1.0,0.62206995
GGG,2014B,631753,P3,F2,0.0,0.6267785
GGG,2014B,631756,P3,F2,1.0,0.63279265
GGG,2014B,631786,P3,F2,0.0,0.62849754
GGG,2014B,631788,P3,F2,1.0,0.6353074
GGG,2014B,631935,P3,F2,0.0,0.632316
GGG,2014B,631953,P3,F2,0.0,0.6225524
GGG,2014B,631978,P3,F2,1.0,0.63279265
GGG,2014B,631992,P3,F2,1.0,0.6353074
GGG,2014B,632152,P3,F2,1.0,0.63240784
GGG,2014B,632153,P3,F2,0.0,0.63216585
GGG,2014B,632210,P3,F2,1.0,0.6333345
GGG,2014B,632267,P3,F2,1.0,0.62874293
GGG,2014B,632475,P3,F2,0.0,0.6166723
GGG,2014B,632483,P3,F2,0.0,0.62066483
GGG,2014B,632485,P3,F2,0.0,0.6342706
GGG,2014B,632512,P3,F2,0.0,0.63127565
GGG,2014B,632514,P3,F2,0.0,0.632316
GGG,2014B,632526,P3,F2,0.0,0.6333345
GGG,2014B,632543,P3,F2,0.0,0.6126575
GGG,2014B,632558,P3,F2,1.0,0.63216585
GGG,2014B,632559,P3,F2,0.0,0.6246561
GGG,2014B,632569,P3,F2,0.0,0.6316522
GGG,2014B,632577,P3,F2,1.0,0.6353074
GGG,2014B,632613,P3,F2,1.0,0.6353074
GGG,2014B,632619,P3,F2,0.0,0.6353074
GGG,2014B,632631,P3,F2,1.0,0.6353074
GGG,2014B,632638,P3,F2,1.0,0.63353926
GGG,2014B,632640,P3,F2,0.0,0.6252503
GGG,2014B,632667,P3,F2,0.0,0.63279265
GGG,2014B,632673,P3,F2,0.0,0.625376
GGG,2014B,632675,P3,F2,0.0,0.62697685
GGG,2014B,632687,P3,F2,0.0,0.6353074
GGG,2014B,632936,P3,F2,0.0,0.6186099
GGG,2014B,632959,P3,F2,0.0,0.6236735
GGG,2014B,632966,P3,F2,1.0,0.629642
GGG,2014B,632989,P3,F2,0.0,0.63033634
GGG,2014B,633026,P3,F2,1.0,0.63353926
GGG,2014B,633096,P3,F2,1.0,0.63216585
GGG,2014B,633098,P3,F2,0.0,0.6266937
GGG,2014B,633118,P3,F2,0.0,0.6166056
GGG,2014B,633123,P3,F2,0.0,0.62849754
GGG,2014B,633209,P3,F2,0.0,0.6353074
GGG,2014B,633285,P3,F2,1.0,0.6271849
GGG,2014B,633389,P3,F2,1.0,0.62499464
GGG,2014B,633417,P3,F2,0.0,0.6215438
GGG,2014B,633429,P3,F2,0.0,0.6353074
GGG,2014B,633435,P3,F2,1.0,0.6278626
GGG,2014B,633436,P3,F2,1.0,0.6292559
GGG,2014B,633448,P3,F2,1.0,0.62849754
GGG,2014B,633453,P3,F2,0.0,0.62709093
GGG,2014B,633459,P3,F2,0.0,0.6237521
GGG,2014B,633464,P3,F2,0.0,0.5180237
GGG,2014B,633474,P3,F2,0.0,0.6319427
GGG,2014B,633498,P3,F2,1.0,0.627824
GGG,2014B,633514,P3,F2,0.0,0.62849754
GGG,2014B,633515,P3,F2,1.0,0.629642
GGG,2014B,633569,P3,F2,1.0,0.6353074
GGG,2014B,633585,P3,F2,1.0,0.63260853
GGG,2014B,633588,P3,F2,0.0,0.6224015
GGG,2014B,633608,P3,F2,0.0,0.6247018
GGG,2014B,633609,P3,F2,0.0,0.629642
GGG,2014B,633643,P3,F2,0.0,0.6208155
GGG,2014B,633660,P3,F2,0.0,0.62836283
GGG,2014B,633666,P3,F2,0.0,0.6353074
GGG,2014B,633682,P3,F2,0.0,0.6296817
GGG,2014B,633683,P3,F2,0.0,0.6303529
GGG,2014B,633685,P3,F2,0.0,0.6164218
GGG,2014B,633690,P3,F2,0.0,0.632316
GGG,2014B,633747,P3,F2,0.0,0.624062
GGG,2014B,633749,P3,F2,1.0,0.6353074
GGG,2014B,633923,P3,F2,0.0,0.6114631
GGG,2014B,633956,P3,F2,0.0,0.62520283
GGG,2014B,633967,P3,F2,1.0,0.6353074
GGG,2014B,633979,P3,F2,0.0,0.6238758
GGG,2014B,634018,P3,F2,0.0,0.629642
GGG,2014B,634027,P3,F2,0.0,0.6278626
GGG,2014B,634054,P3,F2,1.0,0.63353926
GGG,2014B,634061,P3,F2,0.0,0.6255758
GGG,2014B,634066,P3,F2,1.0,0.6303529
GGG,2014B,634076,P3,F2,0.0,0.6293103
GGG,2014B,634234,P3,F2,0.0,0.6213388
GGG,2014B,634258,P3,F2,0.0,0.62127244
GGG,2014B,634273,P3,F2,1.0,0.63216585
GGG,2014B,634311,P3,F2,1.0,0.6353074
GGG,2014B,634316,P3,F2,0.0,0.632316
GGG,2014B,634320,P3,F2,0.0,0.6296817
GGG,2014B,634323,P3,F2,0.0,0.6281404
GGG,2014B,634340,P3,F2,1.0,0.62912697
GGG,2014B,634344,P3,F2,1.0,0.627081
GGG,2014B,634345,P3,F2,1.0,0.63097036
GGG,2014B,634347,P3,F2,1.0,0.6353074
GGG,2014B,634369,P3,F2,0.0,0.62072617
GGG,2014B,634404,P3,F2,0.0,0.63240784
GGG,2014B,634444,P3,F2,1.0,0.629642
GGG,2014B,634461,P3,F2,1.0,0.6338959
GGG,2014B,634470,P3,F2,0.0,0.625453
GGG,2014B,634494,P3,F2,1.0,0.6294065
GGG,2014B,634498,P3,F2,1.0,0.63353926
GGG,2014B,634503,P3,F2,0.0,0.62582844
GGG,2014B,634529,P3,F2,0.0,0.6353074
GGG,2014B,634530,P3,F2,0.0,0.6342706
GGG,2014B,634547,P3,F2,0.0,0.6316522
GGG,2014B,634551,P3,F2,0.0,0.62999314
GGG,2014B,634562,P3,F2,1.0,0.6258655
GGG,2014B,634569,P3,F2,0.0,0.63216585
GGG,2014B,634583,P3,F2,0.0,0.6204556
GGG,2014B,634746,P3,F2,0.0,0.6353074
GGG,2014B,634751,P3,F2,0.0,0.63216585
GGG,2014B,634789,P3,F2,1.0,0.61728436
GGG,2014B,634822,P3,F2,1.0,0.6211625
GGG,2014B,634848,P3,F2,1.0,0.624062
GGG,2014B,634899,P3,F2,1.0,0.6309917
GGG,2014B,634933,P3,F2,1.0,0.629642
GGG,2014B,634968,P3,F2,1.0,0.62315756
GGG,2014B,634986,P3,F2,0.0,0.6064373
GGG,2014B,635035,P3,F2,0.0,0.626774
GGG,2014B,635052,P3,F2,0.0,0.6226652
GGG,2014B,635233,P3,F2,0.0,0.6191118
GGG,2014B,635506,P3,F2,0.0,0.6197017
GGG,2014B,635813,P3,F2,0.0,0.6353074
GGG,2014B,635885,P3,F2,1.0,0.6353074
GGG,2014B,1338955,P3,F2,1.0,0.62849754
GGG,2014B,1413027,P3,F2,0.0,0.4956208
GGG,2014B,1422737,P3,F2,0.0,0.63216585
GGG,2014B,1860171,P3,F2,0.0,0.62291867
GGG,2014B,1882021,P3,F2,0.0,0.6342706
GGG,2014B,1897611,P3,F2,0.0,0.63240784
GGG,2014B,1986312,P3,F2,1.0,0.63353926
GGG,2014B,1994632,P3,F2,0.0,0.63078946
GGG,2014B,2067555,P3,F2,0.0,0.55635643
GGG,2014B,2081937,P3,F2,0.0,0.6221515
GGG,2014B,2082945,P3,F2,0.0,0.63008606
GGG,2014B,2135315,P3,F2,0.0,0.62593323
GGG,2014B,2237813,P3,F2,1.0,0.6311869
GGG,2014B,2252963,P3,F2,0.0,0.6276285
GGG,2014B,2262510,P3,F2,0.0,0.6307195
GGG,2014B,2264282,P3,F2,1.0,0.63216585
GGG,2014B,2272474,P3,F2,0.0,0.6249388
GGG,2014B,2322120,P3,F2,1.0,0.62907773
GGG,2014B,2351589,P3,F2,0.0,0.6235425
GGG,2014B,2392554,P3,F2,0.0,0.629642
GGG,2014B,2410140,P3,F2,1.0,0.63353926
GGG,2014B,2445562,P3,F2,0.0,0.63353926
GGG,2014B,2452045,P3,F2,0.0,0.6271849
GGG,2014B,2477545,P3,F2,1.0,0.63369435
GGG,2014B,2526485,P3,F2,0.0,0.61902314
GGG,2014B,2533407,P3,F2,0.0,0.61284035
GGG,2014B,2546763,P3,F2,1.0,0.63321525
GGG,2014B,2563715,P3,F2,0.0,0.62849754
GGG,2014B,2574822,P3,F2,1.0,0.62849754
GGG,2014B,2574825,P3,F2,1.0,0.624062
GGG,2014B,2577437,P3,F2,1.0,0.63279265
GGG,2014B,2619903,P3,F2,1.0,0.6250921
GGG,2014B,2649914,P3,F2,0.0,0.63353926
GGG,2014B,2658277,P3,F2,1.0,0.6246561
GGG,2014B,2672138,P3,F2,0.0,0.62336427
GGG,2014B,2677135,P3,F2,0.0,0.6276285
GGG,2014B,2682002,P3,F2,0.0,0.63369435
GGG,2014B,2689480,P3,F2,0.0,0.6160721
GGG,2014B,2695362,P3,F2,0.0,0.62251014
BBB,2014B,25629,P3,F3,1.0,0.6351848
BBB,2014B,25997,P3,F3,1.0,0.63571703
BBB,2014B,27891,P3,F3,1.0,0.6264292
BBB,2014B,38941,P3,F3,1.0,0.5024379
BBB,2014B,50069,P3,F3,1.0,0.44591522
BBB,2014B,52426,P3,F3,1.0,0.5634726
BBB,2014B,55968,P3,F3,1.0,0.47506782
BBB,2014B,59725,P3,F3,0.0,0.4269355
BBB,2014B,60416,P3,F3,0.0,0.5406557
BBB,2014B,60830,P3,F3,0.0,0.430157
BBB,2014B,63721,P3,F3,0.0,0.48348132
BBB,2014B,64275,P3,F3,0.0,0.48675334
BBB,2014B,72400,P3,F3,0.0,0.47594184
BBB,2014B,78255,P3,F3,1.0,0.6286665
BBB,2014B,80001,P3,F3,1.0,0.63571703
BBB,2014B,88340,P3,F3,1.0,0.4937491
BBB,2014B,89092,P3,F3,0.0,0.52488595
BBB,2014B,89778,P3,F3,0.0,0.48835132
BBB,2014B,90361,P3,F3,0.0,0.49417776
BBB,2014B,92341,P3,F3,1.0,0.45480356
BBB,2014B,97006,P3,F3,0.0,0.47328448
BBB,2014B,97865,P3,F3,1.0,0.5001616
BBB,2014B,99799,P3,F3,0.0,0.45619386
BBB,2014B,103535,P3,F3,0.0,0.49418986
BBB,2014B,107713,P3,F3,1.0,0.49652788
BBB,2014B,108799,P3,F3,0.0,0.44475868
BBB,2014B,115452,P3,F3,1.0,0.44715127
BBB,2014B,117699,P3,F3,0.0,0.42888772
BBB,2014B,119471,P3,F3,1.0,0.5523079
BBB,2014B,123270,P3,F3,1.0,0.48545268
BBB,2014B,123462,P3,F3,0.0,0.43367255
BBB,2014B,125055,P3,F3,0.0,0.47503203
BBB,2014B,126608,P3,F3,0.0,0.58231044
BBB,2014B,126713,P3,F3,0.0,0.49678648
BBB,2014B,130013,P3,F3,0.0,0.47554797
BBB,2014B,132972,P3,F3,0.0,0.48480478
BBB,2014B,139250,P3,F3,0.0,0.4271632
BBB,2014B,140719,P3,F3,1.0,0.48913178
BBB,2014B,148427,P3,F3,0.0,0.43277636
BBB,2014B,155631,P3,F3,0.0,0.47905263
BBB,2014B,157276,P3,F3,0.0,0.42280826
BBB,2014B,159293,P3,F3,0.0,0.41205415
BBB,2014B,165904,P3,F3,0.0,0.4151718
BBB,2014B,171751,P3,F3,0.0,0.46692333
BBB,2014B,172137,P3,F3,0.0,0.41983652
BBB,2014B,183287,P3,F3,1.0,0.47017276
BBB,2014B,185021,P3,F3,0.0,0.50942117
BBB,2014B,186565,P3,F3,1.0,0.46211708
BBB,2014B,187257,P3,F3,0.0,0.49209532
BBB,2014B,187601,P3,F3,0.0,0.44544396
BBB,2014B,189035,P3,F3,0.0,0.4221677
BBB,2014B,190352,P3,F3,1.0,0.5362918
BBB,2014B,190565,P3,F3,0.0,0.50158
BBB,2014B,201431,P3,F3,0.0,0.44354337
BBB,2014B,202394,P3,F3,0.0,0.4253881
BBB,2014B,206003,P3,F3,0.0,0.45069414
BBB,2014B,226747,P3,F3,0.0,0.44125873
BBB,2014B,228481,P3,F3,0.0,0.4206761
BBB,2014B,228784,P3,F3,0.0,0.469529
BBB,2014B,228824,P3,F3,0.0,0.48411503
BBB,2014B,232539,P3,F3,0.0,0.46766427
BBB,2014B,233095,P3,F3,0.0,0.45341998
BBB,2014B,233102,P3,F3,0.0,0.47186646
BBB,2014B,235380,P3,F3,1.0,0.47720888
BBB,2014B,235428,P3,F3,1.0,0.61723065
BBB,2014B,236161,P3,F3,0.0,0.4544727
BBB,2014B,238519,P3,F3,1.0,0.45594206
BBB,2014B,242390,P3,F3,1.0,0.47197732
BBB,2014B,244064,P3,F3,0.0,0.4705139
BBB,2014B,247292,P3,F3,0.0,0.47092375
BBB,2014B,247513,P3,F3,0.0,0.42696652
BBB,2014B,250123,P3,F3,0.0,0.49552324
BBB,2014B,252652,P3,F3,0.0,0.6319328
BBB,2014B,260955,P3,F3,1.0,0.578975
BBB,2014B,262294,P3,F3,1.0,0.62842494
BBB,2014B,264106,P3,F3,0.0,0.5140972
BBB,2014B,266744,P3,F3,1.0,0.63291365
BBB,2014B,268301,P3,F3,0.0,0.40680248
BBB,2014B,271467,P3,F3,1.0,0.49915272
BBB,2014B,275006,P3,F3,1.0,0.5192891
BBB,2014B,275112,P3,F3,1.0,0.59368014
BBB,2014B,282713,P3,F3,0.0,0.46379405
BBB,2014B,283131,P3,F3,1.0,0.44504884
BBB,2014B,283564,P3,F3,1.0,0.503059
BBB,2014B,283978,P3,F3,1.0,0.50735456
BBB,2014B,285567,P3,F3,0.0,0.41443685
BBB,2014B,286914,P3,F3,0.0,0.44287327
BBB,2014B,288967,P3,F3,0.0,0.43896362
BBB,2014B,289108,P3,F3,0.0,0.5280566
BBB,2014B,290914,P3,F3,0.0,0.6293147
BBB,2014B,291844,P3,F3,0.0,0.45447013
BBB,2014B,291848,P3,F3,1.0,0.5429344
BBB,2014B,293992,P3,F3,0.0,0.48728865
BBB,2014B,294513,P3,F3,0.0,0.40291998
BBB,2014B,295728,P3,F3,1.0,0.5067424
BBB,2014B,296232,P3,F3,0.0,0.4190548
BBB,2014B,297179,P3,F3,1.0,0.48569965
BBB,2014B,299027,P3,F3,1.0,0.6255822
BBB,2014B,304607,P3,F3,1.0,0.4504057
BBB,2014B,305373,P3,F3,1.0,0.5680178
BBB,2014B,307386,P3,F3,0.0,0.46878543
BBB,2014B,308345,P3,F3,1.0,0.4416678
BBB,2014B,311599,P3,F3,0.0,0.45775822
BBB,2014B,311889,P3,F3,1.0,0.5771072
BBB,2014B,313246,P3,F3,0.0,0.45510548
BBB,2014B,318500,P3,F3,1.0,0.42603055
BBB,2014B,318876,P3,F3,0.0,0.45421943
BBB,2014B,319606,P3,F3,1.0,0.47158888
BBB,2014B,320363,P3,F3,1.0,0.6136525
BBB,2014B,321121,P3,F3,0.0,0.49077907
BBB,2014B,321142,P3,F3,1.0,0.63571703
BBB,2014B,321346,P3,F3,0.0,0.4693587
BBB,2014B,322325,P3,F3,1.0,0.4720906
BBB,2014B,322509,P3,F3,0.0,0.4673689
BBB,2014B,324907,P3,F3,0.0,0.4493958
BBB,2014B,325080,P3,F3,0.0,0.40864247
BBB,2014B,325308,P3,F3,0.0,0.47581518
BBB,2014B,327003,P3,F3,0.0,0.44596738
BBB,2014B,327641,P3,F3,0.0,0.49726406
BBB,2014B,331156,P3,F3,0.0,0.584488
BBB,2014B,334023,P3,F3,0.0,0.48302665
BBB,2014B,334565,P3,F3,0.0,0.42055917
BBB,2014B,334981,P3,F3,0.0,0.48414314
BBB,2014B,336356,P3,F3,0.0,0.42640498
BBB,2014B,338168,P3,F3,1.0,0.4570902
BBB,2014B,339381,P3,F3,0.0,0.4155938
BBB,2014B,340831,P3,F3,0.0,0.60054797
BBB,2014B,342017,P3,F3,1.0,0.4670943
BBB,2014B,347864,P3,F3,1.0,0.47067025
BBB,2014B,348771,P3,F3,1.0,0.5105808
BBB,2014B,349258,P3,F3,1.0,0.5006761
BBB,2014B,352009,P3,F3,1.0,0.63037527
BBB,2014B,352953,P3,F3,1.0,0.49898615
BBB,2014B,354984,P3,F3,0.0,0.41273063
BBB,2014B,355147,P3,F3,0.0,0.4420504
BBB,2014B,355369,P3,F3,1.0,0.63571703
BBB,2014B,355643,P3,F3,0.0,0.4728728
BBB,2014B,356386,P3,F3,1.0,0.5153219
BBB,2014B,358054,P3,F3,1.0,0.42934448
BBB,2014B,358956,P3,F3,0.0,0.489058
BBB,2014B,359438,P3,F3,0.0,0.4775132
BBB,2014B,360190,P3,F3,1.0,0.5488419
BBB,2014B,363110,P3,F3,0.0,0.48069778
BBB,2014B,363396,P3,F3,0.0,0.4218645
BBB,2014B,365111,P3,F3,1.0,0.46385413
BBB,2014B,365488,P3,F3,1.0,0.5002963
BBB,2014B,366936,P3,F3,1.0,0.45621532
BBB,2014B,367535,P3,F3,0.0,0.49995363
BBB,2014B,369715,P3,F3,0.0,0.49358848
BBB,2014B,370008,P3,F3,1.0,0.41838023
BBB,2014B,372997,P3,F3,0.0,0.44899654
BBB,2014B,374515,P3,F3,1.0,0.5497869
BBB,2014B,374747,P3,F3,0.0,0.4787405
BBB,2014B,375711,P3,F3,1.0,0.45371422
BBB,2014B,375717,P3,F3,0.0,0.41818568
BBB,2014B,376868,P3,F3,1.0,0.6265283
BBB,2014B,377469,P3,F3,0.0,0.476301
BBB,2014B,380184,P3,F3,0.0,0.48148373
BBB,2014B,380204,P3,F3,0.0,0.43808073
BBB,2014B,381533,P3,F3,0.0,0.47579142
BBB,2014B,381544,P3,F3,0.0,0.44921854
BBB,2014B,381909,P3,F3,0.0,0.40931436
BBB,2014B,381917,P3,F3,0.0,0.40342167
BBB,2014B,383241,P3,F3,0.0,0.53769994
BBB,2014B,383967,P3,F3,0.0,0.51635545
BBB,2014B,384636,P3,F3,1.0,0.4348054
BBB,2014B,384884,P3,F3,0.0,0.5202503
BBB,2014B,386374,P3,F3,1.0,0.5018757
BBB,2014B,389249,P3,F3,0.0,0.4996488
BBB,2014B,391153,P3,F3,0.0,0.4443211
BBB,2014B,391556,P3,F3,1.0,0.63571703
BBB,2014B,392604,P3,F3,0.0,0.4604723
BBB,2014B,392733,P3,F3,1.0,0.55909204
BBB,2014B,393131,P3,F3,1.0,0.5224834
BBB,2014B,394067,P3,F3,0.0,0.50845087
BBB,2014B,394331,P3,F3,0.0,0.4853248
BBB,2014B,394480,P3,F3,1.0,0.48764506
BBB,2014B,394520,P3,F3,0.0,0.5133353
BBB,2014B,395374,P3,F3,0.0,0.44227204
BBB,2014B,396456,P3,F3,0.0,0.4584035
BBB,2014B,396799,P3,F3,0.0,0.47220227
BBB,2014B,397312,P3,F3,1.0,0.4622388
BBB,2014B,397747,P3,F3,0.0,0.5090248
BBB,2014B,397829,P3,F3,0.0,0.48523057
BBB,2014B,401441,P3,F3,1.0,0.4825775
BBB,2014B,405268,P3,F3,0.0,0.57846063
BBB,2014B,406600,P3,F3,0.0,0.48740032
BBB,2014B,406974,P3,F3,1.0,0.5908742
BBB,2014B,407545,P3,F3,1.0,0.47773114
BBB,2014B,408581,P3,F3,0.0,0.51013374
BBB,2014B,411895,P3,F3,1.0,0.51386803
BBB,2014B,415298,P3,F3,1.0,0.63571703
BBB,2014B,417263,P3,F3,0.0,0.4531803
BBB,2014B,417684,P3,F3,0.0,0.43865094
BBB,2014B,420663,P3,F3,0.0,0.50072455
BBB,2014B,421326,P3,F3,1.0,0.5123644
BBB,2014B,421992,P3,F3,1.0,0.50081956
BBB,2014B,423652,P3,F3,0.0,0.48108953
BBB,2014B,424014,P3,F3,0.0,0.49679565
BBB,2014B,424863,P3,F3,1.0,0.52194077
BBB,2014B,429099,P3,F3,0.0,0.44113156
BBB,2014B,429417,P3,F3,0.0,0.45169732
BBB,2014B,429777,P3,F3,1.0,0.5130812
BBB,2014B,430002,P3,F3,1.0,0.6294755
BBB,2014B,432480,P3,F3,0.0,0.4872911
BBB,2014B,435057,P3,F3,1.0,0.6271896
BBB,2014B,435282,P3,F3,1.0,0.5151473
BBB,2014B,437171,P3,F3,0.0,0.4392182
BBB,2014B,437565,P3,F3,0.0,0.48094273
BBB,2014B,438775,P3,F3,1.0,0.50143707
BBB,2014B,439109,P3,F3,1.0,0.49350628
BBB,2014B,439710,P3,F3,0.0,0.40790176
BBB,2014B,442497,P3,F3,1.0,0.5539454
BBB,2014B,444221,P3,F3,1.0,0.48882553
BBB,2014B,444561,P3,F3,0.0,0.4454295
BBB,2014B,444858,P3,F3,1.0,0.48342115
BBB,2014B,444872,P3,F3,0.0,0.44416147
BBB,2014B,445136,P3,F3,1.0,0.46261203
BBB,2014B,445415,P3,F3,0.0,0.41869342
BBB,2014B,445494,P3,F3,0.0,0.4385825
BBB,2014B,446296,P3,F3,1.0,0.48164794
BBB,2014B,446650,P3,F3,0.0,0.48838204
BBB,2014B,446755,P3,F3,0.0,0.43698204
BBB,2014B,447184,P3,F3,0.0,0.5409837
BBB,2014B,447265,P3,F3,0.0,0.49821386
BBB,2014B,447292,P3,F3,1.0,0.53755045
BBB,2014B,465369,P3,F3,0.0,0.55141526
BBB,2014B,466377,P3,F3,1.0,0.40778464
BBB,2014B,466856,P3,F3,0.0,0.5023829
BBB,2014B,467100,P3,F3,1.0,0.41273308
BBB,2014B,467303,P3,F3,0.0,0.43968457
BBB,2014B,467580,P3,F3,0.0,0.48252788
BBB,2014B,468349,P3,F3,1.0,0.4951569
BBB,2014B,468529,P3,F3,1.0,0.5054948
BBB,2014B,469177,P3,F3,0.0,0.46554258
BBB,2014B,469664,P3,F3,1.0,0.629312
BBB,2014B,470113,P3,F3,0.0,0.46667385
BBB,2014B,470331,P3,F3,1.0,0.45853087
BBB,2014B,470693,P3,F3,0.0,0.4009637
BBB,2014B,471157,P3,F3,1.0,0.6314436
BBB,2014B,471925,P3,F3,0.0,0.50446814
BBB,2014B,473095,P3,F3,1.0,0.49618614
BBB,2014B,473509,P3,F3,1.0,0.44666737
BBB,2014B,474607,P3,F3,1.0,0.55579305
BBB,2014B,475981,P3,F3,0.0,0.50297725
BBB,2014B,476037,P3,F3,1.0,0.62594706
BBB,2014B,477779,P3,F3,1.0,0.48115775
BBB,2014B,478242,P3,F3,0.0,0.49952462
BBB,2014B,478317,P3,F3,1.0,0.5695037
BBB,2014B,479738,P3,F3,0.0,0.47467938
BBB,2014B,480372,P3,F3,0.0,0.5168092
BBB,2014B,481150,P3,F3,0.0,0.43763652
BBB,2014B,481947,P3,F3,1.0,0.52047724
BBB,2014B,483031,P3,F3,0.0,0.45335808
BBB,2014B,483411,P3,F3,1.0,0.63571703
BBB,2014B,483468,P3,F3,0.0,0.43002507
BBB,2014B,483485,P3,F3,0.0,0.4983461
BBB,2014B,483921,P3,F3,1.0,0.48139188
BBB,2014B,484821,P3,F3,1.0,0.63571703
BBB,2014B,484983,P3,F3,1.0,0.43876502
BBB,2014B,485180,P3,F3,0.0,0.46995404
BBB,2014B,485262,P3,F3,0.0,0.4563112
BBB,2014B,485675,P3,F3,1.0,0.60490847
BBB,2014B,485980,P3,F3,0.0,0.5076991
BBB,2014B,486994,P3,F3,0.0,0.39300144
BBB,2014B,487002,P3,F3,0.0,0.4370199
BBB,2014B,487543,P3,F3,0.0,0.49339703
BBB,2014B,489198,P3,F3,1.0,0.47556418
BBB,2014B,490391,P3,F3,0.0,0.48943314
BBB,2014B,492895,P3,F3,1.0,0.41847485
BBB,2014B,492928,P3,F3,1.0,0.49286535
BBB,2014B,493559,P3,F3,0.0,0.49320093
BBB,2014B,494896,P3,F3,0.0,0.5188823
BBB,2014B,495324,P3,F3,1.0,0.49709746
BBB,2014B,495876,P3,F3,1.0,0.63571703
BBB,2014B,497872,P3,F3,1.0,0.49554443
BBB,2014B,500279,P3,F3,1.0,0.50483054
BBB,2014B,500395,P3,F3,1.0,0.5212935
BBB,2014B,501095,P3,F3,0.0,0.4456362
BBB,2014B,504352,P3,F3,1.0,0.49069846
BBB,2014B,504967,P3,F3,1.0,0.50830835
BBB,2014B,505248,P3,F3,1.0,0.47164384
BBB,2014B,505899,P3,F3,0.0,0.49757454
BBB,2014B,506622,P3,F3,0.0,0.45275894
BBB,2014B,506650,P3,F3,0.0,0.63571703
BBB,2014B,507009,P3,F3,1.0,0.6305699
BBB,2014B,507983,P3,F3,1.0,0.46906582
BBB,2014B,508100,P3,F3,1.0,0.44014254
BBB,2014B,508400,P3,F3,1.0,0.51195675
BBB,2014B,508470,P3,F3,0.0,0.5066724
BBB,2014B,508940,P3,F3,0.0,0.5165977
BBB,2014B,509696,P3,F3,0.0,0.48577344
BBB,2014B,510141,P3,F3,1.0,0.63571703
BBB,2014B,511506,P3,F3,1.0,0.55422133
BBB,2014B,511901,P3,F3,0.0,0.4751189
BBB,2014B,512118,P3,F3,1.0,0.48045853
BBB,2014B,513077,P3,F3,1.0,0.5935268
BBB,2014B,514031,P3,F3,0.0,0.49384278
BBB,2014B,516601,P3,F3,1.0,0.50908357
BBB,2014B,517679,P3,F3,0.0,0.47044614
BBB,2014B,518711,P3,F3,1.0,0.5766076
BBB,2014B,519078,P3,F3,0.0,0.48129046
BBB,2014B,519084,P3,F3,1.0,0.5344395
BBB,2014B,519859,P3,F3,0.0,0.40851098
BBB,2014B,521671,P3,F3,1.0,0.62595206
BBB,2014B,521957,P3,F3,1.0,0.63571703
BBB,2014B,522087,P3,F3,0.0,0.45138764
BBB,2014B,523021,P3,F3,1.0,0.49546283
BBB,2014B,523247,P3,F3,0.0,0.44595784
BBB,2014B,524290,P3,F3,0.0,0.48478752
BBB,2014B,525027,P3,F3,1.0,0.4698039
BBB,2014B,525942,P3,F3,1.0,0.63291365
BBB,2014B,526285,P3,F3,0.0,0.47431973
BBB,2014B,529438,P3,F3,1.0,0.4897812
BBB,2014B,529439,P3,F3,1.0,0.63571703
BBB,2014B,529705,P3,F3,1.0,0.63571703
BBB,2014B,531755,P3,F3,0.0,0.50216204
BBB,2014B,532274,P3,F3,1.0,0.49828464
BBB,2014B,532617,P3,F3,0.0,0.4789864
BBB,2014B,533077,P3,F3,1.0,0.42640594
BBB,2014B,533210,P3,F3,0.0,0.45058763
BBB,2014B,533527,P3,F3,1.0,0.4866653
BBB,2014B,534143,P3,F3,1.0,0.509041
BBB,2014B,534163,P3,F3,1.0,0.49198997
BBB,2014B,535077,P3,F3,0.0,0.44655114
BBB,2014B,535462,P3,F3,1.0,0.48900917
BBB,2014B,535506,P3,F3,0.0,0.48364165
BBB,2014B,535548,P3,F3,0.0,0.5114017
BBB,2014B,536286,P3,F3,0.0,0.48438978
BBB,2014B,536629,P3,F3,0.0,0.454807
BBB,2014B,536805,P3,F3,0.0,0.46041983
BBB,2014B,537077,P3,F3,0.0,0.48918974
BBB,2014B,537171,P3,F3,0.0,0.4387775
BBB,2014B,537373,P3,F3,0.0,0.4896841
BBB,2014B,537605,P3,F3,1.0,0.49216107
BBB,2014B,537698,P3,F3,0.0,0.49854085
BBB,2014B,538196,P3,F3,1.0,0.63291365
BBB,2014B,539675,P3,F3,1.0,0.50838405
BBB,2014B,539894,P3,F3,0.0,0.49924594
BBB,2014B,540558,P3,F3,0.0,0.49464643
BBB,2014B,541769,P3,F3,0.0,0.5877494
BBB,2014B,542466,P3,F3,0.0,0.5167831
BBB,2014B,542547,P3,F3,0.0,0.46443808
BBB,2014B,543963,P3,F3,1.0,0.49929065
BBB,2014B,544050,P3,F3,1.0,0.6274311
BBB,2014B,544430,P3,F3,1.0,0.6300763
BBB,2014B,545146,P3,F3,0.0,0.499008
BBB,2014B,545196,P3,F3,0.0,0.4914808
BBB,2014B,545223,P3,F3,1.0,0.63291365
BBB,2014B,545254,P3,F3,0.0,0.54996985
BBB,2014B,546202,P3,F3,0.0,0.49294508
BBB,2014B,546302,P3,F3,1.0,0.572691
BBB,2014B,547018,P3,F3,1.0,0.4385546
BBB,2014B,547487,P3,F3,0.0,0.4641023
BBB,2014B,547556,P3,F3,1.0,0.49954683
BBB,2014B,548296,P3,F3,1.0,0.50574327
BBB,2014B,548445,P3,F3,1.0,0.46936676
BBB,2014B,548844,P3,F3,1.0,0.51720244
BBB,2014B,549078,P3,F3,1.0,0.6070782
BBB,2014B,549087,P3,F3,1.0,0.63571703
BBB,2014B,549190,P3,F3,0.0,0.4846731
BBB,2014B,549892,P3,F3,1.0,0.5115795
BBB,2014B,550269,P3,F3,0.0,0.5146593
BBB,2014B,551053,P3,F3,1.0,0.63291365
BBB,2014B,551252,P3,F3,0.0,0.41603035
BBB,2014B,551515,P3,F3,0.0,0.51057595
BBB,2014B,551718,P3,F3,1.0,0.4895383
BBB,2014B,551953,P3,F3,1.0,0.47275594
BBB,2014B,552025,P3,F3,1.0,0.63571703
BBB,2014B,552656,P3,F3,1.0,0.5751819
BBB,2014B,552896,P3,F3,1.0,0.43933913
BBB,2014B,553437,P3,F3,1.0,0.45720914
BBB,2014B,553733,P3,F3,1.0,0.4506002
BBB,2014B,553807,P3,F3,1.0,0.6319328
BBB,2014B,553808,P3,F3,0.0,0.42955425
BBB,2014B,554004,P3,F3,0.0,0.48268068
BBB,2014B,554969,P3,F3,0.0,0.4517857
BBB,2014B,555015,P3,F3,0.0,0.45897767
BBB,2014B,555720,P3,F3,1.0,0.5568432
BBB,2014B,555860,P3,F3,1.0,0.52190113
BBB,2014B,555994,P3,F3,1.0,0.63571703
BBB,2014B,556012,P3,F3,1.0,0.5003094
BBB,2014B,556853,P3,F3,0.0,0.50056165
BBB,2014B,556877,P3,F3,0.0,0.5615788
BBB,2014B,557029,P3,F3,1.0,0.48207343
BBB,2014B,557351,P3,F3,1.0,0.5037738
BBB,2014B,558084,P3,F3,0.0,0.43434322
BBB,2014B,558595,P3,F3,0.0,0.44865453
BBB,2014B,558921,P3,F3,0.0,0.43611857
BBB,2014B,559065,P3,F3,1.0,0.63571703
BBB,2014B,559090,P3,F3,1.0,0.5928532
BBB,2014B,559336,P3,F3,0.0,0.4664528
BBB,2014B,559381,P3,F3,0.0,0.49437848
BBB,2014B,559467,P3,F3,0.0,0.50546557
BBB,2014B,559573,P3,F3,1.0,0.46237978
BBB,2014B,559831,P3,F3,0.0,0.48132727
BBB,2014B,559861,P3,F3,0.0,0.40184048
BBB,2014B,560117,P3,F3,1.0,0.63571703
BBB,2014B,560238,P3,F3,0.0,0.454161
BBB,2014B,560335,P3,F3,1.0,0.63571703
BBB,2014B,560536,P3,F3,0.0,0.46343565
BBB,2014B,560920,P3,F3,1.0,0.61659104
BBB,2014B,561060,P3,F3,0.0,0.4919183
BBB,2014B,561061,P3,F3,0.0,0.4639276
BBB,2014B,561674,P3,F3,1.0,0.63571703
BBB,2014B,561953,P3,F3,0.0,0.45395926
BBB,2014B,561978,P3,F3,0.0,0.46224084
BBB,2014B,562642,P3,F3,1.0,0.63571703
BBB,2014B,562643,P3,F3,1.0,0.46875757
BBB,2014B,562783,P3,F3,1.0,0.47708496
BBB,2014B,562857,P3,F3,0.0,0.47556698
BBB,2014B,563413,P3,F3,0.0,0.46870363
BBB,2014B,563487,P3,F3,0.0,0.46202317
BBB,2014B,563754,P3,F3,0.0,0.4997555
BBB,2014B,563822,P3,F3,1.0,0.63571703
BBB,2014B,563986,P3,F3,1.0,0.49070856
BBB,2014B,563987,P3,F3,0.0,0.45772564
BBB,2014B,564409,P3,F3,0.0,0.47747228
BBB,2014B,564906,P3,F3,0.0,0.45460108
BBB,2014B,565009,P3,F3,1.0,0.4948778
BBB,2014B,565344,P3,F3,1.0,0.48566613
BBB,2014B,565869,P3,F3,0.0,0.44927338
BBB,2014B,565988,P3,F3,1.0,0.49562952
BBB,2014B,566181,P3,F3,0.0,0.5341491
BBB,2014B,566669,P3,F3,0.0,0.4583489
BBB,2014B,567048,P3,F3,0.0,0.48198503
BBB,2014B,567059,P3,F3,0.0,0.5145328
BBB,2014B,567757,P3,F3,0.0,0.44866428
BBB,2014B,567889,P3,F3,0.0,0.47295195
BBB,2014B,567963,P3,F3,0.0,0.44208091
BBB,2014B,568042,P3,F3,1.0,0.59167266
BBB,2014B,568370,P3,F3,0.0,0.62295973
BBB,2014B,568559,P3,F3,0.0,0.5093542
BBB,2014B,568968,P3,F3,0.0,0.57898957
BBB,2014B,569074,P3,F3,1.0,0.5140978
BBB,2014B,569225,P3,F3,0.0,0.45563078
BBB,2014B,569663,P3,F3,0.0,0.4439395
BBB,2014B,569664,P3,F3,0.0,0.48349628
BBB,2014B,569761,P3,F3,0.0,0.45153576
BBB,2014B,569864,P3,F3,0.0,0.51628166
BBB,2014B,569970,P3,F3,0.0,0.486277
BBB,2014B,570031,P3,F3,0.0,0.44512516
BBB,2014B,570177,P3,F3,1.0,0.63571703
BBB,2014B,570186,P3,F3,1.0,0.47096106
BBB,2014B,570239,P3,F3,1.0,0.47663933
BBB,2014B,570437,P3,F3,0.0,0.40701216
BBB,2014B,570627,P3,F3,0.0,0.44820777
BBB,2014B,571223,P3,F3,0.0,0.5040246
BBB,2014B,571540,P3,F3,0.0,0.48291138
BBB,2014B,571614,P3,F3,0.0,0.50008565
BBB,2014B,571880,P3,F3,0.0,0.48457447
BBB,2014B,571897,P3,F3,0.0,0.46254343
BBB,2014B,571954,P3,F3,0.0,0.4753039
BBB,2014B,572187,P3,F3,1.0,0.40381044
BBB,2014B,572290,P3,F3,0.0,0.47030932
BBB,2014B,573108,P3,F3,1.0,0.42298833
BBB,2014B,573323,P3,F3,0.0,0.48903048
BBB,2014B,573488,P3,F3,0.0,0.5880858
BBB,2014B,573496,P3,F3,0.0,0.47470355
BBB,2014B,573806,P3,F3,0.0,0.46873537
BBB,2014B,573824,P3,F3,1.0,0.49169916
BBB,2014B,573851,P3,F3,0.0,0.5109579
BBB,2014B,573853,P3,F3,0.0,0.4993137
BBB,2014B,574057,P3,F3,1.0,0.63571703
BBB,2014B,574569,P3,F3,0.0,0.48090583
BBB,2014B,574935,P3,F3,1.0,0.45226035
BBB,2014B,574944,P3,F3,1.0,0.47147024
BBB,2014B,575251,P3,F3,1.0,0.50301343
BBB,2014B,575602,P3,F3,0.0,0.4939558
BBB,2014B,575680,P3,F3,0.0,0.4732232
BBB,2014B,575990,P3,F3,1.0,0.54863435
BBB,2014B,576375,P3,F3,0.0,0.4713467
BBB,2014B,576738,P3,F3,0.0,0.41751608
BBB,2014B,577170,P3,F3,1.0,0.63571703
BBB,2014B,577304,P3,F3,1.0,0.63078547
BBB,2014B,577527,P3,F3,0.0,0.49816534
BBB,2014B,577676,P3,F3,0.0,0.4710487
BBB,2014B,577905,P3,F3,1.0,0.54407597
BBB,2014B,578003,P3,F3,1.0,0.53964454
BBB,2014B,578282,P3,F3,1.0,0.50740445
BBB,2014B,578574,P3,F3,0.0,0.4922357
BBB,2014B,579255,P3,F3,1.0,0.5863828
BBB,2014B,579537,P3,F3,0.0,0.4530113
BBB,2014B,579720,P3,F3,1.0,0.46515134
BBB,2014B,580688,P3,F3,0.0,0.62215304
BBB,2014B,581222,P3,F3,0.0,0.5076448
BBB,2014B,581353,P3,F3,0.0,0.46387172
BBB,2014B,581459,P3,F3,1.0,0.49891534
BBB,2014B,582742,P3,F3,1.0,0.45138618
BBB,2014B,583102,P3,F3,1.0,0.48841769
BBB,2014B,583950,P3,F3,1.0,0.5777985
BBB,2014B,584632,P3,F3,1.0,0.63571703
BBB,2014B,584762,P3,F3,1.0,0.6285826
BBB,2014B,585048,P3,F3,0.0,0.45490423
BBB,2014B,585150,P3,F3,0.0,0.47308537
BBB,2014B,585547,P3,F3,0.0,0.45804262
BBB,2014B,585727,P3,F3,1.0,0.47102687
BBB,2014B,586086,P3,F3,0.0,0.4508512
BBB,2014B,586111,P3,F3,1.0,0.6274311
BBB,2014B,586712,P3,F3,0.0,0.39772964
BBB,2014B,586995,P3,F3,0.0,0.47458985
BBB,2014B,587181,P3,F3,0.0,0.4748565
BBB,2014B,587524,P3,F3,0.0,0.42828152
BBB,2014B,587538,P3,F3,0.0,0.49002108
BBB,2014B,587780,P3,F3,0.0,0.46395823
BBB,2014B,588039,P3,F3,0.0,0.47490963
BBB,2014B,588302,P3,F3,0.0,0.400213
BBB,2014B,588459,P3,F3,1.0,0.52300763
BBB,2014B,588484,P3,F3,0.0,0.4669559
BBB,2014B,588495,P3,F3,1.0,0.6337187
BBB,2014B,588592,P3,F3,1.0,0.509041
BBB,2014B,588685,P3,F3,1.0,0.63571703
BBB,2014B,589333,P3,F3,0.0,0.46566162
BBB,2014B,589444,P3,F3,0.0,0.43650308
BBB,2014B,589862,P3,F3,0.0,0.48053652
BBB,2014B,589997,P3,F3,0.0,0.4469987
BBB,2014B,590408,P3,F3,1.0,0.4932971
BBB,2014B,590520,P3,F3,1.0,0.63291
BBB,2014B,590812,P3,F3,1.0,0.53592473
BBB,2014B,590870,P3,F3,1.0,0.62162775
BBB,2014B,591094,P3,F3,1.0,0.4992619
BBB,2014B,591547,P3,F3,1.0,0.44967523
BBB,2014B,591725,P3,F3,1.0,0.515718
BBB,2014B,591743,P3,F3,1.0,0.50195795
BBB,2014B,592193,P3,F3,0.0,0.47120807
BBB,2014B,592602,P3,F3,1.0,0.49631402
BBB,2014B,592725,P3,F3,0.0,0.47093388
BBB,2014B,593345,P3,F3,1.0,0.49482572
BBB,2014B,594061,P3,F3,0.0,0.46986064
BBB,2014B,594417,P3,F3,0.0,0.4845572
BBB,2014B,594774,P3,F3,1.0,0.63571703
BBB,2014B,595047,P3,F3,0.0,0.48200065
BBB,2014B,596171,P3,F3,0.0,0.44296837
BBB,2014B,596533,P3,F3,0.0,0.43635067
BBB,2014B,597316,P3,F3,0.0,0.43692598
BBB,2014B,597321,P3,F3,1.0,0.63078547
BBB,2014B,597610,P3,F3,1.0,0.6337187
BBB,2014B,597730,P3,F3,1.0,0.5322681
BBB,2014B,597882,P3,F3,0.0,0.4899659
BBB,2014B,598250,P3,F3,1.0,0.4806868
BBB,2014B,598313,P3,F3,1.0,0.52389866
BBB,2014B,598415,P3,F3,1.0,0.4817617
BBB,2014B,598451,P3,F3,1.0,0.51556396
BBB,2014B,598495,P3,F3,1.0,0.4436308
BBB,2014B,598614,P3,F3,0.0,0.49044037
BBB,2014B,598624,P3,F3,0.0,0.46179333
BBB,2014B,598694,P3,F3,0.0,0.45773524
BBB,2014B,598918,P3,F3,0.0,0.41860858
BBB,2014B,599132,P3,F3,0.0,0.4412894
BBB,2014B,599161,P3,F3,1.0,0.4779792
BBB,2014B,599202,P3,F3,0.0,0.41098216
BBB,2014B,599207,P3,F3,0.0,0.4684763
BBB,2014B,599495,P3,F3,0.0,0.4697412
BBB,2014B,599769,P3,F3,1.0,0.46892568
BBB,2014B,599990,P3,F3,0.0,0.4818239
BBB,2014B,600407,P3,F3,1.0,0.47577512
BBB,2014B,601010,P3,F3,0.0,0.4418405
BBB,2014B,601238,P3,F3,0.0,0.492173
BBB,2014B,601356,P3,F3,0.0,0.45871964
BBB,2014B,601616,P3,F3,0.0,0.47560474
BBB,2014B,601862,P3,F3,0.0,0.4839998
BBB,2014B,602011,P3,F3,1.0,0.5665559
BBB,2014B,602815,P3,F3,1.0,0.51644987
BBB,2014B,602898,P3,F3,1.0,0.5460191
BBB,2014B,602929,P3,F3,1.0,0.50030047
BBB,2014B,602991,P3,F3,0.0,0.4036478
BBB,2014B,603061,P3,F3,1.0,0.49984747
BBB,2014B,603112,P3,F3,0.0,0.48077205
BBB,2014B,603543,P3,F3,1.0,0.63048583
BBB,2014B,603739,P3,F3,1.0,0.55569863
BBB,2014B,603762,P3,F3,0.0,0.44029206
BBB,2014B,604106,P3,F3,0.0,0.5082356
BBB,2014B,604267,P3,F3,1.0,0.486971
BBB,2014B,604962,P3,F3,0.0,0.46648812
BBB,2014B,605474,P3,F3,1.0,0.63571703
BBB,2014B,605597,P3,F3,1.0,0.51915425
BBB,2014B,605672,P3,F3,0.0,0.44003323
BBB,2014B,605693,P3,F3,0.0,0.45201346
BBB,2014B,605956,P3,F3,1.0,0.63571703
BBB,2014B,605996,P3,F3,0.0,0.49510023
BBB,2014B,606069,P3,F3,0.0,0.5025558
BBB,2014B,606075,P3,F3,1.0,0.63571703
BBB,2014B,606313,P3,F3,0.0,0.44923902
BBB,2014B,606501,P3,F3,1.0,0.5078642
BBB,2014B,606529,P3,F3,1.0,0.45691746
BBB,2014B,606634,P3,F3,0.0,0.4902535
BBB,2014B,606690,P3,F3,0.0,0.41038197
BBB,2014B,607108,P3,F3,1.0,0.45733625
BBB,2014B,607220,P3,F3,0.0,0.47410735
BBB,2014B,607380,P3,F3,1.0,0.63571703
BBB,2014B,607436,P3,F3,1.0,0.63571703
BBB,2014B,607529,P3,F3,0.0,0.43470696
BBB,2014B,607678,P3,F3,0.0,0.51977855
BBB,2014B,607848,P3,F3,1.0,0.63571703
BBB,2014B,607953,P3,F3,1.0,0.5034703
BBB,2014B,608104,P3,F3,0.0,0.47948405
BBB,2014B,608110,P3,F3,0.0,0.4552278
BBB,2014B,608164,P3,F3,0.0,0.43445146
BBB,2014B,608407,P3,F3,0.0,0.45330772
BBB,2014B,608961,P3,F3,1.0,0.63571703
BBB,2014B,609422,P3,F3,1.0,0.63291365
BBB,2014B,609426,P3,F3,0.0,0.4940108
BBB,2014B,609596,P3,F3,0.0,0.45193225
BBB,2014B,610239,P3,F3,1.0,0.63571703
BBB,2014B,610340,P3,F3,1.0,0.5117814
BBB,2014B,610416,P3,F3,0.0,0.5033989
BBB,2014B,610759,P3,F3,0.0,0.4842697
BBB,2014B,610802,P3,F3,1.0,0.62988615
BBB,2014B,611233,P3,F3,1.0,0.44831488
BBB,2014B,611348,P3,F3,0.0,0.4525084
BBB,2014B,611475,P3,F3,0.0,0.47967467
BBB,2014B,611586,P3,F3,1.0,0.5100693
BBB,2014B,611719,P3,F3,1.0,0.63571703
BBB,2014B,611974,P3,F3,1.0,0.48714614
BBB,2014B,612082,P3,F3,0.0,0.43667224
BBB,2014B,612113,P3,F3,1.0,0.63571703
BBB,2014B,612120,P3,F3,1.0,0.4885981
BBB,2014B,612212,P3,F3,1.0,0.49671674
BBB,2014B,612370,P3,F3,1.0,0.44525945
BBB,2014B,612396,P3,F3,1.0,0.6265699
BBB,2014B,612600,P3,F3,1.0,0.48908192
BBB,2014B,612721,P3,F3,0.0,0.40544036
BBB,2014B,612756,P3,F3,0.0,0.4162876
BBB,2014B,612841,P3,F3,0.0,0.48661336
BBB,2014B,612862,P3,F3,0.0,0.41602123
BBB,2014B,612919,P3,F3,0.0,0.41230422
BBB,2014B,613038,P3,F3,0.0,0.49610913
BBB,2014B,613047,P3,F3,1.0,0.5124524
BBB,2014B,613093,P3,F3,0.0,0.4619267
BBB,2014B,613161,P3,F3,1.0,0.5821547
BBB,2014B,613162,P3,F3,0.0,0.63571703
BBB,2014B,613170,P3,F3,0.0,0.47021872
BBB,2014B,613199,P3,F3,0.0,0.63571703
BBB,2014B,613205,P3,F3,1.0,0.45715445
BBB,2014B,613299,P3,F3,1.0,0.48118523
BBB,2014B,613355,P3,F3,0.0,0.42875087
BBB,2014B,613426,P3,F3,0.0,0.48269114
BBB,2014B,613586,P3,F3,1.0,0.6337187
BBB,2014B,613703,P3,F3,1.0,0.4302523
BBB,2014B,613718,P3,F3,0.0,0.47956038
BBB,2014B,613722,P3,F3,0.0,0.505163
BBB,2014B,613743,P3,F3,0.0,0.46964976
BBB,2014B,613791,P3,F3,1.0,0.4719917
BBB,2014B,613832,P3,F3,1.0,0.5339658
BBB,2014B,613842,P3,F3,1.0,0.48679787
BBB,2014B,613856,P3,F3,0.0,0.44909915
BBB,2014B,613864,P3,F3,1.0,0.63571703
BBB,2014B,613874,P3,F3,0.0,0.48964787
BBB,2014B,613881,P3,F3,0.0,0.43449414
BBB,2014B,613932,P3,F3,1.0,0.55636156
BBB,2014B,613946,P3,F3,0.0,0.48709965
BBB,2014B,614039,P3,F3,0.0,0.45938385
BBB,2014B,614117,P3,F3,0.0,0.49029803
BBB,2014B,614130,P3,F3,0.0,0.48521352
BBB,2014B,614212,P3,F3,0.0,0.5009395
BBB,2014B,614357,P3,F3,0.0,0.4837059
BBB,2014B,614403,P3,F3,1.0,0.62598497
BBB,2014B,614583,P3,F3,0.0,0.43450612
BBB,2014B,614601,P3,F3,0.0,0.46992144
BBB,2014B,614629,P3,F3,0.0,0.4252257
BBB,2014B,614668,P3,F3,0.0,0.43316913
BBB,2014B,614693,P3,F3,0.0,0.4478077
BBB,2014B,614728,P3,F3,0.0,0.4632653
BBB,2014B,614732,P3,F3,0.0,0.4626482
BBB,2014B,614734,P3,F3,1.0,0.4530607
BBB,2014B,614738,P3,F3,0.0,0.42887202
BBB,2014B,614741,P3,F3,0.0,0.39382774
BBB,2014B,614742,P3,F3,0.0,0.44381228
BBB,2014B,614744,P3,F3,0.0,0.43740377
BBB,2014B,614745,P3,F3,0.0,0.49752477
BBB,2014B,614813,P3,F3,1.0,0.52484536
BBB,2014B,614871,P3,F3,0.0,0.46883062
BBB,2014B,614909,P3,F3,0.0,0.43615738
BBB,2014B,615025,P3,F3,0.0,0.48703992
BBB,2014B,615028,P3,F3,0.0,0.48715723
BBB,2014B,615090,P3,F3,0.0,0.5633677
BBB,2014B,615173,P3,F3,1.0,0.4921842
BBB,2014B,615218,P3,F3,1.0,0.5403884
BBB,2014B,615259,P3,F3,0.0,0.4758629
BBB,2014B,615319,P3,F3,1.0,0.4778444
BBB,2014B,615443,P3,F3,0.0,0.44930273
BBB,2014B,616354,P3,F3,1.0,0.56535625
BBB,2014B,616377,P3,F3,1.0,0.4556561
BBB,2014B,616464,P3,F3,1.0,0.45092547
BBB,2014B,616511,P3,F3,0.0,0.45515764
BBB,2014B,616526,P3,F3,1.0,0.43155617
BBB,2014B,616536,P3,F3,0.0,0.49291494
BBB,2014B,616670,P3,F3,0.0,0.46398532
BBB,2014B,616739,P3,F3,1.0,0.49259332
BBB,2014B,616914,P3,F3,0.0,0.42747036
BBB,2014B,616919,P3,F3,0.0,0.42112595
BBB,2014B,617012,P3,F3,0.0,0.39354977
BBB,2014B,617126,P3,F3,1.0,0.56061655
BBB,2014B,617134,P3,F3,1.0,0.4530253
BBB,2014B,617146,P3,F3,1.0,0.4923626
BBB,2014B,617147,P3,F3,1.0,0.5090924
BBB,2014B,617190,P3,F3,0.0,0.515913
BBB,2014B,617225,P3,F3,0.0,0.42311957
BBB,2014B,617287,P3,F3,1.0,0.48524702
BBB,2014B,617296,P3,F3,1.0,0.6262025
BBB,2014B,617297,P3,F3,1.0,0.5051519
BBB,2014B,617556,P3,F3,1.0,0.49032888
BBB,2014B,617560,P3,F3,0.0,0.49088752
BBB,2014B,617576,P3,F3,0.0,0.45451698
BBB,2014B,617714,P3,F3,1.0,0.5612302
BBB,2014B,617717,P3,F3,1.0,0.54782695
BBB,2014B,617764,P3,F3,0.0,0.51035833
BBB,2014B,617792,P3,F3,0.0,0.43844658
BBB,2014B,617813,P3,F3,0.0,0.49943072
BBB,2014B,617843,P3,F3,1.0,0.5154774
BBB,2014B,617959,P3,F3,1.0,0.6245835
BBB,2014B,618137,P3,F3,1.0,0.4726513
BBB,2014B,618145,P3,F3,0.0,0.43251646
BBB,2014B,618151,P3,F3,0.0,0.482321
BBB,2014B,618197,P3,F3,1.0,0.49369577
BBB,2014B,618205,P3,F3,0.0,0.49503332
BBB,2014B,618258,P3,F3,0.0,0.41376358
BBB,2014B,618265,P3,F3,1.0,0.48855913
BBB,2014B,618399,P3,F3,0.0,0.485397
BBB,2014B,618534,P3,F3,1.0,0.63571703
BBB,2014B,618539,P3,F3,1.0,0.63571703
BBB,2014B,618631,P3,F3,1.0,0.52149487
BBB,2014B,618632,P3,F3,1.0,0.43157127
BBB,2014B,618670,P3,F3,0.0,0.498046
BBB,2014B,618673,P3,F3,1.0,0.5240732
BBB,2014B,618816,P3,F3,1.0,0.63037527
BBB,2014B,618869,P3,F3,1.0,0.48935458
BBB,2014B,618882,P3,F3,0.0,0.47274667
BBB,2014B,618951,P3,F3,0.0,0.46124575
BBB,2014B,618965,P3,F3,1.0,0.50464696
BBB,2014B,618981,P3,F3,0.0,0.49899387
BBB,2014B,619054,P3,F3,1.0,0.5343362
BBB,2014B,619161,P3,F3,1.0,0.44364315
BBB,2014B,619196,P3,F3,0.0,0.44514042
BBB,2014B,619207,P3,F3,1.0,0.46401325
BBB,2014B,619288,P3,F3,0.0,0.5106167
BBB,2014B,619311,P3,F3,1.0,0.48189276
BBB,2014B,619330,P3,F3,1.0,0.43423063
BBB,2014B,619471,P3,F3,0.0,0.49389005
BBB,2014B,619508,P3,F3,1.0,0.5200705
BBB,2014B,619980,P3,F3,1.0,0.63571703
BBB,2014B,620018,P3,F3,1.0,0.42004067
BBB,2014B,620072,P3,F3,1.0,0.4499994
BBB,2014B,620073,P3,F3,0.0,0.4626265
BBB,2014B,620092,P3,F3,0.0,0.40353733
BBB,2014B,620126,P3,F3,1.0,0.45409286
BBB,2014B,620128,P3,F3,0.0,0.40222275
BBB,2014B,620129,P3,F3,0.0,0.48107925
BBB,2014B,620220,P3,F3,1.0,0.5939284
BBB,2014B,620257,P3,F3,0.0,0.47429472
BBB,2014B,620283,P3,F3,1.0,0.5886912
BBB,2014B,620304,P3,F3,1.0,0.52873
BBB,2014B,620354,P3,F3,0.0,0.4465247
BBB,2014B,620408,P3,F3,0.0,0.43192643
BBB,2014B,620409,P3,F3,0.0,0.5329209
BBB,2014B,620427,P3,F3,0.0,0.39901704
BBB,2014B,620507,P3,F3,1.0,0.58107316
BBB,2014B,620573,P3,F3,0.0,0.44757804
BBB,2014B,620694,P3,F3,0.0,0.5059534
BBB,2014B,620889,P3,F3,0.0,0.4371768
BBB,2014B,620922,P3,F3,0.0,0.40003553
BBB,2014B,620923,P3,F3,0.0,0.44964626
BBB,2014B,620950,P3,F3,1.0,0.63571703
BBB,2014B,620980,P3,F3,0.0,0.47717378
BBB,2014B,621301,P3,F3,0.0,0.46636474
BBB,2014B,621303,P3,F3,1.0,0.57239777
BBB,2014B,621322,P3,F3,0.0,0.5018088
BBB,2014B,621323,P3,F3,1.0,0.44688782
BBB,2014B,621369,P3,F3,1.0,0.4207531
BBB,2014B,621394,P3,F3,0.0,0.49148148
BBB,2014B,621508,P3,F3,1.0,0.52632093
BBB,2014B,621703,P3,F3,1.0,0.63571703
BBB,2014B,621862,P3,F3,0.0,0.46017322
BBB,2014B,621894,P3,F3,0.0,0.52530825
BBB,2014B,621905,P3,F3,0.0,0.45316702
BBB,2014B,621937,P3,F3,1.0,0.48808792
BBB,2014B,622132,P3,F3,0.0,0.41754285
BBB,2014B,622208,P3,F3,0.0,0.49694073
BBB,2014B,622217,P3,F3,1.0,0.46816564
BBB,2014B,622223,P3,F3,1.0,0.6327634
BBB,2014B,622330,P3,F3,1.0,0.49148148
BBB,2014B,622345,P3,F3,0.0,0.4723609
BBB,2014B,622466,P3,F3,0.0,0.475685
BBB,2014B,622505,P3,F3,0.0,0.43395147
BBB,2014B,622538,P3,F3,1.0,0.6314436
BBB,2014B,622604,P3,F3,0.0,0.45283058
BBB,2014B,622715,P3,F3,1.0,0.53391594
BBB,2014B,622720,P3,F3,1.0,0.5002492
BBB,2014B,622766,P3,F3,1.0,0.5842668
BBB,2014B,622838,P3,F3,1.0,0.5044002
BBB,2014B,622867,P3,F3,1.0,0.45820674
BBB,2014B,622927,P3,F3,1.0,0.49341527
BBB,2014B,622974,P3,F3,0.0,0.5083305
BBB,2014B,622982,P3,F3,0.0,0.43160227
BBB,2014B,623001,P3,F3,1.0,0.46803775
BBB,2014B,623055,P3,F3,0.0,0.40770742
BBB,2014B,623069,P3,F3,1.0,0.51782125
BBB,2014B,623168,P3,F3,0.0,0.45340642
BBB,2014B,623169,P3,F3,0.0,0.50769925
BBB,2014B,623177,P3,F3,1.0,0.52946097
BBB,2014B,623240,P3,F3,0.0,0.45317304
BBB,2014B,623295,P3,F3,1.0,0.52622706
BBB,2014B,623321,P3,F3,1.0,0.45515606
BBB,2014B,623333,P3,F3,0.0,0.49725026
BBB,2014B,623406,P3,F3,0.0,0.53457475
BBB,2014B,623603,P3,F3,1.0,0.50706726
BBB,2014B,623622,P3,F3,0.0,0.48443332
BBB,2014B,623654,P3,F3,0.0,0.43114993
BBB,2014B,623660,P3,F3,0.0,0.43281522
BBB,2014B,623821,P3,F3,1.0,0.49604565
BBB,2014B,623845,P3,F3,0.0,0.62517637
BBB,2014B,623857,P3,F3,1.0,0.4871027
BBB,2014B,623882,P3,F3,0.0,0.6249336
BBB,2014B,623911,P3,F3,1.0,0.5125656
BBB,2014B,623935,P3,F3,0.0,0.51037264
BBB,2014B,624011,P3,F3,0.0,0.4214361
BBB,2014B,624046,P3,F3,0.0,0.47065488
BBB,2014B,624069,P3,F3,0.0,0.47398877
BBB,2014B,624196,P3,F3,0.0,0.42870185
BBB,2014B,624306,P3,F3,0.0,0.5075872
BBB,2014B,624350,P3,F3,1.0,0.5396038
BBB,2014B,624406,P3,F3,0.0,0.41314775
BBB,2014B,624415,P3,F3,0.0,0.50432986
BBB,2014B,624514,P3,F3,1.0,0.504054
BBB,2014B,624567,P3,F3,1.0,0.4873223
BBB,2014B,624592,P3,F3,0.0,0.4714482
BBB,2014B,624598,P3,F3,1.0,0.49409062
BBB,2014B,624604,P3,F3,1.0,0.48667485
BBB,2014B,624653,P3,F3,0.0,0.491019
BBB,2014B,624661,P3,F3,0.0,0.5039555
BBB,2014B,624673,P3,F3,1.0,0.5719852
BBB,2014B,624674,P3,F3,1.0,0.63571703
BBB,2014B,624677,P3,F3,1.0,0.5775039
BBB,2014B,624704,P3,F3,1.0,0.5127223
BBB,2014B,624722,P3,F3,1.0,0.63571703
BBB,2014B,624734,P3,F3,1.0,0.45487788
BBB,2014B,624738,P3,F3,0.0,0.46335897
BBB,2014B,624799,P3,F3,1.0,0.5083086
BBB,2014B,624847,P3,F3,0.0,0.47405934
BBB,2014B,624879,P3,F3,1.0,0.4920118
BBB,2014B,624972,P3,F3,0.0,0.5143316
BBB,2014B,624997,P3,F3,0.0,0.46105915
BBB,2014B,625021,P3,F3,0.0,0.5168154
BBB,2014B,625024,P3,F3,0.0,0.46833277
BBB,2014B,625027,P3,F3,1.0,0.6337187
BBB,2014B,625071,P3,F3,0.0,0.47877154
BBB,2014B,625087,P3,F3,1.0,0.45757365
BBB,2014B,625094,P3,F3,0.0,0.46446842
BBB,2014B,625124,P3,F3,1.0,0.4226488
BBB,2014B,625167,P3,F3,0.0,0.59341246
BBB,2014B,625180,P3,F3,1.0,0.49323776
BBB,2014B,625185,P3,F3,0.0,0.41936594
BBB,2014B,625214,P3,F3,1.0,0.4743327
BBB,2014B,625249,P3,F3,0.0,0.48100087
BBB,2014B,625251,P3,F3,0.0,0.45409393
BBB,2014B,625295,P3,F3,1.0,0.5024379
BBB,2014B,625301,P3,F3,1.0,0.63571703
BBB,2014B,625383,P3,F3,0.0,0.47961894
BBB,2014B,625390,P3,F3,0.0,0.4318197
BBB,2014B,625444,P3,F3,0.0,0.44253564
BBB,2014B,625477,P3,F3,0.0,0.45313367
BBB,2014B,625478,P3,F3,1.0,0.6314436
BBB,2014B,625514,P3,F3,0.0,0.5293697
BBB,2014B,625578,P3,F3,1.0,0.49585703
BBB,2014B,625713,P3,F3,1.0,0.5242419
BBB,2014B,625724,P3,F3,0.0,0.41975957
BBB,2014B,625768,P3,F3,1.0,0.52371013
BBB,2014B,625816,P3,F3,0.0,0.48192698
BBB,2014B,625833,P3,F3,0.0,0.4530671
BBB,2014B,625853,P3,F3,1.0,0.5027184
BBB,2014B,625857,P3,F3,1.0,0.4547059
BBB,2014B,625879,P3,F3,1.0,0.5325015
BBB,2014B,625919,P3,F3,0.0,0.4611574
BBB,2014B,626046,P3,F3,0.0,0.48341078
BBB,2014B,626123,P3,F3,0.0,0.4697021
BBB,2014B,626126,P3,F3,0.0,0.43677846
BBB,2014B,626138,P3,F3,0.0,0.41897222
BBB,2014B,626164,P3,F3,0.0,0.4839794
BBB,2014B,626245,P3,F3,0.0,0.48327288
BBB,2014B,626254,P3,F3,0.0,0.49526948
BBB,2014B,626297,P3,F3,1.0,0.51558393
BBB,2014B,626352,P3,F3,0.0,0.4960758
BBB,2014B,626365,P3,F3,0.0,0.4892555
BBB,2014B,626386,P3,F3,1.0,0.4552815
BBB,2014B,626428,P3,F3,1.0,0.5332335
BBB,2014B,626442,P3,F3,1.0,0.5428051
BBB,2014B,626491,P3,F3,0.0,0.4473842
BBB,2014B,626555,P3,F3,0.0,0.4507935
BBB,2014B,626604,P3,F3,0.0,0.5085719
BBB,2014B,626642,P3,F3,0.0,0.47372434
BBB,2014B,626750,P3,F3,1.0,0.4982851
BBB,2014B,626841,P3,F3,0.0,0.42433932
BBB,2014B,626843,P3,F3,0.0,0.48603594
BBB,2014B,626897,P3,F3,1.0,0.6271896
BBB,2014B,626917,P3,F3,1.0,0.51944786
BBB,2014B,626928,P3,F3,0.0,0.49194506
BBB,2014B,626951,P3,F3,0.0,0.46899533
BBB,2014B,626966,P3,F3,0.0,0.50526303
BBB,2014B,627000,P3,F3,1.0,0.48086846
BBB,2014B,627027,P3,F3,0.0,0.46601504
BBB,2014B,627094,P3,F3,1.0,0.6271896
BBB,2014B,627115,P3,F3,0.0,0.43935966
BBB,2014B,627118,P3,F3,0.0,0.41816399
BBB,2014B,627179,P3,F3,1.0,0.48488045
BBB,2014B,627185,P3,F3,0.0,0.4734227
BBB,2014B,627190,P3,F3,0.0,0.42992768
BBB,2014B,627244,P3,F3,0.0,0.42128414
BBB,2014B,627270,P3,F3,0.0,0.4221671
BBB,2014B,627285,P3,F3,0.0,0.48058107
BBB,2014B,627316,P3,F3,1.0,0.6299276
BBB,2014B,627321,P3,F3,1.0,0.5753315
BBB,2014B,627380,P3,F3,0.0,0.42521194
BBB,2014B,627388,P3,F3,0.0,0.46625602
BBB,2014B,627403,P3,F3,1.0,0.44618788
BBB,2014B,627427,P3,F3,1.0,0.584488
BBB,2014B,627509,P3,F3,0.0,0.4974619
BBB,2014B,627528,P3,F3,1.0,0.63037527
BBB,2014B,627549,P3,F3,0.0,0.43292364
BBB,2014B,627550,P3,F3,0.0,0.5501712
BBB,2014B,627613,P3,F3,1.0,0.4865721
BBB,2014B,627647,P3,F3,0.0,0.43171555
BBB,2014B,627659,P3,F3,0.0,0.50211364
BBB,2014B,627680,P3,F3,1.0,0.58087873
BBB,2014B,627685,P3,F3,0.0,0.48110542
BBB,2014B,627777,P3,F3,0.0,0.5673649
BBB,2014B,627948,P3,F3,1.0,0.4678852
BBB,2014B,628006,P3,F3,0.0,0.46850824
BBB,2014B,628119,P3,F3,1.0,0.42343357
BBB,2014B,628176,P3,F3,0.0,0.5814951
BBB,2014B,628178,P3,F3,0.0,0.4214677
BBB,2014B,628180,P3,F3,0.0,0.44562206
BBB,2014B,628181,P3,F3,0.0,0.47947177
BBB,2014B,628183,P3,F3,1.0,0.4427036
BBB,2014B,628190,P3,F3,0.0,0.4823453
BBB,2014B,628287,P3,F3,1.0,0.51880556
BBB,2014B,628301,P3,F3,0.0,0.46745083
BBB,2014B,628328,P3,F3,0.0,0.4901466
BBB,2014B,628329,P3,F3,1.0,0.5309175
BBB,2014B,628379,P3,F3,1.0,0.4733237
BBB,2014B,628389,P3,F3,0.0,0.48677912
BBB,2014B,628402,P3,F3,1.0,0.63186604
BBB,2014B,628411,P3,F3,1.0,0.4597585
BBB,2014B,628423,P3,F3,0.0,0.49019814
BBB,2014B,628442,P3,F3,1.0,0.5394678
BBB,2014B,628511,P3,F3,1.0,0.58345556
BBB,2014B,628516,P3,F3,0.0,0.49135044
BBB,2014B,628525,P3,F3,1.0,0.53063416
BBB,2014B,628580,P3,F3,0.0,0.44604775
BBB,2014B,628586,P3,F3,1.0,0.545438
BBB,2014B,628616,P3,F3,0.0,0.47674647
BBB,2014B,628635,P3,F3,0.0,0.5063215
BBB,2014B,628655,P3,F3,1.0,0.50455374
BBB,2014B,628751,P3,F3,0.0,0.46698436
BBB,2014B,628827,P3,F3,1.0,0.46189246
BBB,2014B,628903,P3,F3,1.0,0.50111574
BBB,2014B,628941,P3,F3,0.0,0.50056607
BBB,2014B,628954,P3,F3,0.0,0.47380129
BBB,2014B,628970,P3,F3,1.0,0.57110965
BBB,2014B,628982,P3,F3,1.0,0.44751358
BBB,2014B,629026,P3,F3,0.0,0.42541566
BBB,2014B,629037,P3,F3,0.0,0.47834003
BBB,2014B,629040,P3,F3,1.0,0.47108775
BBB,2014B,629044,P3,F3,1.0,0.4441564
BBB,2014B,629060,P3,F3,0.0,0.52881956
BBB,2014B,629088,P3,F3,1.0,0.4706826
BBB,2014B,629094,P3,F3,1.0,0.48632443
BBB,2014B,629103,P3,F3,1.0,0.44463292
BBB,2014B,629159,P3,F3,1.0,0.4945447
BBB,2014B,629240,P3,F3,0.0,0.58722436
BBB,2014B,629274,P3,F3,0.0,0.47741607
BBB,2014B,629424,P3,F3,1.0,0.47606155
BBB,2014B,629461,P3,F3,1.0,0.5683644
BBB,2014B,629490,P3,F3,1.0,0.45926803
BBB,2014B,629504,P3,F3,0.0,0.46425933
BBB,2014B,629505,P3,F3,1.0,0.63571703
BBB,2014B,629507,P3,F3,0.0,0.49205682
BBB,2014B,629554,P3,F3,1.0,0.49229527
BBB,2014B,629619,P3,F3,0.0,0.43633816
BBB,2014B,629835,P3,F3,0.0,0.50315577
BBB,2014B,629870,P3,F3,1.0,0.5027948
BBB,2014B,629886,P3,F3,0.0,0.50502694
BBB,2014B,629891,P3,F3,0.0,0.43256792
BBB,2014B,629923,P3,F3,1.0,0.49995863
BBB,2014B,629976,P3,F3,1.0,0.48171246
BBB,2014B,630028,P3,F3,0.0,0.49361396
BBB,2014B,630029,P3,F3,0.0,0.4602309
BBB,2014B,630030,P3,F3,0.0,0.5167324
BBB,2014B,630052,P3,F3,0.0,0.48462284
BBB,2014B,630053,P3,F3,0.0,0.45263147
BBB,2014B,630090,P3,F3,1.0,0.48488134
BBB,2014B,630147,P3,F3,1.0,0.6304612
BBB,2014B,630260,P3,F3,1.0,0.5107241
BBB,2014B,630315,P3,F3,0.0,0.47567773
BBB,2014B,630333,P3,F3,0.0,0.43604386
BBB,2014B,630345,P3,F3,1.0,0.52516484
BBB,2014B,630372,P3,F3,0.0,0.4784965
BBB,2014B,630393,P3,F3,0.0,0.4350477
BBB,2014B,630415,P3,F3,0.0,0.47802487
BBB,2014B,630443,P3,F3,0.0,0.5204686
BBB,2014B,630451,P3,F3,0.0,0.41442555
BBB,2014B,630476,P3,F3,1.0,0.55249894
BBB,2014B,630497,P3,F3,1.0,0.6305699
BBB,2014B,630549,P3,F3,1.0,0.50421333
BBB,2014B,630561,P3,F3,0.0,0.43571952
BBB,2014B,630586,P3,F3,1.0,0.5240713
BBB,2014B,630608,P3,F3,0.0,0.43163145
BBB,2014B,630718,P3,F3,0.0,0.4187388
BBB,2014B,630736,P3,F3,0.0,0.4926549
BBB,2014B,630763,P3,F3,0.0,0.56075
BBB,2014B,630778,P3,F3,0.0,0.5211085
BBB,2014B,630794,P3,F3,1.0,0.48515695
BBB,2014B,630823,P3,F3,0.0,0.4324016
BBB,2014B,630833,P3,F3,1.0,0.5223269
BBB,2014B,630876,P3,F3,0.0,0.43857452
BBB,2014B,630944,P3,F3,0.0,0.530403
BBB,2014B,630999,P3,F3,1.0,0.4893607
BBB,2014B,631031,P3,F3,1.0,0.43903553
BBB,2014B,631081,P3,F3,0.0,0.43847027
BBB,2014B,631086,P3,F3,1.0,0.45148307
BBB,2014B,631108,P3,F3,0.0,0.46881646
BBB,2014B,631109,P3,F3,0.0,0.44713458
BBB,2014B,631132,P3,F3,1.0,0.492785
BBB,2014B,631225,P3,F3,0.0,0.482182
BBB,2014B,631341,P3,F3,1.0,0.5230315
BBB,2014B,631354,P3,F3,1.0,0.45219138
BBB,2014B,631384,P3,F3,0.0,0.48218703
BBB,2014B,631422,P3,F3,1.0,0.5089868
BBB,2014B,631441,P3,F3,0.0,0.43036467
BBB,2014B,631442,P3,F3,1.0,0.51433694
BBB,2014B,631444,P3,F3,1.0,0.46350592
BBB,2014B,631445,P3,F3,0.0,0.5478297
BBB,2014B,631492,P3,F3,0.0,0.490384
BBB,2014B,631515,P3,F3,0.0,0.40289068
BBB,2014B,631530,P3,F3,0.0,0.47792798
BBB,2014B,631561,P3,F3,1.0,0.47546375
BBB,2014B,631563,P3,F3,1.0,0.48961678
BBB,2014B,631610,P3,F3,1.0,0.48994473
BBB,2014B,631613,P3,F3,0.0,0.50552756
BBB,2014B,631650,P3,F3,1.0,0.43134683
BBB,2014B,631679,P3,F3,0.0,0.4210712
BBB,2014B,631724,P3,F3,0.0,0.43305117
BBB,2014B,631766,P3,F3,0.0,0.3883625
BBB,2014B,631777,P3,F3,0.0,0.47449923
BBB,2014B,631848,P3,F3,0.0,0.4812083
BBB,2014B,632040,P3,F3,1.0,0.63571703
BBB,2014B,632084,P3,F3,0.0,0.43569362
BBB,2014B,632113,P3,F3,1.0,0.47131416
BBB,2014B,632148,P3,F3,1.0,0.42872655
BBB,2014B,632181,P3,F3,1.0,0.40783334
BBB,2014B,632231,P3,F3,1.0,0.5383261
BBB,2014B,632254,P3,F3,0.0,0.44242
BBB,2014B,632302,P3,F3,0.0,0.5000719
BBB,2014B,632447,P3,F3,1.0,0.5030824
BBB,2014B,632454,P3,F3,0.0,0.45350716
BBB,2014B,632470,P3,F3,1.0,0.51238126
BBB,2014B,632503,P3,F3,0.0,0.46291763
BBB,2014B,632536,P3,F3,1.0,0.46269906
BBB,2014B,632547,P3,F3,1.0,0.44748315
BBB,2014B,632574,P3,F3,1.0,0.51730216
BBB,2014B,632578,P3,F3,0.0,0.48093495
BBB,2014B,632618,P3,F3,1.0,0.43403062
BBB,2014B,632658,P3,F3,0.0,0.6314436
BBB,2014B,632682,P3,F3,1.0,0.5911953
BBB,2014B,632704,P3,F3,0.0,0.5123015
BBB,2014B,632712,P3,F3,1.0,0.4947169
BBB,2014B,632752,P3,F3,0.0,0.47931984
BBB,2014B,632823,P3,F3,0.0,0.4570474
BBB,2014B,632847,P3,F3,1.0,0.50120157
BBB,2014B,632869,P3,F3,1.0,0.49518418
BBB,2014B,633024,P3,F3,0.0,0.4374659
BBB,2014B,633130,P3,F3,0.0,0.48460907
BBB,2014B,633162,P3,F3,1.0,0.49239323
BBB,2014B,633193,P3,F3,0.0,0.4994313
BBB,2014B,633208,P3,F3,0.0,0.46135488
BBB,2014B,633212,P3,F3,0.0,0.4698829
BBB,2014B,633228,P3,F3,1.0,0.48709434
BBB,2014B,633231,P3,F3,1.0,0.63571703
BBB,2014B,633245,P3,F3,1.0,0.42234263
BBB,2014B,633257,P3,F3,1.0,0.58881885
BBB,2014B,633378,P3,F3,1.0,0.48163068
BBB,2014B,633380,P3,F3,1.0,0.50546813
BBB,2014B,633386,P3,F3,0.0,0.5075505
BBB,2014B,633394,P3,F3,1.0,0.4919268
BBB,2014B,633472,P3,F3,0.0,0.44538093
BBB,2014B,633491,P3,F3,1.0,0.43637523
BBB,2014B,633499,P3,F3,0.0,0.53227985
BBB,2014B,633560,P3,F3,0.0,0.46043524
BBB,2014B,633570,P3,F3,0.0,0.62710553
BBB,2014B,633590,P3,F3,0.0,0.41097024
BBB,2014B,633603,P3,F3,1.0,0.59289634
BBB,2014B,633646,P3,F3,0.0,0.4985948
BBB,2014B,633650,P3,F3,0.0,0.5192278
BBB,2014B,633669,P3,F3,0.0,0.45931673
BBB,2014B,633865,P3,F3,1.0,0.4807837
BBB,2014B,633890,P3,F3,1.0,0.629312
BBB,2014B,633929,P3,F3,0.0,0.49000287
BBB,2014B,633935,P3,F3,0.0,0.4990061
BBB,2014B,634058,P3,F3,0.0,0.46161133
BBB,2014B,634075,P3,F3,0.0,0.40107465
BBB,2014B,634077,P3,F3,0.0,0.50859034
BBB,2014B,634164,P3,F3,1.0,0.43912444
BBB,2014B,634188,P3,F3,0.0,0.55513614
BBB,2014B,634230,P3,F3,0.0,0.42721215
BBB,2014B,634265,P3,F3,0.0,0.43192407
BBB,2014B,634280,P3,F3,0.0,0.4093428
BBB,2014B,634286,P3,F3,0.0,0.5002977
BBB,2014B,634304,P3,F3,0.0,0.48644805
BBB,2014B,634353,P3,F3,1.0,0.62860173
BBB,2014B,634412,P3,F3,0.0,0.4115787
BBB,2014B,634472,P3,F3,0.0,0.41184044
BBB,2014B,634477,P3,F3,0.0,0.48560283
BBB,2014B,634481,P3,F3,0.0,0.4977573
BBB,2014B,634483,P3,F3,0.0,0.5005762
BBB,2014B,634491,P3,F3,0.0,0.46113142
BBB,2014B,634606,P3,F3,1.0,0.5066146
BBB,2014B,634615,P3,F3,1.0,0.63571703
BBB,2014B,634715,P3,F3,0.0,0.4001877
BBB,2014B,634833,P3,F3,0.0,0.45006782
BBB,2014B,634851,P3,F3,0.0,0.46558765
BBB,2014B,634876,P3,F3,0.0,0.5031084
BBB,2014B,634928,P3,F3,0.0,0.47864753
BBB,2014B,634932,P3,F3,1.0,0.63571703
BBB,2014B,634944,P3,F3,0.0,0.501256
BBB,2014B,634976,P3,F3,0.0,0.46552905
BBB,2014B,635011,P3,F3,0.0,0.5049009
BBB,2014B,635113,P3,F3,0.0,0.5063398
BBB,2014B,635122,P3,F3,0.0,0.47204474
BBB,2014B,635136,P3,F3,0.0,0.42898545
BBB,2014B,635173,P3,F3,0.0,0.5120734
BBB,2014B,635228,P3,F3,0.0,0.44016263
BBB,2014B,635230,P3,F3,0.0,0.39893034
BBB,2014B,635241,P3,F3,0.0,0.5279981
BBB,2014B,635244,P3,F3,0.0,0.4957833
BBB,2014B,635245,P3,F3,1.0,0.63571703
BBB,2014B,635246,P3,F3,1.0,0.5551223
BBB,2014B,635247,P3,F3,0.0,0.53680724
BBB,2014B,635432,P3,F3,1.0,0.45977783
BBB,2014B,635433,P3,F3,0.0,0.47796974
BBB,2014B,635435,P3,F3,0.0,0.52252114
BBB,2014B,635473,P3,F3,1.0,0.6287189
BBB,2014B,635591,P3,F3,0.0,0.4421202
BBB,2014B,635755,P3,F3,0.0,0.43274283
BBB,2014B,635761,P3,F3,0.0,0.522915
BBB,2014B,635764,P3,F3,0.0,0.5086537
BBB,2014B,635771,P3,F3,0.0,0.48539445
BBB,2014B,635773,P3,F3,0.0,0.4766198
BBB,2014B,635774,P3,F3,0.0,0.49011475
BBB,2014B,635788,P3,F3,0.0,0.4410302
BBB,2014B,635793,P3,F3,1.0,0.53321034
BBB,2014B,636271,P3,F3,1.0,0.63571703
BBB,2014B,637864,P3,F3,1.0,0.63571703
BBB,2014B,1127413,P3,F3,0.0,0.446307
BBB,2014B,1332999,P3,F3,0.0,0.49017638
BBB,2014B,1341507,P3,F3,0.0,0.49937266
BBB,2014B,1393589,P3,F3,0.0,0.50638497
BBB,2014B,1406920,P3,F3,0.0,0.47026956
BBB,2014B,1431750,P3,F3,1.0,0.6012446
BBB,2014B,1453691,P3,F3,1.0,0.48433805
BBB,2014B,1502193,P3,F3,0.0,0.42094132
BBB,2014B,1508708,P3,F3,1.0,0.62710553
BBB,2014B,1525567,P3,F3,0.0,0.3988516
BBB,2014B,1536591,P3,F3,1.0,0.63015676
BBB,2014B,1540042,P3,F3,0.0,0.5000042
BBB,2014B,1559428,P3,F3,1.0,0.48950693
BBB,2014B,1560989,P3,F3,1.0,0.43021634
BBB,2014B,1588208,P3,F3,1.0,0.47849715
BBB,2014B,1611973,P3,F3,1.0,0.44820192
BBB,2014B,1624443,P3,F3,0.0,0.46115142
BBB,2014B,1625718,P3,F3,0.0,0.44481248
BBB,2014B,1626021,P3,F3,0.0,0.6203629
BBB,2014B,1633695,P3,F3,1.0,0.4211266
BBB,2014B,1719114,P3,F3,0.0,0.45478162
BBB,2014B,1730702,P3,F3,1.0,0.6351848
BBB,2014B,1732219,P3,F3,0.0,0.49769875
BBB,2014B,1759851,P3,F3,0.0,0.63052845
BBB,2014B,1763653,P3,F3,0.0,0.41337943
BBB,2014B,1780949,P3,F3,0.0,0.42940605
BBB,2014B,1782665,P3,F3,1.0,0.54010916
BBB,2014B,1786380,P3,F3,0.0,0.46187449
BBB,2014B,1829654,P3,F3,1.0,0.462972
BBB,2014B,1840034,P3,F3,0.0,0.4757975
BBB,2014B,1863244,P3,F3,1.0,0.49053922
BBB,2014B,1864697,P3,F3,0.0,0.3951693
BBB,2014B,1866742,P3,F3,0.0,0.5065713
BBB,2014B,1877634,P3,F3,0.0,0.46586016
BBB,2014B,1932474,P3,F3,0.0,0.43620166
BBB,2014B,1934118,P3,F3,1.0,0.63571703
BBB,2014B,1955634,P3,F3,0.0,0.46904013
BBB,2014B,1957682,P3,F3,0.0,0.46454784
BBB,2014B,1967937,P3,F3,1.0,0.45616606
BBB,2014B,2002415,P3,F3,0.0,0.42503297
BBB,2014B,2006364,P3,F3,1.0,0.6252253
BBB,2014B,2022801,P3,F3,0.0,0.48322144
BBB,2014B,2080885,P3,F3,0.0,0.48501328
BBB,2014B,2081955,P3,F3,0.0,0.4347983
BBB,2014B,2082318,P3,F3,0.0,0.48631844
BBB,2014B,2087747,P3,F3,0.0,0.46481442
BBB,2014B,2094350,P3,F3,1.0,0.50313735
BBB,2014B,2104426,P3,F3,0.0,0.4854156
BBB,2014B,2108614,P3,F3,0.0,0.429034
BBB,2014B,2133207,P3,F3,0.0,0.5285193
BBB,2014B,2148859,P3,F3,0.0,0.47215393
BBB,2014B,2153200,P3,F3,1.0,0.41103807
BBB,2014B,2164251,P3,F3,0.0,0.39254776
BBB,2014B,2181205,P3,F3,0.0,0.49283293
BBB,2014B,2213424,P3,F3,0.0,0.4657888
BBB,2014B,2221869,P3,F3,1.0,0.47093645
BBB,2014B,2230457,P3,F3,1.0,0.5167261
BBB,2014B,2243703,P3,F3,0.0,0.5216227
BBB,2014B,2248122,P3,F3,0.0,0.46090975
BBB,2014B,2266377,P3,F3,1.0,0.49585915
BBB,2014B,2271743,P3,F3,1.0,0.46459642
BBB,2014B,2273828,P3,F3,1.0,0.6210465
BBB,2014B,2277941,P3,F3,1.0,0.6304612
BBB,2014B,2291760,P3,F3,0.0,0.48825502
BBB,2014B,2300911,P3,F3,1.0,0.63571703
BBB,2014B,2300913,P3,F3,1.0,0.5427086
BBB,2014B,2303083,P3,F3,1.0,0.6304612
BBB,2014B,2308026,P3,F3,0.0,0.51523703
BBB,2014B,2308564,P3,F3,0.0,0.46385756
BBB,2014B,2315082,P3,F3,1.0,0.47601444
BBB,2014B,2317273,P3,F3,0.0,0.4348698
BBB,2014B,2334930,P3,F3,0.0,0.47605485
BBB,2014B,2340165,P3,F3,0.0,0.44985297
BBB,2014B,2343413,P3,F3,0.0,0.47307152
BBB,2014B,2351235,P3,F3,1.0,0.47429436
BBB,2014B,2392789,P3,F3,0.0,0.4183211
BBB,2014B,2418877,P3,F3,1.0,0.6319328
BBB,2014B,2420725,P3,F3,1.0,0.4682471
BBB,2014B,2436707,P3,F3,1.0,0.47712132
BBB,2014B,2437428,P3,F3,1.0,0.48054904
BBB,2014B,2440756,P3,F3,0.0,0.48826274
BBB,2014B,2444501,P3,F3,1.0,0.606722
BBB,2014B,2446599,P3,F3,0.0,0.42975888
BBB,2014B,2476144,P3,F3,0.0,0.49600095
BBB,2014B,2482994,P3,F3,1.0,0.490736
BBB,2014B,2487785,P3,F3,0.0,0.45076826
BBB,2014B,2502127,P3,F3,0.0,0.45144254
BBB,2014B,2512349,P3,F3,1.0,0.63571703
BBB,2014B,2513954,P3,F3,0.0,0.45493606
BBB,2014B,2514044,P3,F3,0.0,0.476306
BBB,2014B,2523350,P3,F3,0.0,0.41643125
BBB,2014B,2523430,P3,F3,1.0,0.4629591
BBB,2014B,2523989,P3,F3,0.0,0.6280916
BBB,2014B,2524295,P3,F3,0.0,0.49481344
BBB,2014B,2526784,P3,F3,0.0,0.503756
BBB,2014B,2532643,P3,F3,1.0,0.4303364
BBB,2014B,2533391,P3,F3,0.0,0.42959887
BBB,2014B,2534954,P3,F3,0.0,0.4524793
BBB,2014B,2539641,P3,F3,0.0,0.502378
BBB,2014B,2541388,P3,F3,0.0,0.4263941
BBB,2014B,2554464,P3,F3,1.0,0.63571703
BBB,2014B,2568059,P3,F3,0.0,0.4800337
BBB,2014B,2570092,P3,F3,0.0,0.45339885
BBB,2014B,2571054,P3,F3,0.0,0.49715525
BBB,2014B,2574365,P3,F3,0.0,0.48819405
BBB,2014B,2575914,P3,F3,0.0,0.62900716
BBB,2014B,2578704,P3,F3,1.0,0.3990741
BBB,2014B,2590564,P3,F3,0.0,0.4116271
BBB,2014B,2591974,P3,F3,0.0,0.43800882
BBB,2014B,2592923,P3,F3,1.0,0.48205686
BBB,2014B,2597543,P3,F3,0.0,0.4890462
BBB,2014B,2602679,P3,F3,0.0,0.42879114
BBB,2014B,2609574,P3,F3,1.0,0.625048
BBB,2014B,2611847,P3,F3,1.0,0.4782176
BBB,2014B,2625752,P3,F3,1.0,0.63571703
BBB,2014B,2626410,P3,F3,1.0,0.6323761
BBB,2014B,2634946,P3,F3,1.0,0.44388866
BBB,2014B,2636696,P3,F3,0.0,0.54671425
BBB,2014B,2641657,P3,F3,0.0,0.45259678
BBB,2014B,2641682,P3,F3,1.0,0.5431239
BBB,2014B,2643007,P3,F3,0.0,0.40827367
BBB,2014B,2652209,P3,F3,0.0,0.51171744
BBB,2014B,2653570,P3,F3,1.0,0.5285867
BBB,2014B,2659042,P3,F3,0.0,0.42551103
BBB,2014B,2677541,P3,F3,1.0,0.51111215
BBB,2014B,2681783,P3,F3,0.0,0.49973336
BBB,2014B,2683697,P3,F3,1.0,0.56067246
BBB,2014B,2687378,P3,F3,0.0,0.47970122
BBB,2014B,2690136,P3,F3,1.0,0.6286665
CCC,2014B,28418,P3,F3,1.0,0.5629963
CCC,2014B,29764,P3,F3,0.0,0.4677831
CCC,2014B,29820,P3,F3,0.0,0.5097181
CCC,2014B,40604,P3,F3,0.0,0.5034857
CCC,2014B,42638,P3,F3,0.0,0.5270377
CCC,2014B,45664,P3,F3,1.0,0.59305304
CCC,2014B,46605,P3,F3,0.0,0.4060424
CCC,2014B,49119,P3,F3,0.0,0.5710934
CCC,2014B,50263,P3,F3,1.0,0.5900512
CCC,2014B,51576,P3,F3,1.0,0.58024645
CCC,2014B,54391,P3,F3,1.0,0.5768864
CCC,2014B,57340,P3,F3,0.0,0.55136913
CCC,2014B,62278,P3,F3,1.0,0.5284163
CCC,2014B,64296,P3,F3,1.0,0.52806723
CCC,2014B,66254,P3,F3,1.0,0.5114082
CCC,2014B,69703,P3,F3,0.0,0.523822
CCC,2014B,70381,P3,F3,0.0,0.55736953
CCC,2014B,70771,P3,F3,1.0,0.56663454
CCC,2014B,74290,P3,F3,1.0,0.5966092
CCC,2014B,75454,P3,F3,0.0,0.5024248
CCC,2014B,75728,P3,F3,1.0,0.484719
CCC,2014B,79461,P3,F3,1.0,0.5861028
CCC,2014B,80329,P3,F3,1.0,0.5293097
CCC,2014B,82575,P3,F3,0.0,0.5085232
CCC,2014B,83219,P3,F3,0.0,0.49996078
CCC,2014B,83453,P3,F3,1.0,0.54939747
CCC,2014B,84299,P3,F3,1.0,0.5689935
CCC,2014B,86047,P3,F3,1.0,0.5470917
CCC,2014B,94484,P3,F3,0.0,0.5325669
CCC,2014B,95906,P3,F3,0.0,0.44054133
CCC,2014B,96538,P3,F3,1.0,0.63571703
CCC,2014B,100621,P3,F3,1.0,0.6304612
CCC,2014B,105523,P3,F3,0.0,0.5776454
CCC,2014B,107028,P3,F3,1.0,0.5392506
CCC,2014B,107339,P3,F3,0.0,0.5044021
CCC,2014B,108834,P3,F3,1.0,0.52843267
CCC,2014B,116518,P3,F3,0.0,0.53855443
CCC,2014B,117232,P3,F3,0.0,0.5150782
CCC,2014B,118098,P3,F3,1.0,0.5544784
CCC,2014B,119729,P3,F3,1.0,0.5492007
CCC,2014B,122392,P3,F3,0.0,0.59762484
CCC,2014B,123598,P3,F3,1.0,0.59482926
CCC,2014B,124193,P3,F3,0.0,0.47746965
CCC,2014B,126337,P3,F3,1.0,0.5791987
CCC,2014B,126394,P3,F3,0.0,0.48130068
CCC,2014B,126395,P3,F3,0.0,0.5524762
CCC,2014B,128510,P3,F3,1.0,0.52454966
CCC,2014B,129198,P3,F3,1.0,0.5810408
CCC,2014B,129638,P3,F3,1.0,0.55512226
CCC,2014B,129878,P3,F3,1.0,0.56121767
CCC,2014B,131145,P3,F3,0.0,0.4895354
CCC,2014B,131933,P3,F3,1.0,0.5156568
CCC,2014B,132191,P3,F3,1.0,0.6284246
CCC,2014B,133104,P3,F3,0.0,0.5464069
CCC,2014B,134025,P3,F3,1.0,0.43364683
CCC,2014B,135330,P3,F3,1.0,0.59790164
CCC,2014B,135792,P3,F3,1.0,0.57085264
CCC,2014B,142935,P3,F3,0.0,0.4973909
CCC,2014B,145282,P3,F3,0.0,0.46422496
CCC,2014B,147675,P3,F3,1.0,0.5255835
CCC,2014B,151549,P3,F3,1.0,0.52473223
CCC,2014B,152428,P3,F3,0.0,0.53202397
CCC,2014B,152962,P3,F3,0.0,0.4270836
CCC,2014B,155067,P3,F3,1.0,0.5646772
CCC,2014B,155963,P3,F3,0.0,0.5131758
CCC,2014B,160300,P3,F3,0.0,0.5468593
CCC,2014B,162650,P3,F3,1.0,0.56997573
CCC,2014B,165647,P3,F3,1.0,0.51051223
CCC,2014B,165733,P3,F3,1.0,0.60402524
CCC,2014B,166160,P3,F3,0.0,0.41553986
CCC,2014B,167791,P3,F3,0.0,0.5621535
CCC,2014B,168178,P3,F3,0.0,0.51029164
CCC,2014B,169380,P3,F3,0.0,0.4888195
CCC,2014B,170025,P3,F3,1.0,0.60539746
CCC,2014B,170864,P3,F3,0.0,0.40931293
CCC,2014B,172301,P3,F3,1.0,0.6037133
CCC,2014B,172965,P3,F3,0.0,0.4676594
CCC,2014B,175490,P3,F3,0.0,0.4375246
CCC,2014B,177967,P3,F3,0.0,0.5020598
CCC,2014B,178072,P3,F3,1.0,0.4581009
CCC,2014B,178496,P3,F3,0.0,0.49745113
CCC,2014B,179904,P3,F3,1.0,0.6277214
CCC,2014B,180976,P3,F3,0.0,0.45137453
CCC,2014B,187435,P3,F3,0.0,0.5112634
CCC,2014B,189428,P3,F3,0.0,0.5267242
CCC,2014B,189624,P3,F3,0.0,0.58753866
CCC,2014B,191797,P3,F3,0.0,0.503006
CCC,2014B,193163,P3,F3,1.0,0.4682656
CCC,2014B,198902,P3,F3,1.0,0.60810125
CCC,2014B,200372,P3,F3,1.0,0.46534547
CCC,2014B,201327,P3,F3,1.0,0.549105
CCC,2014B,204725,P3,F3,0.0,0.45177042
CCC,2014B,205398,P3,F3,1.0,0.52448237
CCC,2014B,205425,P3,F3,0.0,0.4988824
CCC,2014B,206245,P3,F3,0.0,0.486061
CCC,2014B,206599,P3,F3,1.0,0.57337713
CCC,2014B,227192,P3,F3,0.0,0.53878427
CCC,2014B,227752,P3,F3,1.0,0.4969181
CCC,2014B,228153,P3,F3,1.0,0.6131145
CCC,2014B,228743,P3,F3,1.0,0.63571703
CCC,2014B,229499,P3,F3,1.0,0.628352
CCC,2014B,230761,P3,F3,1.0,0.5904813
CCC,2014B,231339,P3,F3,0.0,0.40460488
CCC,2014B,232833,P3,F3,1.0,0.58591676
CCC,2014B,233444,P3,F3,1.0,0.58985335
CCC,2014B,234068,P3,F3,1.0,0.62862295
CCC,2014B,234311,P3,F3,1.0,0.5703898
CCC,2014B,234740,P3,F3,1.0,0.535594
CCC,2014B,236205,P3,F3,0.0,0.48171356
CCC,2014B,236620,P3,F3,0.0,0.50481874
CCC,2014B,237934,P3,F3,1.0,0.54280275
CCC,2014B,239707,P3,F3,1.0,0.5973918
CCC,2014B,241955,P3,F3,1.0,0.584356
CCC,2014B,242858,P3,F3,0.0,0.5524862
CCC,2014B,244977,P3,F3,0.0,0.44313464
CCC,2014B,245217,P3,F3,1.0,0.56884784
CCC,2014B,245494,P3,F3,1.0,0.57880753
CCC,2014B,246248,P3,F3,1.0,0.63037527
CCC,2014B,247819,P3,F3,0.0,0.45613524
CCC,2014B,250092,P3,F3,1.0,0.6280916
CCC,2014B,251385,P3,F3,0.0,0.45417413
CCC,2014B,253859,P3,F3,0.0,0.45452043
CCC,2014B,255310,P3,F3,0.0,0.5105309
CCC,2014B,256532,P3,F3,1.0,0.6262025
CCC,2014B,260062,P3,F3,1.0,0.6314436
CCC,2014B,260949,P3,F3,0.0,0.5773789
CCC,2014B,261042,P3,F3,1.0,0.63571703
CCC,2014B,261265,P3,F3,1.0,0.5383341
CCC,2014B,261615,P3,F3,0.0,0.5110046
CCC,2014B,262391,P3,F3,1.0,0.5718716
CCC,2014B,264159,P3,F3,0.0,0.5142884
CCC,2014B,266040,P3,F3,1.0,0.5127137
CCC,2014B,266558,P3,F3,1.0,0.5819008
CCC,2014B,266915,P3,F3,1.0,0.5883501
CCC,2014B,267118,P3,F3,1.0,0.61243635
CCC,2014B,268018,P3,F3,1.0,0.5231499
CCC,2014B,269676,P3,F3,0.0,0.6113435
CCC,2014B,278861,P3,F3,1.0,0.39448002
CCC,2014B,279868,P3,F3,0.0,0.52933997
CCC,2014B,281261,P3,F3,1.0,0.52467996
CCC,2014B,281801,P3,F3,0.0,0.4721482
CCC,2014B,282193,P3,F3,0.0,0.48209766
CCC,2014B,283798,P3,F3,0.0,0.5097116
CCC,2014B,284812,P3,F3,0.0,0.42732403
CCC,2014B,285170,P3,F3,0.0,0.51212883
CCC,2014B,285475,P3,F3,0.0,0.47691366
CCC,2014B,289009,P3,F3,0.0,0.5602518
CCC,2014B,290382,P3,F3,1.0,0.5768232
CCC,2014B,291805,P3,F3,0.0,0.55090916
CCC,2014B,295893,P3,F3,1.0,0.5661688
CCC,2014B,296411,P3,F3,0.0,0.4431866
CCC,2014B,298040,P3,F3,0.0,0.3996831
CCC,2014B,300059,P3,F3,0.0,0.55100363
CCC,2014B,300594,P3,F3,1.0,0.5882056
CCC,2014B,300611,P3,F3,1.0,0.58805776
CCC,2014B,301232,P3,F3,0.0,0.5428909
CCC,2014B,305876,P3,F3,1.0,0.5437636
CCC,2014B,308391,P3,F3,1.0,0.6295615
CCC,2014B,308918,P3,F3,1.0,0.57280976
CCC,2014B,309118,P3,F3,0.0,0.60256934
CCC,2014B,310088,P3,F3,1.0,0.5063565
CCC,2014B,311616,P3,F3,0.0,0.41025507
CCC,2014B,312886,P3,F3,1.0,0.6280916
CCC,2014B,314555,P3,F3,1.0,0.6181761
CCC,2014B,315322,P3,F3,1.0,0.6018367
CCC,2014B,315728,P3,F3,0.0,0.48752588
CCC,2014B,316061,P3,F3,1.0,0.63571703
CCC,2014B,316227,P3,F3,0.0,0.45594785
CCC,2014B,319042,P3,F3,1.0,0.5879399
CCC,2014B,320153,P3,F3,1.0,0.5549882
CCC,2014B,321112,P3,F3,1.0,0.63571703
CCC,2014B,324257,P3,F3,1.0,0.5756197
CCC,2014B,325497,P3,F3,1.0,0.49967226
CCC,2014B,328261,P3,F3,1.0,0.56122845
CCC,2014B,329673,P3,F3,0.0,0.52101195
CCC,2014B,330862,P3,F3,1.0,0.510537
CCC,2014B,335553,P3,F3,1.0,0.51066256
CCC,2014B,335648,P3,F3,1.0,0.5939374
CCC,2014B,336398,P3,F3,0.0,0.41691315
CCC,2014B,336695,P3,F3,1.0,0.5361905
CCC,2014B,338604,P3,F3,0.0,0.54430866
CCC,2014B,338731,P3,F3,1.0,0.5509607
CCC,2014B,342089,P3,F3,1.0,0.62860173
CCC,2014B,342957,P3,F3,1.0,0.6086584
CCC,2014B,342974,P3,F3,0.0,0.5160432
CCC,2014B,344367,P3,F3,1.0,0.59103566
CCC,2014B,344396,P3,F3,1.0,0.54273945
CCC,2014B,345256,P3,F3,0.0,0.55209744
CCC,2014B,347764,P3,F3,1.0,0.61037564
CCC,2014B,348050,P3,F3,1.0,0.52357364
CCC,2014B,348159,P3,F3,0.0,0.4748233
CCC,2014B,349069,P3,F3,1.0,0.6136525
CCC,2014B,351328,P3,F3,1.0,0.4657568
CCC,2014B,351577,P3,F3,0.0,0.45271748
CCC,2014B,351775,P3,F3,0.0,0.48999965
CCC,2014B,353660,P3,F3,1.0,0.5646933
CCC,2014B,353804,P3,F3,1.0,0.5901835
CCC,2014B,354607,P3,F3,0.0,0.55259687
CCC,2014B,355143,P3,F3,1.0,0.5491355
CCC,2014B,356274,P3,F3,1.0,0.6038324
CCC,2014B,356523,P3,F3,1.0,0.5953998
CCC,2014B,357176,P3,F3,0.0,0.42880225
CCC,2014B,357851,P3,F3,1.0,0.5891952
CCC,2014B,357942,P3,F3,1.0,0.46539813
CCC,2014B,358075,P3,F3,1.0,0.45703587
CCC,2014B,359114,P3,F3,0.0,0.4673669
CCC,2014B,360547,P3,F3,1.0,0.5614905
CCC,2014B,361410,P3,F3,0.0,0.53087413
CCC,2014B,362223,P3,F3,0.0,0.45323208
CCC,2014B,363374,P3,F3,1.0,0.5620906
CCC,2014B,363773,P3,F3,0.0,0.40630203
CCC,2014B,363906,P3,F3,1.0,0.532003
CCC,2014B,363939,P3,F3,1.0,0.5705689
CCC,2014B,364920,P3,F3,1.0,0.6286822
CCC,2014B,365993,P3,F3,1.0,0.541894
CCC,2014B,366310,P3,F3,0.0,0.5653468
CCC,2014B,368483,P3,F3,1.0,0.63291
CCC,2014B,368876,P3,F3,1.0,0.54034865
CCC,2014B,370336,P3,F3,1.0,0.5378014
CCC,2014B,371526,P3,F3,0.0,0.5377632
CCC,2014B,371901,P3,F3,0.0,0.5284155
CCC,2014B,372812,P3,F3,1.0,0.6025962
CCC,2014B,374028,P3,F3,0.0,0.46698913
CCC,2014B,374756,P3,F3,0.0,0.45142224
CCC,2014B,376701,P3,F3,1.0,0.5924788
CCC,2014B,378920,P3,F3,0.0,0.55775905
CCC,2014B,379406,P3,F3,1.0,0.43994254
CCC,2014B,381240,P3,F3,1.0,0.5247975
CCC,2014B,381927,P3,F3,0.0,0.45454413
CCC,2014B,383140,P3,F3,0.0,0.4886103
CCC,2014B,383158,P3,F3,0.0,0.55069864
CCC,2014B,383311,P3,F3,1.0,0.60704726
CCC,2014B,383347,P3,F3,0.0,0.5470721
CCC,2014B,383372,P3,F3,0.0,0.5708522
CCC,2014B,383971,P3,F3,1.0,0.5289975
CCC,2014B,385120,P3,F3,1.0,0.6005367
CCC,2014B,385387,P3,F3,0.0,0.40564606
CCC,2014B,386189,P3,F3,1.0,0.61241215
CCC,2014B,387009,P3,F3,0.0,0.4171819
CCC,2014B,388538,P3,F3,0.0,0.48342404
CCC,2014B,388708,P3,F3,1.0,0.58961123
CCC,2014B,388750,P3,F3,1.0,0.57864225
CCC,2014B,391343,P3,F3,1.0,0.5539272
CCC,2014B,391419,P3,F3,1.0,0.54075944
CCC,2014B,392289,P3,F3,1.0,0.60743535
CCC,2014B,392526,P3,F3,0.0,0.49919474
CCC,2014B,394311,P3,F3,0.0,0.49205738
CCC,2014B,394341,P3,F3,1.0,0.4705391
CCC,2014B,396825,P3,F3,0.0,0.45545518
CCC,2014B,397506,P3,F3,0.0,0.5017276
CCC,2014B,398487,P3,F3,1.0,0.55180156
CCC,2014B,400063,P3,F3,1.0,0.6304612
CCC,2014B,401296,P3,F3,0.0,0.4636917
CCC,2014B,401903,P3,F3,0.0,0.46424633
CCC,2014B,403085,P3,F3,0.0,0.43540615
CCC,2014B,404239,P3,F3,1.0,0.62140137
CCC,2014B,406265,P3,F3,1.0,0.4785433
CCC,2014B,406846,P3,F3,1.0,0.60743535
CCC,2014B,406908,P3,F3,1.0,0.5304159
CCC,2014B,406937,P3,F3,1.0,0.59415084
CCC,2014B,407453,P3,F3,1.0,0.5743962
CCC,2014B,407818,P3,F3,1.0,0.55764633
CCC,2014B,408371,P3,F3,1.0,0.57308763
CCC,2014B,408413,P3,F3,1.0,0.5189321
CCC,2014B,409540,P3,F3,1.0,0.515534
CCC,2014B,410203,P3,F3,0.0,0.48201433
CCC,2014B,410407,P3,F3,0.0,0.45358375
CCC,2014B,410699,P3,F3,0.0,0.52291006
CCC,2014B,410886,P3,F3,1.0,0.51739013
CCC,2014B,412258,P3,F3,0.0,0.45659086
CCC,2014B,412284,P3,F3,1.0,0.6083916
CCC,2014B,413083,P3,F3,1.0,0.57910115
CCC,2014B,416500,P3,F3,1.0,0.59428406
CCC,2014B,416689,P3,F3,0.0,0.58659494
CCC,2014B,416860,P3,F3,1.0,0.59871376
CCC,2014B,417820,P3,F3,0.0,0.4982103
CCC,2014B,418224,P3,F3,1.0,0.52562416
CCC,2014B,418623,P3,F3,0.0,0.5044668
CCC,2014B,418971,P3,F3,1.0,0.6136911
CCC,2014B,419233,P3,F3,1.0,0.5308595
CCC,2014B,419536,P3,F3,1.0,0.5455969
CCC,2014B,420345,P3,F3,0.0,0.5060196
CCC,2014B,420528,P3,F3,0.0,0.4416112
CCC,2014B,420935,P3,F3,0.0,0.4014632
CCC,2014B,421209,P3,F3,0.0,0.625048
CCC,2014B,421712,P3,F3,1.0,0.5159136
CCC,2014B,423879,P3,F3,0.0,0.41243342
CCC,2014B,424082,P3,F3,0.0,0.5616998
CCC,2014B,424112,P3,F3,0.0,0.51011354
CCC,2014B,424950,P3,F3,0.0,0.5530898
CCC,2014B,425287,P3,F3,1.0,0.6027361
CCC,2014B,426610,P3,F3,0.0,0.4653495
CCC,2014B,426616,P3,F3,1.0,0.59198296
CCC,2014B,429065,P3,F3,1.0,0.53275967
CCC,2014B,429185,P3,F3,0.0,0.40978512
CCC,2014B,430686,P3,F3,0.0,0.53145033
CCC,2014B,431014,P3,F3,1.0,0.588682
CCC,2014B,431386,P3,F3,0.0,0.5225501
CCC,2014B,432278,P3,F3,1.0,0.51023614
CCC,2014B,434562,P3,F3,0.0,0.5080481
CCC,2014B,434573,P3,F3,1.0,0.63571703
CCC,2014B,436058,P3,F3,0.0,0.53823423
CCC,2014B,438313,P3,F3,1.0,0.5755017
CCC,2014B,438796,P3,F3,0.0,0.5006563
CCC,2014B,440323,P3,F3,1.0,0.5190842
CCC,2014B,440905,P3,F3,1.0,0.571353
CCC,2014B,441540,P3,F3,1.0,0.5301047
CCC,2014B,441606,P3,F3,1.0,0.5967018
CCC,2014B,442954,P3,F3,1.0,0.629312
CCC,2014B,445777,P3,F3,0.0,0.5006701
CCC,2014B,445917,P3,F3,0.0,0.4243358
CCC,2014B,445972,P3,F3,0.0,0.44100276
CCC,2014B,446295,P3,F3,1.0,0.61270183
CCC,2014B,446628,P3,F3,1.0,0.61569554
CCC,2014B,447306,P3,F3,1.0,0.55507123
CCC,2014B,464236,P3,F3,1.0,0.5722773
CCC,2014B,465406,P3,F3,0.0,0.5189742
CCC,2014B,465719,P3,F3,1.0,0.6314436
CCC,2014B,465843,P3,F3,1.0,0.5302575
CCC,2014B,466289,P3,F3,0.0,0.46400294
CCC,2014B,466714,P3,F3,1.0,0.6059969
CCC,2014B,467230,P3,F3,0.0,0.51280177
CCC,2014B,467753,P3,F3,1.0,0.5686999
CCC,2014B,467894,P3,F3,1.0,0.5892678
CCC,2014B,468753,P3,F3,1.0,0.54259413
CCC,2014B,469761,P3,F3,0.0,0.46617353
CCC,2014B,470002,P3,F3,1.0,0.5484783
CCC,2014B,471018,P3,F3,1.0,0.5944013
CCC,2014B,471580,P3,F3,1.0,0.57085365
CCC,2014B,471657,P3,F3,0.0,0.5287108
CCC,2014B,471979,P3,F3,0.0,0.485121
CCC,2014B,472087,P3,F3,0.0,0.5837166
CCC,2014B,472309,P3,F3,1.0,0.5357596
CCC,2014B,473965,P3,F3,0.0,0.58416766
CCC,2014B,474283,P3,F3,1.0,0.5639714
CCC,2014B,474759,P3,F3,1.0,0.570256
CCC,2014B,475149,P3,F3,1.0,0.46680978
CCC,2014B,475556,P3,F3,1.0,0.54094625
CCC,2014B,475945,P3,F3,0.0,0.49137947
CCC,2014B,476108,P3,F3,0.0,0.46635017
CCC,2014B,476937,P3,F3,1.0,0.51797485
CCC,2014B,477067,P3,F3,0.0,0.42482233
CCC,2014B,478212,P3,F3,1.0,0.6043504
CCC,2014B,478550,P3,F3,1.0,0.41532278
CCC,2014B,478977,P3,F3,1.0,0.53583
CCC,2014B,479607,P3,F3,1.0,0.54025793
CCC,2014B,479725,P3,F3,1.0,0.63571703
CCC,2014B,479753,P3,F3,1.0,0.5796578
CCC,2014B,480604,P3,F3,1.0,0.4617095
CCC,2014B,480929,P3,F3,0.0,0.44624394
CCC,2014B,480943,P3,F3,0.0,0.5300104
CCC,2014B,482280,P3,F3,0.0,0.5141878
CCC,2014B,482745,P3,F3,1.0,0.5882947
CCC,2014B,483108,P3,F3,1.0,0.5176815
CCC,2014B,483267,P3,F3,1.0,0.53990275
CCC,2014B,483275,P3,F3,0.0,0.53122544
CCC,2014B,484174,P3,F3,1.0,0.5767737
CCC,2014B,484464,P3,F3,0.0,0.45745313
CCC,2014B,485312,P3,F3,0.0,0.4406198
CCC,2014B,485374,P3,F3,0.0,0.4818406
CCC,2014B,485594,P3,F3,1.0,0.60138726
CCC,2014B,485604,P3,F3,0.0,0.432232
CCC,2014B,485944,P3,F3,1.0,0.53990865
CCC,2014B,486378,P3,F3,1.0,0.61645913
CCC,2014B,487494,P3,F3,1.0,0.63037527
CCC,2014B,487629,P3,F3,1.0,0.5491661
CCC,2014B,488431,P3,F3,0.0,0.53968084
CCC,2014B,489929,P3,F3,0.0,0.5217715
CCC,2014B,490024,P3,F3,0.0,0.56807226
CCC,2014B,490081,P3,F3,0.0,0.5516775
CCC,2014B,490282,P3,F3,0.0,0.51819944
CCC,2014B,490297,P3,F3,1.0,0.61123335
CCC,2014B,490587,P3,F3,1.0,0.5848703
CCC,2014B,490662,P3,F3,1.0,0.5767712
CCC,2014B,490768,P3,F3,1.0,0.5248126
CCC,2014B,490769,P3,F3,1.0,0.5610655
CCC,2014B,491170,P3,F3,1.0,0.55619925
CCC,2014B,491232,P3,F3,1.0,0.6076578
CCC,2014B,491742,P3,F3,1.0,0.59387964
CCC,2014B,491843,P3,F3,1.0,0.56749815
CCC,2014B,492357,P3,F3,1.0,0.52973807
CCC,2014B,492900,P3,F3,0.0,0.5986375
CCC,2014B,493822,P3,F3,1.0,0.5411027
CCC,2014B,493988,P3,F3,1.0,0.522518
CCC,2014B,494389,P3,F3,1.0,0.63571703
CCC,2014B,494919,P3,F3,0.0,0.4823868
CCC,2014B,495320,P3,F3,0.0,0.5152835
CCC,2014B,496108,P3,F3,1.0,0.5939134
CCC,2014B,497080,P3,F3,1.0,0.57478833
CCC,2014B,498043,P3,F3,1.0,0.5074583
CCC,2014B,498138,P3,F3,1.0,0.6151459
CCC,2014B,498741,P3,F3,1.0,0.54455966
CCC,2014B,500006,P3,F3,1.0,0.5392181
CCC,2014B,500189,P3,F3,1.0,0.57603717
CCC,2014B,500597,P3,F3,1.0,0.5606946
CCC,2014B,501339,P3,F3,1.0,0.5064379
CCC,2014B,501443,P3,F3,1.0,0.54915714
CCC,2014B,501652,P3,F3,1.0,0.6062371
CCC,2014B,502465,P3,F3,0.0,0.5480711
CCC,2014B,502554,P3,F3,0.0,0.42435977
CCC,2014B,502833,P3,F3,1.0,0.6244152
CCC,2014B,502868,P3,F3,0.0,0.51563853
CCC,2014B,502929,P3,F3,1.0,0.5986207
CCC,2014B,503469,P3,F3,1.0,0.5321891
CCC,2014B,503872,P3,F3,1.0,0.6262025
CCC,2014B,504057,P3,F3,1.0,0.6284112
CCC,2014B,505235,P3,F3,1.0,0.53475624
CCC,2014B,505520,P3,F3,1.0,0.57015574
CCC,2014B,505767,P3,F3,0.0,0.46262535
CCC,2014B,505815,P3,F3,1.0,0.48322922
CCC,2014B,506206,P3,F3,0.0,0.4917285
CCC,2014B,507034,P3,F3,0.0,0.5132424
CCC,2014B,507388,P3,F3,1.0,0.6026136
CCC,2014B,507523,P3,F3,0.0,0.57044333
CCC,2014B,507671,P3,F3,1.0,0.5553262
CCC,2014B,508025,P3,F3,1.0,0.5334882
CCC,2014B,509029,P3,F3,0.0,0.52567077
CCC,2014B,509102,P3,F3,0.0,0.5118103
CCC,2014B,509122,P3,F3,1.0,0.604546
CCC,2014B,509183,P3,F3,0.0,0.49750513
CCC,2014B,509649,P3,F3,1.0,0.6053579
CCC,2014B,509839,P3,F3,0.0,0.45897257
CCC,2014B,510070,P3,F3,1.0,0.5828269
CCC,2014B,510694,P3,F3,1.0,0.62532
CCC,2014B,510914,P3,F3,1.0,0.4438075
CCC,2014B,511473,P3,F3,0.0,0.56365806
CCC,2014B,511657,P3,F3,1.0,0.56848323
CCC,2014B,512353,P3,F3,1.0,0.58843267
CCC,2014B,512475,P3,F3,0.0,0.4585856
CCC,2014B,512582,P3,F3,1.0,0.5182485
CCC,2014B,513638,P3,F3,0.0,0.49714336
CCC,2014B,513934,P3,F3,1.0,0.5117941
CCC,2014B,514000,P3,F3,1.0,0.50720584
CCC,2014B,514186,P3,F3,1.0,0.57707894
CCC,2014B,515046,P3,F3,0.0,0.46856266
CCC,2014B,515107,P3,F3,0.0,0.5206839
CCC,2014B,515278,P3,F3,1.0,0.5063861
CCC,2014B,515515,P3,F3,1.0,0.48140442
CCC,2014B,515774,P3,F3,0.0,0.5234708
CCC,2014B,515936,P3,F3,1.0,0.61475754
CCC,2014B,516024,P3,F3,0.0,0.56523883
CCC,2014B,516238,P3,F3,0.0,0.5025889
CCC,2014B,516496,P3,F3,0.0,0.52100426
CCC,2014B,516685,P3,F3,1.0,0.5803246
CCC,2014B,516726,P3,F3,0.0,0.55171484
CCC,2014B,517999,P3,F3,0.0,0.42937315
CCC,2014B,518116,P3,F3,1.0,0.6212259
CCC,2014B,518363,P3,F3,0.0,0.50971615
CCC,2014B,518862,P3,F3,0.0,0.5269362
CCC,2014B,519544,P3,F3,0.0,0.5821864
CCC,2014B,519589,P3,F3,1.0,0.59134537
CCC,2014B,520377,P3,F3,0.0,0.5280153
CCC,2014B,520588,P3,F3,1.0,0.528313
CCC,2014B,521051,P3,F3,0.0,0.55242914
CCC,2014B,521297,P3,F3,0.0,0.5781387
CCC,2014B,521542,P3,F3,1.0,0.63571703
CCC,2014B,521614,P3,F3,0.0,0.3996831
CCC,2014B,522312,P3,F3,0.0,0.44965702
CCC,2014B,522484,P3,F3,1.0,0.5823899
CCC,2014B,522682,P3,F3,1.0,0.6212259
CCC,2014B,523061,P3,F3,0.0,0.54830843
CCC,2014B,523079,P3,F3,0.0,0.46029726
CCC,2014B,523239,P3,F3,1.0,0.5932391
CCC,2014B,523335,P3,F3,1.0,0.55445266
CCC,2014B,523710,P3,F3,1.0,0.5518691
CCC,2014B,524128,P3,F3,0.0,0.508685
CCC,2014B,524295,P3,F3,0.0,0.5270954
CCC,2014B,524378,P3,F3,0.0,0.46800074
CCC,2014B,524386,P3,F3,1.0,0.533903
CCC,2014B,525332,P3,F3,1.0,0.6141255
CCC,2014B,525832,P3,F3,0.0,0.41955686
CCC,2014B,526073,P3,F3,1.0,0.5990272
CCC,2014B,526235,P3,F3,1.0,0.58786774
CCC,2014B,526547,P3,F3,1.0,0.58086497
CCC,2014B,526564,P3,F3,1.0,0.40547332
CCC,2014B,526876,P3,F3,1.0,0.47890908
CCC,2014B,526927,P3,F3,0.0,0.4596992
CCC,2014B,527771,P3,F3,1.0,0.54141575
CCC,2014B,527826,P3,F3,0.0,0.4044056
CCC,2014B,527964,P3,F3,0.0,0.47750157
CCC,2014B,528021,P3,F3,1.0,0.58968484
CCC,2014B,528023,P3,F3,1.0,0.5943713
CCC,2014B,528066,P3,F3,0.0,0.53413945
CCC,2014B,528892,P3,F3,0.0,0.5819075
CCC,2014B,529025,P3,F3,0.0,0.5787099
CCC,2014B,529073,P3,F3,1.0,0.59320986
CCC,2014B,529078,P3,F3,1.0,0.511711
CCC,2014B,529153,P3,F3,1.0,0.55816865
CCC,2014B,529434,P3,F3,0.0,0.52112454
CCC,2014B,530113,P3,F3,1.0,0.5377443
CCC,2014B,530481,P3,F3,1.0,0.60064816
CCC,2014B,530650,P3,F3,0.0,0.5268007
CCC,2014B,530936,P3,F3,1.0,0.56876236
CCC,2014B,531047,P3,F3,1.0,0.60474896
CCC,2014B,531075,P3,F3,1.0,0.63291
CCC,2014B,532020,P3,F3,0.0,0.5309975
CCC,2014B,532350,P3,F3,0.0,0.4981304
CCC,2014B,532531,P3,F3,1.0,0.60275877
CCC,2014B,532565,P3,F3,1.0,0.5889161
CCC,2014B,532718,P3,F3,0.0,0.4841175
CCC,2014B,532859,P3,F3,1.0,0.6017136
CCC,2014B,533004,P3,F3,1.0,0.6066757
CCC,2014B,534074,P3,F3,1.0,0.6314436
CCC,2014B,535047,P3,F3,0.0,0.54692024
CCC,2014B,535682,P3,F3,1.0,0.5674606
CCC,2014B,536032,P3,F3,1.0,0.5618444
CCC,2014B,536170,P3,F3,0.0,0.40800992
CCC,2014B,536261,P3,F3,0.0,0.62072325
CCC,2014B,536435,P3,F3,1.0,0.4613942
CCC,2014B,536536,P3,F3,1.0,0.6005853
CCC,2014B,537322,P3,F3,0.0,0.53622496
CCC,2014B,537603,P3,F3,1.0,0.5953493
CCC,2014B,537606,P3,F3,1.0,0.5111007
CCC,2014B,537622,P3,F3,1.0,0.5302648
CCC,2014B,537654,P3,F3,1.0,0.55213493
CCC,2014B,537658,P3,F3,1.0,0.62535685
CCC,2014B,538887,P3,F3,1.0,0.54448026
CCC,2014B,539328,P3,F3,1.0,0.51730007
CCC,2014B,539514,P3,F3,1.0,0.4821662
CCC,2014B,539784,P3,F3,0.0,0.44120798
CCC,2014B,539971,P3,F3,0.0,0.5916565
CCC,2014B,540686,P3,F3,0.0,0.4779091
CCC,2014B,541003,P3,F3,1.0,0.5558768
CCC,2014B,541184,P3,F3,1.0,0.555576
CCC,2014B,542050,P3,F3,1.0,0.532799
CCC,2014B,542721,P3,F3,1.0,0.63571703
CCC,2014B,543170,P3,F3,0.0,0.52190185
CCC,2014B,543417,P3,F3,1.0,0.60068333
CCC,2014B,543475,P3,F3,1.0,0.57765335
CCC,2014B,543678,P3,F3,0.0,0.54953307
CCC,2014B,543924,P3,F3,1.0,0.6280916
CCC,2014B,543948,P3,F3,0.0,0.44839185
CCC,2014B,544090,P3,F3,1.0,0.46834973
CCC,2014B,544467,P3,F3,1.0,0.60292953
CCC,2014B,544490,P3,F3,0.0,0.54076946
CCC,2014B,544594,P3,F3,0.0,0.4289693
CCC,2014B,544791,P3,F3,1.0,0.6014547
CCC,2014B,544839,P3,F3,0.0,0.41746065
CCC,2014B,545045,P3,F3,1.0,0.5994165
CCC,2014B,545740,P3,F3,0.0,0.47413644
CCC,2014B,545747,P3,F3,0.0,0.40550357
CCC,2014B,546400,P3,F3,1.0,0.6271896
CCC,2014B,546675,P3,F3,1.0,0.6032129
CCC,2014B,547287,P3,F3,0.0,0.4281073
CCC,2014B,547332,P3,F3,1.0,0.40278545
CCC,2014B,547413,P3,F3,1.0,0.5946408
CCC,2014B,547571,P3,F3,1.0,0.5042889
CCC,2014B,547986,P3,F3,1.0,0.5489697
CCC,2014B,548261,P3,F3,1.0,0.53192675
CCC,2014B,548383,P3,F3,1.0,0.56851524
CCC,2014B,548386,P3,F3,0.0,0.49228454
CCC,2014B,548509,P3,F3,0.0,0.41525608
CCC,2014B,548602,P3,F3,0.0,0.49611548
CCC,2014B,548677,P3,F3,0.0,0.4984719
CCC,2014B,548764,P3,F3,1.0,0.51412183
CCC,2014B,548854,P3,F3,0.0,0.59942436
CCC,2014B,549636,P3,F3,1.0,0.45791814
CCC,2014B,549928,P3,F3,1.0,0.6244152
CCC,2014B,549951,P3,F3,0.0,0.5298304
CCC,2014B,550092,P3,F3,1.0,0.5963382
CCC,2014B,550545,P3,F3,1.0,0.49758816
CCC,2014B,550812,P3,F3,1.0,0.5887718
CCC,2014B,550893,P3,F3,1.0,0.62710553
CCC,2014B,551115,P3,F3,0.0,0.41841942
CCC,2014B,551267,P3,F3,0.0,0.55474114
CCC,2014B,551304,P3,F3,0.0,0.5233606
CCC,2014B,551478,P3,F3,0.0,0.48968273
CCC,2014B,551528,P3,F3,1.0,0.58665377
CCC,2014B,551604,P3,F3,1.0,0.5246588
CCC,2014B,551856,P3,F3,1.0,0.59686625
CCC,2014B,551902,P3,F3,1.0,0.6058347
CCC,2014B,552166,P3,F3,1.0,0.58966744
CCC,2014B,552441,P3,F3,0.0,0.42633688
CCC,2014B,552498,P3,F3,1.0,0.52866966
CCC,2014B,552590,P3,F3,1.0,0.5859227
CCC,2014B,552913,P3,F3,0.0,0.5785931
CCC,2014B,553021,P3,F3,0.0,0.41470838
CCC,2014B,553280,P3,F3,0.0,0.48533854
CCC,2014B,553394,P3,F3,0.0,0.40750414
CCC,2014B,553410,P3,F3,1.0,0.5281703
CCC,2014B,553655,P3,F3,0.0,0.5328673
CCC,2014B,553741,P3,F3,1.0,0.570466
CCC,2014B,554141,P3,F3,0.0,0.5069925
CCC,2014B,554205,P3,F3,1.0,0.40965533
CCC,2014B,554583,P3,F3,0.0,0.60386294
CCC,2014B,554870,P3,F3,0.0,0.5775902
CCC,2014B,554951,P3,F3,0.0,0.5764667
CCC,2014B,555008,P3,F3,0.0,0.44467023
CCC,2014B,555368,P3,F3,1.0,0.5455567
CCC,2014B,555604,P3,F3,0.0,0.59066045
CCC,2014B,555706,P3,F3,0.0,0.49802643
CCC,2014B,555953,P3,F3,1.0,0.55273056
CCC,2014B,556042,P3,F3,1.0,0.60068333
CCC,2014B,556109,P3,F3,1.0,0.5591698
CCC,2014B,556246,P3,F3,0.0,0.46165147
CCC,2014B,556295,P3,F3,0.0,0.45708367
CCC,2014B,556521,P3,F3,1.0,0.58912784
CCC,2014B,556584,P3,F3,0.0,0.47653568
CCC,2014B,556587,P3,F3,1.0,0.5972706
CCC,2014B,556858,P3,F3,0.0,0.5513834
CCC,2014B,556918,P3,F3,1.0,0.4969006
CCC,2014B,557172,P3,F3,1.0,0.6067294
CCC,2014B,557700,P3,F3,1.0,0.59142387
CCC,2014B,557995,P3,F3,1.0,0.58192754
CCC,2014B,558122,P3,F3,1.0,0.629312
CCC,2014B,558444,P3,F3,1.0,0.6304612
CCC,2014B,558471,P3,F3,1.0,0.4798352
CCC,2014B,558518,P3,F3,0.0,0.5247529
CCC,2014B,558616,P3,F3,0.0,0.55890983
CCC,2014B,558914,P3,F3,1.0,0.5710755
CCC,2014B,559157,P3,F3,1.0,0.5938921
CCC,2014B,559469,P3,F3,1.0,0.566552
CCC,2014B,559706,P3,F3,0.0,0.58261037
CCC,2014B,559770,P3,F3,0.0,0.508015
CCC,2014B,559912,P3,F3,1.0,0.55427957
CCC,2014B,559977,P3,F3,1.0,0.6256959
CCC,2014B,560114,P3,F3,0.0,0.527188
CCC,2014B,560311,P3,F3,0.0,0.47068468
CCC,2014B,560494,P3,F3,0.0,0.44113475
CCC,2014B,560784,P3,F3,1.0,0.53597987
CCC,2014B,560951,P3,F3,1.0,0.56718415
CCC,2014B,561363,P3,F3,0.0,0.56799597
CCC,2014B,561559,P3,F3,0.0,0.441257
CCC,2014B,561774,P3,F3,0.0,0.46888396
CCC,2014B,562450,P3,F3,0.0,0.4994714
CCC,2014B,562585,P3,F3,1.0,0.5967579
CCC,2014B,562825,P3,F3,0.0,0.5469796
CCC,2014B,563046,P3,F3,0.0,0.58357435
CCC,2014B,563631,P3,F3,1.0,0.60330194
CCC,2014B,563819,P3,F3,0.0,0.6232585
CCC,2014B,563967,P3,F3,1.0,0.59087646
CCC,2014B,564700,P3,F3,1.0,0.58833253
CCC,2014B,565399,P3,F3,0.0,0.4187143
CCC,2014B,565838,P3,F3,1.0,0.5138303
CCC,2014B,565883,P3,F3,1.0,0.5899165
CCC,2014B,566185,P3,F3,1.0,0.5646027
CCC,2014B,566310,P3,F3,0.0,0.5061293
CCC,2014B,566428,P3,F3,0.0,0.51799214
CCC,2014B,566664,P3,F3,1.0,0.62528443
CCC,2014B,566670,P3,F3,0.0,0.5286004
CCC,2014B,566715,P3,F3,0.0,0.47599086
CCC,2014B,566871,P3,F3,1.0,0.47758302
CCC,2014B,566872,P3,F3,1.0,0.5649019
CCC,2014B,568047,P3,F3,1.0,0.5777338
CCC,2014B,568084,P3,F3,0.0,0.46822947
CCC,2014B,569080,P3,F3,0.0,0.41764638
CCC,2014B,569108,P3,F3,0.0,0.44424975
CCC,2014B,569342,P3,F3,1.0,0.5991044
CCC,2014B,569609,P3,F3,0.0,0.6037156
CCC,2014B,569712,P3,F3,1.0,0.5160826
CCC,2014B,570113,P3,F3,1.0,0.58805275
CCC,2014B,570410,P3,F3,0.0,0.53937924
CCC,2014B,570514,P3,F3,1.0,0.5715735
CCC,2014B,570872,P3,F3,0.0,0.5882067
CCC,2014B,570967,P3,F3,0.0,0.51491183
CCC,2014B,571025,P3,F3,1.0,0.49019513
CCC,2014B,571129,P3,F3,0.0,0.3957942
CCC,2014B,571233,P3,F3,1.0,0.5063352
CCC,2014B,571389,P3,F3,1.0,0.5914868
CCC,2014B,571571,P3,F3,0.0,0.46350121
CCC,2014B,571595,P3,F3,1.0,0.61304694
CCC,2014B,571776,P3,F3,0.0,0.42374548
CCC,2014B,571992,P3,F3,1.0,0.61444294
CCC,2014B,572036,P3,F3,0.0,0.52205783
CCC,2014B,572279,P3,F3,1.0,0.62860173
CCC,2014B,572303,P3,F3,0.0,0.5935749
CCC,2014B,572382,P3,F3,1.0,0.5956632
CCC,2014B,572401,P3,F3,1.0,0.6136912
CCC,2014B,572438,P3,F3,0.0,0.41052982
CCC,2014B,572570,P3,F3,0.0,0.5203731
CCC,2014B,572854,P3,F3,0.0,0.45374408
CCC,2014B,572891,P3,F3,0.0,0.5683642
CCC,2014B,573153,P3,F3,1.0,0.6094401
CCC,2014B,573166,P3,F3,1.0,0.49470374
CCC,2014B,573197,P3,F3,1.0,0.5869145
CCC,2014B,573377,P3,F3,0.0,0.53400004
CCC,2014B,573440,P3,F3,0.0,0.5422808
CCC,2014B,573558,P3,F3,0.0,0.5901051
CCC,2014B,573662,P3,F3,1.0,0.581594
CCC,2014B,573696,P3,F3,1.0,0.5026405
CCC,2014B,573697,P3,F3,1.0,0.6295861
CCC,2014B,573701,P3,F3,1.0,0.63571703
CCC,2014B,574221,P3,F3,0.0,0.463662
CCC,2014B,574283,P3,F3,1.0,0.5303912
CCC,2014B,574529,P3,F3,1.0,0.60252523
CCC,2014B,574551,P3,F3,1.0,0.53572184
CCC,2014B,574580,P3,F3,1.0,0.62345976
CCC,2014B,574663,P3,F3,1.0,0.5907215
CCC,2014B,574817,P3,F3,0.0,0.5220683
CCC,2014B,575166,P3,F3,1.0,0.51267445
CCC,2014B,575545,P3,F3,1.0,0.4679477
CCC,2014B,575733,P3,F3,0.0,0.4878577
CCC,2014B,575745,P3,F3,0.0,0.5162166
CCC,2014B,575824,P3,F3,0.0,0.44549572
CCC,2014B,575967,P3,F3,0.0,0.47269025
CCC,2014B,576191,P3,F3,1.0,0.5843549
CCC,2014B,576383,P3,F3,0.0,0.40394235
CCC,2014B,576413,P3,F3,0.0,0.4330601
CCC,2014B,576475,P3,F3,0.0,0.5091172
CCC,2014B,576516,P3,F3,1.0,0.5640702
CCC,2014B,576780,P3,F3,0.0,0.44460252
CCC,2014B,576782,P3,F3,1.0,0.48828572
CCC,2014B,577035,P3,F3,0.0,0.47493565
CCC,2014B,577236,P3,F3,0.0,0.43446553
CCC,2014B,577245,P3,F3,1.0,0.530727
CCC,2014B,577273,P3,F3,1.0,0.5842507
CCC,2014B,577352,P3,F3,1.0,0.63571703
CCC,2014B,577414,P3,F3,0.0,0.538796
CCC,2014B,577427,P3,F3,1.0,0.62595206
CCC,2014B,577502,P3,F3,0.0,0.47275764
CCC,2014B,577686,P3,F3,1.0,0.51278704
CCC,2014B,578034,P3,F3,1.0,0.5162315
CCC,2014B,578189,P3,F3,0.0,0.53984714
CCC,2014B,578450,P3,F3,1.0,0.54144573
CCC,2014B,578541,P3,F3,1.0,0.57617205
CCC,2014B,578655,P3,F3,0.0,0.5052885
CCC,2014B,578823,P3,F3,1.0,0.6244152
CCC,2014B,578850,P3,F3,0.0,0.48311985
CCC,2014B,578958,P3,F3,0.0,0.56707364
CCC,2014B,579027,P3,F3,1.0,0.63571703
CCC,2014B,579321,P3,F3,1.0,0.63571703
CCC,2014B,579340,P3,F3,1.0,0.54457176
CCC,2014B,579343,P3,F3,0.0,0.488775
CCC,2014B,579372,P3,F3,1.0,0.6255893
CCC,2014B,579550,P3,F3,0.0,0.48680606
CCC,2014B,580511,P3,F3,1.0,0.5902726
CCC,2014B,580525,P3,F3,0.0,0.56074804
CCC,2014B,580689,P3,F3,1.0,0.5829462
CCC,2014B,580768,P3,F3,1.0,0.6038627
CCC,2014B,580779,P3,F3,0.0,0.50783813
CCC,2014B,581123,P3,F3,1.0,0.60037863
CCC,2014B,581328,P3,F3,1.0,0.6155255
CCC,2014B,581611,P3,F3,0.0,0.4673038
CCC,2014B,581614,P3,F3,0.0,0.58475804
CCC,2014B,581744,P3,F3,1.0,0.5869145
CCC,2014B,582087,P3,F3,1.0,0.518386
CCC,2014B,582108,P3,F3,1.0,0.4702174
CCC,2014B,582827,P3,F3,1.0,0.6063478
CCC,2014B,582879,P3,F3,0.0,0.58381176
CCC,2014B,582950,P3,F3,0.0,0.5269358
CCC,2014B,583032,P3,F3,0.0,0.43870848
CCC,2014B,583052,P3,F3,0.0,0.462481
CCC,2014B,583192,P3,F3,0.0,0.49299845
CCC,2014B,583906,P3,F3,0.0,0.40670633
CCC,2014B,584077,P3,F3,1.0,0.5790972
CCC,2014B,584191,P3,F3,0.0,0.5713086
CCC,2014B,584446,P3,F3,0.0,0.5905767
CCC,2014B,584756,P3,F3,1.0,0.63291
CCC,2014B,584771,P3,F3,1.0,0.5514269
CCC,2014B,584940,P3,F3,0.0,0.45463368
CCC,2014B,585057,P3,F3,0.0,0.5279259
CCC,2014B,585093,P3,F3,0.0,0.41407976
CCC,2014B,585383,P3,F3,0.0,0.49598792
CCC,2014B,585393,P3,F3,0.0,0.39911482
CCC,2014B,585397,P3,F3,0.0,0.5116943
CCC,2014B,585455,P3,F3,0.0,0.45928118
CCC,2014B,585681,P3,F3,1.0,0.56752294
CCC,2014B,585695,P3,F3,0.0,0.48203874
CCC,2014B,585709,P3,F3,0.0,0.41202512
CCC,2014B,585769,P3,F3,1.0,0.42928937
CCC,2014B,585900,P3,F3,1.0,0.5136997
CCC,2014B,586060,P3,F3,1.0,0.63291
CCC,2014B,586132,P3,F3,1.0,0.5927548
CCC,2014B,586436,P3,F3,1.0,0.61552817
CCC,2014B,586473,P3,F3,1.0,0.62566525
CCC,2014B,586526,P3,F3,1.0,0.6155255
CCC,2014B,586716,P3,F3,1.0,0.5855371
CCC,2014B,586921,P3,F3,1.0,0.5966092
CCC,2014B,587585,P3,F3,1.0,0.63571703
CCC,2014B,587621,P3,F3,1.0,0.6119648
CCC,2014B,587783,P3,F3,0.0,0.47654283
CCC,2014B,587906,P3,F3,0.0,0.5026925
CCC,2014B,587911,P3,F3,0.0,0.42300478
CCC,2014B,588219,P3,F3,1.0,0.57348734
CCC,2014B,588274,P3,F3,0.0,0.40121806
CCC,2014B,588402,P3,F3,1.0,0.5078662
CCC,2014B,588430,P3,F3,0.0,0.5786589
CCC,2014B,588460,P3,F3,1.0,0.5262049
CCC,2014B,588464,P3,F3,1.0,0.54399174
CCC,2014B,588473,P3,F3,0.0,0.4791877
CCC,2014B,588524,P3,F3,0.0,0.60373724
CCC,2014B,588590,P3,F3,1.0,0.53973997
CCC,2014B,588676,P3,F3,0.0,0.5546075
CCC,2014B,588707,P3,F3,0.0,0.48480242
CCC,2014B,588710,P3,F3,1.0,0.58797413
CCC,2014B,588846,P3,F3,1.0,0.52500844
CCC,2014B,588956,P3,F3,0.0,0.58132756
CCC,2014B,589327,P3,F3,1.0,0.57925063
CCC,2014B,589390,P3,F3,0.0,0.46905035
CCC,2014B,589525,P3,F3,0.0,0.45293677
CCC,2014B,589722,P3,F3,1.0,0.5885401
CCC,2014B,589894,P3,F3,1.0,0.50916755
CCC,2014B,590072,P3,F3,1.0,0.63571703
CCC,2014B,590762,P3,F3,1.0,0.6189533
CCC,2014B,590877,P3,F3,1.0,0.60170555
CCC,2014B,590914,P3,F3,1.0,0.5272278
CCC,2014B,590961,P3,F3,1.0,0.5749206
CCC,2014B,590974,P3,F3,1.0,0.52850467
CCC,2014B,591375,P3,F3,0.0,0.46271265
CCC,2014B,591388,P3,F3,0.0,0.4059636
CCC,2014B,591566,P3,F3,1.0,0.5953264
CCC,2014B,591619,P3,F3,1.0,0.5177831
CCC,2014B,591655,P3,F3,1.0,0.61107796
CCC,2014B,591719,P3,F3,1.0,0.62585294
CCC,2014B,591738,P3,F3,1.0,0.48037204
CCC,2014B,591958,P3,F3,0.0,0.48937163
CCC,2014B,592007,P3,F3,1.0,0.58847314
CCC,2014B,592051,P3,F3,1.0,0.5732463
CCC,2014B,592093,P3,F3,1.0,0.5895456
CCC,2014B,592151,P3,F3,0.0,0.5082966
CCC,2014B,592158,P3,F3,1.0,0.5857835
CCC,2014B,592259,P3,F3,1.0,0.50614566
CCC,2014B,592429,P3,F3,1.0,0.63291
CCC,2014B,592609,P3,F3,1.0,0.5887153
CCC,2014B,592775,P3,F3,0.0,0.49102378
CCC,2014B,592776,P3,F3,0.0,0.46074077
CCC,2014B,592842,P3,F3,1.0,0.63037527
CCC,2014B,592876,P3,F3,1.0,0.62416434
CCC,2014B,592939,P3,F3,1.0,0.5905588
CCC,2014B,592961,P3,F3,0.0,0.42772955
CCC,2014B,592976,P3,F3,0.0,0.49020427
CCC,2014B,593071,P3,F3,1.0,0.6083916
CCC,2014B,593103,P3,F3,0.0,0.49928293
CCC,2014B,593123,P3,F3,1.0,0.50788474
CCC,2014B,593305,P3,F3,0.0,0.59713507
CCC,2014B,593787,P3,F3,1.0,0.624121
CCC,2014B,593823,P3,F3,0.0,0.4041485
CCC,2014B,593972,P3,F3,0.0,0.47054443
CCC,2014B,593995,P3,F3,0.0,0.44041133
CCC,2014B,594044,P3,F3,0.0,0.4614864
CCC,2014B,594111,P3,F3,1.0,0.6050873
CCC,2014B,594157,P3,F3,0.0,0.5720127
CCC,2014B,594193,P3,F3,1.0,0.52934396
CCC,2014B,594246,P3,F3,1.0,0.50020576
CCC,2014B,594371,P3,F3,0.0,0.4914642
CCC,2014B,594851,P3,F3,1.0,0.63571703
CCC,2014B,595164,P3,F3,0.0,0.50973576
CCC,2014B,595182,P3,F3,0.0,0.45369154
CCC,2014B,595189,P3,F3,0.0,0.41803697
CCC,2014B,595324,P3,F3,1.0,0.63571703
CCC,2014B,595356,P3,F3,1.0,0.588568
CCC,2014B,595492,P3,F3,1.0,0.62585294
CCC,2014B,595514,P3,F3,1.0,0.520468
CCC,2014B,595659,P3,F3,0.0,0.56807226
CCC,2014B,595685,P3,F3,1.0,0.60213834
CCC,2014B,595781,P3,F3,1.0,0.5856435
CCC,2014B,595797,P3,F3,0.0,0.53309715
CCC,2014B,595847,P3,F3,0.0,0.5450148
CCC,2014B,595986,P3,F3,0.0,0.5675642
CCC,2014B,596035,P3,F3,1.0,0.46961784
CCC,2014B,596157,P3,F3,0.0,0.5244802
CCC,2014B,596321,P3,F3,1.0,0.6290467
CCC,2014B,596432,P3,F3,1.0,0.63571703
CCC,2014B,596731,P3,F3,0.0,0.5719016
CCC,2014B,596903,P3,F3,0.0,0.5408696
CCC,2014B,596947,P3,F3,1.0,0.59607816
CCC,2014B,597181,P3,F3,1.0,0.63291
CCC,2014B,597403,P3,F3,0.0,0.50160146
CCC,2014B,597817,P3,F3,1.0,0.6019662
CCC,2014B,597926,P3,F3,0.0,0.521894
CCC,2014B,598074,P3,F3,1.0,0.50769097
CCC,2014B,598113,P3,F3,0.0,0.5307782
CCC,2014B,598321,P3,F3,0.0,0.5755463
CCC,2014B,598662,P3,F3,0.0,0.5296519
CCC,2014B,598666,P3,F3,1.0,0.63571703
CCC,2014B,598860,P3,F3,0.0,0.40256757
CCC,2014B,598924,P3,F3,1.0,0.63571703
CCC,2014B,599263,P3,F3,1.0,0.5459513
CCC,2014B,599275,P3,F3,1.0,0.5960967
CCC,2014B,599542,P3,F3,1.0,0.57345885
CCC,2014B,599615,P3,F3,1.0,0.629312
CCC,2014B,599857,P3,F3,0.0,0.52413195
CCC,2014B,599893,P3,F3,1.0,0.6127382
CCC,2014B,599902,P3,F3,1.0,0.6244152
CCC,2014B,599937,P3,F3,1.0,0.5976198
CCC,2014B,599942,P3,F3,1.0,0.62548995
CCC,2014B,599958,P3,F3,0.0,0.555696
CCC,2014B,600073,P3,F3,0.0,0.43737626
CCC,2014B,600094,P3,F3,1.0,0.57960427
CCC,2014B,600142,P3,F3,1.0,0.58793265
CCC,2014B,600181,P3,F3,1.0,0.584356
CCC,2014B,600335,P3,F3,0.0,0.58222497
CCC,2014B,600509,P3,F3,1.0,0.6232585
CCC,2014B,600547,P3,F3,1.0,0.50489676
CCC,2014B,600632,P3,F3,0.0,0.469042
CCC,2014B,600859,P3,F3,1.0,0.63571703
CCC,2014B,600945,P3,F3,0.0,0.4331758
CCC,2014B,600975,P3,F3,1.0,0.6118118
CCC,2014B,600987,P3,F3,0.0,0.51455253
CCC,2014B,601021,P3,F3,1.0,0.6063879
CCC,2014B,601175,P3,F3,1.0,0.5846576
CCC,2014B,601224,P3,F3,0.0,0.5230709
CCC,2014B,601550,P3,F3,0.0,0.5088785
CCC,2014B,601731,P3,F3,1.0,0.6337187
CCC,2014B,601757,P3,F3,1.0,0.5636741
CCC,2014B,601872,P3,F3,0.0,0.44021764
CCC,2014B,601949,P3,F3,0.0,0.53944546
CCC,2014B,602030,P3,F3,1.0,0.54879594
CCC,2014B,602042,P3,F3,0.0,0.48720205
CCC,2014B,602107,P3,F3,1.0,0.5300902
CCC,2014B,602133,P3,F3,0.0,0.49973193
CCC,2014B,602269,P3,F3,1.0,0.5460543
CCC,2014B,602398,P3,F3,1.0,0.52355176
CCC,2014B,602585,P3,F3,1.0,0.62342405
CCC,2014B,602703,P3,F3,1.0,0.5908594
CCC,2014B,602718,P3,F3,1.0,0.60154
CCC,2014B,602902,P3,F3,0.0,0.5477763
CCC,2014B,602913,P3,F3,0.0,0.59017414
CCC,2014B,603053,P3,F3,1.0,0.63571703
CCC,2014B,603222,P3,F3,1.0,0.58968484
CCC,2014B,603239,P3,F3,1.0,0.63571703
CCC,2014B,603477,P3,F3,0.0,0.59377754
CCC,2014B,603498,P3,F3,1.0,0.6314436
CCC,2014B,603639,P3,F3,1.0,0.5681606
CCC,2014B,603791,P3,F3,1.0,0.6314436
CCC,2014B,603832,P3,F3,1.0,0.5900512
CCC,2014B,603859,P3,F3,0.0,0.5240602
CCC,2014B,604164,P3,F3,1.0,0.49218464
CCC,2014B,604517,P3,F3,0.0,0.5116567
CCC,2014B,604571,P3,F3,0.0,0.5270599
CCC,2014B,604655,P3,F3,1.0,0.60307217
CCC,2014B,604723,P3,F3,0.0,0.6314436
CCC,2014B,604997,P3,F3,0.0,0.50242674
CCC,2014B,605144,P3,F3,0.0,0.4728203
CCC,2014B,605180,P3,F3,1.0,0.5858182
CCC,2014B,605266,P3,F3,0.0,0.44479227
CCC,2014B,605571,P3,F3,0.0,0.42473784
CCC,2014B,605688,P3,F3,0.0,0.46202224
CCC,2014B,605703,P3,F3,0.0,0.51023245
CCC,2014B,606206,P3,F3,1.0,0.6012708
CCC,2014B,606282,P3,F3,0.0,0.5204389
CCC,2014B,606350,P3,F3,1.0,0.5875917
CCC,2014B,606444,P3,F3,0.0,0.53420436
CCC,2014B,606665,P3,F3,1.0,0.557674
CCC,2014B,606724,P3,F3,0.0,0.550005
CCC,2014B,606828,P3,F3,1.0,0.6314436
CCC,2014B,606930,P3,F3,1.0,0.6305449
CCC,2014B,607052,P3,F3,0.0,0.5469763
CCC,2014B,607061,P3,F3,0.0,0.49521938
CCC,2014B,607411,P3,F3,1.0,0.5097259
CCC,2014B,607636,P3,F3,0.0,0.5840949
CCC,2014B,607835,P3,F3,0.0,0.4356142
CCC,2014B,607927,P3,F3,1.0,0.52998555
CCC,2014B,607966,P3,F3,1.0,0.5388825
CCC,2014B,608130,P3,F3,1.0,0.5898929
CCC,2014B,608152,P3,F3,1.0,0.5925748
CCC,2014B,608243,P3,F3,0.0,0.513353
CCC,2014B,608464,P3,F3,0.0,0.52442986
CCC,2014B,608472,P3,F3,1.0,0.5283353
CCC,2014B,608504,P3,F3,1.0,0.52153397
CCC,2014B,608577,P3,F3,1.0,0.53092295
CCC,2014B,608735,P3,F3,0.0,0.5083789
CCC,2014B,608753,P3,F3,1.0,0.58420235
CCC,2014B,608904,P3,F3,0.0,0.48700395
CCC,2014B,609025,P3,F3,1.0,0.59156775
CCC,2014B,609045,P3,F3,0.0,0.4458669
CCC,2014B,609192,P3,F3,1.0,0.5364526
CCC,2014B,609229,P3,F3,0.0,0.4009116
CCC,2014B,609489,P3,F3,1.0,0.58259165
CCC,2014B,609515,P3,F3,0.0,0.50005144
CCC,2014B,609602,P3,F3,0.0,0.45549583
CCC,2014B,609645,P3,F3,1.0,0.5802982
CCC,2014B,610099,P3,F3,0.0,0.48807678
CCC,2014B,610158,P3,F3,1.0,0.62532
CCC,2014B,610287,P3,F3,1.0,0.51642364
CCC,2014B,610391,P3,F3,1.0,0.47116455
CCC,2014B,610575,P3,F3,0.0,0.5141241
CCC,2014B,610577,P3,F3,1.0,0.58854437
CCC,2014B,610718,P3,F3,1.0,0.63037527
CCC,2014B,610831,P3,F3,1.0,0.63571703
CCC,2014B,611062,P3,F3,1.0,0.6039789
CCC,2014B,611176,P3,F3,0.0,0.47246838
CCC,2014B,611260,P3,F3,0.0,0.50596803
CCC,2014B,611402,P3,F3,0.0,0.59880775
CCC,2014B,611865,P3,F3,1.0,0.6232585
CCC,2014B,612023,P3,F3,1.0,0.58830005
CCC,2014B,612119,P3,F3,0.0,0.48865092
CCC,2014B,612287,P3,F3,1.0,0.59625477
CCC,2014B,612381,P3,F3,1.0,0.5942768
CCC,2014B,612644,P3,F3,0.0,0.5286706
CCC,2014B,612673,P3,F3,1.0,0.5269695
CCC,2014B,612814,P3,F3,0.0,0.45711043
CCC,2014B,612882,P3,F3,1.0,0.5312729
CCC,2014B,613116,P3,F3,1.0,0.6337187
CCC,2014B,613133,P3,F3,0.0,0.44489083
CCC,2014B,613310,P3,F3,1.0,0.4698938
CCC,2014B,613387,P3,F3,1.0,0.62710553
CCC,2014B,613417,P3,F3,1.0,0.6256374
CCC,2014B,613461,P3,F3,1.0,0.5031561
CCC,2014B,613501,P3,F3,0.0,0.47421923
CCC,2014B,614059,P3,F3,0.0,0.588553
CCC,2014B,614263,P3,F3,1.0,0.5524549
CCC,2014B,614477,P3,F3,1.0,0.5276385
CCC,2014B,614733,P3,F3,1.0,0.6305449
CCC,2014B,614804,P3,F3,1.0,0.48880288
CCC,2014B,614844,P3,F3,0.0,0.42882448
CCC,2014B,614952,P3,F3,1.0,0.58857447
CCC,2014B,615031,P3,F3,0.0,0.49464253
CCC,2014B,615229,P3,F3,0.0,0.45493785
CCC,2014B,615246,P3,F3,1.0,0.61413467
CCC,2014B,615249,P3,F3,0.0,0.46954358
CCC,2014B,615321,P3,F3,1.0,0.6021712
CCC,2014B,615407,P3,F3,1.0,0.56201303
CCC,2014B,615437,P3,F3,0.0,0.41984445
CCC,2014B,616333,P3,F3,1.0,0.63571703
CCC,2014B,616334,P3,F3,1.0,0.60428905
CCC,2014B,616407,P3,F3,1.0,0.4734269
CCC,2014B,616831,P3,F3,0.0,0.5891935
CCC,2014B,617186,P3,F3,1.0,0.629312
CCC,2014B,617331,P3,F3,1.0,0.5493424
CCC,2014B,617348,P3,F3,0.0,0.475847
CCC,2014B,617355,P3,F3,0.0,0.49276954
CCC,2014B,617365,P3,F3,0.0,0.6117554
CCC,2014B,617416,P3,F3,0.0,0.5646279
CCC,2014B,617781,P3,F3,0.0,0.59737456
CCC,2014B,617898,P3,F3,1.0,0.6274501
CCC,2014B,617942,P3,F3,1.0,0.481354
CCC,2014B,618002,P3,F3,1.0,0.57138366
CCC,2014B,618096,P3,F3,0.0,0.46150735
CCC,2014B,618129,P3,F3,0.0,0.56704783
CCC,2014B,618279,P3,F3,1.0,0.5967018
CCC,2014B,618571,P3,F3,0.0,0.43379653
CCC,2014B,618619,P3,F3,1.0,0.6295861
CCC,2014B,618665,P3,F3,1.0,0.5764156
CCC,2014B,618679,P3,F3,1.0,0.5516285
CCC,2014B,618824,P3,F3,0.0,0.49135694
CCC,2014B,619006,P3,F3,1.0,0.5913328
CCC,2014B,619014,P3,F3,0.0,0.5007131
CCC,2014B,619303,P3,F3,0.0,0.43393305
CCC,2014B,619447,P3,F3,0.0,0.45630762
CCC,2014B,619870,P3,F3,0.0,0.42722905
CCC,2014B,620148,P3,F3,1.0,0.54112715
CCC,2014B,620266,P3,F3,1.0,0.5961632
CCC,2014B,620368,P3,F3,0.0,0.42657545
CCC,2014B,620369,P3,F3,1.0,0.50678617
CCC,2014B,620440,P3,F3,1.0,0.6314436
CCC,2014B,620485,P3,F3,1.0,0.5398724
CCC,2014B,620646,P3,F3,1.0,0.52259016
CCC,2014B,620713,P3,F3,1.0,0.63571703
CCC,2014B,620876,P3,F3,1.0,0.5298237
CCC,2014B,620897,P3,F3,1.0,0.4896171
CCC,2014B,620918,P3,F3,1.0,0.6053579
CCC,2014B,620974,P3,F3,1.0,0.5304253
CCC,2014B,620977,P3,F3,1.0,0.57871705
CCC,2014B,621401,P3,F3,1.0,0.6269395
CCC,2014B,621655,P3,F3,1.0,0.6139408
CCC,2014B,621656,P3,F3,0.0,0.5187391
CCC,2014B,622215,P3,F3,1.0,0.58848697
CCC,2014B,622302,P3,F3,0.0,0.48276597
CCC,2014B,622368,P3,F3,0.0,0.57015395
CCC,2014B,622386,P3,F3,1.0,0.41204134
CCC,2014B,622652,P3,F3,0.0,0.4024072
CCC,2014B,622753,P3,F3,1.0,0.58821636
CCC,2014B,622773,P3,F3,0.0,0.40674773
CCC,2014B,622787,P3,F3,1.0,0.4450886
CCC,2014B,622804,P3,F3,1.0,0.5619162
CCC,2014B,622948,P3,F3,1.0,0.488212
CCC,2014B,623052,P3,F3,0.0,0.39165524
CCC,2014B,623250,P3,F3,0.0,0.57058734
CCC,2014B,623290,P3,F3,0.0,0.5785499
CCC,2014B,623347,P3,F3,0.0,0.5144961
CCC,2014B,623421,P3,F3,0.0,0.4475928
CCC,2014B,623456,P3,F3,1.0,0.6213442
CCC,2014B,623562,P3,F3,0.0,0.4617852
CCC,2014B,623605,P3,F3,1.0,0.5465205
CCC,2014B,623609,P3,F3,1.0,0.59469736
CCC,2014B,623667,P3,F3,0.0,0.5188639
CCC,2014B,623707,P3,F3,1.0,0.53033376
CCC,2014B,623732,P3,F3,0.0,0.42922762
CCC,2014B,623780,P3,F3,1.0,0.5269249
CCC,2014B,623797,P3,F3,0.0,0.49027643
CCC,2014B,624039,P3,F3,1.0,0.60676813
CCC,2014B,624060,P3,F3,1.0,0.39911482
CCC,2014B,624126,P3,F3,1.0,0.5252934
CCC,2014B,624127,P3,F3,0.0,0.46556047
CCC,2014B,624134,P3,F3,1.0,0.52262294
CCC,2014B,624164,P3,F3,0.0,0.4443791
CCC,2014B,624441,P3,F3,0.0,0.4640899
CCC,2014B,624445,P3,F3,0.0,0.4950002
CCC,2014B,624483,P3,F3,0.0,0.43481204
CCC,2014B,624591,P3,F3,1.0,0.54967123
CCC,2014B,624765,P3,F3,1.0,0.62595206
CCC,2014B,624782,P3,F3,1.0,0.5459768
CCC,2014B,624810,P3,F3,0.0,0.6040885
CCC,2014B,624875,P3,F3,0.0,0.4499458
CCC,2014B,624970,P3,F3,0.0,0.564376
CCC,2014B,625014,P3,F3,0.0,0.44149068
CCC,2014B,625028,P3,F3,0.0,0.47715396
CCC,2014B,625077,P3,F3,0.0,0.4701576
CCC,2014B,625078,P3,F3,1.0,0.48860356
CCC,2014B,625108,P3,F3,0.0,0.52547145
CCC,2014B,625128,P3,F3,1.0,0.6075241
CCC,2014B,625330,P3,F3,0.0,0.46362406
CCC,2014B,625423,P3,F3,1.0,0.5348649
CCC,2014B,625453,P3,F3,0.0,0.50765824
CCC,2014B,625476,P3,F3,1.0,0.50475353
CCC,2014B,625517,P3,F3,1.0,0.58140534
CCC,2014B,625527,P3,F3,1.0,0.49734035
CCC,2014B,625552,P3,F3,0.0,0.57991153
CCC,2014B,625574,P3,F3,0.0,0.43862897
CCC,2014B,625614,P3,F3,1.0,0.5692164
CCC,2014B,625684,P3,F3,1.0,0.47919416
CCC,2014B,625714,P3,F3,1.0,0.49228737
CCC,2014B,625740,P3,F3,1.0,0.47508585
CCC,2014B,625745,P3,F3,0.0,0.48522535
CCC,2014B,625782,P3,F3,0.0,0.52613646
CCC,2014B,625790,P3,F3,1.0,0.5961019
CCC,2014B,625822,P3,F3,0.0,0.453497
CCC,2014B,625838,P3,F3,0.0,0.4524584
CCC,2014B,625841,P3,F3,1.0,0.5830446
CCC,2014B,625953,P3,F3,1.0,0.57239175
CCC,2014B,625975,P3,F3,1.0,0.6007675
CCC,2014B,626055,P3,F3,1.0,0.6049318
CCC,2014B,626183,P3,F3,1.0,0.6262025
CCC,2014B,626252,P3,F3,0.0,0.44293395
CCC,2014B,626417,P3,F3,1.0,0.5469323
CCC,2014B,626444,P3,F3,1.0,0.626253
CCC,2014B,626501,P3,F3,0.0,0.5100809
CCC,2014B,626516,P3,F3,1.0,0.6136525
CCC,2014B,626614,P3,F3,1.0,0.48066258
CCC,2014B,626712,P3,F3,1.0,0.5758514
CCC,2014B,626714,P3,F3,1.0,0.50850224
CCC,2014B,626763,P3,F3,0.0,0.43808126
CCC,2014B,626857,P3,F3,1.0,0.48466763
CCC,2014B,626862,P3,F3,0.0,0.47558108
CCC,2014B,626877,P3,F3,1.0,0.5937477
CCC,2014B,626906,P3,F3,1.0,0.5443589
CCC,2014B,626930,P3,F3,1.0,0.5936098
CCC,2014B,626998,P3,F3,0.0,0.51173866
CCC,2014B,627066,P3,F3,1.0,0.5339267
CCC,2014B,627136,P3,F3,0.0,0.47999722
CCC,2014B,627168,P3,F3,1.0,0.53248143
CCC,2014B,627253,P3,F3,0.0,0.5024965
CCC,2014B,627343,P3,F3,0.0,0.50984126
CCC,2014B,627348,P3,F3,0.0,0.5257946
CCC,2014B,627374,P3,F3,0.0,0.5953493
CCC,2014B,627386,P3,F3,1.0,0.55697906
CCC,2014B,627387,P3,F3,0.0,0.6026399
CCC,2014B,627399,P3,F3,0.0,0.50852144
CCC,2014B,627435,P3,F3,1.0,0.5597927
CCC,2014B,627500,P3,F3,1.0,0.59822214
CCC,2014B,627520,P3,F3,1.0,0.5718988
CCC,2014B,627635,P3,F3,1.0,0.60623723
CCC,2014B,627691,P3,F3,0.0,0.43772838
CCC,2014B,627711,P3,F3,1.0,0.42490968
CCC,2014B,627747,P3,F3,0.0,0.49186558
CCC,2014B,627750,P3,F3,0.0,0.53265095
CCC,2014B,627784,P3,F3,1.0,0.52981824
CCC,2014B,627933,P3,F3,1.0,0.52734774
CCC,2014B,627947,P3,F3,1.0,0.45890453
CCC,2014B,628029,P3,F3,1.0,0.45749733
CCC,2014B,628053,P3,F3,1.0,0.63571703
CCC,2014B,628086,P3,F3,0.0,0.4645639
CCC,2014B,628090,P3,F3,1.0,0.5425568
CCC,2014B,628122,P3,F3,1.0,0.49107373
CCC,2014B,628157,P3,F3,0.0,0.4540673
CCC,2014B,628214,P3,F3,1.0,0.61267674
CCC,2014B,628293,P3,F3,0.0,0.49407983
CCC,2014B,628366,P3,F3,1.0,0.60833025
CCC,2014B,628383,P3,F3,0.0,0.4188864
CCC,2014B,628506,P3,F3,0.0,0.48102602
CCC,2014B,628527,P3,F3,1.0,0.51385707
CCC,2014B,628565,P3,F3,1.0,0.51308465
CCC,2014B,628575,P3,F3,0.0,0.58148986
CCC,2014B,628663,P3,F3,0.0,0.49258164
CCC,2014B,628771,P3,F3,1.0,0.51999635
CCC,2014B,629081,P3,F3,1.0,0.615534
CCC,2014B,629164,P3,F3,0.0,0.4449779
CCC,2014B,629270,P3,F3,1.0,0.5740303
CCC,2014B,629342,P3,F3,1.0,0.5450507
CCC,2014B,629500,P3,F3,1.0,0.6295615
CCC,2014B,629613,P3,F3,1.0,0.63041145
CCC,2014B,629628,P3,F3,1.0,0.603539
CCC,2014B,629654,P3,F3,1.0,0.5448279
CCC,2014B,629694,P3,F3,1.0,0.584263
CCC,2014B,629696,P3,F3,1.0,0.47805887
CCC,2014B,629710,P3,F3,0.0,0.49142528
CCC,2014B,629766,P3,F3,0.0,0.5227395
CCC,2014B,629773,P3,F3,1.0,0.5311143
CCC,2014B,629798,P3,F3,1.0,0.5114638
CCC,2014B,629862,P3,F3,0.0,0.50511104
CCC,2014B,629890,P3,F3,1.0,0.5053729
CCC,2014B,629936,P3,F3,1.0,0.5174834
CCC,2014B,630005,P3,F3,1.0,0.58554274
CCC,2014B,630012,P3,F3,0.0,0.47349095
CCC,2014B,630047,P3,F3,0.0,0.50608474
CCC,2014B,630086,P3,F3,0.0,0.52779824
CCC,2014B,630152,P3,F3,1.0,0.587786
CCC,2014B,630157,P3,F3,0.0,0.45980778
CCC,2014B,630178,P3,F3,0.0,0.57256716
CCC,2014B,630200,P3,F3,1.0,0.58256584
CCC,2014B,630211,P3,F3,0.0,0.51644415
CCC,2014B,630449,P3,F3,1.0,0.5054906
CCC,2014B,630471,P3,F3,1.0,0.5510101
CCC,2014B,630540,P3,F3,1.0,0.5998121
CCC,2014B,630573,P3,F3,1.0,0.5285499
CCC,2014B,630585,P3,F3,1.0,0.5907099
CCC,2014B,630606,P3,F3,0.0,0.5446678
CCC,2014B,630613,P3,F3,0.0,0.46095487
CCC,2014B,630635,P3,F3,1.0,0.5151886
CCC,2014B,630730,P3,F3,1.0,0.5775468
CCC,2014B,630825,P3,F3,1.0,0.5918557
CCC,2014B,630888,P3,F3,1.0,0.5824324
CCC,2014B,630896,P3,F3,0.0,0.45959914
CCC,2014B,630912,P3,F3,1.0,0.58668035
CCC,2014B,631044,P3,F3,0.0,0.40528074
CCC,2014B,631051,P3,F3,1.0,0.63571703
CCC,2014B,631075,P3,F3,1.0,0.5185461
CCC,2014B,631122,P3,F3,1.0,0.47980607
CCC,2014B,631216,P3,F3,1.0,0.5885561
CCC,2014B,631300,P3,F3,1.0,0.5824661
CCC,2014B,631334,P3,F3,0.0,0.47583783
CCC,2014B,631453,P3,F3,1.0,0.5869789
CCC,2014B,631455,P3,F3,0.0,0.42259657
CCC,2014B,631473,P3,F3,0.0,0.44343758
CCC,2014B,631583,P3,F3,0.0,0.48762235
CCC,2014B,631655,P3,F3,1.0,0.49998832
CCC,2014B,631699,P3,F3,0.0,0.45352358
CCC,2014B,631715,P3,F3,0.0,0.4152055
CCC,2014B,631770,P3,F3,1.0,0.63571703
CCC,2014B,631772,P3,F3,0.0,0.3965366
CCC,2014B,631850,P3,F3,0.0,0.46620494
CCC,2014B,631925,P3,F3,1.0,0.57199854
CCC,2014B,631929,P3,F3,1.0,0.5481124
CCC,2014B,631981,P3,F3,0.0,0.51973915
CCC,2014B,632017,P3,F3,0.0,0.4783368
CCC,2014B,632037,P3,F3,1.0,0.6080475
CCC,2014B,632074,P3,F3,0.0,0.43467385
CCC,2014B,632107,P3,F3,1.0,0.46210486
CCC,2014B,632111,P3,F3,0.0,0.53815496
CCC,2014B,632133,P3,F3,1.0,0.5258395
CCC,2014B,632134,P3,F3,1.0,0.53742063
CCC,2014B,632135,P3,F3,1.0,0.5107614
CCC,2014B,632190,P3,F3,1.0,0.5583891
CCC,2014B,632242,P3,F3,1.0,0.63571703
CCC,2014B,632312,P3,F3,1.0,0.57481194
CCC,2014B,632313,P3,F3,0.0,0.42341986
CCC,2014B,632459,P3,F3,0.0,0.5081524
CCC,2014B,632506,P3,F3,1.0,0.5034303
CCC,2014B,632546,P3,F3,1.0,0.46519798
CCC,2014B,632554,P3,F3,0.0,0.55284536
CCC,2014B,632571,P3,F3,0.0,0.58360714
CCC,2014B,632597,P3,F3,0.0,0.5043971
CCC,2014B,632691,P3,F3,1.0,0.5194557
CCC,2014B,632836,P3,F3,0.0,0.49330163
CCC,2014B,632856,P3,F3,1.0,0.57748055
CCC,2014B,632889,P3,F3,1.0,0.63571703
CCC,2014B,632900,P3,F3,0.0,0.48779315
CCC,2014B,633071,P3,F3,1.0,0.50808847
CCC,2014B,633112,P3,F3,0.0,0.43320987
CCC,2014B,633178,P3,F3,0.0,0.5110599
CCC,2014B,633240,P3,F3,1.0,0.5884872
CCC,2014B,633243,P3,F3,1.0,0.58988863
CCC,2014B,633250,P3,F3,0.0,0.40689778
CCC,2014B,633256,P3,F3,1.0,0.4989099
CCC,2014B,633270,P3,F3,0.0,0.47344926
CCC,2014B,633281,P3,F3,0.0,0.53813356
CCC,2014B,633310,P3,F3,1.0,0.5284958
CCC,2014B,633330,P3,F3,1.0,0.59899855
CCC,2014B,633341,P3,F3,1.0,0.58640945
CCC,2014B,633384,P3,F3,1.0,0.60371387
CCC,2014B,633395,P3,F3,1.0,0.58686626
CCC,2014B,633432,P3,F3,1.0,0.59492785
CCC,2014B,633447,P3,F3,1.0,0.45716986
CCC,2014B,633460,P3,F3,1.0,0.572185
CCC,2014B,633493,P3,F3,0.0,0.42951402
CCC,2014B,633637,P3,F3,1.0,0.5229366
CCC,2014B,633679,P3,F3,1.0,0.5803406
CCC,2014B,633695,P3,F3,0.0,0.4494195
CCC,2014B,633722,P3,F3,0.0,0.40252778
CCC,2014B,633857,P3,F3,0.0,0.45578855
CCC,2014B,633942,P3,F3,0.0,0.48435923
CCC,2014B,633998,P3,F3,0.0,0.5442992
CCC,2014B,634040,P3,F3,1.0,0.5529851
CCC,2014B,634128,P3,F3,0.0,0.48700362
CCC,2014B,634157,P3,F3,0.0,0.47296193
CCC,2014B,634167,P3,F3,0.0,0.49074864
CCC,2014B,634216,P3,F3,0.0,0.44037813
CCC,2014B,634217,P3,F3,0.0,0.48294833
CCC,2014B,634241,P3,F3,0.0,0.4963809
CCC,2014B,634279,P3,F3,1.0,0.5942118
CCC,2014B,634349,P3,F3,1.0,0.5325729
CCC,2014B,634414,P3,F3,1.0,0.5426815
CCC,2014B,634433,P3,F3,1.0,0.57031095
CCC,2014B,634500,P3,F3,0.0,0.4984789
CCC,2014B,634507,P3,F3,0.0,0.44297493
CCC,2014B,634512,P3,F3,0.0,0.49737433
CCC,2014B,634570,P3,F3,0.0,0.41593575
CCC,2014B,634578,P3,F3,1.0,0.4574427
CCC,2014B,634589,P3,F3,0.0,0.53839934
CCC,2014B,634618,P3,F3,0.0,0.4677713
CCC,2014B,634649,P3,F3,1.0,0.4976589
CCC,2014B,634671,P3,F3,0.0,0.561138
CCC,2014B,634744,P3,F3,1.0,0.5372973
CCC,2014B,634816,P3,F3,0.0,0.5505408
CCC,2014B,634853,P3,F3,1.0,0.57705617
CCC,2014B,634862,P3,F3,0.0,0.47072175
CCC,2014B,634878,P3,F3,0.0,0.45329326
CCC,2014B,635034,P3,F3,1.0,0.5675935
CCC,2014B,635041,P3,F3,1.0,0.50045407
CCC,2014B,635043,P3,F3,0.0,0.46995476
CCC,2014B,635109,P3,F3,0.0,0.60553044
CCC,2014B,635416,P3,F3,0.0,0.46988997
CCC,2014B,635515,P3,F3,1.0,0.5015395
CCC,2014B,856294,P3,F3,1.0,0.54506445
CCC,2014B,917586,P3,F3,0.0,0.4571288
CCC,2014B,925553,P3,F3,0.0,0.51635784
CCC,2014B,949548,P3,F3,0.0,0.5077657
CCC,2014B,984619,P3,F3,0.0,0.45664167
CCC,2014B,992544,P3,F3,0.0,0.47455359
CCC,2014B,1038161,P3,F3,0.0,0.53978705
CCC,2014B,1057883,P3,F3,0.0,0.57311165
CCC,2014B,1073766,P3,F3,0.0,0.5214156
CCC,2014B,1087710,P3,F3,1.0,0.49318787
CCC,2014B,1095916,P3,F3,0.0,0.4094546
CCC,2014B,1100639,P3,F3,1.0,0.47426447
CCC,2014B,1115623,P3,F3,0.0,0.5435084
CCC,2014B,1187586,P3,F3,0.0,0.48937628
CCC,2014B,1268772,P3,F3,1.0,0.5420198
CCC,2014B,1270832,P3,F3,0.0,0.49579608
CCC,2014B,1307784,P3,F3,1.0,0.56175053
CCC,2014B,1311171,P3,F3,0.0,0.517377
CCC,2014B,1416784,P3,F3,0.0,0.48537162
CCC,2014B,1440467,P3,F3,0.0,0.40183762
CCC,2014B,1442991,P3,F3,0.0,0.5729166
CCC,2014B,1462676,P3,F3,1.0,0.5701683
CCC,2014B,1468838,P3,F3,1.0,0.5971836
CCC,2014B,1470291,P3,F3,0.0,0.5686444
CCC,2014B,1474869,P3,F3,0.0,0.43966234
CCC,2014B,1493739,P3,F3,0.0,0.4684411
CCC,2014B,1534494,P3,F3,0.0,0.47126132
CCC,2014B,1541906,P3,F3,1.0,0.6266003
CCC,2014B,1560205,P3,F3,1.0,0.5889787
CCC,2014B,1561431,P3,F3,1.0,0.5840028
CCC,2014B,1568828,P3,F3,0.0,0.4377128
CCC,2014B,1591013,P3,F3,1.0,0.6046957
CCC,2014B,1632487,P3,F3,0.0,0.5227742
CCC,2014B,1644328,P3,F3,1.0,0.6000161
CCC,2014B,1668504,P3,F3,1.0,0.49806726
CCC,2014B,1671811,P3,F3,0.0,0.5237762
CCC,2014B,1672690,P3,F3,1.0,0.57806844
CCC,2014B,1673876,P3,F3,1.0,0.49993563
CCC,2014B,1678014,P3,F3,1.0,0.561396
CCC,2014B,1678800,P3,F3,0.0,0.44772378
CCC,2014B,1691815,P3,F3,1.0,0.4368521
CCC,2014B,1694780,P3,F3,1.0,0.47054675
CCC,2014B,1715237,P3,F3,0.0,0.48533267
CCC,2014B,1739026,P3,F3,1.0,0.5268262
CCC,2014B,1750405,P3,F3,1.0,0.5690393
CCC,2014B,1753458,P3,F3,0.0,0.4379357
CCC,2014B,1763378,P3,F3,1.0,0.54193765
CCC,2014B,1769985,P3,F3,1.0,0.5014363
CCC,2014B,1774071,P3,F3,1.0,0.5375356
CCC,2014B,1780737,P3,F3,1.0,0.5927491
CCC,2014B,1781834,P3,F3,0.0,0.56325
CCC,2014B,1828112,P3,F3,1.0,0.56787604
CCC,2014B,1841267,P3,F3,1.0,0.50736856
CCC,2014B,1848820,P3,F3,1.0,0.52548814
CCC,2014B,1855583,P3,F3,0.0,0.52957374
CCC,2014B,1876636,P3,F3,0.0,0.49416903
CCC,2014B,1877015,P3,F3,1.0,0.4671479
CCC,2014B,1888343,P3,F3,0.0,0.40913236
CCC,2014B,1891323,P3,F3,0.0,0.5011532
CCC,2014B,1894419,P3,F3,1.0,0.5883673
CCC,2014B,1896088,P3,F3,1.0,0.60094786
CCC,2014B,1906919,P3,F3,0.0,0.5913794
CCC,2014B,1908526,P3,F3,1.0,0.63571703
CCC,2014B,1911513,P3,F3,0.0,0.5124543
CCC,2014B,1922200,P3,F3,1.0,0.49575642
CCC,2014B,1924641,P3,F3,1.0,0.57937455
CCC,2014B,1930146,P3,F3,0.0,0.5661201
CCC,2014B,1930644,P3,F3,1.0,0.6302041
CCC,2014B,1942999,P3,F3,1.0,0.5378101
CCC,2014B,1945240,P3,F3,1.0,0.58852124
CCC,2014B,1947911,P3,F3,1.0,0.45305192
CCC,2014B,1951080,P3,F3,1.0,0.49840188
CCC,2014B,1951139,P3,F3,0.0,0.51131153
CCC,2014B,1969407,P3,F3,1.0,0.53493613
CCC,2014B,1997164,P3,F3,0.0,0.4993874
CCC,2014B,2008262,P3,F3,1.0,0.5841182
CCC,2014B,2016517,P3,F3,0.0,0.5352126
CCC,2014B,2030117,P3,F3,1.0,0.56841624
CCC,2014B,2032058,P3,F3,1.0,0.50035137
CCC,2014B,2044299,P3,F3,1.0,0.5220008
CCC,2014B,2047421,P3,F3,0.0,0.44099385
CCC,2014B,2049668,P3,F3,0.0,0.58882535
CCC,2014B,2056643,P3,F3,0.0,0.47325015
CCC,2014B,2063578,P3,F3,0.0,0.39911482
CCC,2014B,2064873,P3,F3,0.0,0.49530157
CCC,2014B,2066504,P3,F3,1.0,0.62860173
CCC,2014B,2087182,P3,F3,1.0,0.525864
CCC,2014B,2088765,P3,F3,0.0,0.483415
CCC,2014B,2109119,P3,F3,0.0,0.46850944
CCC,2014B,2110039,P3,F3,1.0,0.6120307
CCC,2014B,2113778,P3,F3,1.0,0.6082388
CCC,2014B,2131908,P3,F3,0.0,0.4787815
CCC,2014B,2134237,P3,F3,1.0,0.5861609
CCC,2014B,2134304,P3,F3,1.0,0.6020615
CCC,2014B,2139037,P3,F3,0.0,0.48052183
CCC,2014B,2146277,P3,F3,0.0,0.48884183
CCC,2014B,2147620,P3,F3,0.0,0.53555477
CCC,2014B,2147713,P3,F3,0.0,0.49928042
CCC,2014B,2156058,P3,F3,0.0,0.49760127
CCC,2014B,2171264,P3,F3,1.0,0.5185426
CCC,2014B,2171834,P3,F3,0.0,0.60172737
CCC,2014B,2178929,P3,F3,0.0,0.49622846
CCC,2014B,2187422,P3,F3,0.0,0.51462215
CCC,2014B,2211797,P3,F3,0.0,0.45248842
CCC,2014B,2213982,P3,F3,1.0,0.590512
CCC,2014B,2236538,P3,F3,1.0,0.58725476
CCC,2014B,2238904,P3,F3,1.0,0.5264982
CCC,2014B,2239848,P3,F3,0.0,0.45865303
CCC,2014B,2241036,P3,F3,1.0,0.56358796
CCC,2014B,2247222,P3,F3,0.0,0.52906394
CCC,2014B,2252437,P3,F3,1.0,0.58821166
CCC,2014B,2258228,P3,F3,1.0,0.5686529
CCC,2014B,2289032,P3,F3,1.0,0.57292354
CCC,2014B,2298895,P3,F3,0.0,0.48311368
CCC,2014B,2327710,P3,F3,1.0,0.59723455
CCC,2014B,2329539,P3,F3,1.0,0.6284112
CCC,2014B,2341839,P3,F3,1.0,0.4642413
CCC,2014B,2347802,P3,F3,0.0,0.46243215
CCC,2014B,2358707,P3,F3,1.0,0.57461596
CCC,2014B,2367058,P3,F3,1.0,0.5138027
CCC,2014B,2375259,P3,F3,1.0,0.5610381
CCC,2014B,2384687,P3,F3,1.0,0.53113747
CCC,2014B,2389754,P3,F3,1.0,0.5468677
CCC,2014B,2391004,P3,F3,0.0,0.5530817
CCC,2014B,2410459,P3,F3,1.0,0.5759819
CCC,2014B,2410519,P3,F3,0.0,0.4337819
CCC,2014B,2418732,P3,F3,0.0,0.49467647
CCC,2014B,2419115,P3,F3,0.0,0.48827708
CCC,2014B,2421961,P3,F3,1.0,0.6247008
CCC,2014B,2433069,P3,F3,0.0,0.46284187
CCC,2014B,2433221,P3,F3,0.0,0.52490103
CCC,2014B,2447528,P3,F3,1.0,0.4391866
CCC,2014B,2451726,P3,F3,1.0,0.60884273
CCC,2014B,2454878,P3,F3,1.0,0.6155255
CCC,2014B,2471283,P3,F3,0.0,0.56195116
CCC,2014B,2473058,P3,F3,1.0,0.60151047
CCC,2014B,2478799,P3,F3,1.0,0.57098615
CCC,2014B,2486769,P3,F3,1.0,0.58228785
CCC,2014B,2488382,P3,F3,0.0,0.49763045
CCC,2014B,2488713,P3,F3,1.0,0.51317304
CCC,2014B,2494507,P3,F3,0.0,0.5174417
CCC,2014B,2498388,P3,F3,0.0,0.495142
CCC,2014B,2503063,P3,F3,0.0,0.5147923
CCC,2014B,2513997,P3,F3,1.0,0.5514577
CCC,2014B,2517778,P3,F3,1.0,0.5996737
CCC,2014B,2522932,P3,F3,1.0,0.57080424
CCC,2014B,2526493,P3,F3,0.0,0.42845222
CCC,2014B,2529663,P3,F3,0.0,0.489706
CCC,2014B,2545113,P3,F3,0.0,0.5045707
CCC,2014B,2548877,P3,F3,0.0,0.40672338
CCC,2014B,2555596,P3,F3,1.0,0.57720333
CCC,2014B,2556060,P3,F3,0.0,0.4451891
CCC,2014B,2558365,P3,F3,1.0,0.5229373
CCC,2014B,2564333,P3,F3,1.0,0.5064766
CCC,2014B,2564711,P3,F3,0.0,0.43859878
CCC,2014B,2567038,P3,F3,0.0,0.49214473
CCC,2014B,2569090,P3,F3,1.0,0.5134138
CCC,2014B,2569834,P3,F3,1.0,0.58244586
CCC,2014B,2569912,P3,F3,1.0,0.63571703
CCC,2014B,2577091,P3,F3,1.0,0.5046585
CCC,2014B,2581603,P3,F3,0.0,0.49229965
CCC,2014B,2588201,P3,F3,0.0,0.47479415
CCC,2014B,2598913,P3,F3,1.0,0.5196049
CCC,2014B,2602235,P3,F3,1.0,0.59320986
CCC,2014B,2602264,P3,F3,0.0,0.51739395
CCC,2014B,2603195,P3,F3,0.0,0.5676879
CCC,2014B,2607849,P3,F3,0.0,0.46590292
CCC,2014B,2609908,P3,F3,0.0,0.54048103
CCC,2014B,2613331,P3,F3,0.0,0.5052366
CCC,2014B,2615849,P3,F3,1.0,0.5826343
CCC,2014B,2616950,P3,F3,0.0,0.531985
CCC,2014B,2617635,P3,F3,1.0,0.537081
CCC,2014B,2620636,P3,F3,1.0,0.5660787
CCC,2014B,2621734,P3,F3,1.0,0.6314436
CCC,2014B,2623263,P3,F3,0.0,0.40470982
CCC,2014B,2629436,P3,F3,1.0,0.43170792
CCC,2014B,2631703,P3,F3,0.0,0.48635283
CCC,2014B,2634238,P3,F3,1.0,0.63291
CCC,2014B,2639310,P3,F3,0.0,0.47623992
CCC,2014B,2641486,P3,F3,0.0,0.52311754
CCC,2014B,2644404,P3,F3,0.0,0.5755263
CCC,2014B,2652523,P3,F3,1.0,0.62246984
CCC,2014B,2658268,P3,F3,1.0,0.55156636
CCC,2014B,2659556,P3,F3,1.0,0.55222887
CCC,2014B,2661696,P3,F3,1.0,0.5334727
CCC,2014B,2665399,P3,F3,0.0,0.49161872
CCC,2014B,2668550,P3,F3,1.0,0.48153016
CCC,2014B,2677969,P3,F3,1.0,0.52686745
CCC,2014B,2680742,P3,F3,0.0,0.5230343
CCC,2014B,2681198,P3,F3,1.0,0.5944739
CCC,2014B,2686578,P3,F3,0.0,0.52146786
CCC,2014B,2692327,P3,F3,0.0,0.45629025
CCC,2014B,2697181,P3,F3,0.0,0.48118418
CCC,2014B,2698535,P3,F3,1.0,0.6036164
DDD,2014B,24213,P3,F3,0.0,0.4556096
DDD,2014B,31269,P3,F3,1.0,0.59059954
DDD,2014B,35502,P3,F3,1.0,0.488072
DDD,2014B,39660,P3,F3,1.0,0.43504187
DDD,2014B,46753,P3,F3,0.0,0.41883993
DDD,2014B,49119,P3,F3,1.0,0.5370713
DDD,2014B,50476,P3,F3,0.0,0.4527022
DDD,2014B,51030,P3,F3,0.0,0.463114
DDD,2014B,53632,P3,F3,1.0,0.48988342
DDD,2014B,54810,P3,F3,1.0,0.46339664
DDD,2014B,58617,P3,F3,1.0,0.5507175
DDD,2014B,61911,P3,F3,1.0,0.50719994
DDD,2014B,64450,P3,F3,0.0,0.59433097
DDD,2014B,64767,P3,F3,1.0,0.4976834
DDD,2014B,67781,P3,F3,0.0,0.54333967
DDD,2014B,69489,P3,F3,1.0,0.62643176
DDD,2014B,71723,P3,F3,1.0,0.47803262
DDD,2014B,76081,P3,F3,1.0,0.5335983
DDD,2014B,84576,P3,F3,0.0,0.42272577
DDD,2014B,85216,P3,F3,1.0,0.63571703
DDD,2014B,88490,P3,F3,0.0,0.47290185
DDD,2014B,88910,P3,F3,0.0,0.5195415
DDD,2014B,89904,P3,F3,0.0,0.45863762
DDD,2014B,90537,P3,F3,0.0,0.4745872
DDD,2014B,95356,P3,F3,1.0,0.6310346
DDD,2014B,97939,P3,F3,1.0,0.5423517
DDD,2014B,99151,P3,F3,1.0,0.58827937
DDD,2014B,111959,P3,F3,1.0,0.5014373
DDD,2014B,116763,P3,F3,1.0,0.5357723
DDD,2014B,117281,P3,F3,0.0,0.44353008
DDD,2014B,117435,P3,F3,1.0,0.63571703
DDD,2014B,118479,P3,F3,0.0,0.4137405
DDD,2014B,124134,P3,F3,1.0,0.4098632
DDD,2014B,127580,P3,F3,0.0,0.42716125
DDD,2014B,128348,P3,F3,1.0,0.580407
DDD,2014B,131695,P3,F3,1.0,0.5858999
DDD,2014B,137150,P3,F3,1.0,0.6133143
DDD,2014B,138204,P3,F3,1.0,0.48334116
DDD,2014B,138416,P3,F3,0.0,0.4830972
DDD,2014B,138704,P3,F3,0.0,0.48143774
DDD,2014B,139455,P3,F3,1.0,0.63291365
DDD,2014B,141497,P3,F3,1.0,0.5121221
DDD,2014B,144908,P3,F3,1.0,0.44018504
DDD,2014B,145114,P3,F3,0.0,0.45127
DDD,2014B,145640,P3,F3,0.0,0.4140844
DDD,2014B,145770,P3,F3,1.0,0.6169337
DDD,2014B,152320,P3,F3,1.0,0.41458005
DDD,2014B,154697,P3,F3,1.0,0.63291365
DDD,2014B,161878,P3,F3,1.0,0.63037527
DDD,2014B,165178,P3,F3,1.0,0.6310346
DDD,2014B,172965,P3,F3,1.0,0.63201636
DDD,2014B,178258,P3,F3,1.0,0.52548486
DDD,2014B,183331,P3,F3,1.0,0.45082384
DDD,2014B,187663,P3,F3,0.0,0.563846
DDD,2014B,189178,P3,F3,1.0,0.40669823
DDD,2014B,189442,P3,F3,1.0,0.4901365
DDD,2014B,192186,P3,F3,0.0,0.5499143
DDD,2014B,201151,P3,F3,0.0,0.42290276
DDD,2014B,226895,P3,F3,1.0,0.58253914
DDD,2014B,227826,P3,F3,1.0,0.4599295
DDD,2014B,228272,P3,F3,0.0,0.4257288
DDD,2014B,228373,P3,F3,1.0,0.47498986
DDD,2014B,228775,P3,F3,1.0,0.5136291
DDD,2014B,229499,P3,F3,1.0,0.6342311
DDD,2014B,231973,P3,F3,1.0,0.5234814
DDD,2014B,232827,P3,F3,0.0,0.45972365
DDD,2014B,233868,P3,F3,1.0,0.61886734
DDD,2014B,236015,P3,F3,1.0,0.41287258
DDD,2014B,239459,P3,F3,0.0,0.3992629
DDD,2014B,240389,P3,F3,1.0,0.6301934
DDD,2014B,240486,P3,F3,0.0,0.40617064
DDD,2014B,240755,P3,F3,0.0,0.63571703
DDD,2014B,242633,P3,F3,0.0,0.50987804
DDD,2014B,260565,P3,F3,0.0,0.47020954
DDD,2014B,264723,P3,F3,0.0,0.43663487
DDD,2014B,266922,P3,F3,0.0,0.5076732
DDD,2014B,267118,P3,F3,1.0,0.57020634
DDD,2014B,268883,P3,F3,1.0,0.6291166
DDD,2014B,268915,P3,F3,1.0,0.5347702
DDD,2014B,271974,P3,F3,0.0,0.47275606
DDD,2014B,277166,P3,F3,0.0,0.45129037
DDD,2014B,284540,P3,F3,1.0,0.505087
DDD,2014B,285412,P3,F3,0.0,0.563491
DDD,2014B,286449,P3,F3,1.0,0.6243133
DDD,2014B,291005,P3,F3,1.0,0.46565565
DDD,2014B,299949,P3,F3,1.0,0.44828686
DDD,2014B,300592,P3,F3,0.0,0.55679137
DDD,2014B,306944,P3,F3,1.0,0.5190326
DDD,2014B,309756,P3,F3,1.0,0.63105917
DDD,2014B,312761,P3,F3,0.0,0.40668112
DDD,2014B,315517,P3,F3,1.0,0.516188
DDD,2014B,317801,P3,F3,0.0,0.5027892
DDD,2014B,320593,P3,F3,1.0,0.63571703
DDD,2014B,321810,P3,F3,0.0,0.53292197
DDD,2014B,323659,P3,F3,1.0,0.5863754
DDD,2014B,325044,P3,F3,0.0,0.43822417
DDD,2014B,325566,P3,F3,1.0,0.5970397
DDD,2014B,327449,P3,F3,1.0,0.48137873
DDD,2014B,328123,P3,F3,1.0,0.49126142
DDD,2014B,333308,P3,F3,0.0,0.458342
DDD,2014B,335471,P3,F3,1.0,0.61778516
DDD,2014B,336936,P3,F3,1.0,0.5206961
DDD,2014B,339513,P3,F3,0.0,0.4342667
DDD,2014B,347365,P3,F3,1.0,0.5920755
DDD,2014B,348439,P3,F3,1.0,0.48230958
DDD,2014B,352308,P3,F3,1.0,0.63571703
DDD,2014B,352679,P3,F3,1.0,0.61029285
DDD,2014B,354050,P3,F3,1.0,0.5067631
DDD,2014B,354953,P3,F3,1.0,0.627681
DDD,2014B,355309,P3,F3,0.0,0.5303411
DDD,2014B,355780,P3,F3,1.0,0.4409048
DDD,2014B,355935,P3,F3,0.0,0.42878863
DDD,2014B,356166,P3,F3,0.0,0.48018274
DDD,2014B,356297,P3,F3,0.0,0.46112058
DDD,2014B,356705,P3,F3,1.0,0.59217256
DDD,2014B,360759,P3,F3,1.0,0.40206575
DDD,2014B,362115,P3,F3,1.0,0.59485674
DDD,2014B,363122,P3,F3,0.0,0.6293621
DDD,2014B,365397,P3,F3,1.0,0.50704426
DDD,2014B,365764,P3,F3,1.0,0.55223626
DDD,2014B,367127,P3,F3,0.0,0.44909483
DDD,2014B,367646,P3,F3,0.0,0.4154513
DDD,2014B,370089,P3,F3,1.0,0.46925065
DDD,2014B,370865,P3,F3,0.0,0.55570936
DDD,2014B,373790,P3,F3,1.0,0.62860173
DDD,2014B,374645,P3,F3,0.0,0.57326436
DDD,2014B,375856,P3,F3,0.0,0.44476044
DDD,2014B,376280,P3,F3,1.0,0.6309487
DDD,2014B,378728,P3,F3,0.0,0.40892398
DDD,2014B,379330,P3,F3,1.0,0.5831523
DDD,2014B,380681,P3,F3,1.0,0.5208434
DDD,2014B,382051,P3,F3,0.0,0.60950416
DDD,2014B,384372,P3,F3,1.0,0.59853715
DDD,2014B,385927,P3,F3,0.0,0.4956595
DDD,2014B,385947,P3,F3,1.0,0.42581603
DDD,2014B,386140,P3,F3,1.0,0.61757696
DDD,2014B,386671,P3,F3,0.0,0.48439226
DDD,2014B,386849,P3,F3,1.0,0.6193438
DDD,2014B,387289,P3,F3,1.0,0.62842494
DDD,2014B,387656,P3,F3,1.0,0.52258897
DDD,2014B,387963,P3,F3,0.0,0.49472332
DDD,2014B,390026,P3,F3,0.0,0.4722139
DDD,2014B,391611,P3,F3,1.0,0.6143391
DDD,2014B,391924,P3,F3,0.0,0.56984717
DDD,2014B,392802,P3,F3,1.0,0.63201636
DDD,2014B,393094,P3,F3,1.0,0.526227
DDD,2014B,394020,P3,F3,1.0,0.62956715
DDD,2014B,395288,P3,F3,1.0,0.6286665
DDD,2014B,397429,P3,F3,1.0,0.5689557
DDD,2014B,398529,P3,F3,1.0,0.63571703
DDD,2014B,399203,P3,F3,1.0,0.59526986
DDD,2014B,400599,P3,F3,1.0,0.46845868
DDD,2014B,402314,P3,F3,0.0,0.49224418
DDD,2014B,402575,P3,F3,1.0,0.5166123
DDD,2014B,407115,P3,F3,1.0,0.5712787
DDD,2014B,407303,P3,F3,0.0,0.5476334
DDD,2014B,409284,P3,F3,1.0,0.6337187
DDD,2014B,410816,P3,F3,1.0,0.5251455
DDD,2014B,411060,P3,F3,0.0,0.5052702
DDD,2014B,412600,P3,F3,1.0,0.5595949
DDD,2014B,412663,P3,F3,0.0,0.44978344
DDD,2014B,413629,P3,F3,1.0,0.5881608
DDD,2014B,415151,P3,F3,1.0,0.51899886
DDD,2014B,415695,P3,F3,1.0,0.513408
DDD,2014B,416008,P3,F3,0.0,0.49471942
DDD,2014B,418453,P3,F3,0.0,0.41747794
DDD,2014B,418781,P3,F3,0.0,0.5049633
DDD,2014B,421754,P3,F3,1.0,0.62860173
DDD,2014B,424880,P3,F3,0.0,0.47828096
DDD,2014B,426137,P3,F3,1.0,0.59406537
DDD,2014B,426297,P3,F3,0.0,0.47102794
DDD,2014B,428769,P3,F3,1.0,0.48555717
DDD,2014B,430678,P3,F3,0.0,0.5107517
DDD,2014B,431136,P3,F3,1.0,0.6099106
DDD,2014B,431406,P3,F3,0.0,0.42272213
DDD,2014B,434002,P3,F3,1.0,0.4672884
DDD,2014B,434841,P3,F3,1.0,0.5003278
DDD,2014B,440103,P3,F3,0.0,0.4549765
DDD,2014B,440331,P3,F3,0.0,0.47233492
DDD,2014B,440798,P3,F3,1.0,0.62546617
DDD,2014B,441213,P3,F3,0.0,0.48276892
DDD,2014B,441393,P3,F3,1.0,0.5777502
DDD,2014B,442393,P3,F3,1.0,0.59546
DDD,2014B,442873,P3,F3,0.0,0.52839833
DDD,2014B,443861,P3,F3,0.0,0.40960708
DDD,2014B,444474,P3,F3,1.0,0.6205535
DDD,2014B,445145,P3,F3,1.0,0.43842766
DDD,2014B,445857,P3,F3,0.0,0.39445525
DDD,2014B,447162,P3,F3,0.0,0.40777496
DDD,2014B,464592,P3,F3,1.0,0.63571703
DDD,2014B,464685,P3,F3,0.0,0.50849044
DDD,2014B,464748,P3,F3,1.0,0.47474182
DDD,2014B,464887,P3,F3,1.0,0.5267542
DDD,2014B,465413,P3,F3,0.0,0.51267594
DDD,2014B,466714,P3,F3,1.0,0.514226
DDD,2014B,467230,P3,F3,0.0,0.4914255
DDD,2014B,468386,P3,F3,1.0,0.50376153
DDD,2014B,469425,P3,F3,1.0,0.60968685
DDD,2014B,469614,P3,F3,0.0,0.5443664
DDD,2014B,470555,P3,F3,1.0,0.629769
DDD,2014B,470733,P3,F3,1.0,0.4998241
DDD,2014B,471189,P3,F3,1.0,0.5531148
DDD,2014B,471476,P3,F3,1.0,0.4435036
DDD,2014B,471669,P3,F3,1.0,0.6057143
DDD,2014B,472257,P3,F3,0.0,0.581434
DDD,2014B,472284,P3,F3,0.0,0.43592605
DDD,2014B,472651,P3,F3,0.0,0.39768288
DDD,2014B,473265,P3,F3,1.0,0.56560946
DDD,2014B,473406,P3,F3,1.0,0.62054145
DDD,2014B,474153,P3,F3,1.0,0.5267714
DDD,2014B,474451,P3,F3,1.0,0.5713048
DDD,2014B,477063,P3,F3,1.0,0.6319328
DDD,2014B,477180,P3,F3,1.0,0.63291365
DDD,2014B,479649,P3,F3,0.0,0.4841161
DDD,2014B,480956,P3,F3,0.0,0.43112272
DDD,2014B,481863,P3,F3,0.0,0.62847316
DDD,2014B,484130,P3,F3,1.0,0.6173629
DDD,2014B,484213,P3,F3,0.0,0.55365545
DDD,2014B,484762,P3,F3,0.0,0.48201737
DDD,2014B,485219,P3,F3,1.0,0.5820917
DDD,2014B,485306,P3,F3,1.0,0.6271896
DDD,2014B,486022,P3,F3,0.0,0.45453703
DDD,2014B,488550,P3,F3,1.0,0.63291365
DDD,2014B,489507,P3,F3,0.0,0.53467935
DDD,2014B,490164,P3,F3,1.0,0.61968243
DDD,2014B,491036,P3,F3,0.0,0.5316134
DDD,2014B,492095,P3,F3,0.0,0.53393793
DDD,2014B,492537,P3,F3,0.0,0.53362226
DDD,2014B,493296,P3,F3,1.0,0.6278195
DDD,2014B,493434,P3,F3,1.0,0.4718271
DDD,2014B,493879,P3,F3,1.0,0.5999568
DDD,2014B,494329,P3,F3,1.0,0.50858617
DDD,2014B,496085,P3,F3,1.0,0.62398666
DDD,2014B,498363,P3,F3,0.0,0.5385644
DDD,2014B,498582,P3,F3,1.0,0.47952253
DDD,2014B,498793,P3,F3,1.0,0.52580935
DDD,2014B,498905,P3,F3,1.0,0.58650076
DDD,2014B,498980,P3,F3,1.0,0.59345204
DDD,2014B,501123,P3,F3,1.0,0.48040208
DDD,2014B,501487,P3,F3,0.0,0.42600763
DDD,2014B,501723,P3,F3,1.0,0.63571703
DDD,2014B,502004,P3,F3,0.0,0.41253108
DDD,2014B,502057,P3,F3,0.0,0.48579282
DDD,2014B,502161,P3,F3,1.0,0.59213346
DDD,2014B,502207,P3,F3,1.0,0.6189139
DDD,2014B,504089,P3,F3,1.0,0.63571703
DDD,2014B,505561,P3,F3,1.0,0.59820974
DDD,2014B,505815,P3,F3,0.0,0.43981287
DDD,2014B,505854,P3,F3,1.0,0.55781204
DDD,2014B,507812,P3,F3,1.0,0.6193506
DDD,2014B,508446,P3,F3,1.0,0.6127695
DDD,2014B,508594,P3,F3,1.0,0.5352055
DDD,2014B,508872,P3,F3,1.0,0.62798303
DDD,2014B,511890,P3,F3,1.0,0.5894183
DDD,2014B,513415,P3,F3,1.0,0.6171363
DDD,2014B,513687,P3,F3,0.0,0.4508837
DDD,2014B,513957,P3,F3,0.0,0.5754088
DDD,2014B,515161,P3,F3,1.0,0.6076149
DDD,2014B,515331,P3,F3,1.0,0.5171309
DDD,2014B,516318,P3,F3,1.0,0.5270663
DDD,2014B,517864,P3,F3,0.0,0.52741396
DDD,2014B,520349,P3,F3,1.0,0.5816804
DDD,2014B,520962,P3,F3,0.0,0.43310276
DDD,2014B,522129,P3,F3,1.0,0.6088444
DDD,2014B,522205,P3,F3,1.0,0.59919465
DDD,2014B,522363,P3,F3,1.0,0.6319328
DDD,2014B,522840,P3,F3,0.0,0.6032761
DDD,2014B,523583,P3,F3,1.0,0.63078547
DDD,2014B,523857,P3,F3,0.0,0.52413607
DDD,2014B,523978,P3,F3,0.0,0.5820467
DDD,2014B,524109,P3,F3,1.0,0.56829536
DDD,2014B,524137,P3,F3,0.0,0.6092543
DDD,2014B,525412,P3,F3,1.0,0.5348006
DDD,2014B,525635,P3,F3,1.0,0.59472877
DDD,2014B,526175,P3,F3,1.0,0.6262025
DDD,2014B,527242,P3,F3,1.0,0.5635205
DDD,2014B,527323,P3,F3,1.0,0.51775974
DDD,2014B,528699,P3,F3,1.0,0.42541856
DDD,2014B,529190,P3,F3,0.0,0.40559357
DDD,2014B,531069,P3,F3,1.0,0.6351848
DDD,2014B,531234,P3,F3,0.0,0.5787438
DDD,2014B,531243,P3,F3,1.0,0.55271643
DDD,2014B,531340,P3,F3,1.0,0.6141546
DDD,2014B,532194,P3,F3,1.0,0.4119432
DDD,2014B,532988,P3,F3,1.0,0.63571703
DDD,2014B,533012,P3,F3,1.0,0.57092845
DDD,2014B,534201,P3,F3,0.0,0.5599863
DDD,2014B,536941,P3,F3,0.0,0.42855772
DDD,2014B,536999,P3,F3,1.0,0.63571703
DDD,2014B,537756,P3,F3,0.0,0.6014349
DDD,2014B,539060,P3,F3,1.0,0.49514675
DDD,2014B,539186,P3,F3,1.0,0.62679994
DDD,2014B,539451,P3,F3,0.0,0.51877385
DDD,2014B,539588,P3,F3,1.0,0.5106591
DDD,2014B,539872,P3,F3,1.0,0.6316761
DDD,2014B,540758,P3,F3,0.0,0.499589
DDD,2014B,541000,P3,F3,0.0,0.48040417
DDD,2014B,541765,P3,F3,0.0,0.4698838
DDD,2014B,543361,P3,F3,1.0,0.62778074
DDD,2014B,543789,P3,F3,0.0,0.40205684
DDD,2014B,543976,P3,F3,1.0,0.46165875
DDD,2014B,544499,P3,F3,1.0,0.5261462
DDD,2014B,544587,P3,F3,1.0,0.48236483
DDD,2014B,545387,P3,F3,1.0,0.5744214
DDD,2014B,546025,P3,F3,1.0,0.56786764
DDD,2014B,546040,P3,F3,1.0,0.58202136
DDD,2014B,546299,P3,F3,1.0,0.6158405
DDD,2014B,546403,P3,F3,1.0,0.6170852
DDD,2014B,546584,P3,F3,0.0,0.43448585
DDD,2014B,546654,P3,F3,0.0,0.42343372
DDD,2014B,547629,P3,F3,1.0,0.53576493
DDD,2014B,547786,P3,F3,1.0,0.58965623
DDD,2014B,548292,P3,F3,0.0,0.40211716
DDD,2014B,548371,P3,F3,1.0,0.50629294
DDD,2014B,548500,P3,F3,1.0,0.52368
DDD,2014B,549160,P3,F3,1.0,0.49673244
DDD,2014B,550046,P3,F3,0.0,0.45311466
DDD,2014B,550638,P3,F3,1.0,0.48211154
DDD,2014B,550893,P3,F3,1.0,0.6310346
DDD,2014B,551171,P3,F3,0.0,0.53124917
DDD,2014B,551427,P3,F3,1.0,0.60331315
DDD,2014B,551814,P3,F3,0.0,0.5132991
DDD,2014B,552003,P3,F3,0.0,0.416086
DDD,2014B,552255,P3,F3,0.0,0.58997566
DDD,2014B,552908,P3,F3,1.0,0.6087843
DDD,2014B,554065,P3,F3,0.0,0.47891378
DDD,2014B,554444,P3,F3,1.0,0.60298276
DDD,2014B,554585,P3,F3,1.0,0.62710553
DDD,2014B,554588,P3,F3,1.0,0.627681
DDD,2014B,554712,P3,F3,1.0,0.621417
DDD,2014B,555132,P3,F3,1.0,0.54107964
DDD,2014B,555137,P3,F3,1.0,0.63291365
DDD,2014B,555408,P3,F3,1.0,0.5550158
DDD,2014B,555446,P3,F3,1.0,0.56660706
DDD,2014B,556007,P3,F3,1.0,0.6337187
DDD,2014B,556057,P3,F3,0.0,0.47565943
DDD,2014B,556170,P3,F3,1.0,0.627681
DDD,2014B,556171,P3,F3,1.0,0.56790143
DDD,2014B,556370,P3,F3,1.0,0.62994415
DDD,2014B,556374,P3,F3,1.0,0.5918265
DDD,2014B,556416,P3,F3,0.0,0.43823397
DDD,2014B,557404,P3,F3,0.0,0.43127146
DDD,2014B,558029,P3,F3,0.0,0.41672933
DDD,2014B,558292,P3,F3,0.0,0.58280075
DDD,2014B,558629,P3,F3,1.0,0.46888912
DDD,2014B,558705,P3,F3,0.0,0.5615496
DDD,2014B,559328,P3,F3,0.0,0.5269207
DDD,2014B,559872,P3,F3,0.0,0.553184
DDD,2014B,560944,P3,F3,0.0,0.45960408
DDD,2014B,561503,P3,F3,1.0,0.59695715
DDD,2014B,561906,P3,F3,1.0,0.62053794
DDD,2014B,561913,P3,F3,0.0,0.39085484
DDD,2014B,562112,P3,F3,0.0,0.47929958
DDD,2014B,562248,P3,F3,1.0,0.5568537
DDD,2014B,562632,P3,F3,0.0,0.573157
DDD,2014B,562708,P3,F3,1.0,0.46635023
DDD,2014B,562929,P3,F3,1.0,0.57817
DDD,2014B,563081,P3,F3,0.0,0.52716374
DDD,2014B,563631,P3,F3,1.0,0.6304612
DDD,2014B,563763,P3,F3,0.0,0.45080858
DDD,2014B,564081,P3,F3,1.0,0.5931971
DDD,2014B,564712,P3,F3,1.0,0.5105141
DDD,2014B,565158,P3,F3,0.0,0.47521192
DDD,2014B,565840,P3,F3,1.0,0.55046624
DDD,2014B,565851,P3,F3,1.0,0.46719638
DDD,2014B,566240,P3,F3,0.0,0.43330657
DDD,2014B,566652,P3,F3,1.0,0.55336666
DDD,2014B,566694,P3,F3,0.0,0.44500786
DDD,2014B,566788,P3,F3,0.0,0.4595085
DDD,2014B,567595,P3,F3,0.0,0.56690204
DDD,2014B,567808,P3,F3,1.0,0.47136506
DDD,2014B,567896,P3,F3,1.0,0.6138769
DDD,2014B,568631,P3,F3,1.0,0.6093886
DDD,2014B,568686,P3,F3,1.0,0.46246865
DDD,2014B,569084,P3,F3,0.0,0.47528675
DDD,2014B,569706,P3,F3,1.0,0.6143602
DDD,2014B,569944,P3,F3,0.0,0.3951803
DDD,2014B,570049,P3,F3,0.0,0.5312851
DDD,2014B,570215,P3,F3,0.0,0.44295615
DDD,2014B,571000,P3,F3,0.0,0.62817353
DDD,2014B,571008,P3,F3,1.0,0.6233649
DDD,2014B,571292,P3,F3,1.0,0.47479486
DDD,2014B,571397,P3,F3,0.0,0.42831698
DDD,2014B,572235,P3,F3,1.0,0.6271896
DDD,2014B,572414,P3,F3,1.0,0.62732494
DDD,2014B,572924,P3,F3,0.0,0.46744204
DDD,2014B,573126,P3,F3,0.0,0.4418636
DDD,2014B,573235,P3,F3,1.0,0.63201636
DDD,2014B,574190,P3,F3,1.0,0.6196457
DDD,2014B,574590,P3,F3,0.0,0.44434643
DDD,2014B,574909,P3,F3,0.0,0.3925834
DDD,2014B,575603,P3,F3,0.0,0.46157268
DDD,2014B,575773,P3,F3,1.0,0.63571703
DDD,2014B,575792,P3,F3,0.0,0.4462793
DDD,2014B,576041,P3,F3,0.0,0.4279698
DDD,2014B,576350,P3,F3,1.0,0.6311868
DDD,2014B,576584,P3,F3,0.0,0.47087702
DDD,2014B,576827,P3,F3,1.0,0.6233536
DDD,2014B,577954,P3,F3,1.0,0.5535123
DDD,2014B,578031,P3,F3,0.0,0.45150787
DDD,2014B,578595,P3,F3,1.0,0.5368083
DDD,2014B,578815,P3,F3,0.0,0.5063951
DDD,2014B,579134,P3,F3,0.0,0.59316176
DDD,2014B,579711,P3,F3,0.0,0.49236652
DDD,2014B,580912,P3,F3,0.0,0.4536941
DDD,2014B,581648,P3,F3,0.0,0.47233003
DDD,2014B,581909,P3,F3,1.0,0.6295861
DDD,2014B,582366,P3,F3,1.0,0.63571703
DDD,2014B,582479,P3,F3,0.0,0.4756068
DDD,2014B,582920,P3,F3,1.0,0.629312
DDD,2014B,583053,P3,F3,0.0,0.53969777
DDD,2014B,583713,P3,F3,0.0,0.41356984
DDD,2014B,583775,P3,F3,0.0,0.6270618
DDD,2014B,584077,P3,F3,1.0,0.6262129
DDD,2014B,584082,P3,F3,1.0,0.6316761
DDD,2014B,584089,P3,F3,1.0,0.6280916
DDD,2014B,584660,P3,F3,0.0,0.4676656
DDD,2014B,585372,P3,F3,1.0,0.5910537
DDD,2014B,585830,P3,F3,0.0,0.3883625
DDD,2014B,586347,P3,F3,0.0,0.52208847
DDD,2014B,586369,P3,F3,1.0,0.47024477
DDD,2014B,586876,P3,F3,0.0,0.4164411
DDD,2014B,586946,P3,F3,1.0,0.5783945
DDD,2014B,587403,P3,F3,1.0,0.61543787
DDD,2014B,587576,P3,F3,1.0,0.6207125
DDD,2014B,587633,P3,F3,1.0,0.5817241
DDD,2014B,588182,P3,F3,1.0,0.49475387
DDD,2014B,588198,P3,F3,0.0,0.4586426
DDD,2014B,588397,P3,F3,1.0,0.57507104
DDD,2014B,588749,P3,F3,1.0,0.600313
DDD,2014B,588752,P3,F3,1.0,0.49381503
DDD,2014B,589569,P3,F3,1.0,0.5222325
DDD,2014B,589963,P3,F3,0.0,0.50625277
DDD,2014B,590410,P3,F3,1.0,0.4286945
DDD,2014B,590504,P3,F3,1.0,0.63571703
DDD,2014B,590541,P3,F3,0.0,0.4178622
DDD,2014B,590680,P3,F3,0.0,0.50282216
DDD,2014B,591448,P3,F3,0.0,0.4339029
DDD,2014B,591654,P3,F3,1.0,0.61340135
DDD,2014B,592220,P3,F3,1.0,0.48147655
DDD,2014B,592465,P3,F3,0.0,0.59162676
DDD,2014B,593607,P3,F3,0.0,0.44330812
DDD,2014B,593657,P3,F3,0.0,0.44939825
DDD,2014B,594078,P3,F3,0.0,0.4682421
DDD,2014B,594407,P3,F3,1.0,0.63571703
DDD,2014B,595193,P3,F3,0.0,0.42921022
DDD,2014B,595342,P3,F3,1.0,0.4088554
DDD,2014B,595373,P3,F3,1.0,0.4729135
DDD,2014B,596439,P3,F3,0.0,0.5083524
DDD,2014B,596465,P3,F3,0.0,0.45153868
DDD,2014B,596906,P3,F3,1.0,0.5789657
DDD,2014B,597356,P3,F3,1.0,0.50909024
DDD,2014B,597839,P3,F3,1.0,0.58650076
DDD,2014B,598102,P3,F3,0.0,0.57320344
DDD,2014B,598179,P3,F3,0.0,0.45274758
DDD,2014B,598750,P3,F3,0.0,0.41112158
DDD,2014B,599134,P3,F3,1.0,0.5390173
DDD,2014B,599649,P3,F3,1.0,0.5707175
DDD,2014B,599789,P3,F3,0.0,0.50130266
DDD,2014B,600130,P3,F3,1.0,0.63015676
DDD,2014B,600670,P3,F3,0.0,0.4618207
DDD,2014B,600767,P3,F3,0.0,0.44668308
DDD,2014B,600891,P3,F3,0.0,0.41629535
DDD,2014B,601082,P3,F3,0.0,0.46528342
DDD,2014B,601093,P3,F3,0.0,0.50239575
DDD,2014B,601270,P3,F3,1.0,0.6300763
DDD,2014B,601329,P3,F3,1.0,0.57340616
DDD,2014B,601652,P3,F3,1.0,0.43763286
DDD,2014B,601731,P3,F3,1.0,0.63571703
DDD,2014B,601956,P3,F3,0.0,0.58303463
DDD,2014B,602228,P3,F3,1.0,0.4918815
DDD,2014B,602365,P3,F3,0.0,0.5280458
DDD,2014B,602454,P3,F3,0.0,0.5769191
DDD,2014B,602533,P3,F3,0.0,0.6276309
DDD,2014B,603302,P3,F3,0.0,0.5932122
DDD,2014B,603559,P3,F3,1.0,0.62595206
DDD,2014B,603690,P3,F3,0.0,0.4527457
DDD,2014B,604704,P3,F3,1.0,0.58024645
DDD,2014B,604905,P3,F3,0.0,0.512792
DDD,2014B,605596,P3,F3,0.0,0.51123637
DDD,2014B,605652,P3,F3,0.0,0.6102048
DDD,2014B,605695,P3,F3,0.0,0.4204392
DDD,2014B,605759,P3,F3,1.0,0.59661937
DDD,2014B,605781,P3,F3,0.0,0.45878208
DDD,2014B,605890,P3,F3,1.0,0.52955294
DDD,2014B,606802,P3,F3,1.0,0.5208518
DDD,2014B,606884,P3,F3,1.0,0.5873654
DDD,2014B,607130,P3,F3,0.0,0.46158227
DDD,2014B,607462,P3,F3,1.0,0.57788885
DDD,2014B,607572,P3,F3,1.0,0.4826779
DDD,2014B,607939,P3,F3,1.0,0.5473649
DDD,2014B,608322,P3,F3,0.0,0.50173247
DDD,2014B,608487,P3,F3,0.0,0.47315338
DDD,2014B,608724,P3,F3,0.0,0.49049315
DDD,2014B,608772,P3,F3,1.0,0.5817639
DDD,2014B,609019,P3,F3,1.0,0.5691366
DDD,2014B,609089,P3,F3,1.0,0.5936942
DDD,2014B,609194,P3,F3,0.0,0.5371754
DDD,2014B,609265,P3,F3,0.0,0.4080872
DDD,2014B,609354,P3,F3,1.0,0.4604157
DDD,2014B,609570,P3,F3,1.0,0.5769091
DDD,2014B,609573,P3,F3,0.0,0.45216292
DDD,2014B,609681,P3,F3,1.0,0.62968683
DDD,2014B,609708,P3,F3,1.0,0.6262025
DDD,2014B,609852,P3,F3,0.0,0.43126073
DDD,2014B,609946,P3,F3,1.0,0.60446465
DDD,2014B,610228,P3,F3,1.0,0.6006041
DDD,2014B,610261,P3,F3,1.0,0.6337187
DDD,2014B,610285,P3,F3,0.0,0.45671314
DDD,2014B,610326,P3,F3,0.0,0.5423808
DDD,2014B,610515,P3,F3,0.0,0.5748946
DDD,2014B,610931,P3,F3,0.0,0.3896694
DDD,2014B,611377,P3,F3,0.0,0.4348501
DDD,2014B,611493,P3,F3,1.0,0.62921
DDD,2014B,611520,P3,F3,1.0,0.57562435
DDD,2014B,611735,P3,F3,1.0,0.5272953
DDD,2014B,611845,P3,F3,1.0,0.54908895
DDD,2014B,611865,P3,F3,1.0,0.50609964
DDD,2014B,611879,P3,F3,0.0,0.49603912
DDD,2014B,611910,P3,F3,1.0,0.4302477
DDD,2014B,611983,P3,F3,1.0,0.50661516
DDD,2014B,612000,P3,F3,0.0,0.42173433
DDD,2014B,612026,P3,F3,1.0,0.49083334
DDD,2014B,612136,P3,F3,0.0,0.41182294
DDD,2014B,612283,P3,F3,1.0,0.60577095
DDD,2014B,612326,P3,F3,0.0,0.4494357
DDD,2014B,612439,P3,F3,0.0,0.49070868
DDD,2014B,612443,P3,F3,1.0,0.45887196
DDD,2014B,612563,P3,F3,1.0,0.6242397
DDD,2014B,612625,P3,F3,1.0,0.53244317
DDD,2014B,612669,P3,F3,1.0,0.5231615
DDD,2014B,612822,P3,F3,1.0,0.53314686
DDD,2014B,612935,P3,F3,1.0,0.584975
DDD,2014B,613063,P3,F3,1.0,0.5992068
DDD,2014B,613105,P3,F3,1.0,0.6295861
DDD,2014B,613107,P3,F3,0.0,0.39637098
DDD,2014B,613313,P3,F3,0.0,0.44050515
DDD,2014B,613370,P3,F3,0.0,0.45637614
DDD,2014B,613466,P3,F3,0.0,0.4542458
DDD,2014B,613667,P3,F3,0.0,0.40143734
DDD,2014B,613834,P3,F3,0.0,0.4961629
DDD,2014B,613876,P3,F3,1.0,0.5922673
DDD,2014B,614025,P3,F3,1.0,0.6220163
DDD,2014B,614074,P3,F3,0.0,0.4169935
DDD,2014B,614176,P3,F3,0.0,0.4449545
DDD,2014B,614217,P3,F3,1.0,0.4938245
DDD,2014B,614241,P3,F3,1.0,0.624736
DDD,2014B,614265,P3,F3,0.0,0.40943006
DDD,2014B,614406,P3,F3,1.0,0.45126954
DDD,2014B,614471,P3,F3,1.0,0.49346414
DDD,2014B,614633,P3,F3,1.0,0.45487583
DDD,2014B,614649,P3,F3,1.0,0.62085795
DDD,2014B,614650,P3,F3,1.0,0.5798305
DDD,2014B,614804,P3,F3,0.0,0.42900598
DDD,2014B,614808,P3,F3,0.0,0.62710553
DDD,2014B,614930,P3,F3,1.0,0.6054487
DDD,2014B,614949,P3,F3,0.0,0.4190211
DDD,2014B,615075,P3,F3,0.0,0.4506496
DDD,2014B,615184,P3,F3,1.0,0.52235293
DDD,2014B,615438,P3,F3,1.0,0.50047463
DDD,2014B,616334,P3,F3,1.0,0.56168354
DDD,2014B,616542,P3,F3,0.0,0.5058418
DDD,2014B,616658,P3,F3,0.0,0.43162075
DDD,2014B,616862,P3,F3,1.0,0.57532895
DDD,2014B,616870,P3,F3,0.0,0.5065116
DDD,2014B,616952,P3,F3,0.0,0.53924954
DDD,2014B,617265,P3,F3,1.0,0.56985235
DDD,2014B,617327,P3,F3,0.0,0.5142048
DDD,2014B,617401,P3,F3,1.0,0.63186604
DDD,2014B,617442,P3,F3,0.0,0.4004901
DDD,2014B,617619,P3,F3,1.0,0.4864616
DDD,2014B,617699,P3,F3,0.0,0.49320486
DDD,2014B,617771,P3,F3,1.0,0.6083331
DDD,2014B,617781,P3,F3,0.0,0.553171
DDD,2014B,617801,P3,F3,0.0,0.45177948
DDD,2014B,617880,P3,F3,0.0,0.495091
DDD,2014B,617897,P3,F3,1.0,0.55832547
DDD,2014B,618131,P3,F3,1.0,0.5591884
DDD,2014B,618171,P3,F3,1.0,0.52090096
DDD,2014B,618295,P3,F3,0.0,0.4999467
DDD,2014B,618377,P3,F3,0.0,0.48017734
DDD,2014B,618649,P3,F3,0.0,0.39995277
DDD,2014B,618675,P3,F3,1.0,0.522233
DDD,2014B,618682,P3,F3,1.0,0.60004485
DDD,2014B,618683,P3,F3,0.0,0.43203092
DDD,2014B,618696,P3,F3,1.0,0.46838474
DDD,2014B,618845,P3,F3,0.0,0.3996039
DDD,2014B,618937,P3,F3,0.0,0.39768288
DDD,2014B,618940,P3,F3,0.0,0.47184893
DDD,2014B,618963,P3,F3,1.0,0.60147923
DDD,2014B,618968,P3,F3,1.0,0.6029166
DDD,2014B,618998,P3,F3,1.0,0.62860173
DDD,2014B,619297,P3,F3,0.0,0.4255043
DDD,2014B,619359,P3,F3,0.0,0.49800658
DDD,2014B,619382,P3,F3,1.0,0.57835406
DDD,2014B,619403,P3,F3,0.0,0.4197822
DDD,2014B,619851,P3,F3,1.0,0.6122349
DDD,2014B,619939,P3,F3,1.0,0.629312
DDD,2014B,619964,P3,F3,1.0,0.62477773
DDD,2014B,620060,P3,F3,1.0,0.53787345
DDD,2014B,620102,P3,F3,1.0,0.46276012
DDD,2014B,620159,P3,F3,0.0,0.46972016
DDD,2014B,620231,P3,F3,0.0,0.45749778
DDD,2014B,620243,P3,F3,0.0,0.5292656
DDD,2014B,620337,P3,F3,1.0,0.5128888
DDD,2014B,620437,P3,F3,1.0,0.5208577
DDD,2014B,620608,P3,F3,1.0,0.44306922
DDD,2014B,620630,P3,F3,0.0,0.43212867
DDD,2014B,620658,P3,F3,0.0,0.41566876
DDD,2014B,620734,P3,F3,0.0,0.42599413
DDD,2014B,620793,P3,F3,1.0,0.6314436
DDD,2014B,620820,P3,F3,0.0,0.5137727
DDD,2014B,620892,P3,F3,1.0,0.5636809
DDD,2014B,620925,P3,F3,1.0,0.55522174
DDD,2014B,620951,P3,F3,1.0,0.550898
DDD,2014B,620974,P3,F3,1.0,0.6093886
DDD,2014B,621004,P3,F3,0.0,0.48453936
DDD,2014B,621010,P3,F3,0.0,0.44601068
DDD,2014B,621300,P3,F3,0.0,0.5312535
DDD,2014B,621352,P3,F3,1.0,0.46404272
DDD,2014B,621384,P3,F3,1.0,0.6295615
DDD,2014B,621442,P3,F3,0.0,0.63571703
DDD,2014B,621457,P3,F3,0.0,0.4740216
DDD,2014B,621615,P3,F3,0.0,0.39656615
DDD,2014B,621659,P3,F3,1.0,0.5338675
DDD,2014B,621699,P3,F3,0.0,0.5147187
DDD,2014B,621883,P3,F3,0.0,0.45837215
DDD,2014B,621908,P3,F3,1.0,0.510678
DDD,2014B,622086,P3,F3,0.0,0.45726272
DDD,2014B,622175,P3,F3,1.0,0.40545613
DDD,2014B,622192,P3,F3,0.0,0.44859168
DDD,2014B,622207,P3,F3,1.0,0.63571703
DDD,2014B,622215,P3,F3,0.0,0.5874056
DDD,2014B,622225,P3,F3,1.0,0.59511656
DDD,2014B,622281,P3,F3,1.0,0.62860173
DDD,2014B,622413,P3,F3,0.0,0.5470052
DDD,2014B,622435,P3,F3,1.0,0.49063596
DDD,2014B,622499,P3,F3,1.0,0.5945637
DDD,2014B,622541,P3,F3,0.0,0.49215624
DDD,2014B,622571,P3,F3,1.0,0.45880133
DDD,2014B,622614,P3,F3,1.0,0.565506
DDD,2014B,622630,P3,F3,1.0,0.63035196
DDD,2014B,622657,P3,F3,1.0,0.5797055
DDD,2014B,622672,P3,F3,1.0,0.6265699
DDD,2014B,622724,P3,F3,0.0,0.4476315
DDD,2014B,622764,P3,F3,0.0,0.40081924
DDD,2014B,622790,P3,F3,1.0,0.50720555
DDD,2014B,622792,P3,F3,1.0,0.63186604
DDD,2014B,622844,P3,F3,1.0,0.57370263
DDD,2014B,622851,P3,F3,1.0,0.56236154
DDD,2014B,622900,P3,F3,1.0,0.48884952
DDD,2014B,623008,P3,F3,0.0,0.62123233
DDD,2014B,623015,P3,F3,1.0,0.6295615
DDD,2014B,623052,P3,F3,1.0,0.391904
DDD,2014B,623073,P3,F3,0.0,0.40383074
DDD,2014B,623099,P3,F3,1.0,0.6282498
DDD,2014B,623164,P3,F3,0.0,0.4015044
DDD,2014B,623210,P3,F3,1.0,0.5415244
DDD,2014B,623257,P3,F3,1.0,0.45441544
DDD,2014B,623347,P3,F3,0.0,0.48787042
DDD,2014B,623514,P3,F3,0.0,0.54845345
DDD,2014B,623541,P3,F3,0.0,0.40424424
DDD,2014B,623585,P3,F3,0.0,0.50911593
DDD,2014B,623740,P3,F3,1.0,0.50094146
DDD,2014B,623815,P3,F3,0.0,0.40164322
DDD,2014B,623826,P3,F3,0.0,0.41007474
DDD,2014B,623829,P3,F3,1.0,0.6235463
DDD,2014B,623917,P3,F3,1.0,0.5410251
DDD,2014B,623931,P3,F3,0.0,0.47869438
DDD,2014B,623932,P3,F3,1.0,0.40845624
DDD,2014B,624007,P3,F3,0.0,0.40403304
DDD,2014B,624052,P3,F3,0.0,0.4087488
DDD,2014B,624077,P3,F3,0.0,0.44828507
DDD,2014B,624078,P3,F3,1.0,0.4087726
DDD,2014B,624093,P3,F3,1.0,0.6185392
DDD,2014B,624105,P3,F3,1.0,0.62178856
DDD,2014B,624156,P3,F3,0.0,0.4479173
DDD,2014B,624358,P3,F3,0.0,0.4582214
DDD,2014B,624407,P3,F3,1.0,0.5491742
DDD,2014B,624476,P3,F3,1.0,0.5549327
DDD,2014B,624493,P3,F3,0.0,0.42444986
DDD,2014B,624570,P3,F3,1.0,0.5708173
DDD,2014B,624585,P3,F3,0.0,0.50779235
DDD,2014B,624610,P3,F3,1.0,0.42796767
DDD,2014B,624730,P3,F3,1.0,0.5649595
DDD,2014B,624789,P3,F3,0.0,0.3896694
DDD,2014B,624804,P3,F3,0.0,0.40847358
DDD,2014B,624829,P3,F3,1.0,0.48210707
DDD,2014B,624839,P3,F3,0.0,0.4124869
DDD,2014B,624881,P3,F3,0.0,0.43438116
DDD,2014B,624921,P3,F3,1.0,0.6223861
DDD,2014B,624927,P3,F3,0.0,0.48146206
DDD,2014B,624944,P3,F3,1.0,0.6169183
DDD,2014B,625035,P3,F3,0.0,0.40214056
DDD,2014B,625080,P3,F3,1.0,0.4854441
DDD,2014B,625098,P3,F3,1.0,0.4858897
DDD,2014B,625218,P3,F3,0.0,0.39789286
DDD,2014B,625263,P3,F3,0.0,0.5274405
DDD,2014B,625427,P3,F3,0.0,0.41491094
DDD,2014B,625615,P3,F3,1.0,0.5496898
DDD,2014B,625714,P3,F3,0.0,0.48706797
DDD,2014B,625748,P3,F3,0.0,0.4279751
DDD,2014B,625864,P3,F3,0.0,0.45105645
DDD,2014B,625874,P3,F3,1.0,0.45023763
DDD,2014B,625902,P3,F3,1.0,0.492859
DDD,2014B,625983,P3,F3,1.0,0.5549099
DDD,2014B,626018,P3,F3,1.0,0.502148
DDD,2014B,626040,P3,F3,1.0,0.5050138
DDD,2014B,626049,P3,F3,1.0,0.45613512
DDD,2014B,626061,P3,F3,0.0,0.55594665
DDD,2014B,626114,P3,F3,0.0,0.4013367
DDD,2014B,626146,P3,F3,0.0,0.4258316
DDD,2014B,626172,P3,F3,0.0,0.46023953
DDD,2014B,626192,P3,F3,0.0,0.41641298
DDD,2014B,626217,P3,F3,1.0,0.5539381
DDD,2014B,626238,P3,F3,0.0,0.4081543
DDD,2014B,626321,P3,F3,1.0,0.6255822
DDD,2014B,626348,P3,F3,1.0,0.44171128
DDD,2014B,626405,P3,F3,1.0,0.4121505
DDD,2014B,626417,P3,F3,0.0,0.5197879
DDD,2014B,626450,P3,F3,0.0,0.40546858
DDD,2014B,626551,P3,F3,0.0,0.43247837
DDD,2014B,626556,P3,F3,0.0,0.48374423
DDD,2014B,626607,P3,F3,1.0,0.5975083
DDD,2014B,626679,P3,F3,1.0,0.41175133
DDD,2014B,626723,P3,F3,1.0,0.54803526
DDD,2014B,626798,P3,F3,1.0,0.6131362
DDD,2014B,626852,P3,F3,0.0,0.50410897
DDD,2014B,626885,P3,F3,0.0,0.4081771
DDD,2014B,626889,P3,F3,0.0,0.5226182
DDD,2014B,626930,P3,F3,1.0,0.5803278
DDD,2014B,626979,P3,F3,1.0,0.50331706
DDD,2014B,627021,P3,F3,0.0,0.5337179
DDD,2014B,627071,P3,F3,1.0,0.51945233
DDD,2014B,627100,P3,F3,0.0,0.46628422
DDD,2014B,627173,P3,F3,1.0,0.5786485
DDD,2014B,627184,P3,F3,0.0,0.45793054
DDD,2014B,627276,P3,F3,0.0,0.50274026
DDD,2014B,627322,P3,F3,0.0,0.4076926
DDD,2014B,627333,P3,F3,0.0,0.63571703
DDD,2014B,627367,P3,F3,1.0,0.4480153
DDD,2014B,627397,P3,F3,0.0,0.44321004
DDD,2014B,627416,P3,F3,1.0,0.44453606
DDD,2014B,627536,P3,F3,0.0,0.4813153
DDD,2014B,627581,P3,F3,1.0,0.49478075
DDD,2014B,627638,P3,F3,1.0,0.44335085
DDD,2014B,627655,P3,F3,1.0,0.563766
DDD,2014B,627772,P3,F3,0.0,0.448436
DDD,2014B,627879,P3,F3,0.0,0.5055878
DDD,2014B,627882,P3,F3,0.0,0.39502132
DDD,2014B,627891,P3,F3,0.0,0.5699216
DDD,2014B,627924,P3,F3,1.0,0.4670067
DDD,2014B,628008,P3,F3,0.0,0.46118975
DDD,2014B,628099,P3,F3,0.0,0.4167542
DDD,2014B,628216,P3,F3,0.0,0.45482025
DDD,2014B,628246,P3,F3,0.0,0.4826047
DDD,2014B,628333,P3,F3,0.0,0.47472638
DDD,2014B,628347,P3,F3,0.0,0.44899082
DDD,2014B,628376,P3,F3,0.0,0.4508491
DDD,2014B,628386,P3,F3,0.0,0.4886885
DDD,2014B,628502,P3,F3,0.0,0.41632992
DDD,2014B,628575,P3,F3,0.0,0.5298117
DDD,2014B,628642,P3,F3,0.0,0.47458658
DDD,2014B,628806,P3,F3,0.0,0.40727842
DDD,2014B,628835,P3,F3,0.0,0.5006117
DDD,2014B,628841,P3,F3,1.0,0.63571703
DDD,2014B,628875,P3,F3,0.0,0.43795356
DDD,2014B,628915,P3,F3,0.0,0.39445525
DDD,2014B,628956,P3,F3,0.0,0.44168013
DDD,2014B,629000,P3,F3,1.0,0.45963505
DDD,2014B,629039,P3,F3,1.0,0.45562735
DDD,2014B,629055,P3,F3,0.0,0.4516427
DDD,2014B,629316,P3,F3,1.0,0.5600083
DDD,2014B,629405,P3,F3,0.0,0.4955706
DDD,2014B,629452,P3,F3,0.0,0.398548
DDD,2014B,629454,P3,F3,1.0,0.47636336
DDD,2014B,629632,P3,F3,1.0,0.534769
DDD,2014B,629673,P3,F3,1.0,0.63571703
DDD,2014B,629696,P3,F3,0.0,0.60485065
DDD,2014B,629699,P3,F3,1.0,0.5433993
DDD,2014B,629702,P3,F3,1.0,0.48120654
DDD,2014B,629706,P3,F3,1.0,0.62488204
DDD,2014B,629710,P3,F3,0.0,0.40388218
DDD,2014B,629725,P3,F3,0.0,0.4594115
DDD,2014B,629773,P3,F3,1.0,0.44399115
DDD,2014B,629822,P3,F3,0.0,0.45077214
DDD,2014B,629876,P3,F3,1.0,0.44469258
DDD,2014B,629877,P3,F3,0.0,0.398548
DDD,2014B,629898,P3,F3,0.0,0.40171146
DDD,2014B,629921,P3,F3,0.0,0.41824827
DDD,2014B,629955,P3,F3,1.0,0.62232286
DDD,2014B,630073,P3,F3,0.0,0.45950472
DDD,2014B,630137,P3,F3,0.0,0.43449935
DDD,2014B,630152,P3,F3,1.0,0.5100298
DDD,2014B,630178,P3,F3,0.0,0.4945397
DDD,2014B,630195,P3,F3,1.0,0.4580921
DDD,2014B,630200,P3,F3,0.0,0.56201786
DDD,2014B,630301,P3,F3,1.0,0.4533717
DDD,2014B,630359,P3,F3,1.0,0.6337187
DDD,2014B,630401,P3,F3,1.0,0.49877906
DDD,2014B,630432,P3,F3,0.0,0.44789898
DDD,2014B,630596,P3,F3,0.0,0.40300444
DDD,2014B,630613,P3,F3,0.0,0.45410377
DDD,2014B,630774,P3,F3,0.0,0.5041825
DDD,2014B,630818,P3,F3,0.0,0.4358084
DDD,2014B,630935,P3,F3,0.0,0.42705378
DDD,2014B,630948,P3,F3,0.0,0.40592033
DDD,2014B,631029,P3,F3,1.0,0.4680771
DDD,2014B,631131,P3,F3,0.0,0.48916394
DDD,2014B,631207,P3,F3,1.0,0.58989364
DDD,2014B,631240,P3,F3,1.0,0.5996698
DDD,2014B,631257,P3,F3,0.0,0.53957355
DDD,2014B,631299,P3,F3,1.0,0.5994449
DDD,2014B,631322,P3,F3,0.0,0.54256606
DDD,2014B,631355,P3,F3,1.0,0.44036758
DDD,2014B,631388,P3,F3,0.0,0.52591175
DDD,2014B,631439,P3,F3,0.0,0.4408344
DDD,2014B,631513,P3,F3,1.0,0.44071314
DDD,2014B,631514,P3,F3,0.0,0.52228886
DDD,2014B,631527,P3,F3,1.0,0.58544683
DDD,2014B,631569,P3,F3,0.0,0.4502841
DDD,2014B,631600,P3,F3,1.0,0.63571703
DDD,2014B,631623,P3,F3,1.0,0.5484642
DDD,2014B,631639,P3,F3,0.0,0.4578818
DDD,2014B,631670,P3,F3,0.0,0.41509497
DDD,2014B,631749,P3,F3,1.0,0.58777857
DDD,2014B,631771,P3,F3,0.0,0.47007447
DDD,2014B,631813,P3,F3,1.0,0.59405845
DDD,2014B,631846,P3,F3,1.0,0.43947107
DDD,2014B,631851,P3,F3,0.0,0.39362484
DDD,2014B,631945,P3,F3,1.0,0.46674332
DDD,2014B,632115,P3,F3,1.0,0.6221586
DDD,2014B,632125,P3,F3,1.0,0.4817482
DDD,2014B,632195,P3,F3,1.0,0.41874543
DDD,2014B,632205,P3,F3,0.0,0.4273828
DDD,2014B,632215,P3,F3,0.0,0.41047716
DDD,2014B,632305,P3,F3,0.0,0.46065557
DDD,2014B,632314,P3,F3,1.0,0.5737531
DDD,2014B,632463,P3,F3,1.0,0.58500654
DDD,2014B,632469,P3,F3,1.0,0.5588799
DDD,2014B,632473,P3,F3,1.0,0.63571703
DDD,2014B,632482,P3,F3,1.0,0.6311868
DDD,2014B,632486,P3,F3,1.0,0.43690285
DDD,2014B,632504,P3,F3,1.0,0.5962703
DDD,2014B,632551,P3,F3,1.0,0.41590527
DDD,2014B,632680,P3,F3,0.0,0.43104738
DDD,2014B,632725,P3,F3,1.0,0.6047389
DDD,2014B,632741,P3,F3,0.0,0.4298671
DDD,2014B,632790,P3,F3,0.0,0.45670223
DDD,2014B,632793,P3,F3,1.0,0.56006235
DDD,2014B,632814,P3,F3,1.0,0.621699
DDD,2014B,632845,P3,F3,0.0,0.39445525
DDD,2014B,632856,P3,F3,1.0,0.5531546
DDD,2014B,632898,P3,F3,1.0,0.50873995
DDD,2014B,633008,P3,F3,0.0,0.43875456
DDD,2014B,633214,P3,F3,1.0,0.42441568
DDD,2014B,633273,P3,F3,1.0,0.51222676
DDD,2014B,633325,P3,F3,0.0,0.6314436
DDD,2014B,633331,P3,F3,1.0,0.49639505
DDD,2014B,633341,P3,F3,1.0,0.60187995
DDD,2014B,633355,P3,F3,0.0,0.47314247
DDD,2014B,633368,P3,F3,0.0,0.5296811
DDD,2014B,633384,P3,F3,1.0,0.53626955
DDD,2014B,633467,P3,F3,0.0,0.5311759
DDD,2014B,633510,P3,F3,1.0,0.5071591
DDD,2014B,633591,P3,F3,0.0,0.41717532
DDD,2014B,633763,P3,F3,0.0,0.43855458
DDD,2014B,633764,P3,F3,0.0,0.47381294
DDD,2014B,633771,P3,F3,1.0,0.6271896
DDD,2014B,633864,P3,F3,0.0,0.44865713
DDD,2014B,633921,P3,F3,0.0,0.46235263
DDD,2014B,633960,P3,F3,0.0,0.4150933
DDD,2014B,634094,P3,F3,0.0,0.572483
DDD,2014B,634106,P3,F3,0.0,0.43686786
DDD,2014B,634178,P3,F3,0.0,0.4466215
DDD,2014B,634246,P3,F3,0.0,0.5664978
DDD,2014B,634278,P3,F3,1.0,0.5440062
DDD,2014B,634351,P3,F3,0.0,0.49915886
DDD,2014B,634360,P3,F3,1.0,0.41694498
DDD,2014B,634383,P3,F3,0.0,0.39946446
DDD,2014B,634397,P3,F3,1.0,0.5757226
DDD,2014B,634420,P3,F3,0.0,0.52340657
DDD,2014B,634508,P3,F3,1.0,0.47778037
DDD,2014B,634596,P3,F3,0.0,0.390233
DDD,2014B,634648,P3,F3,0.0,0.45305368
DDD,2014B,634681,P3,F3,0.0,0.40564683
DDD,2014B,634824,P3,F3,0.0,0.42110202
DDD,2014B,634905,P3,F3,0.0,0.41351783
DDD,2014B,634909,P3,F3,1.0,0.49909875
DDD,2014B,635058,P3,F3,0.0,0.40058643
DDD,2014B,635100,P3,F3,0.0,0.5291843
DDD,2014B,635141,P3,F3,0.0,0.39825052
DDD,2014B,669530,P3,F3,1.0,0.5345783
DDD,2014B,879295,P3,F3,0.0,0.6153054
DDD,2014B,909056,P3,F3,0.0,0.40311167
DDD,2014B,963176,P3,F3,1.0,0.5239514
DDD,2014B,1031884,P3,F3,0.0,0.42304298
DDD,2014B,1033968,P3,F3,1.0,0.63291365
DDD,2014B,1049036,P3,F3,0.0,0.43695638
DDD,2014B,1332356,P3,F3,0.0,0.44553235
DDD,2014B,1531649,P3,F3,1.0,0.45459625
DDD,2014B,1549107,P3,F3,0.0,0.44171837
DDD,2014B,1552044,P3,F3,0.0,0.43029147
DDD,2014B,1554143,P3,F3,1.0,0.61158836
DDD,2014B,1591864,P3,F3,1.0,0.4197822
DDD,2014B,1592048,P3,F3,0.0,0.43088293
DDD,2014B,1612600,P3,F3,0.0,0.41345856
DDD,2014B,1624025,P3,F3,1.0,0.40292892
DDD,2014B,1668372,P3,F3,1.0,0.5656056
DDD,2014B,1671208,P3,F3,1.0,0.43937927
DDD,2014B,1671761,P3,F3,1.0,0.52466285
DDD,2014B,1671811,P3,F3,0.0,0.4181732
DDD,2014B,1735651,P3,F3,0.0,0.5765048
DDD,2014B,1735653,P3,F3,0.0,0.48670468
DDD,2014B,1763186,P3,F3,0.0,0.43111703
DDD,2014B,1767786,P3,F3,1.0,0.47896245
DDD,2014B,1777223,P3,F3,1.0,0.43953514
DDD,2014B,1804143,P3,F3,1.0,0.47934487
DDD,2014B,1826729,P3,F3,0.0,0.59849304
DDD,2014B,1843355,P3,F3,1.0,0.61729276
DDD,2014B,1874160,P3,F3,0.0,0.4588948
DDD,2014B,1903131,P3,F3,1.0,0.6317676
DDD,2014B,1916140,P3,F3,0.0,0.38954648
DDD,2014B,1939179,P3,F3,1.0,0.5611674
DDD,2014B,1945434,P3,F3,0.0,0.42456147
DDD,2014B,1951727,P3,F3,0.0,0.3896694
DDD,2014B,1962854,P3,F3,0.0,0.6260584
DDD,2014B,1981053,P3,F3,1.0,0.6008696
DDD,2014B,1986370,P3,F3,1.0,0.45833707
DDD,2014B,2001102,P3,F3,1.0,0.6041311
DDD,2014B,2002727,P3,F3,1.0,0.63291365
DDD,2014B,2046628,P3,F3,1.0,0.5579995
DDD,2014B,2077023,P3,F3,0.0,0.54052347
DDD,2014B,2080340,P3,F3,1.0,0.50276446
DDD,2014B,2087698,P3,F3,0.0,0.40781084
DDD,2014B,2091387,P3,F3,0.0,0.41896218
DDD,2014B,2109013,P3,F3,1.0,0.6292343
DDD,2014B,2110039,P3,F3,1.0,0.6230615
DDD,2014B,2151748,P3,F3,1.0,0.5609865
DDD,2014B,2162388,P3,F3,1.0,0.5605102
DDD,2014B,2172136,P3,F3,0.0,0.4004901
DDD,2014B,2173688,P3,F3,1.0,0.5767486
DDD,2014B,2188469,P3,F3,1.0,0.51445127
DDD,2014B,2210989,P3,F3,0.0,0.48880982
DDD,2014B,2228206,P3,F3,1.0,0.46167877
DDD,2014B,2231018,P3,F3,0.0,0.43909794
DDD,2014B,2261142,P3,F3,1.0,0.5922353
DDD,2014B,2265935,P3,F3,1.0,0.44782463
DDD,2014B,2266889,P3,F3,0.0,0.46029124
DDD,2014B,2301511,P3,F3,1.0,0.554993
DDD,2014B,2305957,P3,F3,1.0,0.63291365
DDD,2014B,2306519,P3,F3,0.0,0.45919374
DDD,2014B,2312809,P3,F3,0.0,0.56806284
DDD,2014B,2333244,P3,F3,1.0,0.40283474
DDD,2014B,2336922,P3,F3,0.0,0.5871368
DDD,2014B,2343809,P3,F3,0.0,0.46534234
DDD,2014B,2348961,P3,F3,0.0,0.49989918
DDD,2014B,2356318,P3,F3,1.0,0.6282498
DDD,2014B,2366701,P3,F3,1.0,0.63571703
DDD,2014B,2371311,P3,F3,1.0,0.6302041
DDD,2014B,2394090,P3,F3,0.0,0.4163152
DDD,2014B,2399951,P3,F3,1.0,0.57366323
DDD,2014B,2411981,P3,F3,1.0,0.6139618
DDD,2014B,2414973,P3,F3,0.0,0.6274311
DDD,2014B,2415480,P3,F3,0.0,0.4157787
DDD,2014B,2416424,P3,F3,0.0,0.4662356
DDD,2014B,2416501,P3,F3,0.0,0.45346522
DDD,2014B,2436400,P3,F3,0.0,0.4606306
DDD,2014B,2444109,P3,F3,1.0,0.6296195
DDD,2014B,2450600,P3,F3,0.0,0.41341692
DDD,2014B,2450650,P3,F3,0.0,0.40990567
DDD,2014B,2451003,P3,F3,0.0,0.5880454
DDD,2014B,2452902,P3,F3,0.0,0.62988615
DDD,2014B,2460775,P3,F3,0.0,0.4922113
DDD,2014B,2465186,P3,F3,1.0,0.5908292
DDD,2014B,2473025,P3,F3,0.0,0.4046169
DDD,2014B,2485856,P3,F3,1.0,0.63571703
DDD,2014B,2495139,P3,F3,1.0,0.6280916
DDD,2014B,2499850,P3,F3,1.0,0.63571703
DDD,2014B,2502516,P3,F3,0.0,0.4108542
DDD,2014B,2502707,P3,F3,1.0,0.61407685
DDD,2014B,2503273,P3,F3,0.0,0.42012092
DDD,2014B,2516497,P3,F3,1.0,0.6271896
DDD,2014B,2519622,P3,F3,1.0,0.4424627
DDD,2014B,2523146,P3,F3,1.0,0.63201636
DDD,2014B,2527077,P3,F3,1.0,0.40310064
DDD,2014B,2533297,P3,F3,1.0,0.45721114
DDD,2014B,2533590,P3,F3,1.0,0.63571703
DDD,2014B,2545413,P3,F3,1.0,0.5865858
DDD,2014B,2550946,P3,F3,0.0,0.5080904
DDD,2014B,2558463,P3,F3,0.0,0.44851068
DDD,2014B,2577480,P3,F3,1.0,0.63291365
DDD,2014B,2588215,P3,F3,1.0,0.5227009
DDD,2014B,2588543,P3,F3,1.0,0.5287038
DDD,2014B,2595457,P3,F3,1.0,0.52625173
DDD,2014B,2595730,P3,F3,1.0,0.44843078
DDD,2014B,2608626,P3,F3,0.0,0.42861274
DDD,2014B,2609908,P3,F3,0.0,0.5632503
DDD,2014B,2611371,P3,F3,0.0,0.506461
DDD,2014B,2619496,P3,F3,0.0,0.46326417
DDD,2014B,2623532,P3,F3,1.0,0.5448253
DDD,2014B,2635116,P3,F3,1.0,0.5278589
DDD,2014B,2636552,P3,F3,1.0,0.5348706
DDD,2014B,2637219,P3,F3,0.0,0.39245853
DDD,2014B,2639021,P3,F3,1.0,0.5598826
DDD,2014B,2640853,P3,F3,1.0,0.63571703
DDD,2014B,2643028,P3,F3,0.0,0.40489015
DDD,2014B,2646737,P3,F3,1.0,0.53972167
DDD,2014B,2648035,P3,F3,0.0,0.4539693
DDD,2014B,2659530,P3,F3,0.0,0.502817
DDD,2014B,2660408,P3,F3,0.0,0.488204
DDD,2014B,2661162,P3,F3,0.0,0.4315246
DDD,2014B,2668106,P3,F3,1.0,0.5736215
DDD,2014B,2669736,P3,F3,0.0,0.5184123
DDD,2014B,2669995,P3,F3,0.0,0.42489308
DDD,2014B,2675343,P3,F3,0.0,0.5895344
DDD,2014B,2684847,P3,F3,0.0,0.5114454
DDD,2014B,2685827,P3,F3,0.0,0.4563284
DDD,2014B,2686365,P3,F3,1.0,0.56388867
DDD,2014B,2686865,P3,F3,0.0,0.5464304
DDD,2014B,2688692,P3,F3,0.0,0.49548548
DDD,2014B,2689501,P3,F3,1.0,0.6300763
DDD,2014B,2692101,P3,F3,1.0,0.58273154
DDD,2014B,2692577,P3,F3,0.0,0.47681373
DDD,2014B,2692948,P3,F3,0.0,0.6281641
DDD,2014B,2694886,P3,F3,0.0,0.51175505
DDD,2014B,2696376,P3,F3,1.0,0.63571703
DDD,2014B,2698251,P3,F3,1.0,0.48732263
EEE,2014B,25150,P3,F3,0.0,0.43403122
EEE,2014B,27780,P3,F3,0.0,0.517342
EEE,2014B,29639,P3,F3,0.0,0.43562555
EEE,2014B,29820,P3,F3,0.0,0.42819032
EEE,2014B,35340,P3,F3,0.0,0.4193267
EEE,2014B,35508,P3,F3,0.0,0.40854225
EEE,2014B,64296,P3,F3,1.0,0.49758723
EEE,2014B,70537,P3,F3,0.0,0.44006482
EEE,2014B,83219,P3,F3,0.0,0.41370657
EEE,2014B,121574,P3,F3,1.0,0.54432565
EEE,2014B,128971,P3,F3,0.0,0.46302983
EEE,2014B,135330,P3,F3,1.0,0.45975593
EEE,2014B,144745,P3,F3,0.0,0.41512752
EEE,2014B,148282,P3,F3,1.0,0.4878539
EEE,2014B,156594,P3,F3,0.0,0.4657494
EEE,2014B,158831,P3,F3,0.0,0.4594225
EEE,2014B,165376,P3,F3,0.0,0.55220747
EEE,2014B,167791,P3,F3,0.0,0.41725874
EEE,2014B,170936,P3,F3,0.0,0.57074034
EEE,2014B,171334,P3,F3,1.0,0.44345623
EEE,2014B,182400,P3,F3,1.0,0.41816118
EEE,2014B,185057,P3,F3,0.0,0.4022641
EEE,2014B,186476,P3,F3,0.0,0.47200087
EEE,2014B,188260,P3,F3,0.0,0.46685746
EEE,2014B,188662,P3,F3,0.0,0.45967302
EEE,2014B,193163,P3,F3,1.0,0.4682317
EEE,2014B,197730,P3,F3,0.0,0.5410249
EEE,2014B,198902,P3,F3,1.0,0.54851896
EEE,2014B,231019,P3,F3,1.0,0.48649603
EEE,2014B,231339,P3,F3,0.0,0.4053034
EEE,2014B,234559,P3,F3,0.0,0.44302323
EEE,2014B,237934,P3,F3,1.0,0.5546806
EEE,2014B,244166,P3,F3,1.0,0.44543082
EEE,2014B,244977,P3,F3,0.0,0.4341872
EEE,2014B,247819,P3,F3,0.0,0.41886652
EEE,2014B,248818,P3,F3,0.0,0.45304585
EEE,2014B,250092,P3,F3,1.0,0.53539157
EEE,2014B,256867,P3,F3,0.0,0.4489143
EEE,2014B,261042,P3,F3,1.0,0.5855876
EEE,2014B,266040,P3,F3,1.0,0.46156076
EEE,2014B,267961,P3,F3,1.0,0.5078039
EEE,2014B,272103,P3,F3,1.0,0.5733051
EEE,2014B,274218,P3,F3,0.0,0.475409
EEE,2014B,278786,P3,F3,1.0,0.5342205
EEE,2014B,285170,P3,F3,0.0,0.48167506
EEE,2014B,289397,P3,F3,0.0,0.53448236
EEE,2014B,291674,P3,F3,0.0,0.43945011
EEE,2014B,293670,P3,F3,1.0,0.5096106
EEE,2014B,293686,P3,F3,0.0,0.40768474
EEE,2014B,303774,P3,F3,1.0,0.557086
EEE,2014B,308391,P3,F3,1.0,0.52870774
EEE,2014B,321112,P3,F3,1.0,0.5733051
EEE,2014B,324257,P3,F3,0.0,0.41759503
EEE,2014B,329455,P3,F3,0.0,0.41287875
EEE,2014B,335355,P3,F3,0.0,0.47770724
EEE,2014B,338854,P3,F3,0.0,0.42211166
EEE,2014B,342957,P3,F3,0.0,0.5259275
EEE,2014B,349069,P3,F3,1.0,0.52380455
EEE,2014B,350690,P3,F3,1.0,0.46559343
EEE,2014B,353368,P3,F3,1.0,0.57164526
EEE,2014B,353953,P3,F3,0.0,0.48546377
EEE,2014B,359460,P3,F3,1.0,0.4152084
EEE,2014B,366424,P3,F3,0.0,0.43340665
EEE,2014B,368306,P3,F3,0.0,0.48189813
EEE,2014B,372812,P3,F3,1.0,0.48457178
EEE,2014B,380921,P3,F3,0.0,0.44563583
EEE,2014B,382432,P3,F3,1.0,0.50742745
EEE,2014B,382910,P3,F3,0.0,0.5126019
EEE,2014B,383239,P3,F3,0.0,0.46475807
EEE,2014B,389267,P3,F3,0.0,0.4123687
EEE,2014B,393488,P3,F3,0.0,0.44982064
EEE,2014B,404239,P3,F3,1.0,0.53635794
EEE,2014B,407428,P3,F3,1.0,0.49116644
EEE,2014B,410810,P3,F3,0.0,0.441766
EEE,2014B,411381,P3,F3,1.0,0.5601394
EEE,2014B,413891,P3,F3,1.0,0.4537886
EEE,2014B,417547,P3,F3,0.0,0.45291525
EEE,2014B,420333,P3,F3,0.0,0.46178302
EEE,2014B,421111,P3,F3,0.0,0.54470813
EEE,2014B,424978,P3,F3,0.0,0.43775934
EEE,2014B,426316,P3,F3,0.0,0.44502994
EEE,2014B,426616,P3,F3,0.0,0.41576305
EEE,2014B,431386,P3,F3,1.0,0.5539348
EEE,2014B,437971,P3,F3,1.0,0.41540587
EEE,2014B,441852,P3,F3,0.0,0.4751991
EEE,2014B,443948,P3,F3,0.0,0.43897653
EEE,2014B,444197,P3,F3,0.0,0.43100956
EEE,2014B,444349,P3,F3,1.0,0.44496563
EEE,2014B,446077,P3,F3,1.0,0.45630732
EEE,2014B,446295,P3,F3,1.0,0.5494998
EEE,2014B,447235,P3,F3,0.0,0.47845352
EEE,2014B,464724,P3,F3,0.0,0.42608118
EEE,2014B,467144,P3,F3,0.0,0.4820741
EEE,2014B,469761,P3,F3,0.0,0.42172432
EEE,2014B,469861,P3,F3,0.0,0.50989765
EEE,2014B,471018,P3,F3,1.0,0.51317143
EEE,2014B,474628,P3,F3,0.0,0.44161403
EEE,2014B,474674,P3,F3,1.0,0.5169261
EEE,2014B,475497,P3,F3,1.0,0.4430296
EEE,2014B,478550,P3,F3,0.0,0.42807356
EEE,2014B,478791,P3,F3,0.0,0.403894
EEE,2014B,479607,P3,F3,1.0,0.50877714
EEE,2014B,480928,P3,F3,1.0,0.5014739
EEE,2014B,481618,P3,F3,0.0,0.408202
EEE,2014B,485920,P3,F3,0.0,0.4732999
EEE,2014B,486836,P3,F3,0.0,0.49550626
EEE,2014B,487239,P3,F3,0.0,0.4308355
EEE,2014B,487494,P3,F3,1.0,0.5263828
EEE,2014B,488828,P3,F3,1.0,0.54432565
EEE,2014B,490587,P3,F3,1.0,0.5103292
EEE,2014B,490662,P3,F3,1.0,0.4861356
EEE,2014B,492403,P3,F3,0.0,0.4373059
EEE,2014B,494427,P3,F3,0.0,0.41231135
EEE,2014B,494872,P3,F3,1.0,0.48474157
EEE,2014B,496108,P3,F3,0.0,0.53723955
EEE,2014B,497361,P3,F3,1.0,0.41095522
EEE,2014B,497580,P3,F3,0.0,0.4128747
EEE,2014B,502640,P3,F3,1.0,0.4584099
EEE,2014B,502929,P3,F3,0.0,0.48064804
EEE,2014B,503872,P3,F3,1.0,0.54787797
EEE,2014B,504062,P3,F3,0.0,0.50957125
EEE,2014B,504652,P3,F3,0.0,0.49891138
EEE,2014B,504728,P3,F3,0.0,0.49602047
EEE,2014B,505333,P3,F3,1.0,0.58514524
EEE,2014B,505767,P3,F3,0.0,0.43475688
EEE,2014B,505855,P3,F3,0.0,0.46514967
EEE,2014B,510266,P3,F3,0.0,0.40962076
EEE,2014B,511199,P3,F3,1.0,0.4739394
EEE,2014B,511657,P3,F3,1.0,0.52001315
EEE,2014B,513211,P3,F3,1.0,0.53788686
EEE,2014B,513672,P3,F3,0.0,0.4624829
EEE,2014B,515125,P3,F3,1.0,0.51746476
EEE,2014B,516238,P3,F3,0.0,0.4670969
EEE,2014B,516728,P3,F3,1.0,0.57532406
EEE,2014B,518116,P3,F3,1.0,0.54851896
EEE,2014B,519258,P3,F3,1.0,0.45912316
EEE,2014B,519589,P3,F3,1.0,0.50832945
EEE,2014B,520824,P3,F3,1.0,0.50172
EEE,2014B,522525,P3,F3,0.0,0.41950327
EEE,2014B,523061,P3,F3,0.0,0.45090124
EEE,2014B,524276,P3,F3,1.0,0.5733051
EEE,2014B,524386,P3,F3,1.0,0.54984397
EEE,2014B,525332,P3,F3,1.0,0.4935279
EEE,2014B,526051,P3,F3,0.0,0.45044503
EEE,2014B,527771,P3,F3,1.0,0.43906954
EEE,2014B,529304,P3,F3,0.0,0.48517546
EEE,2014B,531845,P3,F3,1.0,0.4837952
EEE,2014B,532531,P3,F3,0.0,0.52989495
EEE,2014B,538102,P3,F3,1.0,0.4511419
EEE,2014B,540509,P3,F3,0.0,0.43021974
EEE,2014B,541003,P3,F3,0.0,0.4312148
EEE,2014B,541999,P3,F3,1.0,0.47169298
EEE,2014B,542050,P3,F3,0.0,0.48434728
EEE,2014B,542524,P3,F3,0.0,0.43460628
EEE,2014B,543475,P3,F3,0.0,0.4129038
EEE,2014B,543924,P3,F3,1.0,0.53068346
EEE,2014B,543948,P3,F3,0.0,0.4118313
EEE,2014B,544052,P3,F3,0.0,0.48934937
EEE,2014B,544295,P3,F3,1.0,0.4421611
EEE,2014B,546400,P3,F3,1.0,0.55294603
EEE,2014B,547100,P3,F3,1.0,0.5550074
EEE,2014B,547685,P3,F3,1.0,0.5451707
EEE,2014B,548261,P3,F3,1.0,0.44750845
EEE,2014B,548992,P3,F3,1.0,0.5527267
EEE,2014B,549401,P3,F3,1.0,0.47882774
EEE,2014B,550197,P3,F3,1.0,0.5723642
EEE,2014B,550357,P3,F3,0.0,0.41018867
EEE,2014B,550812,P3,F3,0.0,0.46744958
EEE,2014B,551528,P3,F3,1.0,0.4610211
EEE,2014B,551856,P3,F3,1.0,0.5060996
EEE,2014B,552067,P3,F3,0.0,0.43943727
EEE,2014B,554988,P3,F3,1.0,0.42409733
EEE,2014B,555022,P3,F3,0.0,0.41866666
EEE,2014B,555756,P3,F3,0.0,0.43792227
EEE,2014B,557700,P3,F3,0.0,0.4172433
EEE,2014B,558122,P3,F3,1.0,0.5733051
EEE,2014B,558492,P3,F3,1.0,0.5733051
EEE,2014B,559518,P3,F3,0.0,0.4950508
EEE,2014B,559977,P3,F3,1.0,0.54894495
EEE,2014B,560951,P3,F3,1.0,0.41495606
EEE,2014B,561271,P3,F3,1.0,0.54054564
EEE,2014B,561363,P3,F3,0.0,0.45711666
EEE,2014B,561559,P3,F3,0.0,0.4724608
EEE,2014B,561774,P3,F3,0.0,0.45525482
EEE,2014B,562825,P3,F3,0.0,0.48877594
EEE,2014B,563230,P3,F3,0.0,0.4176453
EEE,2014B,565838,P3,F3,1.0,0.43380085
EEE,2014B,566337,P3,F3,1.0,0.556538
EEE,2014B,566422,P3,F3,0.0,0.40772483
EEE,2014B,566871,P3,F3,1.0,0.44197565
EEE,2014B,569620,P3,F3,1.0,0.5452731
EEE,2014B,571025,P3,F3,1.0,0.46100736
EEE,2014B,571128,P3,F3,0.0,0.43298224
EEE,2014B,571233,P3,F3,1.0,0.435195
EEE,2014B,571389,P3,F3,1.0,0.4544335
EEE,2014B,571789,P3,F3,1.0,0.4712875
EEE,2014B,571963,P3,F3,0.0,0.49932197
EEE,2014B,572249,P3,F3,1.0,0.5744181
EEE,2014B,573558,P3,F3,0.0,0.4114166
EEE,2014B,574508,P3,F3,0.0,0.44269484
EEE,2014B,574523,P3,F3,0.0,0.504317
EEE,2014B,574580,P3,F3,1.0,0.50716877
EEE,2014B,574637,P3,F3,0.0,0.40632102
EEE,2014B,575162,P3,F3,0.0,0.51942426
EEE,2014B,575473,P3,F3,0.0,0.4205785
EEE,2014B,575777,P3,F3,0.0,0.5157641
EEE,2014B,576876,P3,F3,0.0,0.46147788
EEE,2014B,577245,P3,F3,0.0,0.4456117
EEE,2014B,577352,P3,F3,1.0,0.5855876
EEE,2014B,577460,P3,F3,0.0,0.4346056
EEE,2014B,577562,P3,F3,0.0,0.49810338
EEE,2014B,578541,P3,F3,1.0,0.447386
EEE,2014B,578634,P3,F3,0.0,0.48025608
EEE,2014B,578958,P3,F3,0.0,0.45578212
EEE,2014B,581257,P3,F3,0.0,0.46875128
EEE,2014B,581269,P3,F3,0.0,0.47240964
EEE,2014B,581676,P3,F3,0.0,0.45816785
EEE,2014B,582094,P3,F3,1.0,0.42050964
EEE,2014B,583968,P3,F3,0.0,0.4294368
EEE,2014B,584698,P3,F3,1.0,0.53465635
EEE,2014B,585393,P3,F3,0.0,0.40384543
EEE,2014B,585397,P3,F3,0.0,0.4244514
EEE,2014B,585662,P3,F3,0.0,0.43384302
EEE,2014B,587323,P3,F3,0.0,0.4601504
EEE,2014B,588274,P3,F3,0.0,0.40386912
EEE,2014B,588765,P3,F3,0.0,0.40333873
EEE,2014B,589033,P3,F3,0.0,0.47173232
EEE,2014B,589223,P3,F3,0.0,0.43988246
EEE,2014B,589260,P3,F3,0.0,0.44199368
EEE,2014B,589722,P3,F3,1.0,0.5695946
EEE,2014B,589828,P3,F3,0.0,0.48251432
EEE,2014B,591398,P3,F3,0.0,0.45125836
EEE,2014B,592372,P3,F3,0.0,0.44666466
EEE,2014B,592593,P3,F3,0.0,0.5118883
EEE,2014B,592666,P3,F3,0.0,0.47981107
EEE,2014B,593123,P3,F3,1.0,0.5230973
EEE,2014B,593733,P3,F3,0.0,0.42821962
EEE,2014B,594131,P3,F3,0.0,0.4990852
EEE,2014B,594193,P3,F3,1.0,0.53010184
EEE,2014B,594684,P3,F3,0.0,0.44109356
EEE,2014B,595100,P3,F3,0.0,0.4701692
EEE,2014B,595356,P3,F3,1.0,0.543551
EEE,2014B,595808,P3,F3,1.0,0.54125446
EEE,2014B,595992,P3,F3,0.0,0.44185987
EEE,2014B,596347,P3,F3,0.0,0.4900843
EEE,2014B,596947,P3,F3,0.0,0.49564245
EEE,2014B,597909,P3,F3,0.0,0.54904014
EEE,2014B,599056,P3,F3,0.0,0.47224984
EEE,2014B,599263,P3,F3,1.0,0.51330894
EEE,2014B,599341,P3,F3,0.0,0.4456624
EEE,2014B,599554,P3,F3,0.0,0.41804767
EEE,2014B,599937,P3,F3,0.0,0.47934508
EEE,2014B,600181,P3,F3,1.0,0.5080207
EEE,2014B,600623,P3,F3,0.0,0.4453416
EEE,2014B,600801,P3,F3,0.0,0.45649445
EEE,2014B,600814,P3,F3,0.0,0.45052713
EEE,2014B,600987,P3,F3,0.0,0.4184675
EEE,2014B,601043,P3,F3,0.0,0.414425
EEE,2014B,601054,P3,F3,0.0,0.4419685
EEE,2014B,601211,P3,F3,0.0,0.42284283
EEE,2014B,601248,P3,F3,1.0,0.58762944
EEE,2014B,601386,P3,F3,0.0,0.4167423
EEE,2014B,602107,P3,F3,1.0,0.44600025
EEE,2014B,602150,P3,F3,1.0,0.48863828
EEE,2014B,602721,P3,F3,0.0,0.41318396
EEE,2014B,603531,P3,F3,0.0,0.5044191
EEE,2014B,603791,P3,F3,1.0,0.56875217
EEE,2014B,603832,P3,F3,0.0,0.4483931
EEE,2014B,604172,P3,F3,0.0,0.41497946
EEE,2014B,604270,P3,F3,0.0,0.4414935
EEE,2014B,604337,P3,F3,1.0,0.47541386
EEE,2014B,604490,P3,F3,1.0,0.55408496
EEE,2014B,604502,P3,F3,0.0,0.54718864
EEE,2014B,604571,P3,F3,0.0,0.49357754
EEE,2014B,604789,P3,F3,0.0,0.48705667
EEE,2014B,605367,P3,F3,0.0,0.4015327
EEE,2014B,605688,P3,F3,0.0,0.43782583
EEE,2014B,606127,P3,F3,1.0,0.46207199
EEE,2014B,606182,P3,F3,0.0,0.40237355
EEE,2014B,606350,P3,F3,1.0,0.5549154
EEE,2014B,607413,P3,F3,1.0,0.41627756
EEE,2014B,607570,P3,F3,1.0,0.50540006
EEE,2014B,608152,P3,F3,0.0,0.5037738
EEE,2014B,609383,P3,F3,1.0,0.47892007
EEE,2014B,609450,P3,F3,1.0,0.4679195
EEE,2014B,609645,P3,F3,0.0,0.42225468
EEE,2014B,610234,P3,F3,0.0,0.39782506
EEE,2014B,610287,P3,F3,1.0,0.42519745
EEE,2014B,610684,P3,F3,0.0,0.42194784
EEE,2014B,610718,P3,F3,1.0,0.5641659
EEE,2014B,610927,P3,F3,1.0,0.41432017
EEE,2014B,611024,P3,F3,0.0,0.42096618
EEE,2014B,611407,P3,F3,0.0,0.44357625
EEE,2014B,611502,P3,F3,0.0,0.41499597
EEE,2014B,611999,P3,F3,1.0,0.43102488
EEE,2014B,612023,P3,F3,1.0,0.537146
EEE,2014B,612127,P3,F3,0.0,0.53108585
EEE,2014B,612287,P3,F3,1.0,0.5443908
EEE,2014B,612327,P3,F3,0.0,0.40122285
EEE,2014B,612397,P3,F3,1.0,0.49539292
EEE,2014B,612449,P3,F3,0.0,0.40195292
EEE,2014B,612644,P3,F3,0.0,0.50292045
EEE,2014B,612673,P3,F3,1.0,0.54017234
EEE,2014B,612882,P3,F3,1.0,0.5222566
EEE,2014B,613091,P3,F3,1.0,0.54432565
EEE,2014B,613116,P3,F3,1.0,0.5516808
EEE,2014B,613122,P3,F3,0.0,0.4210896
EEE,2014B,613133,P3,F3,0.0,0.41335988
EEE,2014B,613213,P3,F3,0.0,0.4054529
EEE,2014B,613387,P3,F3,1.0,0.54834443
EEE,2014B,613501,P3,F3,0.0,0.4294368
EEE,2014B,613790,P3,F3,1.0,0.46147752
EEE,2014B,614234,P3,F3,0.0,0.44368365
EEE,2014B,614245,P3,F3,0.0,0.4009204
EEE,2014B,614754,P3,F3,0.0,0.3947511
EEE,2014B,614952,P3,F3,1.0,0.5084933
EEE,2014B,615112,P3,F3,1.0,0.4827647
EEE,2014B,615229,P3,F3,0.0,0.41576082
EEE,2014B,615242,P3,F3,1.0,0.45404002
EEE,2014B,616386,P3,F3,0.0,0.4329556
EEE,2014B,616407,P3,F3,1.0,0.452509
EEE,2014B,616439,P3,F3,0.0,0.4542164
EEE,2014B,616700,P3,F3,1.0,0.47146305
EEE,2014B,616708,P3,F3,1.0,0.49024543
EEE,2014B,616831,P3,F3,0.0,0.4887352
EEE,2014B,616927,P3,F3,1.0,0.41382954
EEE,2014B,617186,P3,F3,1.0,0.55780685
EEE,2014B,617355,P3,F3,0.0,0.41919005
EEE,2014B,617365,P3,F3,0.0,0.48246488
EEE,2014B,617418,P3,F3,1.0,0.4675458
EEE,2014B,617455,P3,F3,0.0,0.48214647
EEE,2014B,617531,P3,F3,0.0,0.49515143
EEE,2014B,617898,P3,F3,1.0,0.5559025
EEE,2014B,618078,P3,F3,1.0,0.5733051
EEE,2014B,618571,P3,F3,0.0,0.426671
EEE,2014B,618583,P3,F3,0.0,0.41866425
EEE,2014B,618606,P3,F3,0.0,0.40486607
EEE,2014B,618619,P3,F3,1.0,0.5233863
EEE,2014B,618777,P3,F3,0.0,0.39883056
EEE,2014B,618824,P3,F3,0.0,0.45372635
EEE,2014B,618982,P3,F3,0.0,0.49567035
EEE,2014B,619006,P3,F3,1.0,0.44746277
EEE,2014B,619014,P3,F3,0.0,0.4619827
EEE,2014B,619292,P3,F3,0.0,0.40756473
EEE,2014B,619369,P3,F3,1.0,0.4896488
EEE,2014B,619380,P3,F3,0.0,0.43418488
EEE,2014B,619503,P3,F3,0.0,0.41661194
EEE,2014B,619927,P3,F3,0.0,0.4042977
EEE,2014B,619928,P3,F3,0.0,0.417214
EEE,2014B,620215,P3,F3,0.0,0.41634834
EEE,2014B,620260,P3,F3,1.0,0.5545975
EEE,2014B,620369,P3,F3,0.0,0.4070691
EEE,2014B,620414,P3,F3,1.0,0.50340027
EEE,2014B,620646,P3,F3,0.0,0.44860506
EEE,2014B,620713,P3,F3,1.0,0.58762944
EEE,2014B,620716,P3,F3,0.0,0.4439471
EEE,2014B,620876,P3,F3,1.0,0.51986283
EEE,2014B,620916,P3,F3,1.0,0.48629397
EEE,2014B,620918,P3,F3,1.0,0.5526717
EEE,2014B,620977,P3,F3,1.0,0.43506932
EEE,2014B,621401,P3,F3,1.0,0.54378253
EEE,2014B,621414,P3,F3,0.0,0.43522137
EEE,2014B,621655,P3,F3,0.0,0.46848658
EEE,2014B,621906,P3,F3,1.0,0.44986895
EEE,2014B,622015,P3,F3,1.0,0.4479117
EEE,2014B,622037,P3,F3,1.0,0.44518775
EEE,2014B,622280,P3,F3,1.0,0.45987594
EEE,2014B,622315,P3,F3,1.0,0.49990383
EEE,2014B,622368,P3,F3,0.0,0.44181803
EEE,2014B,622425,P3,F3,0.0,0.4118024
EEE,2014B,622609,P3,F3,0.0,0.4227636
EEE,2014B,622812,P3,F3,0.0,0.40707266
EEE,2014B,622948,P3,F3,0.0,0.45782268
EEE,2014B,623079,P3,F3,0.0,0.43099433
EEE,2014B,623100,P3,F3,0.0,0.40774757
EEE,2014B,623105,P3,F3,1.0,0.48155963
EEE,2014B,623115,P3,F3,1.0,0.43195423
EEE,2014B,623184,P3,F3,1.0,0.44621262
EEE,2014B,623250,P3,F3,0.0,0.4587054
EEE,2014B,623421,P3,F3,0.0,0.4518499
EEE,2014B,623562,P3,F3,0.0,0.45838898
EEE,2014B,623609,P3,F3,1.0,0.5325129
EEE,2014B,623667,P3,F3,0.0,0.4435907
EEE,2014B,623738,P3,F3,1.0,0.45096228
EEE,2014B,623780,P3,F3,0.0,0.467074
EEE,2014B,623797,P3,F3,0.0,0.41385543
EEE,2014B,623864,P3,F3,0.0,0.413783
EEE,2014B,623940,P3,F3,1.0,0.41329414
EEE,2014B,624092,P3,F3,1.0,0.5048679
EEE,2014B,624126,P3,F3,1.0,0.48977143
EEE,2014B,624153,P3,F3,1.0,0.4673566
EEE,2014B,624266,P3,F3,1.0,0.5515023
EEE,2014B,624384,P3,F3,1.0,0.51807773
EEE,2014B,624441,P3,F3,0.0,0.48107165
EEE,2014B,624469,P3,F3,0.0,0.46196556
EEE,2014B,624782,P3,F3,0.0,0.5193719
EEE,2014B,625067,P3,F3,0.0,0.45614427
EEE,2014B,625126,P3,F3,0.0,0.5247398
EEE,2014B,625174,P3,F3,0.0,0.4451488
EEE,2014B,625213,P3,F3,1.0,0.43340126
EEE,2014B,625476,P3,F3,0.0,0.43376333
EEE,2014B,625527,P3,F3,0.0,0.4399633
EEE,2014B,625541,P3,F3,0.0,0.43935907
EEE,2014B,625740,P3,F3,0.0,0.45962548
EEE,2014B,625785,P3,F3,1.0,0.5475204
EEE,2014B,625790,P3,F3,1.0,0.4210465
EEE,2014B,625841,P3,F3,1.0,0.41626164
EEE,2014B,625861,P3,F3,0.0,0.4058386
EEE,2014B,625901,P3,F3,1.0,0.5077311
EEE,2014B,625953,P3,F3,0.0,0.43977118
EEE,2014B,625975,P3,F3,1.0,0.48889711
EEE,2014B,626022,P3,F3,1.0,0.4348833
EEE,2014B,626055,P3,F3,1.0,0.45418262
EEE,2014B,626183,P3,F3,0.0,0.54843545
EEE,2014B,626296,P3,F3,0.0,0.44975948
EEE,2014B,626407,P3,F3,0.0,0.44558248
EEE,2014B,626444,P3,F3,1.0,0.50455946
EEE,2014B,626494,P3,F3,1.0,0.48140305
EEE,2014B,626516,P3,F3,1.0,0.44913578
EEE,2014B,626519,P3,F3,0.0,0.41709822
EEE,2014B,626625,P3,F3,0.0,0.44742298
EEE,2014B,626714,P3,F3,0.0,0.47102794
EEE,2014B,626749,P3,F3,0.0,0.4925235
EEE,2014B,626753,P3,F3,0.0,0.42926285
EEE,2014B,626768,P3,F3,0.0,0.4416532
EEE,2014B,626772,P3,F3,1.0,0.45455968
EEE,2014B,626877,P3,F3,0.0,0.46259883
EEE,2014B,626906,P3,F3,1.0,0.5165837
EEE,2014B,626998,P3,F3,1.0,0.4637853
EEE,2014B,627168,P3,F3,1.0,0.45995674
EEE,2014B,627290,P3,F3,1.0,0.5267871
EEE,2014B,627387,P3,F3,0.0,0.45869842
EEE,2014B,627390,P3,F3,1.0,0.45018265
EEE,2014B,627399,P3,F3,0.0,0.4304417
EEE,2014B,627401,P3,F3,0.0,0.49814606
EEE,2014B,627450,P3,F3,0.0,0.43739873
EEE,2014B,627461,P3,F3,1.0,0.50398093
EEE,2014B,627471,P3,F3,0.0,0.49081266
EEE,2014B,627500,P3,F3,1.0,0.4742528
EEE,2014B,627516,P3,F3,0.0,0.43696883
EEE,2014B,627636,P3,F3,0.0,0.44935772
EEE,2014B,627711,P3,F3,0.0,0.4359889
EEE,2014B,627750,P3,F3,0.0,0.43056136
EEE,2014B,627907,P3,F3,0.0,0.4595594
EEE,2014B,627961,P3,F3,1.0,0.48062083
EEE,2014B,628054,P3,F3,1.0,0.4977961
EEE,2014B,628214,P3,F3,1.0,0.4898685
EEE,2014B,628300,P3,F3,0.0,0.44875082
EEE,2014B,628366,P3,F3,1.0,0.51184803
EEE,2014B,628527,P3,F3,1.0,0.42596295
EEE,2014B,628677,P3,F3,1.0,0.4483191
EEE,2014B,628718,P3,F3,0.0,0.4714154
EEE,2014B,628777,P3,F3,0.0,0.48847678
EEE,2014B,628910,P3,F3,0.0,0.40635017
EEE,2014B,628914,P3,F3,1.0,0.44576484
EEE,2014B,628938,P3,F3,1.0,0.49183568
EEE,2014B,628959,P3,F3,0.0,0.42672917
EEE,2014B,629081,P3,F3,1.0,0.5513976
EEE,2014B,629089,P3,F3,1.0,0.54232085
EEE,2014B,629202,P3,F3,0.0,0.44054118
EEE,2014B,629283,P3,F3,1.0,0.4782284
EEE,2014B,629342,P3,F3,1.0,0.4162224
EEE,2014B,629500,P3,F3,1.0,0.48405254
EEE,2014B,629506,P3,F3,0.0,0.43314633
EEE,2014B,629601,P3,F3,0.0,0.4060049
EEE,2014B,629627,P3,F3,1.0,0.4183989
EEE,2014B,629628,P3,F3,1.0,0.539745
EEE,2014B,629654,P3,F3,0.0,0.44660607
EEE,2014B,629753,P3,F3,0.0,0.40948457
EEE,2014B,629906,P3,F3,1.0,0.5250821
EEE,2014B,630047,P3,F3,0.0,0.42530966
EEE,2014B,630086,P3,F3,0.0,0.43586323
EEE,2014B,630165,P3,F3,0.0,0.43188083
EEE,2014B,630416,P3,F3,1.0,0.5157733
EEE,2014B,630449,P3,F3,0.0,0.4134632
EEE,2014B,630540,P3,F3,1.0,0.461325
EEE,2014B,630573,P3,F3,1.0,0.52646524
EEE,2014B,630585,P3,F3,1.0,0.4518599
EEE,2014B,630606,P3,F3,0.0,0.4369903
EEE,2014B,630635,P3,F3,0.0,0.43176168
EEE,2014B,630657,P3,F3,1.0,0.5515195
EEE,2014B,630696,P3,F3,1.0,0.43012184
EEE,2014B,630722,P3,F3,0.0,0.4461797
EEE,2014B,630825,P3,F3,1.0,0.55623996
EEE,2014B,630888,P3,F3,0.0,0.50665015
EEE,2014B,630900,P3,F3,0.0,0.4091362
EEE,2014B,630980,P3,F3,1.0,0.54432565
EEE,2014B,631016,P3,F3,0.0,0.46110335
EEE,2014B,631051,P3,F3,1.0,0.5613539
EEE,2014B,631073,P3,F3,0.0,0.42502812
EEE,2014B,631117,P3,F3,0.0,0.42065826
EEE,2014B,631334,P3,F3,0.0,0.45316496
EEE,2014B,631356,P3,F3,0.0,0.42326537
EEE,2014B,631453,P3,F3,0.0,0.44920343
EEE,2014B,631509,P3,F3,0.0,0.42535084
EEE,2014B,631655,P3,F3,0.0,0.45878598
EEE,2014B,631807,P3,F3,1.0,0.42642835
EEE,2014B,632004,P3,F3,0.0,0.41796792
EEE,2014B,632074,P3,F3,0.0,0.41813293
EEE,2014B,632083,P3,F3,0.0,0.4207936
EEE,2014B,632111,P3,F3,0.0,0.52300566
EEE,2014B,632133,P3,F3,1.0,0.48686397
EEE,2014B,632135,P3,F3,1.0,0.5111608
EEE,2014B,632312,P3,F3,1.0,0.43418065
EEE,2014B,632329,P3,F3,1.0,0.4458334
EEE,2014B,632376,P3,F3,1.0,0.47910964
EEE,2014B,632389,P3,F3,0.0,0.4254577
EEE,2014B,632459,P3,F3,0.0,0.43214318
EEE,2014B,632641,P3,F3,0.0,0.5200511
EEE,2014B,632700,P3,F3,0.0,0.4224583
EEE,2014B,632800,P3,F3,1.0,0.45258525
EEE,2014B,632883,P3,F3,0.0,0.46643752
EEE,2014B,632889,P3,F3,1.0,0.57074034
EEE,2014B,632904,P3,F3,0.0,0.41965222
EEE,2014B,632977,P3,F3,0.0,0.45207402
EEE,2014B,633107,P3,F3,0.0,0.4439709
EEE,2014B,633259,P3,F3,1.0,0.48958915
EEE,2014B,633270,P3,F3,0.0,0.45245406
EEE,2014B,633304,P3,F3,0.0,0.46720544
EEE,2014B,633310,P3,F3,0.0,0.46549568
EEE,2014B,633330,P3,F3,1.0,0.5364777
EEE,2014B,633334,P3,F3,1.0,0.49506038
EEE,2014B,633395,P3,F3,1.0,0.48222196
EEE,2014B,633432,P3,F3,1.0,0.53030026
EEE,2014B,633455,P3,F3,0.0,0.45100236
EEE,2014B,633511,P3,F3,0.0,0.45726117
EEE,2014B,633530,P3,F3,1.0,0.45217696
EEE,2014B,633544,P3,F3,0.0,0.5107551
EEE,2014B,633605,P3,F3,0.0,0.45516762
EEE,2014B,633634,P3,F3,0.0,0.4597732
EEE,2014B,633637,P3,F3,1.0,0.44928646
EEE,2014B,633695,P3,F3,0.0,0.40534154
EEE,2014B,633716,P3,F3,0.0,0.4199142
EEE,2014B,633746,P3,F3,0.0,0.41789392
EEE,2014B,633998,P3,F3,0.0,0.48611814
EEE,2014B,634040,P3,F3,1.0,0.5141098
EEE,2014B,634193,P3,F3,0.0,0.44056243
EEE,2014B,634216,P3,F3,0.0,0.4141267
EEE,2014B,634241,P3,F3,0.0,0.4104528
EEE,2014B,634309,P3,F3,0.0,0.42670023
EEE,2014B,634318,P3,F3,0.0,0.44147924
EEE,2014B,634433,P3,F3,1.0,0.44229072
EEE,2014B,634570,P3,F3,0.0,0.41946664
EEE,2014B,634578,P3,F3,1.0,0.40153718
EEE,2014B,634600,P3,F3,0.0,0.4570473
EEE,2014B,634737,P3,F3,1.0,0.47163624
EEE,2014B,634744,P3,F3,1.0,0.45702758
EEE,2014B,634817,P3,F3,0.0,0.4457976
EEE,2014B,634862,P3,F3,1.0,0.40511116
EEE,2014B,634869,P3,F3,0.0,0.47488338
EEE,2014B,635041,P3,F3,0.0,0.46496636
EEE,2014B,635043,P3,F3,0.0,0.42672935
EEE,2014B,635109,P3,F3,0.0,0.49967733
EEE,2014B,635515,P3,F3,1.0,0.55350107
EEE,2014B,996047,P3,F3,0.0,0.54007727
EEE,2014B,1268772,P3,F3,0.0,0.49962536
EEE,2014B,1410398,P3,F3,0.0,0.4540308
EEE,2014B,1457691,P3,F3,0.0,0.44805786
EEE,2014B,1500950,P3,F3,0.0,0.48309308
EEE,2014B,1573624,P3,F3,0.0,0.44976255
EEE,2014B,1618172,P3,F3,0.0,0.44962043
EEE,2014B,1644328,P3,F3,1.0,0.47563577
EEE,2014B,1661805,P3,F3,0.0,0.437008
EEE,2014B,1663815,P3,F3,1.0,0.45316932
EEE,2014B,1664171,P3,F3,1.0,0.49474153
EEE,2014B,1700371,P3,F3,0.0,0.4156612
EEE,2014B,1763786,P3,F3,0.0,0.40790454
EEE,2014B,1780737,P3,F3,1.0,0.44765085
EEE,2014B,1789319,P3,F3,0.0,0.41614047
EEE,2014B,1810414,P3,F3,0.0,0.47585273
EEE,2014B,1828112,P3,F3,1.0,0.50976336
EEE,2014B,1839181,P3,F3,0.0,0.4304629
EEE,2014B,1861830,P3,F3,0.0,0.43951353
EEE,2014B,1894419,P3,F3,1.0,0.48079064
EEE,2014B,1908526,P3,F3,1.0,0.5733051
EEE,2014B,2002664,P3,F3,0.0,0.4053854
EEE,2014B,2026585,P3,F3,0.0,0.40578797
EEE,2014B,2064873,P3,F3,0.0,0.40908155
EEE,2014B,2139273,P3,F3,0.0,0.4903824
EEE,2014B,2187588,P3,F3,0.0,0.49552652
EEE,2014B,2198914,P3,F3,0.0,0.47608855
EEE,2014B,2249143,P3,F3,0.0,0.49238393
EEE,2014B,2329539,P3,F3,1.0,0.5162269
EEE,2014B,2359504,P3,F3,1.0,0.4824799
EEE,2014B,2364637,P3,F3,0.0,0.49858958
EEE,2014B,2376512,P3,F3,0.0,0.46628392
EEE,2014B,2391004,P3,F3,0.0,0.490217
EEE,2014B,2434339,P3,F3,0.0,0.49025613
EEE,2014B,2455893,P3,F3,0.0,0.43165123
EEE,2014B,2472178,P3,F3,1.0,0.41941836
EEE,2014B,2478799,P3,F3,1.0,0.4889142
EEE,2014B,2492827,P3,F3,0.0,0.46237504
EEE,2014B,2520067,P3,F3,1.0,0.4460882
EEE,2014B,2567038,P3,F3,0.0,0.49778235
EEE,2014B,2569912,P3,F3,1.0,0.5733051
EEE,2014B,2577893,P3,F3,0.0,0.4262856
EEE,2014B,2595665,P3,F3,0.0,0.44888636
EEE,2014B,2600862,P3,F3,0.0,0.48497418
EEE,2014B,2603195,P3,F3,0.0,0.5190745
EEE,2014B,2613219,P3,F3,1.0,0.4634733
EEE,2014B,2620661,P3,F3,0.0,0.45679653
EEE,2014B,2632165,P3,F3,0.0,0.4093489
EEE,2014B,2642697,P3,F3,0.0,0.45053777
EEE,2014B,2647314,P3,F3,0.0,0.40446824
EEE,2014B,2662742,P3,F3,1.0,0.564005
FFF,2014B,26211,P3,F3,0.0,0.4076928
FFF,2014B,27189,P3,F3,1.0,0.5843236
FFF,2014B,27683,P3,F3,0.0,0.52611417
FFF,2014B,28808,P3,F3,1.0,0.4902115
FFF,2014B,28897,P3,F3,0.0,0.46050864
FFF,2014B,30531,P3,F3,1.0,0.49504343
FFF,2014B,34293,P3,F3,1.0,0.4846903
FFF,2014B,36347,P3,F3,0.0,0.4706929
FFF,2014B,39882,P3,F3,0.0,0.48886076
FFF,2014B,41489,P3,F3,1.0,0.611312
FFF,2014B,42746,P3,F3,0.0,0.39502496
FFF,2014B,46148,P3,F3,0.0,0.43381605
FFF,2014B,48635,P3,F3,0.0,0.40937972
FFF,2014B,53136,P3,F3,0.0,0.47821125
FFF,2014B,53709,P3,F3,0.0,0.63291365
FFF,2014B,54867,P3,F3,1.0,0.49847734
FFF,2014B,63958,P3,F3,1.0,0.62860173
FFF,2014B,67986,P3,F3,1.0,0.45660013
FFF,2014B,72114,P3,F3,0.0,0.45465827
FFF,2014B,74521,P3,F3,0.0,0.5587639
FFF,2014B,74524,P3,F3,1.0,0.6265699
FFF,2014B,77845,P3,F3,1.0,0.5390656
FFF,2014B,77998,P3,F3,0.0,0.6351848
FFF,2014B,79683,P3,F3,1.0,0.53890955
FFF,2014B,82201,P3,F3,1.0,0.6016769
FFF,2014B,83603,P3,F3,0.0,0.4329008
FFF,2014B,84299,P3,F3,0.0,0.42934847
FFF,2014B,85874,P3,F3,1.0,0.45454687
FFF,2014B,99670,P3,F3,1.0,0.44612852
FFF,2014B,101634,P3,F3,1.0,0.5013126
FFF,2014B,104316,P3,F3,1.0,0.45254922
FFF,2014B,108207,P3,F3,0.0,0.46679524
FFF,2014B,108822,P3,F3,0.0,0.40613684
FFF,2014B,108949,P3,F3,1.0,0.4975917
FFF,2014B,110529,P3,F3,1.0,0.4415014
FFF,2014B,116621,P3,F3,0.0,0.39715374
FFF,2014B,117510,P3,F3,0.0,0.3932406
FFF,2014B,117550,P3,F3,1.0,0.59976315
FFF,2014B,124018,P3,F3,1.0,0.63282233
FFF,2014B,128132,P3,F3,0.0,0.43583623
FFF,2014B,128968,P3,F3,0.0,0.4294977
FFF,2014B,130992,P3,F3,0.0,0.45724472
FFF,2014B,131538,P3,F3,0.0,0.42189774
FFF,2014B,132157,P3,F3,0.0,0.42058086
FFF,2014B,132477,P3,F3,0.0,0.50940233
FFF,2014B,133104,P3,F3,0.0,0.52166146
FFF,2014B,133322,P3,F3,1.0,0.44820365
FFF,2014B,134847,P3,F3,0.0,0.6319328
FFF,2014B,134851,P3,F3,0.0,0.45629397
FFF,2014B,136054,P3,F3,0.0,0.41143295
FFF,2014B,136944,P3,F3,1.0,0.49734807
FFF,2014B,140108,P3,F3,1.0,0.63571703
FFF,2014B,141430,P3,F3,0.0,0.4032338
FFF,2014B,150121,P3,F3,1.0,0.56526476
FFF,2014B,152626,P3,F3,0.0,0.43450314
FFF,2014B,153611,P3,F3,1.0,0.4862755
FFF,2014B,155158,P3,F3,0.0,0.4758514
FFF,2014B,156788,P3,F3,1.0,0.6255822
FFF,2014B,160262,P3,F3,1.0,0.62053794
FFF,2014B,160472,P3,F3,1.0,0.4649127
FFF,2014B,163332,P3,F3,1.0,0.60226893
FFF,2014B,163962,P3,F3,1.0,0.59956014
FFF,2014B,167106,P3,F3,0.0,0.62511015
FFF,2014B,178179,P3,F3,0.0,0.5106852
FFF,2014B,179081,P3,F3,1.0,0.4410893
FFF,2014B,181719,P3,F3,1.0,0.440817
FFF,2014B,183429,P3,F3,1.0,0.504035
FFF,2014B,190418,P3,F3,0.0,0.42319882
FFF,2014B,190930,P3,F3,0.0,0.46896732
FFF,2014B,191590,P3,F3,0.0,0.5141423
FFF,2014B,195515,P3,F3,0.0,0.4903513
FFF,2014B,197538,P3,F3,1.0,0.4791692
FFF,2014B,203568,P3,F3,1.0,0.51568174
FFF,2014B,227297,P3,F3,0.0,0.44106504
FFF,2014B,228138,P3,F3,0.0,0.49817386
FFF,2014B,228258,P3,F3,1.0,0.4759465
FFF,2014B,228729,P3,F3,0.0,0.4402811
FFF,2014B,232286,P3,F3,0.0,0.4468183
FFF,2014B,234796,P3,F3,0.0,0.4913342
FFF,2014B,237182,P3,F3,1.0,0.50766855
FFF,2014B,237370,P3,F3,1.0,0.6314436
FFF,2014B,239345,P3,F3,0.0,0.4063999
FFF,2014B,242254,P3,F3,1.0,0.6316761
FFF,2014B,242998,P3,F3,0.0,0.42324024
FFF,2014B,244961,P3,F3,0.0,0.40791872
FFF,2014B,247940,P3,F3,1.0,0.6326572
FFF,2014B,251375,P3,F3,0.0,0.45480317
FFF,2014B,255878,P3,F3,0.0,0.5064085
FFF,2014B,256740,P3,F3,0.0,0.41607764
FFF,2014B,257104,P3,F3,1.0,0.47945622
FFF,2014B,258737,P3,F3,0.0,0.46985418
FFF,2014B,260062,P3,F3,0.0,0.5054592
FFF,2014B,261265,P3,F3,0.0,0.47596365
FFF,2014B,264298,P3,F3,1.0,0.45566022
FFF,2014B,266536,P3,F3,0.0,0.40139204
FFF,2014B,268649,P3,F3,1.0,0.4690589
FFF,2014B,268845,P3,F3,1.0,0.51016337
FFF,2014B,269730,P3,F3,0.0,0.41143575
FFF,2014B,272701,P3,F3,1.0,0.6310925
FFF,2014B,276265,P3,F3,1.0,0.4276838
FFF,2014B,277577,P3,F3,0.0,0.4443268
FFF,2014B,278155,P3,F3,0.0,0.43952966
FFF,2014B,279755,P3,F3,0.0,0.4351362
FFF,2014B,282806,P3,F3,1.0,0.49913466
FFF,2014B,286484,P3,F3,1.0,0.5619252
FFF,2014B,293454,P3,F3,1.0,0.45472872
FFF,2014B,295741,P3,F3,0.0,0.45887503
FFF,2014B,296904,P3,F3,0.0,0.534452
FFF,2014B,297014,P3,F3,0.0,0.473226
FFF,2014B,304500,P3,F3,1.0,0.6080376
FFF,2014B,305876,P3,F3,0.0,0.5048657
FFF,2014B,305918,P3,F3,1.0,0.42337763
FFF,2014B,313243,P3,F3,0.0,0.4510079
FFF,2014B,313756,P3,F3,0.0,0.49136448
FFF,2014B,315025,P3,F3,0.0,0.40278575
FFF,2014B,315850,P3,F3,0.0,0.43004963
FFF,2014B,316327,P3,F3,1.0,0.5357383
FFF,2014B,316772,P3,F3,1.0,0.4926903
FFF,2014B,317394,P3,F3,0.0,0.44794574
FFF,2014B,318068,P3,F3,0.0,0.42906234
FFF,2014B,319042,P3,F3,0.0,0.46421462
FFF,2014B,321096,P3,F3,0.0,0.46197242
FFF,2014B,324948,P3,F3,0.0,0.49947235
FFF,2014B,325089,P3,F3,0.0,0.51333857
FFF,2014B,327616,P3,F3,0.0,0.46384037
FFF,2014B,329895,P3,F3,1.0,0.58973837
FFF,2014B,331107,P3,F3,1.0,0.4790187
FFF,2014B,332237,P3,F3,1.0,0.4856797
FFF,2014B,334224,P3,F3,1.0,0.5510417
FFF,2014B,336163,P3,F3,1.0,0.5337661
FFF,2014B,337615,P3,F3,1.0,0.49069685
FFF,2014B,337940,P3,F3,1.0,0.5173228
FFF,2014B,338958,P3,F3,1.0,0.43811458
FFF,2014B,339728,P3,F3,0.0,0.4010188
FFF,2014B,339824,P3,F3,0.0,0.4683071
FFF,2014B,339855,P3,F3,1.0,0.4625607
FFF,2014B,341044,P3,F3,1.0,0.59421223
FFF,2014B,342089,P3,F3,1.0,0.6295615
FFF,2014B,342125,P3,F3,0.0,0.56530106
FFF,2014B,342234,P3,F3,0.0,0.43921378
FFF,2014B,342303,P3,F3,1.0,0.5585211
FFF,2014B,344409,P3,F3,0.0,0.46378905
FFF,2014B,344451,P3,F3,0.0,0.43727225
FFF,2014B,345442,P3,F3,1.0,0.47730204
FFF,2014B,345455,P3,F3,1.0,0.63571703
FFF,2014B,348378,P3,F3,1.0,0.5987198
FFF,2014B,348855,P3,F3,0.0,0.4670634
FFF,2014B,351181,P3,F3,0.0,0.40375972
FFF,2014B,353979,P3,F3,1.0,0.5222093
FFF,2014B,354988,P3,F3,1.0,0.50628245
FFF,2014B,356371,P3,F3,0.0,0.45267132
FFF,2014B,362661,P3,F3,0.0,0.49035665
FFF,2014B,365860,P3,F3,0.0,0.47153687
FFF,2014B,367510,P3,F3,1.0,0.45283085
FFF,2014B,367898,P3,F3,0.0,0.42559022
FFF,2014B,368675,P3,F3,0.0,0.46910495
FFF,2014B,371168,P3,F3,0.0,0.39502496
FFF,2014B,378809,P3,F3,0.0,0.51118517
FFF,2014B,379042,P3,F3,0.0,0.41728032
FFF,2014B,379107,P3,F3,1.0,0.5975173
FFF,2014B,379769,P3,F3,1.0,0.5570421
FFF,2014B,381365,P3,F3,1.0,0.547208
FFF,2014B,382857,P3,F3,1.0,0.53865594
FFF,2014B,383778,P3,F3,1.0,0.45181856
FFF,2014B,383921,P3,F3,1.0,0.56991076
FFF,2014B,388697,P3,F3,0.0,0.4319158
FFF,2014B,389759,P3,F3,1.0,0.57056105
FFF,2014B,389773,P3,F3,1.0,0.46874815
FFF,2014B,391114,P3,F3,0.0,0.39502496
FFF,2014B,392207,P3,F3,1.0,0.42009524
FFF,2014B,395188,P3,F3,1.0,0.4472337
FFF,2014B,395758,P3,F3,1.0,0.44918188
FFF,2014B,395814,P3,F3,1.0,0.6319328
FFF,2014B,398439,P3,F3,0.0,0.45976815
FFF,2014B,399863,P3,F3,1.0,0.6319328
FFF,2014B,400252,P3,F3,0.0,0.4894585
FFF,2014B,402200,P3,F3,1.0,0.44416407
FFF,2014B,402449,P3,F3,1.0,0.41567627
FFF,2014B,402502,P3,F3,0.0,0.40139204
FFF,2014B,402806,P3,F3,0.0,0.50083536
FFF,2014B,404170,P3,F3,0.0,0.63291365
FFF,2014B,405192,P3,F3,0.0,0.42735013
FFF,2014B,405775,P3,F3,0.0,0.47438458
FFF,2014B,405963,P3,F3,1.0,0.6298995
FFF,2014B,407500,P3,F3,0.0,0.41969606
FFF,2014B,408105,P3,F3,1.0,0.6319328
FFF,2014B,408353,P3,F3,0.0,0.45868132
FFF,2014B,409651,P3,F3,0.0,0.47352195
FFF,2014B,409949,P3,F3,1.0,0.5318971
FFF,2014B,410199,P3,F3,0.0,0.43353665
FFF,2014B,410666,P3,F3,1.0,0.43144462
FFF,2014B,411939,P3,F3,1.0,0.62988615
FFF,2014B,412387,P3,F3,1.0,0.629312
FFF,2014B,412695,P3,F3,0.0,0.4336574
FFF,2014B,413200,P3,F3,0.0,0.4462577
FFF,2014B,414258,P3,F3,0.0,0.46476233
FFF,2014B,416302,P3,F3,0.0,0.43980435
FFF,2014B,417184,P3,F3,0.0,0.46332824
FFF,2014B,417805,P3,F3,1.0,0.63571703
FFF,2014B,418218,P3,F3,0.0,0.45993987
FFF,2014B,419284,P3,F3,0.0,0.41848975
FFF,2014B,420042,P3,F3,0.0,0.43095118
FFF,2014B,421179,P3,F3,1.0,0.49596727
FFF,2014B,422250,P3,F3,1.0,0.49464995
FFF,2014B,422530,P3,F3,0.0,0.5033435
FFF,2014B,422626,P3,F3,0.0,0.50899404
FFF,2014B,422697,P3,F3,0.0,0.39502496
FFF,2014B,423648,P3,F3,1.0,0.52258694
FFF,2014B,425332,P3,F3,1.0,0.4508805
FFF,2014B,428068,P3,F3,1.0,0.6153098
FFF,2014B,429015,P3,F3,0.0,0.49049118
FFF,2014B,430516,P3,F3,1.0,0.45916227
FFF,2014B,430625,P3,F3,1.0,0.5103226
FFF,2014B,431987,P3,F3,0.0,0.39969155
FFF,2014B,435446,P3,F3,0.0,0.41941094
FFF,2014B,436481,P3,F3,0.0,0.51223034
FFF,2014B,436590,P3,F3,0.0,0.44156098
FFF,2014B,437529,P3,F3,1.0,0.6008754
FFF,2014B,438796,P3,F3,0.0,0.42680338
FFF,2014B,439433,P3,F3,0.0,0.52184975
FFF,2014B,439633,P3,F3,0.0,0.4242665
FFF,2014B,439896,P3,F3,1.0,0.48944172
FFF,2014B,440559,P3,F3,0.0,0.44843256
FFF,2014B,441073,P3,F3,1.0,0.5894025
FFF,2014B,442753,P3,F3,1.0,0.47737375
FFF,2014B,443007,P3,F3,0.0,0.39946812
FFF,2014B,444574,P3,F3,1.0,0.45160523
FFF,2014B,444718,P3,F3,1.0,0.52346337
FFF,2014B,445605,P3,F3,1.0,0.58796936
FFF,2014B,445818,P3,F3,1.0,0.45536438
FFF,2014B,445947,P3,F3,1.0,0.5277491
FFF,2014B,465175,P3,F3,0.0,0.6319328
FFF,2014B,465421,P3,F3,0.0,0.5185891
FFF,2014B,466347,P3,F3,1.0,0.48906505
FFF,2014B,466576,P3,F3,1.0,0.55638444
FFF,2014B,467582,P3,F3,0.0,0.46712497
FFF,2014B,468730,P3,F3,1.0,0.4753862
FFF,2014B,469977,P3,F3,0.0,0.41797134
FFF,2014B,470619,P3,F3,0.0,0.42470413
FFF,2014B,472120,P3,F3,0.0,0.44975784
FFF,2014B,472341,P3,F3,1.0,0.41711193
FFF,2014B,472810,P3,F3,1.0,0.5018918
FFF,2014B,474677,P3,F3,1.0,0.5425509
FFF,2014B,475811,P3,F3,0.0,0.468165
FFF,2014B,476912,P3,F3,1.0,0.63571703
FFF,2014B,477069,P3,F3,1.0,0.63571703
FFF,2014B,477588,P3,F3,0.0,0.46536976
FFF,2014B,477812,P3,F3,0.0,0.6319328
FFF,2014B,477833,P3,F3,1.0,0.44590986
FFF,2014B,478073,P3,F3,0.0,0.47680604
FFF,2014B,479061,P3,F3,0.0,0.45935437
FFF,2014B,481210,P3,F3,1.0,0.6018999
FFF,2014B,482445,P3,F3,1.0,0.63201636
FFF,2014B,482843,P3,F3,0.0,0.42293867
FFF,2014B,483389,P3,F3,0.0,0.44197953
FFF,2014B,483975,P3,F3,0.0,0.50936455
FFF,2014B,484075,P3,F3,0.0,0.4540197
FFF,2014B,484223,P3,F3,0.0,0.4307667
FFF,2014B,484675,P3,F3,1.0,0.6196279
FFF,2014B,485312,P3,F3,0.0,0.4440222
FFF,2014B,485780,P3,F3,0.0,0.4491052
FFF,2014B,487168,P3,F3,1.0,0.4741721
FFF,2014B,487314,P3,F3,0.0,0.40701494
FFF,2014B,488386,P3,F3,1.0,0.577211
FFF,2014B,488524,P3,F3,0.0,0.41006938
FFF,2014B,488758,P3,F3,1.0,0.63078547
FFF,2014B,489137,P3,F3,0.0,0.4404357
FFF,2014B,490154,P3,F3,1.0,0.5876998
FFF,2014B,491011,P3,F3,0.0,0.4088831
FFF,2014B,491486,P3,F3,1.0,0.44982266
FFF,2014B,491548,P3,F3,1.0,0.4888481
FFF,2014B,492088,P3,F3,0.0,0.5018339
FFF,2014B,493760,P3,F3,0.0,0.44292313
FFF,2014B,494433,P3,F3,0.0,0.5009218
FFF,2014B,494818,P3,F3,0.0,0.51060545
FFF,2014B,495580,P3,F3,1.0,0.6314436
FFF,2014B,495618,P3,F3,1.0,0.45207268
FFF,2014B,496590,P3,F3,1.0,0.50559735
FFF,2014B,498006,P3,F3,0.0,0.4200998
FFF,2014B,498266,P3,F3,0.0,0.4027997
FFF,2014B,498636,P3,F3,1.0,0.63291365
FFF,2014B,498828,P3,F3,1.0,0.43070883
FFF,2014B,499813,P3,F3,0.0,0.41121078
FFF,2014B,501302,P3,F3,1.0,0.48060727
FFF,2014B,501421,P3,F3,1.0,0.4356973
FFF,2014B,502150,P3,F3,1.0,0.5481217
FFF,2014B,502501,P3,F3,1.0,0.55667204
FFF,2014B,502993,P3,F3,0.0,0.4635674
FFF,2014B,503154,P3,F3,0.0,0.49991158
FFF,2014B,503183,P3,F3,0.0,0.44647908
FFF,2014B,505017,P3,F3,0.0,0.41575047
FFF,2014B,505131,P3,F3,1.0,0.45849088
FFF,2014B,505826,P3,F3,1.0,0.6025746
FFF,2014B,506038,P3,F3,0.0,0.3977254
FFF,2014B,506674,P3,F3,1.0,0.5252448
FFF,2014B,507577,P3,F3,1.0,0.55382097
FFF,2014B,509292,P3,F3,1.0,0.49203053
FFF,2014B,509407,P3,F3,1.0,0.50296915
FFF,2014B,509866,P3,F3,1.0,0.6337187
FFF,2014B,510142,P3,F3,1.0,0.51935804
FFF,2014B,510420,P3,F3,0.0,0.45330355
FFF,2014B,510693,P3,F3,1.0,0.49545336
FFF,2014B,511350,P3,F3,1.0,0.49544826
FFF,2014B,511912,P3,F3,0.0,0.44236293
FFF,2014B,512236,P3,F3,1.0,0.54740447
FFF,2014B,513701,P3,F3,0.0,0.45505753
FFF,2014B,515965,P3,F3,1.0,0.5547012
FFF,2014B,516634,P3,F3,0.0,0.39694163
FFF,2014B,516770,P3,F3,0.0,0.6238065
FFF,2014B,516894,P3,F3,1.0,0.6351848
FFF,2014B,517274,P3,F3,0.0,0.5018786
FFF,2014B,517277,P3,F3,0.0,0.5504327
FFF,2014B,518210,P3,F3,0.0,0.4404901
FFF,2014B,518359,P3,F3,0.0,0.41021365
FFF,2014B,521377,P3,F3,1.0,0.63291365
FFF,2014B,524296,P3,F3,1.0,0.51002485
FFF,2014B,525874,P3,F3,1.0,0.5163625
FFF,2014B,526303,P3,F3,0.0,0.63078547
FFF,2014B,526821,P3,F3,0.0,0.48363253
FFF,2014B,527744,P3,F3,1.0,0.63298136
FFF,2014B,528538,P3,F3,1.0,0.535264
FFF,2014B,528713,P3,F3,1.0,0.62842494
FFF,2014B,529458,P3,F3,1.0,0.54041255
FFF,2014B,530196,P3,F3,1.0,0.4815378
FFF,2014B,532062,P3,F3,1.0,0.59347755
FFF,2014B,532413,P3,F3,0.0,0.489852
FFF,2014B,532575,P3,F3,1.0,0.53950375
FFF,2014B,533140,P3,F3,1.0,0.5914384
FFF,2014B,533141,P3,F3,1.0,0.4837693
FFF,2014B,533198,P3,F3,1.0,0.6312418
FFF,2014B,533217,P3,F3,0.0,0.45717555
FFF,2014B,534318,P3,F3,1.0,0.5153749
FFF,2014B,536636,P3,F3,1.0,0.49659184
FFF,2014B,537322,P3,F3,1.0,0.47694832
FFF,2014B,537703,P3,F3,0.0,0.3958924
FFF,2014B,537938,P3,F3,0.0,0.47120526
FFF,2014B,539401,P3,F3,1.0,0.6138157
FFF,2014B,539444,P3,F3,0.0,0.3974698
FFF,2014B,539922,P3,F3,0.0,0.6073833
FFF,2014B,540909,P3,F3,1.0,0.5014689
FFF,2014B,541281,P3,F3,1.0,0.46759132
FFF,2014B,541327,P3,F3,1.0,0.63015676
FFF,2014B,542287,P3,F3,0.0,0.51504105
FFF,2014B,542557,P3,F3,0.0,0.39310443
FFF,2014B,543686,P3,F3,0.0,0.40725178
FFF,2014B,544108,P3,F3,0.0,0.557962
FFF,2014B,544140,P3,F3,1.0,0.5216326
FFF,2014B,544271,P3,F3,0.0,0.49313796
FFF,2014B,544593,P3,F3,1.0,0.5266328
FFF,2014B,545119,P3,F3,0.0,0.51735425
FFF,2014B,545637,P3,F3,0.0,0.45021194
FFF,2014B,545741,P3,F3,0.0,0.4507965
FFF,2014B,546071,P3,F3,0.0,0.41747952
FFF,2014B,546394,P3,F3,1.0,0.5086537
FFF,2014B,546627,P3,F3,0.0,0.4552423
FFF,2014B,546961,P3,F3,0.0,0.433796
FFF,2014B,547128,P3,F3,0.0,0.5849883
FFF,2014B,547413,P3,F3,1.0,0.44688705
FFF,2014B,547506,P3,F3,0.0,0.46412888
FFF,2014B,547569,P3,F3,1.0,0.4470228
FFF,2014B,547680,P3,F3,0.0,0.45243979
FFF,2014B,547884,P3,F3,1.0,0.63291365
FFF,2014B,548424,P3,F3,0.0,0.45599043
FFF,2014B,548573,P3,F3,1.0,0.58299613
FFF,2014B,548926,P3,F3,1.0,0.5028516
FFF,2014B,549792,P3,F3,1.0,0.62717634
FFF,2014B,550003,P3,F3,1.0,0.54329485
FFF,2014B,550038,P3,F3,0.0,0.48984528
FFF,2014B,550097,P3,F3,0.0,0.46644694
FFF,2014B,550246,P3,F3,1.0,0.63291
FFF,2014B,550498,P3,F3,1.0,0.4956061
FFF,2014B,550903,P3,F3,0.0,0.40417904
FFF,2014B,550925,P3,F3,0.0,0.46449834
FFF,2014B,551636,P3,F3,1.0,0.63571703
FFF,2014B,552284,P3,F3,0.0,0.63571703
FFF,2014B,552395,P3,F3,1.0,0.6351848
FFF,2014B,552648,P3,F3,0.0,0.527858
FFF,2014B,553032,P3,F3,1.0,0.46598998
FFF,2014B,553160,P3,F3,1.0,0.4264357
FFF,2014B,554881,P3,F3,0.0,0.5213599
FFF,2014B,555691,P3,F3,1.0,0.52013624
FFF,2014B,555929,P3,F3,0.0,0.52440304
FFF,2014B,556126,P3,F3,1.0,0.4883927
FFF,2014B,556140,P3,F3,0.0,0.5060442
FFF,2014B,556492,P3,F3,1.0,0.53431296
FFF,2014B,557469,P3,F3,0.0,0.63291365
FFF,2014B,557650,P3,F3,0.0,0.48200738
FFF,2014B,557708,P3,F3,1.0,0.52196044
FFF,2014B,557894,P3,F3,1.0,0.5445881
FFF,2014B,558105,P3,F3,0.0,0.5319238
FFF,2014B,558121,P3,F3,0.0,0.5018107
FFF,2014B,558244,P3,F3,1.0,0.5581657
FFF,2014B,558284,P3,F3,1.0,0.5773476
FFF,2014B,558404,P3,F3,1.0,0.5126435
FFF,2014B,559449,P3,F3,1.0,0.6316761
FFF,2014B,559876,P3,F3,0.0,0.46860418
FFF,2014B,560168,P3,F3,1.0,0.5105792
FFF,2014B,560399,P3,F3,0.0,0.4080556
FFF,2014B,560496,P3,F3,0.0,0.62625843
FFF,2014B,560595,P3,F3,1.0,0.4579724
FFF,2014B,560685,P3,F3,1.0,0.48327193
FFF,2014B,561009,P3,F3,0.0,0.4654624
FFF,2014B,561215,P3,F3,1.0,0.4178222
FFF,2014B,561799,P3,F3,1.0,0.6295861
FFF,2014B,562064,P3,F3,1.0,0.61860985
FFF,2014B,562917,P3,F3,1.0,0.54960734
FFF,2014B,563823,P3,F3,0.0,0.4050688
FFF,2014B,564632,P3,F3,1.0,0.51328987
FFF,2014B,565109,P3,F3,0.0,0.41520774
FFF,2014B,565348,P3,F3,1.0,0.44924963
FFF,2014B,565373,P3,F3,0.0,0.4499574
FFF,2014B,565469,P3,F3,1.0,0.53448546
FFF,2014B,565526,P3,F3,1.0,0.6284112
FFF,2014B,566460,P3,F3,1.0,0.4604636
FFF,2014B,567629,P3,F3,0.0,0.4478559
FFF,2014B,567681,P3,F3,1.0,0.60097575
FFF,2014B,567859,P3,F3,1.0,0.51766753
FFF,2014B,567873,P3,F3,0.0,0.41383383
FFF,2014B,568954,P3,F3,0.0,0.4522762
FFF,2014B,569065,P3,F3,0.0,0.4031506
FFF,2014B,569729,P3,F3,1.0,0.63571703
FFF,2014B,569783,P3,F3,1.0,0.46056575
FFF,2014B,570264,P3,F3,1.0,0.4530436
FFF,2014B,571050,P3,F3,0.0,0.42942166
FFF,2014B,571190,P3,F3,0.0,0.42876768
FFF,2014B,571316,P3,F3,0.0,0.43839726
FFF,2014B,571815,P3,F3,1.0,0.4777751
FFF,2014B,571844,P3,F3,0.0,0.62988615
FFF,2014B,571962,P3,F3,0.0,0.50222015
FFF,2014B,572154,P3,F3,0.0,0.44129214
FFF,2014B,572367,P3,F3,1.0,0.4919172
FFF,2014B,572395,P3,F3,1.0,0.501418
FFF,2014B,572716,P3,F3,0.0,0.4664523
FFF,2014B,572804,P3,F3,1.0,0.6224805
FFF,2014B,572832,P3,F3,0.0,0.5032371
FFF,2014B,572870,P3,F3,0.0,0.4332896
FFF,2014B,573549,P3,F3,0.0,0.5071937
FFF,2014B,574028,P3,F3,0.0,0.4474962
FFF,2014B,574605,P3,F3,1.0,0.467357
FFF,2014B,574663,P3,F3,1.0,0.5872259
FFF,2014B,574671,P3,F3,0.0,0.4719458
FFF,2014B,574815,P3,F3,1.0,0.63291365
FFF,2014B,576159,P3,F3,0.0,0.42298806
FFF,2014B,577142,P3,F3,1.0,0.44953668
FFF,2014B,577600,P3,F3,1.0,0.63291
FFF,2014B,578022,P3,F3,1.0,0.49404725
FFF,2014B,578258,P3,F3,1.0,0.63571703
FFF,2014B,578754,P3,F3,0.0,0.48704568
FFF,2014B,578764,P3,F3,0.0,0.43287262
FFF,2014B,579081,P3,F3,0.0,0.45752493
FFF,2014B,579376,P3,F3,0.0,0.45450392
FFF,2014B,580425,P3,F3,1.0,0.4191321
FFF,2014B,581065,P3,F3,1.0,0.5205286
FFF,2014B,581520,P3,F3,1.0,0.47049755
FFF,2014B,581598,P3,F3,0.0,0.4402893
FFF,2014B,581772,P3,F3,1.0,0.63571703
FFF,2014B,582553,P3,F3,1.0,0.48078915
FFF,2014B,582629,P3,F3,1.0,0.63571703
FFF,2014B,583056,P3,F3,1.0,0.5091786
FFF,2014B,583138,P3,F3,1.0,0.45897916
FFF,2014B,584184,P3,F3,0.0,0.43846458
FFF,2014B,584571,P3,F3,1.0,0.6199264
FFF,2014B,584842,P3,F3,0.0,0.47698992
FFF,2014B,584884,P3,F3,1.0,0.4661526
FFF,2014B,584990,P3,F3,1.0,0.50765276
FFF,2014B,585454,P3,F3,0.0,0.485833
FFF,2014B,585921,P3,F3,0.0,0.44057298
FFF,2014B,586351,P3,F3,1.0,0.629312
FFF,2014B,586506,P3,F3,1.0,0.61095345
FFF,2014B,586543,P3,F3,1.0,0.596014
FFF,2014B,586592,P3,F3,0.0,0.4649625
FFF,2014B,586917,P3,F3,0.0,0.5132514
FFF,2014B,587195,P3,F3,1.0,0.5164327
FFF,2014B,587600,P3,F3,0.0,0.5765167
FFF,2014B,587696,P3,F3,1.0,0.59618205
FFF,2014B,588107,P3,F3,1.0,0.5315128
FFF,2014B,588145,P3,F3,0.0,0.467229
FFF,2014B,588436,P3,F3,1.0,0.52398014
FFF,2014B,588913,P3,F3,1.0,0.4269611
FFF,2014B,589016,P3,F3,0.0,0.4774207
FFF,2014B,589029,P3,F3,0.0,0.46853256
FFF,2014B,589449,P3,F3,0.0,0.40901756
FFF,2014B,589454,P3,F3,0.0,0.44187075
FFF,2014B,589469,P3,F3,1.0,0.467219
FFF,2014B,589548,P3,F3,0.0,0.4461452
FFF,2014B,589565,P3,F3,0.0,0.40385482
FFF,2014B,589798,P3,F3,1.0,0.5236975
FFF,2014B,590018,P3,F3,0.0,0.50315624
FFF,2014B,590508,P3,F3,0.0,0.39788455
FFF,2014B,590543,P3,F3,1.0,0.519663
FFF,2014B,590548,P3,F3,1.0,0.63078547
FFF,2014B,590604,P3,F3,1.0,0.63571703
FFF,2014B,590970,P3,F3,0.0,0.51167667
FFF,2014B,591111,P3,F3,1.0,0.4976902
FFF,2014B,591132,P3,F3,1.0,0.6262025
FFF,2014B,591318,P3,F3,1.0,0.51297843
FFF,2014B,591550,P3,F3,1.0,0.59820414
FFF,2014B,591946,P3,F3,1.0,0.4653715
FFF,2014B,592422,P3,F3,1.0,0.4943442
FFF,2014B,592632,P3,F3,1.0,0.40015182
FFF,2014B,592766,P3,F3,0.0,0.42128193
FFF,2014B,592939,P3,F3,1.0,0.46459097
FFF,2014B,593206,P3,F3,1.0,0.51790756
FFF,2014B,593220,P3,F3,1.0,0.5214941
FFF,2014B,593617,P3,F3,1.0,0.4700661
FFF,2014B,594136,P3,F3,0.0,0.45699877
FFF,2014B,594258,P3,F3,1.0,0.5842542
FFF,2014B,594374,P3,F3,1.0,0.5749358
FFF,2014B,594636,P3,F3,1.0,0.5502278
FFF,2014B,594909,P3,F3,0.0,0.47278708
FFF,2014B,595186,P3,F3,1.0,0.47804132
FFF,2014B,595428,P3,F3,1.0,0.52288085
FFF,2014B,595895,P3,F3,1.0,0.6310925
FFF,2014B,595935,P3,F3,0.0,0.6310346
FFF,2014B,595978,P3,F3,1.0,0.6110948
FFF,2014B,596243,P3,F3,1.0,0.6287189
FFF,2014B,596482,P3,F3,0.0,0.3957942
FFF,2014B,596601,P3,F3,0.0,0.47838047
FFF,2014B,596663,P3,F3,1.0,0.47575969
FFF,2014B,596699,P3,F3,1.0,0.47865653
FFF,2014B,596953,P3,F3,1.0,0.508794
FFF,2014B,597234,P3,F3,0.0,0.39510134
FFF,2014B,597359,P3,F3,1.0,0.42915726
FFF,2014B,597378,P3,F3,1.0,0.4540435
FFF,2014B,597386,P3,F3,1.0,0.6048137
FFF,2014B,597426,P3,F3,1.0,0.5041971
FFF,2014B,597495,P3,F3,1.0,0.44584563
FFF,2014B,597662,P3,F3,0.0,0.43772256
FFF,2014B,597761,P3,F3,1.0,0.5532446
FFF,2014B,598113,P3,F3,0.0,0.4691379
FFF,2014B,598300,P3,F3,1.0,0.55873066
FFF,2014B,598353,P3,F3,1.0,0.5081755
FFF,2014B,598571,P3,F3,0.0,0.4033267
FFF,2014B,598642,P3,F3,0.0,0.48010832
FFF,2014B,598713,P3,F3,0.0,0.40294063
FFF,2014B,599048,P3,F3,0.0,0.49526486
FFF,2014B,599105,P3,F3,1.0,0.63291
FFF,2014B,599117,P3,F3,1.0,0.6251636
FFF,2014B,599398,P3,F3,0.0,0.43639722
FFF,2014B,599740,P3,F3,0.0,0.45198128
FFF,2014B,599812,P3,F3,1.0,0.48781106
FFF,2014B,600292,P3,F3,0.0,0.44663695
FFF,2014B,600388,P3,F3,0.0,0.39536843
FFF,2014B,600397,P3,F3,1.0,0.63571703
FFF,2014B,600702,P3,F3,0.0,0.56015027
FFF,2014B,600893,P3,F3,1.0,0.49908116
FFF,2014B,601155,P3,F3,1.0,0.6096173
FFF,2014B,601266,P3,F3,1.0,0.6274122
FFF,2014B,601345,P3,F3,1.0,0.63571703
FFF,2014B,601375,P3,F3,0.0,0.5060409
FFF,2014B,601560,P3,F3,1.0,0.5176193
FFF,2014B,601735,P3,F3,0.0,0.49961823
FFF,2014B,602571,P3,F3,1.0,0.47295544
FFF,2014B,602672,P3,F3,1.0,0.5009311
FFF,2014B,602681,P3,F3,0.0,0.43714905
FFF,2014B,602818,P3,F3,1.0,0.45359775
FFF,2014B,602854,P3,F3,0.0,0.4167812
FFF,2014B,602862,P3,F3,0.0,0.41956767
FFF,2014B,603111,P3,F3,0.0,0.6290821
FFF,2014B,603163,P3,F3,0.0,0.453519
FFF,2014B,603319,P3,F3,1.0,0.4481772
FFF,2014B,603483,P3,F3,1.0,0.629312
FFF,2014B,603539,P3,F3,0.0,0.41352478
FFF,2014B,603694,P3,F3,1.0,0.46176684
FFF,2014B,603848,P3,F3,1.0,0.57999426
FFF,2014B,603972,P3,F3,1.0,0.47129774
FFF,2014B,604174,P3,F3,0.0,0.44238696
FFF,2014B,604234,P3,F3,1.0,0.5010304
FFF,2014B,604293,P3,F3,1.0,0.42034832
FFF,2014B,604326,P3,F3,1.0,0.6304612
FFF,2014B,604338,P3,F3,0.0,0.39833805
FFF,2014B,604698,P3,F3,0.0,0.4030653
FFF,2014B,604969,P3,F3,1.0,0.61673737
FFF,2014B,605312,P3,F3,0.0,0.48537236
FFF,2014B,605370,P3,F3,1.0,0.5196905
FFF,2014B,605475,P3,F3,0.0,0.46097276
FFF,2014B,605493,P3,F3,0.0,0.44824147
FFF,2014B,605522,P3,F3,1.0,0.5149556
FFF,2014B,606713,P3,F3,0.0,0.47553813
FFF,2014B,606870,P3,F3,0.0,0.46281803
FFF,2014B,606911,P3,F3,1.0,0.63429
FFF,2014B,606935,P3,F3,1.0,0.63105917
FFF,2014B,606967,P3,F3,1.0,0.5499052
FFF,2014B,606976,P3,F3,0.0,0.45295623
FFF,2014B,606977,P3,F3,0.0,0.46913406
FFF,2014B,607453,P3,F3,0.0,0.44292492
FFF,2014B,607702,P3,F3,1.0,0.53880304
FFF,2014B,607896,P3,F3,0.0,0.4778924
FFF,2014B,607899,P3,F3,1.0,0.5151687
FFF,2014B,608111,P3,F3,1.0,0.6319328
FFF,2014B,608727,P3,F3,1.0,0.50840336
FFF,2014B,608864,P3,F3,1.0,0.6310346
FFF,2014B,608891,P3,F3,0.0,0.43100598
FFF,2014B,609171,P3,F3,1.0,0.44561732
FFF,2014B,609347,P3,F3,1.0,0.51085967
FFF,2014B,609868,P3,F3,1.0,0.49582034
FFF,2014B,609891,P3,F3,0.0,0.49715766
FFF,2014B,610094,P3,F3,0.0,0.59135425
FFF,2014B,610267,P3,F3,1.0,0.629312
FFF,2014B,610272,P3,F3,0.0,0.47026744
FFF,2014B,610273,P3,F3,0.0,0.5162557
FFF,2014B,610771,P3,F3,0.0,0.5923999
FFF,2014B,610775,P3,F3,0.0,0.40727994
FFF,2014B,610778,P3,F3,1.0,0.4457261
FFF,2014B,610992,P3,F3,0.0,0.456595
FFF,2014B,611185,P3,F3,0.0,0.4871853
FFF,2014B,611245,P3,F3,1.0,0.5074861
FFF,2014B,611350,P3,F3,0.0,0.42839518
FFF,2014B,611427,P3,F3,1.0,0.48754185
FFF,2014B,611517,P3,F3,1.0,0.433632
FFF,2014B,611542,P3,F3,0.0,0.4445916
FFF,2014B,611595,P3,F3,0.0,0.45284346
FFF,2014B,611635,P3,F3,0.0,0.43708205
FFF,2014B,611714,P3,F3,1.0,0.614309
FFF,2014B,611763,P3,F3,0.0,0.45611933
FFF,2014B,611798,P3,F3,1.0,0.41039193
FFF,2014B,611813,P3,F3,0.0,0.43363634
FFF,2014B,611855,P3,F3,1.0,0.59444016
FFF,2014B,611905,P3,F3,1.0,0.6085855
FFF,2014B,612248,P3,F3,0.0,0.40406346
FFF,2014B,612506,P3,F3,1.0,0.63571703
FFF,2014B,612528,P3,F3,0.0,0.4364305
FFF,2014B,612530,P3,F3,0.0,0.45700872
FFF,2014B,612535,P3,F3,0.0,0.4765402
FFF,2014B,612538,P3,F3,0.0,0.4119676
FFF,2014B,612539,P3,F3,0.0,0.4485464
FFF,2014B,612540,P3,F3,0.0,0.4797212
FFF,2014B,612542,P3,F3,0.0,0.45084462
FFF,2014B,612543,P3,F3,0.0,0.46147493
FFF,2014B,612545,P3,F3,0.0,0.48106018
FFF,2014B,612547,P3,F3,0.0,0.4931747
FFF,2014B,612549,P3,F3,0.0,0.46784317
FFF,2014B,612598,P3,F3,1.0,0.46566534
FFF,2014B,612607,P3,F3,1.0,0.43618858
FFF,2014B,612638,P3,F3,1.0,0.479613
FFF,2014B,612740,P3,F3,1.0,0.48570618
FFF,2014B,612743,P3,F3,1.0,0.6305449
FFF,2014B,612880,P3,F3,1.0,0.5535624
FFF,2014B,612982,P3,F3,1.0,0.4747271
FFF,2014B,613013,P3,F3,1.0,0.47717154
FFF,2014B,613152,P3,F3,1.0,0.435733
FFF,2014B,613226,P3,F3,1.0,0.53517765
FFF,2014B,613255,P3,F3,0.0,0.50379103
FFF,2014B,613281,P3,F3,1.0,0.5580101
FFF,2014B,613417,P3,F3,1.0,0.6266003
FFF,2014B,613447,P3,F3,1.0,0.5343077
FFF,2014B,613459,P3,F3,1.0,0.40376458
FFF,2014B,613461,P3,F3,0.0,0.48572728
FFF,2014B,613464,P3,F3,0.0,0.47448987
FFF,2014B,613574,P3,F3,1.0,0.48397768
FFF,2014B,613593,P3,F3,1.0,0.47234705
FFF,2014B,613630,P3,F3,0.0,0.49269053
FFF,2014B,613676,P3,F3,1.0,0.42690265
FFF,2014B,613677,P3,F3,1.0,0.5107953
FFF,2014B,613717,P3,F3,1.0,0.5183034
FFF,2014B,613865,P3,F3,0.0,0.3959447
FFF,2014B,613900,P3,F3,0.0,0.4602368
FFF,2014B,613928,P3,F3,1.0,0.50044936
FFF,2014B,613952,P3,F3,0.0,0.4609081
FFF,2014B,614059,P3,F3,1.0,0.60944235
FFF,2014B,614083,P3,F3,1.0,0.4956618
FFF,2014B,614163,P3,F3,0.0,0.4381878
FFF,2014B,614172,P3,F3,1.0,0.47962487
FFF,2014B,614181,P3,F3,0.0,0.45722577
FFF,2014B,614381,P3,F3,1.0,0.46952742
FFF,2014B,614599,P3,F3,1.0,0.4950844
FFF,2014B,614730,P3,F3,1.0,0.47833332
FFF,2014B,614733,P3,F3,1.0,0.6124501
FFF,2014B,614764,P3,F3,0.0,0.42832062
FFF,2014B,614801,P3,F3,1.0,0.41030055
FFF,2014B,614812,P3,F3,1.0,0.49195582
FFF,2014B,614887,P3,F3,0.0,0.49352342
FFF,2014B,614973,P3,F3,1.0,0.5944175
FFF,2014B,614994,P3,F3,1.0,0.6304612
FFF,2014B,615225,P3,F3,0.0,0.45383194
FFF,2014B,615241,P3,F3,0.0,0.507209
FFF,2014B,615426,P3,F3,1.0,0.42741874
FFF,2014B,615429,P3,F3,1.0,0.5408624
FFF,2014B,615439,P3,F3,0.0,0.45959234
FFF,2014B,616383,P3,F3,0.0,0.39694163
FFF,2014B,616453,P3,F3,1.0,0.51819175
FFF,2014B,616613,P3,F3,1.0,0.5095992
FFF,2014B,616646,P3,F3,0.0,0.45116344
FFF,2014B,616688,P3,F3,0.0,0.42029724
FFF,2014B,616789,P3,F3,0.0,0.44803166
FFF,2014B,616794,P3,F3,1.0,0.48976645
FFF,2014B,616909,P3,F3,1.0,0.50960547
FFF,2014B,616913,P3,F3,0.0,0.4600469
FFF,2014B,617010,P3,F3,1.0,0.48918986
FFF,2014B,617014,P3,F3,0.0,0.49436384
FFF,2014B,617018,P3,F3,1.0,0.5093977
FFF,2014B,617053,P3,F3,1.0,0.5002987
FFF,2014B,617130,P3,F3,1.0,0.43360242
FFF,2014B,617201,P3,F3,0.0,0.47028473
FFF,2014B,617318,P3,F3,0.0,0.4151149
FFF,2014B,617343,P3,F3,1.0,0.41778043
FFF,2014B,617358,P3,F3,1.0,0.3981517
FFF,2014B,617382,P3,F3,0.0,0.4485543
FFF,2014B,617437,P3,F3,1.0,0.42005074
FFF,2014B,617534,P3,F3,0.0,0.61360234
FFF,2014B,617535,P3,F3,1.0,0.5902328
FFF,2014B,617540,P3,F3,1.0,0.6245835
FFF,2014B,617543,P3,F3,1.0,0.5319763
FFF,2014B,617564,P3,F3,1.0,0.6304612
FFF,2014B,617638,P3,F3,1.0,0.6295615
FFF,2014B,617678,P3,F3,0.0,0.431431
FFF,2014B,617734,P3,F3,0.0,0.4938115
FFF,2014B,617740,P3,F3,0.0,0.4266447
FFF,2014B,617751,P3,F3,0.0,0.445245
FFF,2014B,617805,P3,F3,0.0,0.41866443
FFF,2014B,617829,P3,F3,0.0,0.4478102
FFF,2014B,617868,P3,F3,0.0,0.43135318
FFF,2014B,617945,P3,F3,1.0,0.6295615
FFF,2014B,617965,P3,F3,0.0,0.45621195
FFF,2014B,617976,P3,F3,0.0,0.40340915
FFF,2014B,617998,P3,F3,0.0,0.42720258
FFF,2014B,618004,P3,F3,0.0,0.4211364
FFF,2014B,618005,P3,F3,0.0,0.41137686
FFF,2014B,618015,P3,F3,0.0,0.45033848
FFF,2014B,618124,P3,F3,1.0,0.47708416
FFF,2014B,618216,P3,F3,0.0,0.4176537
FFF,2014B,618279,P3,F3,1.0,0.50101376
FFF,2014B,618280,P3,F3,0.0,0.39647684
FFF,2014B,618293,P3,F3,0.0,0.41267344
FFF,2014B,618390,P3,F3,1.0,0.53067386
FFF,2014B,618397,P3,F3,0.0,0.47860253
FFF,2014B,618412,P3,F3,0.0,0.4044354
FFF,2014B,618513,P3,F3,0.0,0.49490395
FFF,2014B,618519,P3,F3,0.0,0.40217888
FFF,2014B,618590,P3,F3,0.0,0.4708916
FFF,2014B,618662,P3,F3,1.0,0.42972472
FFF,2014B,618665,P3,F3,1.0,0.56114936
FFF,2014B,618667,P3,F3,1.0,0.47281936
FFF,2014B,618744,P3,F3,1.0,0.42076516
FFF,2014B,618843,P3,F3,1.0,0.63571703
FFF,2014B,618875,P3,F3,0.0,0.4192518
FFF,2014B,618903,P3,F3,1.0,0.5467875
FFF,2014B,618914,P3,F3,0.0,0.39697957
FFF,2014B,618925,P3,F3,1.0,0.6314436
FFF,2014B,618942,P3,F3,1.0,0.48071107
FFF,2014B,619001,P3,F3,1.0,0.5120242
FFF,2014B,619112,P3,F3,1.0,0.4840463
FFF,2014B,619118,P3,F3,1.0,0.5111701
FFF,2014B,619341,P3,F3,0.0,0.44745743
FFF,2014B,619410,P3,F3,0.0,0.45064375
FFF,2014B,619461,P3,F3,0.0,0.4087468
FFF,2014B,619921,P3,F3,1.0,0.45660916
FFF,2014B,619974,P3,F3,1.0,0.4237068
FFF,2014B,620004,P3,F3,1.0,0.43899354
FFF,2014B,620081,P3,F3,0.0,0.44230625
FFF,2014B,620112,P3,F3,1.0,0.61649525
FFF,2014B,620200,P3,F3,0.0,0.44387308
FFF,2014B,620277,P3,F3,1.0,0.40476438
FFF,2014B,620320,P3,F3,1.0,0.50281584
FFF,2014B,620399,P3,F3,1.0,0.50689566
FFF,2014B,620423,P3,F3,1.0,0.5417253
FFF,2014B,620473,P3,F3,0.0,0.40139204
FFF,2014B,620498,P3,F3,1.0,0.6082845
FFF,2014B,620801,P3,F3,0.0,0.47084683
FFF,2014B,620819,P3,F3,0.0,0.42541695
FFF,2014B,620933,P3,F3,1.0,0.60123736
FFF,2014B,621345,P3,F3,0.0,0.42692438
FFF,2014B,621370,P3,F3,1.0,0.47958866
FFF,2014B,621433,P3,F3,1.0,0.61965585
FFF,2014B,621436,P3,F3,0.0,0.46347415
FFF,2014B,621441,P3,F3,0.0,0.4609401
FFF,2014B,621464,P3,F3,1.0,0.5529527
FFF,2014B,621475,P3,F3,0.0,0.49161097
FFF,2014B,621531,P3,F3,0.0,0.6030408
FFF,2014B,621580,P3,F3,0.0,0.44934636
FFF,2014B,621682,P3,F3,1.0,0.6295861
FFF,2014B,621690,P3,F3,1.0,0.45219326
FFF,2014B,621696,P3,F3,0.0,0.4850094
FFF,2014B,621698,P3,F3,1.0,0.63571703
FFF,2014B,621722,P3,F3,0.0,0.41544124
FFF,2014B,621741,P3,F3,1.0,0.6314436
FFF,2014B,621881,P3,F3,0.0,0.4350314
FFF,2014B,621909,P3,F3,1.0,0.6302041
FFF,2014B,621952,P3,F3,0.0,0.4908912
FFF,2014B,621971,P3,F3,0.0,0.42455104
FFF,2014B,621998,P3,F3,0.0,0.46446472
FFF,2014B,622096,P3,F3,0.0,0.51382434
FFF,2014B,622130,P3,F3,1.0,0.5852168
FFF,2014B,622218,P3,F3,1.0,0.5049215
FFF,2014B,622278,P3,F3,0.0,0.49332067
FFF,2014B,622374,P3,F3,0.0,0.38966018
FFF,2014B,622392,P3,F3,1.0,0.45216176
FFF,2014B,622430,P3,F3,1.0,0.52251357
FFF,2014B,622442,P3,F3,0.0,0.42300966
FFF,2014B,622639,P3,F3,1.0,0.48961008
FFF,2014B,622686,P3,F3,0.0,0.46150804
FFF,2014B,622701,P3,F3,0.0,0.5047117
FFF,2014B,622859,P3,F3,0.0,0.48247647
FFF,2014B,622918,P3,F3,1.0,0.516219
FFF,2014B,622935,P3,F3,0.0,0.48639143
FFF,2014B,622976,P3,F3,0.0,0.39720064
FFF,2014B,623138,P3,F3,1.0,0.6314436
FFF,2014B,623180,P3,F3,0.0,0.5313568
FFF,2014B,623263,P3,F3,1.0,0.54932195
FFF,2014B,623314,P3,F3,0.0,0.4000298
FFF,2014B,623352,P3,F3,1.0,0.5683175
FFF,2014B,623366,P3,F3,1.0,0.5188899
FFF,2014B,623419,P3,F3,1.0,0.5532226
FFF,2014B,623433,P3,F3,0.0,0.4435518
FFF,2014B,623438,P3,F3,0.0,0.4638333
FFF,2014B,623456,P3,F3,1.0,0.49692294
FFF,2014B,623474,P3,F3,1.0,0.4714675
FFF,2014B,623496,P3,F3,1.0,0.4642596
FFF,2014B,623537,P3,F3,0.0,0.39694163
FFF,2014B,623542,P3,F3,1.0,0.45850298
FFF,2014B,623554,P3,F3,1.0,0.43650195
FFF,2014B,623568,P3,F3,1.0,0.6075813
FFF,2014B,623579,P3,F3,0.0,0.61059403
FFF,2014B,623687,P3,F3,0.0,0.39569652
FFF,2014B,623786,P3,F3,1.0,0.49624905
FFF,2014B,623924,P3,F3,0.0,0.4380308
FFF,2014B,623948,P3,F3,0.0,0.40652013
FFF,2014B,624014,P3,F3,1.0,0.4769743
FFF,2014B,624152,P3,F3,1.0,0.46893913
FFF,2014B,624178,P3,F3,0.0,0.4570442
FFF,2014B,624187,P3,F3,1.0,0.5457453
FFF,2014B,624197,P3,F3,0.0,0.45336396
FFF,2014B,624259,P3,F3,1.0,0.63571703
FFF,2014B,624344,P3,F3,0.0,0.4448761
FFF,2014B,624376,P3,F3,1.0,0.45236945
FFF,2014B,624499,P3,F3,1.0,0.46637902
FFF,2014B,624556,P3,F3,1.0,0.45620117
FFF,2014B,624586,P3,F3,0.0,0.47805
FFF,2014B,624591,P3,F3,0.0,0.4489654
FFF,2014B,624718,P3,F3,1.0,0.601913
FFF,2014B,624751,P3,F3,0.0,0.42312
FFF,2014B,624763,P3,F3,0.0,0.4484817
FFF,2014B,624772,P3,F3,1.0,0.50014216
FFF,2014B,624773,P3,F3,0.0,0.5285642
FFF,2014B,624946,P3,F3,0.0,0.49544936
FFF,2014B,624967,P3,F3,1.0,0.40531346
FFF,2014B,624975,P3,F3,1.0,0.5154385
FFF,2014B,624981,P3,F3,0.0,0.48151723
FFF,2014B,625004,P3,F3,1.0,0.46006256
FFF,2014B,625034,P3,F3,1.0,0.45460293
FFF,2014B,625073,P3,F3,1.0,0.629312
FFF,2014B,625075,P3,F3,1.0,0.5343285
FFF,2014B,625182,P3,F3,1.0,0.5240778
FFF,2014B,625191,P3,F3,0.0,0.4151761
FFF,2014B,625291,P3,F3,0.0,0.47412306
FFF,2014B,625303,P3,F3,0.0,0.41957864
FFF,2014B,625306,P3,F3,0.0,0.4159447
FFF,2014B,625349,P3,F3,0.0,0.47434852
FFF,2014B,625361,P3,F3,1.0,0.49409032
FFF,2014B,625394,P3,F3,1.0,0.42179266
FFF,2014B,625406,P3,F3,0.0,0.41677058
FFF,2014B,625500,P3,F3,1.0,0.56317836
FFF,2014B,625536,P3,F3,0.0,0.45882532
FFF,2014B,625548,P3,F3,0.0,0.4482251
FFF,2014B,625566,P3,F3,0.0,0.3980668
FFF,2014B,625588,P3,F3,0.0,0.48770323
FFF,2014B,625609,P3,F3,1.0,0.41231728
FFF,2014B,625642,P3,F3,1.0,0.46618804
FFF,2014B,625753,P3,F3,0.0,0.4080735
FFF,2014B,625793,P3,F3,1.0,0.48018855
FFF,2014B,625794,P3,F3,0.0,0.4505612
FFF,2014B,625800,P3,F3,1.0,0.44889304
FFF,2014B,625812,P3,F3,1.0,0.5937289
FFF,2014B,625828,P3,F3,1.0,0.5625743
FFF,2014B,625977,P3,F3,1.0,0.48713857
FFF,2014B,625995,P3,F3,1.0,0.45882633
FFF,2014B,626103,P3,F3,0.0,0.39908254
FFF,2014B,626128,P3,F3,0.0,0.39917642
FFF,2014B,626198,P3,F3,0.0,0.5009407
FFF,2014B,626231,P3,F3,0.0,0.4445111
FFF,2014B,626259,P3,F3,0.0,0.49939445
FFF,2014B,626320,P3,F3,1.0,0.6337187
FFF,2014B,626326,P3,F3,0.0,0.40571895
FFF,2014B,626349,P3,F3,1.0,0.5052516
FFF,2014B,626403,P3,F3,1.0,0.47326243
FFF,2014B,626419,P3,F3,0.0,0.40124485
FFF,2014B,626448,P3,F3,0.0,0.39795288
FFF,2014B,626469,P3,F3,1.0,0.5036669
FFF,2014B,626473,P3,F3,1.0,0.43288705
FFF,2014B,626530,P3,F3,1.0,0.44638965
FFF,2014B,626537,P3,F3,0.0,0.44972062
FFF,2014B,626539,P3,F3,1.0,0.48410365
FFF,2014B,626644,P3,F3,0.0,0.4710694
FFF,2014B,626692,P3,F3,1.0,0.44515824
FFF,2014B,626700,P3,F3,1.0,0.45407632
FFF,2014B,626765,P3,F3,0.0,0.4741973
FFF,2014B,626777,P3,F3,1.0,0.62710553
FFF,2014B,626778,P3,F3,0.0,0.43700573
FFF,2014B,626801,P3,F3,1.0,0.40975448
FFF,2014B,626828,P3,F3,0.0,0.52067274
FFF,2014B,626878,P3,F3,0.0,0.4360713
FFF,2014B,626881,P3,F3,0.0,0.448159
FFF,2014B,626890,P3,F3,0.0,0.5338983
FFF,2014B,626987,P3,F3,0.0,0.44372153
FFF,2014B,627022,P3,F3,0.0,0.42804638
FFF,2014B,627026,P3,F3,1.0,0.42222452
FFF,2014B,627061,P3,F3,0.0,0.42763868
FFF,2014B,627067,P3,F3,0.0,0.4456937
FFF,2014B,627126,P3,F3,1.0,0.5381934
FFF,2014B,627145,P3,F3,0.0,0.47737548
FFF,2014B,627176,P3,F3,1.0,0.47868395
FFF,2014B,627238,P3,F3,1.0,0.4065615
FFF,2014B,627247,P3,F3,0.0,0.4030819
FFF,2014B,627280,P3,F3,1.0,0.47013146
FFF,2014B,627307,P3,F3,0.0,0.40251762
FFF,2014B,627366,P3,F3,1.0,0.6295759
FFF,2014B,627417,P3,F3,0.0,0.4170157
FFF,2014B,627442,P3,F3,0.0,0.5199366
FFF,2014B,627468,P3,F3,0.0,0.5274365
FFF,2014B,627521,P3,F3,0.0,0.40544286
FFF,2014B,627524,P3,F3,1.0,0.4979477
FFF,2014B,627569,P3,F3,1.0,0.5814833
FFF,2014B,627595,P3,F3,0.0,0.39590508
FFF,2014B,627620,P3,F3,0.0,0.4545805
FFF,2014B,627622,P3,F3,0.0,0.5644092
FFF,2014B,627679,P3,F3,0.0,0.4112231
FFF,2014B,627692,P3,F3,0.0,0.42878827
FFF,2014B,627717,P3,F3,0.0,0.4004647
FFF,2014B,627727,P3,F3,1.0,0.50928986
FFF,2014B,627751,P3,F3,1.0,0.5048176
FFF,2014B,627808,P3,F3,1.0,0.43496057
FFF,2014B,627840,P3,F3,1.0,0.44332564
FFF,2014B,627847,P3,F3,1.0,0.42419514
FFF,2014B,627860,P3,F3,0.0,0.4365228
FFF,2014B,627886,P3,F3,0.0,0.44637156
FFF,2014B,628004,P3,F3,0.0,0.39411232
FFF,2014B,628034,P3,F3,0.0,0.4063999
FFF,2014B,628038,P3,F3,1.0,0.55085367
FFF,2014B,628058,P3,F3,0.0,0.46551725
FFF,2014B,628098,P3,F3,0.0,0.4774403
FFF,2014B,628110,P3,F3,1.0,0.5977303
FFF,2014B,628114,P3,F3,0.0,0.4240456
FFF,2014B,628117,P3,F3,0.0,0.47026882
FFF,2014B,628140,P3,F3,0.0,0.41003507
FFF,2014B,628141,P3,F3,1.0,0.523656
FFF,2014B,628143,P3,F3,1.0,0.45131353
FFF,2014B,628152,P3,F3,0.0,0.48849022
FFF,2014B,628174,P3,F3,0.0,0.4493759
FFF,2014B,628307,P3,F3,1.0,0.5119026
FFF,2014B,628361,P3,F3,0.0,0.39330873
FFF,2014B,628370,P3,F3,1.0,0.40613648
FFF,2014B,628443,P3,F3,0.0,0.48117945
FFF,2014B,628476,P3,F3,1.0,0.5066576
FFF,2014B,628561,P3,F3,0.0,0.4845495
FFF,2014B,628720,P3,F3,0.0,0.46568173
FFF,2014B,628725,P3,F3,1.0,0.5248737
FFF,2014B,628803,P3,F3,1.0,0.49810132
FFF,2014B,628837,P3,F3,1.0,0.43754923
FFF,2014B,628841,P3,F3,0.0,0.49480167
FFF,2014B,628846,P3,F3,1.0,0.4315358
FFF,2014B,628925,P3,F3,1.0,0.40139204
FFF,2014B,628972,P3,F3,0.0,0.4847084
FFF,2014B,628978,P3,F3,1.0,0.49941567
FFF,2014B,628995,P3,F3,0.0,0.5620891
FFF,2014B,629022,P3,F3,0.0,0.63032734
FFF,2014B,629096,P3,F3,0.0,0.46463522
FFF,2014B,629119,P3,F3,1.0,0.6295615
FFF,2014B,629120,P3,F3,1.0,0.5321972
FFF,2014B,629163,P3,F3,1.0,0.54009455
FFF,2014B,629182,P3,F3,1.0,0.41397652
FFF,2014B,629231,P3,F3,1.0,0.5614021
FFF,2014B,629244,P3,F3,0.0,0.44869894
FFF,2014B,629267,P3,F3,1.0,0.42722574
FFF,2014B,629291,P3,F3,0.0,0.39156762
FFF,2014B,629303,P3,F3,0.0,0.4569361
FFF,2014B,629386,P3,F3,1.0,0.43133897
FFF,2014B,629414,P3,F3,0.0,0.429437
FFF,2014B,629459,P3,F3,1.0,0.55603266
FFF,2014B,629522,P3,F3,1.0,0.40766963
FFF,2014B,629540,P3,F3,0.0,0.41160998
FFF,2014B,629541,P3,F3,0.0,0.49190122
FFF,2014B,629603,P3,F3,0.0,0.42646572
FFF,2014B,629613,P3,F3,1.0,0.5628678
FFF,2014B,629655,P3,F3,1.0,0.44560534
FFF,2014B,629692,P3,F3,0.0,0.4667958
FFF,2014B,629693,P3,F3,0.0,0.43322212
FFF,2014B,629739,P3,F3,0.0,0.45985276
FFF,2014B,629762,P3,F3,1.0,0.57481194
FFF,2014B,629767,P3,F3,1.0,0.4157871
FFF,2014B,629867,P3,F3,1.0,0.46134856
FFF,2014B,629873,P3,F3,0.0,0.39694163
FFF,2014B,629879,P3,F3,1.0,0.6266538
FFF,2014B,629881,P3,F3,0.0,0.43855926
FFF,2014B,629918,P3,F3,1.0,0.62933666
FFF,2014B,629928,P3,F3,1.0,0.428367
FFF,2014B,629938,P3,F3,0.0,0.48160288
FFF,2014B,629993,P3,F3,1.0,0.46532628
FFF,2014B,630013,P3,F3,0.0,0.44583544
FFF,2014B,630015,P3,F3,0.0,0.4093803
FFF,2014B,630038,P3,F3,1.0,0.5994892
FFF,2014B,630045,P3,F3,0.0,0.43767068
FFF,2014B,630083,P3,F3,0.0,0.42144647
FFF,2014B,630129,P3,F3,1.0,0.55314493
FFF,2014B,630168,P3,F3,1.0,0.42253375
FFF,2014B,630177,P3,F3,0.0,0.41913006
FFF,2014B,630264,P3,F3,0.0,0.52908534
FFF,2014B,630269,P3,F3,1.0,0.5628374
FFF,2014B,630326,P3,F3,0.0,0.55534536
FFF,2014B,630426,P3,F3,1.0,0.629312
FFF,2014B,630435,P3,F3,1.0,0.63571703
FFF,2014B,630452,P3,F3,0.0,0.4552673
FFF,2014B,630479,P3,F3,0.0,0.44943517
FFF,2014B,630488,P3,F3,0.0,0.42776883
FFF,2014B,630491,P3,F3,1.0,0.44916657
FFF,2014B,630574,P3,F3,1.0,0.5157326
FFF,2014B,630634,P3,F3,0.0,0.44367003
FFF,2014B,630653,P3,F3,0.0,0.5575204
FFF,2014B,630654,P3,F3,1.0,0.53631574
FFF,2014B,630655,P3,F3,0.0,0.5248703
FFF,2014B,630671,P3,F3,0.0,0.43855244
FFF,2014B,630734,P3,F3,0.0,0.45641994
FFF,2014B,630748,P3,F3,1.0,0.44460386
FFF,2014B,630759,P3,F3,1.0,0.5185784
FFF,2014B,630804,P3,F3,1.0,0.5150618
FFF,2014B,630812,P3,F3,1.0,0.50005215
FFF,2014B,630830,P3,F3,0.0,0.4670192
FFF,2014B,630854,P3,F3,0.0,0.54624206
FFF,2014B,630859,P3,F3,0.0,0.46546885
FFF,2014B,630867,P3,F3,1.0,0.63041145
FFF,2014B,630868,P3,F3,1.0,0.4273199
FFF,2014B,630891,P3,F3,1.0,0.5721348
FFF,2014B,630912,P3,F3,0.0,0.4703262
FFF,2014B,630924,P3,F3,0.0,0.49159187
FFF,2014B,630937,P3,F3,0.0,0.4196853
FFF,2014B,630966,P3,F3,0.0,0.43943462
FFF,2014B,631023,P3,F3,0.0,0.44982266
FFF,2014B,631075,P3,F3,1.0,0.40070254
FFF,2014B,631083,P3,F3,1.0,0.44706893
FFF,2014B,631099,P3,F3,1.0,0.5031657
FFF,2014B,631104,P3,F3,0.0,0.45109
FFF,2014B,631111,P3,F3,1.0,0.48623598
FFF,2014B,631135,P3,F3,1.0,0.6077169
FFF,2014B,631235,P3,F3,0.0,0.48077255
FFF,2014B,631247,P3,F3,0.0,0.39156762
FFF,2014B,631300,P3,F3,1.0,0.49130508
FFF,2014B,631311,P3,F3,0.0,0.42228684
FFF,2014B,631327,P3,F3,0.0,0.44349432
FFF,2014B,631467,P3,F3,0.0,0.43952072
FFF,2014B,631473,P3,F3,0.0,0.45411626
FFF,2014B,631524,P3,F3,1.0,0.56898975
FFF,2014B,631654,P3,F3,1.0,0.6130413
FFF,2014B,631673,P3,F3,0.0,0.46961337
FFF,2014B,631680,P3,F3,0.0,0.43118492
FFF,2014B,631701,P3,F3,1.0,0.508773
FFF,2014B,631719,P3,F3,0.0,0.3903249
FFF,2014B,631765,P3,F3,0.0,0.46541885
FFF,2014B,631853,P3,F3,0.0,0.4223542
FFF,2014B,631860,P3,F3,0.0,0.42216936
FFF,2014B,631880,P3,F3,0.0,0.44802472
FFF,2014B,631884,P3,F3,0.0,0.4600214
FFF,2014B,631913,P3,F3,1.0,0.4003913
FFF,2014B,631925,P3,F3,1.0,0.48291966
FFF,2014B,632019,P3,F3,1.0,0.456584
FFF,2014B,632044,P3,F3,0.0,0.40205866
FFF,2014B,632078,P3,F3,1.0,0.43635306
FFF,2014B,632114,P3,F3,1.0,0.47371405
FFF,2014B,632124,P3,F3,1.0,0.4560301
FFF,2014B,632143,P3,F3,1.0,0.40138793
FFF,2014B,632258,P3,F3,0.0,0.4534471
FFF,2014B,632306,P3,F3,0.0,0.40553865
FFF,2014B,632316,P3,F3,0.0,0.40716097
FFF,2014B,632339,P3,F3,0.0,0.43933123
FFF,2014B,632363,P3,F3,1.0,0.44035843
FFF,2014B,632379,P3,F3,0.0,0.5411959
FFF,2014B,632380,P3,F3,0.0,0.4218738
FFF,2014B,632402,P3,F3,0.0,0.42888114
FFF,2014B,632513,P3,F3,0.0,0.39846903
FFF,2014B,632544,P3,F3,0.0,0.48822445
FFF,2014B,632588,P3,F3,0.0,0.39402968
FFF,2014B,632620,P3,F3,0.0,0.49040002
FFF,2014B,632623,P3,F3,0.0,0.43657413
FFF,2014B,632691,P3,F3,0.0,0.4371754
FFF,2014B,632698,P3,F3,0.0,0.46491107
FFF,2014B,632705,P3,F3,0.0,0.48897007
FFF,2014B,632759,P3,F3,1.0,0.42453802
FFF,2014B,632801,P3,F3,1.0,0.46784413
FFF,2014B,632840,P3,F3,1.0,0.5068332
FFF,2014B,632848,P3,F3,0.0,0.42232603
FFF,2014B,632895,P3,F3,0.0,0.42032248
FFF,2014B,632923,P3,F3,1.0,0.49925676
FFF,2014B,632927,P3,F3,1.0,0.57886285
FFF,2014B,632929,P3,F3,0.0,0.4279283
FFF,2014B,632947,P3,F3,0.0,0.531481
FFF,2014B,632958,P3,F3,1.0,0.50444156
FFF,2014B,632991,P3,F3,0.0,0.45037746
FFF,2014B,633047,P3,F3,0.0,0.4993616
FFF,2014B,633077,P3,F3,0.0,0.41260362
FFF,2014B,633100,P3,F3,1.0,0.52854484
FFF,2014B,633157,P3,F3,1.0,0.4386325
FFF,2014B,633179,P3,F3,0.0,0.39544508
FFF,2014B,633205,P3,F3,1.0,0.41614643
FFF,2014B,633207,P3,F3,1.0,0.5598705
FFF,2014B,633219,P3,F3,0.0,0.44467437
FFF,2014B,633221,P3,F3,1.0,0.4987531
FFF,2014B,633238,P3,F3,0.0,0.42564118
FFF,2014B,633292,P3,F3,1.0,0.46362278
FFF,2014B,633297,P3,F3,1.0,0.50027025
FFF,2014B,633303,P3,F3,0.0,0.4095796
FFF,2014B,633305,P3,F3,1.0,0.6272892
FFF,2014B,633319,P3,F3,0.0,0.41933504
FFF,2014B,633328,P3,F3,0.0,0.4863657
FFF,2014B,633388,P3,F3,0.0,0.40263337
FFF,2014B,633397,P3,F3,1.0,0.49225384
FFF,2014B,633403,P3,F3,1.0,0.47050112
FFF,2014B,633411,P3,F3,1.0,0.44452915
FFF,2014B,633504,P3,F3,0.0,0.4054446
FFF,2014B,633505,P3,F3,1.0,0.5019378
FFF,2014B,633558,P3,F3,1.0,0.6314436
FFF,2014B,633625,P3,F3,1.0,0.6247572
FFF,2014B,633676,P3,F3,1.0,0.59777415
FFF,2014B,633691,P3,F3,0.0,0.39649346
FFF,2014B,633717,P3,F3,0.0,0.4025206
FFF,2014B,633732,P3,F3,1.0,0.51185644
FFF,2014B,633745,P3,F3,0.0,0.40358284
FFF,2014B,633756,P3,F3,0.0,0.5083482
FFF,2014B,633773,P3,F3,0.0,0.6304612
FFF,2014B,633840,P3,F3,1.0,0.55208945
FFF,2014B,633881,P3,F3,1.0,0.49846527
FFF,2014B,633884,P3,F3,1.0,0.54977196
FFF,2014B,633924,P3,F3,1.0,0.40240705
FFF,2014B,633983,P3,F3,0.0,0.45974517
FFF,2014B,634057,P3,F3,1.0,0.4814707
FFF,2014B,634070,P3,F3,0.0,0.44479823
FFF,2014B,634099,P3,F3,1.0,0.53433913
FFF,2014B,634111,P3,F3,0.0,0.39156762
FFF,2014B,634114,P3,F3,1.0,0.578999
FFF,2014B,634139,P3,F3,0.0,0.4431015
FFF,2014B,634155,P3,F3,0.0,0.43039417
FFF,2014B,634165,P3,F3,0.0,0.45869967
FFF,2014B,634187,P3,F3,1.0,0.4327902
FFF,2014B,634200,P3,F3,1.0,0.41790134
FFF,2014B,634209,P3,F3,0.0,0.47354308
FFF,2014B,634245,P3,F3,1.0,0.56938463
FFF,2014B,634252,P3,F3,1.0,0.5210382
FFF,2014B,634254,P3,F3,1.0,0.44236913
FFF,2014B,634260,P3,F3,0.0,0.44183078
FFF,2014B,634279,P3,F3,1.0,0.51882124
FFF,2014B,634292,P3,F3,1.0,0.63571703
FFF,2014B,634343,P3,F3,0.0,0.52219146
FFF,2014B,634349,P3,F3,1.0,0.48331186
FFF,2014B,634426,P3,F3,0.0,0.4561966
FFF,2014B,634427,P3,F3,0.0,0.4360713
FFF,2014B,634429,P3,F3,0.0,0.45782837
FFF,2014B,634430,P3,F3,0.0,0.43280584
FFF,2014B,634431,P3,F3,0.0,0.4812601
FFF,2014B,634435,P3,F3,0.0,0.45179603
FFF,2014B,634479,P3,F3,1.0,0.39572003
FFF,2014B,634500,P3,F3,0.0,0.55062973
FFF,2014B,634536,P3,F3,0.0,0.42298776
FFF,2014B,634539,P3,F3,1.0,0.45788455
FFF,2014B,634616,P3,F3,0.0,0.63571703
FFF,2014B,634635,P3,F3,1.0,0.5207586
FFF,2014B,634636,P3,F3,0.0,0.41649985
FFF,2014B,634638,P3,F3,1.0,0.63571703
FFF,2014B,634682,P3,F3,1.0,0.6302041
FFF,2014B,634701,P3,F3,1.0,0.59250903
FFF,2014B,634774,P3,F3,1.0,0.5174265
FFF,2014B,634784,P3,F3,1.0,0.4858089
FFF,2014B,634820,P3,F3,1.0,0.5767282
FFF,2014B,634859,P3,F3,1.0,0.40791872
FFF,2014B,634918,P3,F3,1.0,0.52675045
FFF,2014B,634919,P3,F3,0.0,0.5013078
FFF,2014B,634924,P3,F3,0.0,0.39156762
FFF,2014B,634946,P3,F3,1.0,0.5561893
FFF,2014B,634999,P3,F3,0.0,0.54328096
FFF,2014B,635034,P3,F3,0.0,0.42692536
FFF,2014B,635046,P3,F3,1.0,0.58348453
FFF,2014B,635079,P3,F3,1.0,0.4550546
FFF,2014B,635124,P3,F3,1.0,0.48723835
FFF,2014B,1006742,P3,F3,1.0,0.4330239
FFF,2014B,1017773,P3,F3,1.0,0.6268143
FFF,2014B,1045091,P3,F3,1.0,0.46381366
FFF,2014B,1072259,P3,F3,0.0,0.49860013
FFF,2014B,1340760,P3,F3,0.0,0.41458112
FFF,2014B,1398489,P3,F3,0.0,0.43504485
FFF,2014B,1425806,P3,F3,0.0,0.44885835
FFF,2014B,1465407,P3,F3,0.0,0.48162144
FFF,2014B,1498823,P3,F3,1.0,0.59058374
FFF,2014B,1514245,P3,F3,1.0,0.5652593
FFF,2014B,1526059,P3,F3,0.0,0.42787302
FFF,2014B,1528232,P3,F3,1.0,0.5392466
FFF,2014B,1548052,P3,F3,1.0,0.4499183
FFF,2014B,1578222,P3,F3,0.0,0.4390445
FFF,2014B,1588621,P3,F3,1.0,0.4451852
FFF,2014B,1615392,P3,F3,0.0,0.45096985
FFF,2014B,1627052,P3,F3,0.0,0.39971006
FFF,2014B,1641117,P3,F3,0.0,0.51929444
FFF,2014B,1683803,P3,F3,0.0,0.49246305
FFF,2014B,1738364,P3,F3,0.0,0.44043288
FFF,2014B,1744817,P3,F3,0.0,0.42830908
FFF,2014B,1757662,P3,F3,0.0,0.4344106
FFF,2014B,1768223,P3,F3,0.0,0.5159065
FFF,2014B,1799963,P3,F3,1.0,0.62232286
FFF,2014B,1821249,P3,F3,1.0,0.6310346
FFF,2014B,1875728,P3,F3,0.0,0.40139204
FFF,2014B,1884024,P3,F3,1.0,0.52949643
FFF,2014B,1892879,P3,F3,1.0,0.63291
FFF,2014B,1919240,P3,F3,0.0,0.46759957
FFF,2014B,1928947,P3,F3,1.0,0.5465042
FFF,2014B,1933534,P3,F3,1.0,0.43171924
FFF,2014B,1939193,P3,F3,1.0,0.52785546
FFF,2014B,1961652,P3,F3,1.0,0.55480397
FFF,2014B,1962128,P3,F3,1.0,0.6319328
FFF,2014B,1984169,P3,F3,1.0,0.50303507
FFF,2014B,1999952,P3,F3,0.0,0.46384257
FFF,2014B,2010245,P3,F3,1.0,0.4359576
FFF,2014B,2022750,P3,F3,1.0,0.63571703
FFF,2014B,2025233,P3,F3,0.0,0.5065513
FFF,2014B,2055321,P3,F3,1.0,0.5166367
FFF,2014B,2058815,P3,F3,1.0,0.48443532
FFF,2014B,2074627,P3,F3,0.0,0.53147364
FFF,2014B,2095576,P3,F3,0.0,0.4540364
FFF,2014B,2097046,P3,F3,1.0,0.48146948
FFF,2014B,2114529,P3,F3,1.0,0.49980274
FFF,2014B,2131008,P3,F3,0.0,0.47598246
FFF,2014B,2156172,P3,F3,1.0,0.5463538
FFF,2014B,2161710,P3,F3,1.0,0.6091856
FFF,2014B,2164266,P3,F3,1.0,0.52014935
FFF,2014B,2176759,P3,F3,0.0,0.50474185
FFF,2014B,2186992,P3,F3,0.0,0.41731316
FFF,2014B,2222615,P3,F3,0.0,0.45302343
FFF,2014B,2238019,P3,F3,1.0,0.5330594
FFF,2014B,2242595,P3,F3,1.0,0.45796114
FFF,2014B,2242732,P3,F3,0.0,0.46339634
FFF,2014B,2244285,P3,F3,0.0,0.421595
FFF,2014B,2256318,P3,F3,0.0,0.43449748
FFF,2014B,2257112,P3,F3,0.0,0.4626671
FFF,2014B,2264054,P3,F3,0.0,0.467764
FFF,2014B,2265419,P3,F3,1.0,0.431712
FFF,2014B,2270880,P3,F3,0.0,0.51630706
FFF,2014B,2299808,P3,F3,0.0,0.40564346
FFF,2014B,2303413,P3,F3,0.0,0.40453836
FFF,2014B,2306016,P3,F3,0.0,0.4519936
FFF,2014B,2322813,P3,F3,1.0,0.6314436
FFF,2014B,2327494,P3,F3,0.0,0.52184284
FFF,2014B,2336654,P3,F3,1.0,0.6305449
FFF,2014B,2337362,P3,F3,0.0,0.47537857
FFF,2014B,2345438,P3,F3,0.0,0.5328688
FFF,2014B,2355214,P3,F3,1.0,0.49704036
FFF,2014B,2360071,P3,F3,1.0,0.63571703
FFF,2014B,2383307,P3,F3,0.0,0.42674416
FFF,2014B,2410519,P3,F3,0.0,0.40938094
FFF,2014B,2413895,P3,F3,1.0,0.63571703
FFF,2014B,2426332,P3,F3,0.0,0.4635717
FFF,2014B,2437930,P3,F3,0.0,0.46654034
FFF,2014B,2448082,P3,F3,1.0,0.55686396
FFF,2014B,2463282,P3,F3,1.0,0.6210851
FFF,2014B,2480886,P3,F3,1.0,0.4975164
FFF,2014B,2481482,P3,F3,0.0,0.46712628
FFF,2014B,2492219,P3,F3,0.0,0.4032203
FFF,2014B,2492787,P3,F3,0.0,0.5199365
FFF,2014B,2494338,P3,F3,1.0,0.51235515
FFF,2014B,2503799,P3,F3,1.0,0.5606593
FFF,2014B,2516163,P3,F3,0.0,0.48560366
FFF,2014B,2523915,P3,F3,0.0,0.6318237
FFF,2014B,2525633,P3,F3,1.0,0.629312
FFF,2014B,2532785,P3,F3,0.0,0.42404905
FFF,2014B,2540424,P3,F3,1.0,0.6310346
FFF,2014B,2543637,P3,F3,1.0,0.48296893
FFF,2014B,2545629,P3,F3,0.0,0.44997197
FFF,2014B,2554552,P3,F3,0.0,0.46683893
FFF,2014B,2558365,P3,F3,1.0,0.4341367
FFF,2014B,2561313,P3,F3,0.0,0.52366674
FFF,2014B,2561862,P3,F3,0.0,0.3925741
FFF,2014B,2564619,P3,F3,0.0,0.46621445
FFF,2014B,2569942,P3,F3,0.0,0.45827487
FFF,2014B,2570929,P3,F3,0.0,0.412402
FFF,2014B,2575119,P3,F3,1.0,0.63291365
FFF,2014B,2581536,P3,F3,0.0,0.4565934
FFF,2014B,2581654,P3,F3,0.0,0.63441056
FFF,2014B,2583997,P3,F3,1.0,0.60441035
FFF,2014B,2585330,P3,F3,0.0,0.45654073
FFF,2014B,2589352,P3,F3,0.0,0.45488164
FFF,2014B,2590531,P3,F3,1.0,0.47333854
FFF,2014B,2595058,P3,F3,1.0,0.51868415
FFF,2014B,2604975,P3,F3,0.0,0.40216544
FFF,2014B,2606636,P3,F3,0.0,0.3925741
FFF,2014B,2606890,P3,F3,0.0,0.4457371
FFF,2014B,2609955,P3,F3,1.0,0.4868854
FFF,2014B,2616978,P3,F3,0.0,0.43111482
FFF,2014B,2619719,P3,F3,1.0,0.5211917
FFF,2014B,2620930,P3,F3,0.0,0.45955783
FFF,2014B,2625021,P3,F3,1.0,0.6314436
FFF,2014B,2630284,P3,F3,1.0,0.62080854
FFF,2014B,2634654,P3,F3,1.0,0.5580565
FFF,2014B,2652268,P3,F3,1.0,0.6337187
FFF,2014B,2653007,P3,F3,1.0,0.63571703
FFF,2014B,2659650,P3,F3,0.0,0.40212792
FFF,2014B,2661827,P3,F3,0.0,0.4819044
FFF,2014B,2666213,P3,F3,0.0,0.4809723
FFF,2014B,2666831,P3,F3,0.0,0.45804375
FFF,2014B,2667478,P3,F3,1.0,0.49424967
FFF,2014B,2674773,P3,F3,0.0,0.5434218
FFF,2014B,2675061,P3,F3,1.0,0.63571703
FFF,2014B,2681270,P3,F3,0.0,0.44880766
FFF,2014B,2684417,P3,F3,1.0,0.5203175
FFF,2014B,2689210,P3,F3,0.0,0.48355603
FFF,2014B,2697630,P3,F3,0.0,0.5158009
FFF,2014B,2697885,P3,F3,0.0,0.517698
GGG,2014B,24186,P3,F3,0.0,0.4960717
GGG,2014B,29985,P3,F3,0.0,0.4613881
GGG,2014B,31107,P3,F3,0.0,0.42644492
GGG,2014B,41414,P3,F3,0.0,0.4807973
GGG,2014B,49123,P3,F3,0.0,0.4748378
GGG,2014B,64901,P3,F3,0.0,0.4683117
GGG,2014B,81754,P3,F3,1.0,0.48967537
GGG,2014B,96423,P3,F3,0.0,0.47173098
GGG,2014B,109772,P3,F3,0.0,0.54432565
GGG,2014B,112441,P3,F3,0.0,0.46791533
GGG,2014B,116319,P3,F3,0.0,0.55427635
GGG,2014B,118474,P3,F3,0.0,0.5005517
GGG,2014B,119444,P3,F3,0.0,0.464061
GGG,2014B,120611,P3,F3,1.0,0.54432565
GGG,2014B,122337,P3,F3,1.0,0.47354323
GGG,2014B,124944,P3,F3,0.0,0.46213806
GGG,2014B,131820,P3,F3,1.0,0.48953506
GGG,2014B,133068,P3,F3,0.0,0.48975065
GGG,2014B,134123,P3,F3,0.0,0.5009853
GGG,2014B,139329,P3,F3,0.0,0.5111846
GGG,2014B,145388,P3,F3,1.0,0.4780087
GGG,2014B,146192,P3,F3,1.0,0.562781
GGG,2014B,152671,P3,F3,0.0,0.54432565
GGG,2014B,159571,P3,F3,1.0,0.44120723
GGG,2014B,160479,P3,F3,0.0,0.46202707
GGG,2014B,160945,P3,F3,0.0,0.47867277
GGG,2014B,164211,P3,F3,0.0,0.4526257
GGG,2014B,164451,P3,F3,1.0,0.5855876
GGG,2014B,165898,P3,F3,1.0,0.5550074
GGG,2014B,184137,P3,F3,0.0,0.47173718
GGG,2014B,198315,P3,F3,1.0,0.5371852
GGG,2014B,203963,P3,F3,0.0,0.5550074
GGG,2014B,204550,P3,F3,1.0,0.557086
GGG,2014B,204738,P3,F3,0.0,0.5336332
GGG,2014B,233461,P3,F3,1.0,0.54432565
GGG,2014B,245802,P3,F3,0.0,0.4668556
GGG,2014B,254417,P3,F3,1.0,0.49078506
GGG,2014B,261342,P3,F3,0.0,0.47713077
GGG,2014B,278962,P3,F3,0.0,0.49400458
GGG,2014B,279839,P3,F3,1.0,0.4885482
GGG,2014B,282388,P3,F3,1.0,0.48679256
GGG,2014B,282962,P3,F3,1.0,0.55427635
GGG,2014B,283035,P3,F3,1.0,0.5143512
GGG,2014B,285193,P3,F3,0.0,0.50112927
GGG,2014B,285223,P3,F3,1.0,0.47218853
GGG,2014B,285861,P3,F3,1.0,0.49891624
GGG,2014B,299536,P3,F3,1.0,0.46348134
GGG,2014B,301498,P3,F3,0.0,0.46860647
GGG,2014B,304106,P3,F3,1.0,0.47238886
GGG,2014B,305792,P3,F3,0.0,0.46816882
GGG,2014B,324773,P3,F3,0.0,0.4582024
GGG,2014B,344098,P3,F3,0.0,0.4887425
GGG,2014B,345737,P3,F3,1.0,0.5733051
GGG,2014B,345881,P3,F3,0.0,0.53813714
GGG,2014B,350473,P3,F3,1.0,0.54432565
GGG,2014B,359645,P3,F3,1.0,0.48106867
GGG,2014B,365084,P3,F3,0.0,0.48335898
GGG,2014B,366371,P3,F3,1.0,0.45286125
GGG,2014B,366771,P3,F3,0.0,0.45766643
GGG,2014B,372837,P3,F3,1.0,0.5373149
GGG,2014B,374266,P3,F3,0.0,0.4701838
GGG,2014B,380238,P3,F3,0.0,0.5550074
GGG,2014B,380894,P3,F3,0.0,0.45890865
GGG,2014B,383420,P3,F3,0.0,0.47662416
GGG,2014B,384035,P3,F3,0.0,0.44013274
GGG,2014B,385228,P3,F3,0.0,0.49071315
GGG,2014B,387294,P3,F3,0.0,0.4450066
GGG,2014B,391937,P3,F3,0.0,0.43158308
GGG,2014B,393682,P3,F3,1.0,0.54432565
GGG,2014B,394024,P3,F3,0.0,0.45571432
GGG,2014B,398029,P3,F3,1.0,0.50350225
GGG,2014B,406751,P3,F3,0.0,0.47241703
GGG,2014B,411546,P3,F3,1.0,0.58718777
GGG,2014B,414668,P3,F3,0.0,0.54432565
GGG,2014B,414696,P3,F3,0.0,0.5550074
GGG,2014B,415399,P3,F3,1.0,0.54060656
GGG,2014B,415818,P3,F3,0.0,0.46691167
GGG,2014B,417096,P3,F3,0.0,0.4672728
GGG,2014B,425257,P3,F3,1.0,0.4463005
GGG,2014B,426547,P3,F3,0.0,0.48323756
GGG,2014B,441791,P3,F3,0.0,0.48584503
GGG,2014B,442561,P3,F3,0.0,0.47992846
GGG,2014B,442877,P3,F3,0.0,0.45400345
GGG,2014B,442949,P3,F3,1.0,0.4710474
GGG,2014B,443387,P3,F3,0.0,0.48555133
GGG,2014B,447475,P3,F3,0.0,0.42980573
GGG,2014B,469284,P3,F3,1.0,0.54033965
GGG,2014B,472511,P3,F3,0.0,0.48586944
GGG,2014B,480086,P3,F3,0.0,0.50648147
GGG,2014B,480590,P3,F3,0.0,0.46760592
GGG,2014B,481762,P3,F3,0.0,0.5733051
GGG,2014B,482677,P3,F3,0.0,0.58514524
GGG,2014B,483582,P3,F3,1.0,0.4861344
GGG,2014B,485448,P3,F3,0.0,0.47731876
GGG,2014B,486279,P3,F3,0.0,0.48140803
GGG,2014B,487278,P3,F3,0.0,0.54570824
GGG,2014B,488445,P3,F3,0.0,0.49003127
GGG,2014B,491474,P3,F3,1.0,0.4500577
GGG,2014B,492909,P3,F3,0.0,0.47536638
GGG,2014B,495976,P3,F3,0.0,0.48302653
GGG,2014B,496978,P3,F3,0.0,0.54326004
GGG,2014B,497619,P3,F3,1.0,0.5372446
GGG,2014B,501755,P3,F3,0.0,0.5563556
GGG,2014B,502182,P3,F3,0.0,0.50361174
GGG,2014B,502709,P3,F3,0.0,0.48083887
GGG,2014B,502763,P3,F3,1.0,0.56606483
GGG,2014B,503201,P3,F3,1.0,0.48678178
GGG,2014B,506533,P3,F3,0.0,0.54483634
GGG,2014B,507334,P3,F3,0.0,0.5231112
GGG,2014B,508573,P3,F3,0.0,0.53244454
GGG,2014B,508924,P3,F3,0.0,0.4567693
GGG,2014B,510874,P3,F3,0.0,0.54432565
GGG,2014B,511228,P3,F3,0.0,0.47093597
GGG,2014B,511492,P3,F3,1.0,0.58514524
GGG,2014B,515051,P3,F3,1.0,0.46883464
GGG,2014B,518145,P3,F3,0.0,0.47683558
GGG,2014B,518661,P3,F3,0.0,0.48813218
GGG,2014B,519910,P3,F3,1.0,0.50014937
GGG,2014B,521644,P3,F3,0.0,0.47773293
GGG,2014B,523427,P3,F3,1.0,0.47828674
GGG,2014B,532441,P3,F3,1.0,0.45506707
GGG,2014B,532473,P3,F3,1.0,0.46984917
GGG,2014B,533054,P3,F3,0.0,0.51853263
GGG,2014B,538918,P3,F3,1.0,0.4960836
GGG,2014B,541044,P3,F3,1.0,0.48703742
GGG,2014B,541890,P3,F3,0.0,0.4663609
GGG,2014B,542562,P3,F3,0.0,0.45943406
GGG,2014B,543910,P3,F3,0.0,0.47819763
GGG,2014B,545665,P3,F3,0.0,0.46135148
GGG,2014B,547155,P3,F3,0.0,0.5403444
GGG,2014B,548578,P3,F3,1.0,0.51297265
GGG,2014B,549603,P3,F3,1.0,0.51378417
GGG,2014B,550515,P3,F3,0.0,0.45345533
GGG,2014B,550662,P3,F3,1.0,0.5550074
GGG,2014B,550758,P3,F3,0.0,0.5478089
GGG,2014B,551562,P3,F3,1.0,0.54547274
GGG,2014B,552486,P3,F3,0.0,0.46533227
GGG,2014B,552509,P3,F3,1.0,0.4837395
GGG,2014B,556406,P3,F3,0.0,0.44180566
GGG,2014B,556463,P3,F3,1.0,0.5011452
GGG,2014B,561441,P3,F3,1.0,0.54199845
GGG,2014B,562628,P3,F3,0.0,0.46990517
GGG,2014B,563301,P3,F3,1.0,0.47180942
GGG,2014B,566818,P3,F3,1.0,0.5175515
GGG,2014B,568863,P3,F3,1.0,0.54432565
GGG,2014B,569093,P3,F3,0.0,0.54432565
GGG,2014B,571089,P3,F3,0.0,0.48639977
GGG,2014B,573834,P3,F3,1.0,0.45098454
GGG,2014B,575199,P3,F3,0.0,0.4541903
GGG,2014B,575217,P3,F3,0.0,0.474146
GGG,2014B,575324,P3,F3,1.0,0.538909
GGG,2014B,575693,P3,F3,1.0,0.4652394
GGG,2014B,575709,P3,F3,0.0,0.45819607
GGG,2014B,576416,P3,F3,1.0,0.557086
GGG,2014B,577000,P3,F3,0.0,0.54603004
GGG,2014B,577136,P3,F3,0.0,0.46611327
GGG,2014B,577275,P3,F3,0.0,0.48718348
GGG,2014B,577792,P3,F3,0.0,0.49466667
GGG,2014B,578389,P3,F3,0.0,0.4587348
GGG,2014B,578452,P3,F3,0.0,0.47271547
GGG,2014B,578845,P3,F3,1.0,0.45223245
GGG,2014B,579692,P3,F3,0.0,0.54587424
GGG,2014B,582033,P3,F3,1.0,0.5550074
GGG,2014B,582283,P3,F3,0.0,0.4657446
GGG,2014B,583101,P3,F3,1.0,0.57074034
GGG,2014B,583148,P3,F3,0.0,0.5550074
GGG,2014B,583686,P3,F3,1.0,0.46370003
GGG,2014B,583687,P3,F3,1.0,0.58762944
GGG,2014B,586054,P3,F3,1.0,0.47183383
GGG,2014B,586494,P3,F3,0.0,0.5329569
GGG,2014B,587287,P3,F3,1.0,0.5408153
GGG,2014B,587613,P3,F3,1.0,0.57074034
GGG,2014B,588031,P3,F3,0.0,0.5601851
GGG,2014B,588489,P3,F3,1.0,0.47392276
GGG,2014B,588940,P3,F3,1.0,0.5733051
GGG,2014B,589009,P3,F3,0.0,0.4922349
GGG,2014B,589053,P3,F3,0.0,0.5443176
GGG,2014B,589973,P3,F3,1.0,0.49145547
GGG,2014B,590445,P3,F3,0.0,0.48226327
GGG,2014B,590739,P3,F3,1.0,0.47071657
GGG,2014B,590758,P3,F3,1.0,0.50277865
GGG,2014B,591563,P3,F3,0.0,0.50255615
GGG,2014B,592001,P3,F3,1.0,0.46976486
GGG,2014B,592190,P3,F3,0.0,0.46883464
GGG,2014B,593121,P3,F3,0.0,0.49017546
GGG,2014B,593785,P3,F3,0.0,0.48306426
GGG,2014B,593965,P3,F3,0.0,0.4504625
GGG,2014B,594167,P3,F3,0.0,0.47221678
GGG,2014B,594723,P3,F3,0.0,0.47998932
GGG,2014B,594908,P3,F3,1.0,0.57108605
GGG,2014B,595102,P3,F3,0.0,0.47507885
GGG,2014B,595343,P3,F3,0.0,0.50442594
GGG,2014B,595572,P3,F3,0.0,0.52997434
GGG,2014B,596307,P3,F3,1.0,0.49126285
GGG,2014B,596382,P3,F3,1.0,0.50943184
GGG,2014B,596513,P3,F3,0.0,0.48732507
GGG,2014B,596588,P3,F3,0.0,0.57074034
GGG,2014B,596751,P3,F3,0.0,0.4419369
GGG,2014B,597010,P3,F3,0.0,0.53586346
GGG,2014B,597037,P3,F3,1.0,0.5062006
GGG,2014B,598017,P3,F3,0.0,0.44210663
GGG,2014B,598127,P3,F3,1.0,0.44327328
GGG,2014B,598496,P3,F3,1.0,0.5456132
GGG,2014B,598564,P3,F3,1.0,0.557086
GGG,2014B,599144,P3,F3,0.0,0.5052799
GGG,2014B,599276,P3,F3,0.0,0.43190682
GGG,2014B,599277,P3,F3,1.0,0.54432565
GGG,2014B,599467,P3,F3,0.0,0.53921384
GGG,2014B,599620,P3,F3,0.0,0.4200807
GGG,2014B,600035,P3,F3,0.0,0.5215008
GGG,2014B,600390,P3,F3,1.0,0.51389945
GGG,2014B,600714,P3,F3,0.0,0.464457
GGG,2014B,601064,P3,F3,0.0,0.4929352
GGG,2014B,602045,P3,F3,0.0,0.4599121
GGG,2014B,602061,P3,F3,1.0,0.53907865
GGG,2014B,602616,P3,F3,1.0,0.5855876
GGG,2014B,602655,P3,F3,0.0,0.52072513
GGG,2014B,602858,P3,F3,1.0,0.48115543
GGG,2014B,603064,P3,F3,1.0,0.4704358
GGG,2014B,603612,P3,F3,1.0,0.48552924
GGG,2014B,603921,P3,F3,0.0,0.55058086
GGG,2014B,604482,P3,F3,1.0,0.58718777
GGG,2014B,604504,P3,F3,0.0,0.50858295
GGG,2014B,604901,P3,F3,0.0,0.46925858
GGG,2014B,605176,P3,F3,1.0,0.54024214
GGG,2014B,605375,P3,F3,0.0,0.53742903
GGG,2014B,605445,P3,F3,0.0,0.54945964
GGG,2014B,605556,P3,F3,0.0,0.53953993
GGG,2014B,605702,P3,F3,1.0,0.4679247
GGG,2014B,605828,P3,F3,0.0,0.50177604
GGG,2014B,606101,P3,F3,0.0,0.53684783
GGG,2014B,606175,P3,F3,0.0,0.46344206
GGG,2014B,606274,P3,F3,1.0,0.54084045
GGG,2014B,606296,P3,F3,0.0,0.5238943
GGG,2014B,606389,P3,F3,0.0,0.44773647
GGG,2014B,606602,P3,F3,1.0,0.5470688
GGG,2014B,606705,P3,F3,1.0,0.557086
GGG,2014B,606707,P3,F3,0.0,0.46055543
GGG,2014B,606858,P3,F3,0.0,0.45185122
GGG,2014B,607235,P3,F3,0.0,0.46870676
GGG,2014B,607530,P3,F3,0.0,0.535521
GGG,2014B,607536,P3,F3,0.0,0.46366784
GGG,2014B,607547,P3,F3,0.0,0.5141103
GGG,2014B,607762,P3,F3,0.0,0.45348856
GGG,2014B,608109,P3,F3,0.0,0.47641367
GGG,2014B,608221,P3,F3,1.0,0.5044214
GGG,2014B,608263,P3,F3,0.0,0.49749845
GGG,2014B,608292,P3,F3,0.0,0.43109742
GGG,2014B,608596,P3,F3,0.0,0.539083
GGG,2014B,608628,P3,F3,1.0,0.5550074
GGG,2014B,608649,P3,F3,1.0,0.5011865
GGG,2014B,608907,P3,F3,0.0,0.5448269
GGG,2014B,609297,P3,F3,0.0,0.4706005
GGG,2014B,609326,P3,F3,0.0,0.47420165
GGG,2014B,609365,P3,F3,1.0,0.51944774
GGG,2014B,609754,P3,F3,0.0,0.4404348
GGG,2014B,610127,P3,F3,0.0,0.557086
GGG,2014B,610336,P3,F3,1.0,0.5733051
GGG,2014B,610398,P3,F3,0.0,0.51564544
GGG,2014B,610461,P3,F3,1.0,0.5159597
GGG,2014B,610917,P3,F3,1.0,0.4970756
GGG,2014B,610967,P3,F3,1.0,0.46370766
GGG,2014B,611195,P3,F3,0.0,0.45782396
GGG,2014B,611489,P3,F3,0.0,0.46413767
GGG,2014B,611496,P3,F3,0.0,0.43556795
GGG,2014B,611534,P3,F3,1.0,0.5427877
GGG,2014B,611612,P3,F3,0.0,0.54081607
GGG,2014B,611629,P3,F3,1.0,0.4784409
GGG,2014B,611962,P3,F3,0.0,0.4668848
GGG,2014B,612002,P3,F3,0.0,0.45369086
GGG,2014B,612039,P3,F3,0.0,0.46787816
GGG,2014B,612089,P3,F3,1.0,0.47873828
GGG,2014B,612149,P3,F3,1.0,0.54432565
GGG,2014B,612207,P3,F3,1.0,0.5550074
GGG,2014B,612319,P3,F3,0.0,0.47582963
GGG,2014B,612363,P3,F3,1.0,0.4694064
GGG,2014B,612385,P3,F3,1.0,0.54432565
GGG,2014B,612459,P3,F3,1.0,0.557086
GGG,2014B,612565,P3,F3,0.0,0.46683908
GGG,2014B,612620,P3,F3,1.0,0.47338256
GGG,2014B,612621,P3,F3,0.0,0.47340155
GGG,2014B,612690,P3,F3,0.0,0.48711413
GGG,2014B,612711,P3,F3,1.0,0.5550074
GGG,2014B,612797,P3,F3,0.0,0.4710169
GGG,2014B,612870,P3,F3,0.0,0.4484089
GGG,2014B,612903,P3,F3,0.0,0.46405208
GGG,2014B,612929,P3,F3,1.0,0.45400947
GGG,2014B,613015,P3,F3,0.0,0.45374614
GGG,2014B,613039,P3,F3,1.0,0.46906105
GGG,2014B,613131,P3,F3,0.0,0.4672728
GGG,2014B,613227,P3,F3,1.0,0.51136833
GGG,2014B,613235,P3,F3,0.0,0.54432565
GGG,2014B,613300,P3,F3,0.0,0.46546498
GGG,2014B,613407,P3,F3,1.0,0.47726196
GGG,2014B,613611,P3,F3,1.0,0.46760592
GGG,2014B,613616,P3,F3,1.0,0.47623223
GGG,2014B,613639,P3,F3,1.0,0.47875133
GGG,2014B,613646,P3,F3,0.0,0.48355266
GGG,2014B,613675,P3,F3,1.0,0.5088361
GGG,2014B,613683,P3,F3,0.0,0.51768374
GGG,2014B,613691,P3,F3,0.0,0.4274614
GGG,2014B,613720,P3,F3,0.0,0.5455077
GGG,2014B,613972,P3,F3,1.0,0.47662768
GGG,2014B,613981,P3,F3,1.0,0.47325566
GGG,2014B,613988,P3,F3,0.0,0.4960765
GGG,2014B,613993,P3,F3,1.0,0.557086
GGG,2014B,614073,P3,F3,1.0,0.557086
GGG,2014B,614129,P3,F3,1.0,0.47112945
GGG,2014B,614142,P3,F3,1.0,0.48145443
GGG,2014B,614162,P3,F3,0.0,0.49205264
GGG,2014B,614204,P3,F3,1.0,0.48108092
GGG,2014B,614224,P3,F3,1.0,0.5229294
GGG,2014B,614233,P3,F3,1.0,0.47161746
GGG,2014B,614249,P3,F3,1.0,0.557086
GGG,2014B,614398,P3,F3,0.0,0.46402034
GGG,2014B,614419,P3,F3,1.0,0.4842947
GGG,2014B,614424,P3,F3,0.0,0.4445782
GGG,2014B,614571,P3,F3,0.0,0.4646101
GGG,2014B,614582,P3,F3,0.0,0.4685832
GGG,2014B,614892,P3,F3,0.0,0.47392276
GGG,2014B,614893,P3,F3,0.0,0.43134776
GGG,2014B,615001,P3,F3,0.0,0.5118501
GGG,2014B,615078,P3,F3,0.0,0.4679016
GGG,2014B,615085,P3,F3,1.0,0.4752996
GGG,2014B,615103,P3,F3,1.0,0.48592663
GGG,2014B,615283,P3,F3,1.0,0.4537743
GGG,2014B,615300,P3,F3,0.0,0.46736264
GGG,2014B,615327,P3,F3,0.0,0.47816744
GGG,2014B,615377,P3,F3,0.0,0.478092
GGG,2014B,615401,P3,F3,1.0,0.54432565
GGG,2014B,615404,P3,F3,1.0,0.4721029
GGG,2014B,615425,P3,F3,0.0,0.48735464
GGG,2014B,616338,P3,F3,0.0,0.48762143
GGG,2014B,616457,P3,F3,0.0,0.4728627
GGG,2014B,616512,P3,F3,0.0,0.4451492
GGG,2014B,616595,P3,F3,0.0,0.4426926
GGG,2014B,616629,P3,F3,0.0,0.4229071
GGG,2014B,616672,P3,F3,0.0,0.47440282
GGG,2014B,616706,P3,F3,0.0,0.43060923
GGG,2014B,616727,P3,F3,0.0,0.45088533
GGG,2014B,616728,P3,F3,1.0,0.4820173
GGG,2014B,616742,P3,F3,0.0,0.46443462
GGG,2014B,616851,P3,F3,0.0,0.42397705
GGG,2014B,616866,P3,F3,0.0,0.5225733
GGG,2014B,617107,P3,F3,1.0,0.47694093
GGG,2014B,617114,P3,F3,1.0,0.47273806
GGG,2014B,617133,P3,F3,1.0,0.50943017
GGG,2014B,617238,P3,F3,1.0,0.4690141
GGG,2014B,617346,P3,F3,1.0,0.46951014
GGG,2014B,617347,P3,F3,1.0,0.557086
GGG,2014B,617391,P3,F3,0.0,0.47731856
GGG,2014B,617470,P3,F3,0.0,0.46001515
GGG,2014B,617578,P3,F3,0.0,0.47824278
GGG,2014B,617611,P3,F3,1.0,0.47198424
GGG,2014B,617700,P3,F3,0.0,0.49454215
GGG,2014B,617745,P3,F3,0.0,0.5486256
GGG,2014B,617883,P3,F3,1.0,0.45911175
GGG,2014B,617886,P3,F3,0.0,0.4742238
GGG,2014B,617889,P3,F3,1.0,0.47007424
GGG,2014B,617909,P3,F3,0.0,0.4713576
GGG,2014B,618024,P3,F3,1.0,0.5550074
GGG,2014B,618088,P3,F3,0.0,0.46132284
GGG,2014B,618119,P3,F3,1.0,0.4922572
GGG,2014B,618176,P3,F3,0.0,0.4873549
GGG,2014B,618244,P3,F3,0.0,0.45243523
GGG,2014B,618338,P3,F3,0.0,0.48233742
GGG,2014B,618444,P3,F3,1.0,0.54432565
GGG,2014B,618579,P3,F3,0.0,0.5100045
GGG,2014B,618621,P3,F3,0.0,0.48183602
GGG,2014B,618767,P3,F3,0.0,0.48257685
GGG,2014B,618846,P3,F3,1.0,0.50638676
GGG,2014B,618887,P3,F3,0.0,0.43737948
GGG,2014B,618893,P3,F3,0.0,0.4752739
GGG,2014B,619013,P3,F3,1.0,0.48466808
GGG,2014B,619107,P3,F3,1.0,0.557086
GGG,2014B,619212,P3,F3,0.0,0.45877865
GGG,2014B,619284,P3,F3,1.0,0.48115543
GGG,2014B,619363,P3,F3,0.0,0.42562753
GGG,2014B,619478,P3,F3,1.0,0.54432565
GGG,2014B,619481,P3,F3,0.0,0.4277806
GGG,2014B,619483,P3,F3,0.0,0.48733622
GGG,2014B,619520,P3,F3,1.0,0.4975044
GGG,2014B,619926,P3,F3,1.0,0.47071657
GGG,2014B,619945,P3,F3,1.0,0.44756466
GGG,2014B,619952,P3,F3,0.0,0.48620892
GGG,2014B,620179,P3,F3,0.0,0.557086
GGG,2014B,620190,P3,F3,0.0,0.50601834
GGG,2014B,620197,P3,F3,0.0,0.43737948
GGG,2014B,620218,P3,F3,1.0,0.46737552
GGG,2014B,620317,P3,F3,0.0,0.45568582
GGG,2014B,620460,P3,F3,0.0,0.44961473
GGG,2014B,620490,P3,F3,0.0,0.557086
GGG,2014B,620522,P3,F3,0.0,0.50945663
GGG,2014B,620552,P3,F3,1.0,0.49898377
GGG,2014B,620561,P3,F3,0.0,0.46875274
GGG,2014B,620564,P3,F3,0.0,0.47956935
GGG,2014B,620590,P3,F3,0.0,0.45865515
GGG,2014B,620629,P3,F3,1.0,0.533169
GGG,2014B,620726,P3,F3,0.0,0.47311398
GGG,2014B,620728,P3,F3,1.0,0.4731756
GGG,2014B,620808,P3,F3,0.0,0.43785307
GGG,2014B,620915,P3,F3,1.0,0.46511346
GGG,2014B,620946,P3,F3,0.0,0.4355484
GGG,2014B,620982,P3,F3,0.0,0.4663609
GGG,2014B,621017,P3,F3,1.0,0.5126018
GGG,2014B,621025,P3,F3,1.0,0.49130383
GGG,2014B,621319,P3,F3,1.0,0.46605274
GGG,2014B,621331,P3,F3,1.0,0.475061
GGG,2014B,621342,P3,F3,1.0,0.54432565
GGG,2014B,621459,P3,F3,1.0,0.47582164
GGG,2014B,621473,P3,F3,0.0,0.48328313
GGG,2014B,621478,P3,F3,1.0,0.50031775
GGG,2014B,621676,P3,F3,1.0,0.48172566
GGG,2014B,621693,P3,F3,1.0,0.54047644
GGG,2014B,621716,P3,F3,0.0,0.4703686
GGG,2014B,621755,P3,F3,0.0,0.46314377
GGG,2014B,621888,P3,F3,1.0,0.47831
GGG,2014B,621923,P3,F3,0.0,0.470921
GGG,2014B,622074,P3,F3,0.0,0.46911347
GGG,2014B,622166,P3,F3,0.0,0.51289624
GGG,2014B,622245,P3,F3,0.0,0.44491816
GGG,2014B,622352,P3,F3,0.0,0.4673887
GGG,2014B,622356,P3,F3,1.0,0.54432565
GGG,2014B,622382,P3,F3,0.0,0.4809121
GGG,2014B,622432,P3,F3,0.0,0.46267486
GGG,2014B,622433,P3,F3,0.0,0.47346348
GGG,2014B,622480,P3,F3,1.0,0.4690119
GGG,2014B,622500,P3,F3,0.0,0.4285566
GGG,2014B,622516,P3,F3,1.0,0.46334222
GGG,2014B,622570,P3,F3,0.0,0.47360674
GGG,2014B,622618,P3,F3,1.0,0.46980628
GGG,2014B,622646,P3,F3,1.0,0.45682707
GGG,2014B,622886,P3,F3,1.0,0.47475868
GGG,2014B,623010,P3,F3,0.0,0.42012584
GGG,2014B,623029,P3,F3,1.0,0.47689968
GGG,2014B,623072,P3,F3,0.0,0.461453
GGG,2014B,623081,P3,F3,0.0,0.46666646
GGG,2014B,623322,P3,F3,1.0,0.557086
GGG,2014B,623335,P3,F3,0.0,0.47953475
GGG,2014B,623416,P3,F3,0.0,0.47455424
GGG,2014B,623442,P3,F3,0.0,0.46786353
GGG,2014B,623457,P3,F3,0.0,0.46398163
GGG,2014B,623495,P3,F3,0.0,0.47782555
GGG,2014B,623575,P3,F3,0.0,0.46758315
GGG,2014B,623602,P3,F3,0.0,0.46780315
GGG,2014B,623778,P3,F3,0.0,0.47941062
GGG,2014B,623804,P3,F3,0.0,0.4749291
GGG,2014B,623831,P3,F3,0.0,0.44448778
GGG,2014B,623859,P3,F3,0.0,0.44375744
GGG,2014B,623903,P3,F3,0.0,0.45696157
GGG,2014B,623909,P3,F3,1.0,0.557086
GGG,2014B,623919,P3,F3,0.0,0.48078078
GGG,2014B,623953,P3,F3,1.0,0.48983115
GGG,2014B,623988,P3,F3,0.0,0.49800688
GGG,2014B,624099,P3,F3,1.0,0.47810307
GGG,2014B,624199,P3,F3,1.0,0.44682717
GGG,2014B,624226,P3,F3,0.0,0.46430224
GGG,2014B,624230,P3,F3,0.0,0.55427635
GGG,2014B,624321,P3,F3,1.0,0.47559893
GGG,2014B,624327,P3,F3,1.0,0.47228453
GGG,2014B,624430,P3,F3,1.0,0.54432565
GGG,2014B,624433,P3,F3,0.0,0.46988434
GGG,2014B,624455,P3,F3,1.0,0.48686635
GGG,2014B,624522,P3,F3,0.0,0.49011302
GGG,2014B,624569,P3,F3,1.0,0.503276
GGG,2014B,624650,P3,F3,1.0,0.4591575
GGG,2014B,624667,P3,F3,1.0,0.5084393
GGG,2014B,624679,P3,F3,1.0,0.4279874
GGG,2014B,624706,P3,F3,1.0,0.4827127
GGG,2014B,624714,P3,F3,0.0,0.49286363
GGG,2014B,624727,P3,F3,0.0,0.50316906
GGG,2014B,624767,P3,F3,1.0,0.4479851
GGG,2014B,624777,P3,F3,0.0,0.45785776
GGG,2014B,624795,P3,F3,1.0,0.49127758
GGG,2014B,624828,P3,F3,1.0,0.48320043
GGG,2014B,624906,P3,F3,0.0,0.4898097
GGG,2014B,624912,P3,F3,0.0,0.4661179
GGG,2014B,624938,P3,F3,0.0,0.44029912
GGG,2014B,625033,P3,F3,0.0,0.47475868
GGG,2014B,625089,P3,F3,0.0,0.55427635
GGG,2014B,625106,P3,F3,1.0,0.47293323
GGG,2014B,625376,P3,F3,0.0,0.4596844
GGG,2014B,625399,P3,F3,1.0,0.4716879
GGG,2014B,625446,P3,F3,0.0,0.45850402
GGG,2014B,625494,P3,F3,0.0,0.45730335
GGG,2014B,625540,P3,F3,1.0,0.48406857
GGG,2014B,625544,P3,F3,0.0,0.48310167
GGG,2014B,625545,P3,F3,0.0,0.43933398
GGG,2014B,625603,P3,F3,0.0,0.4984648
GGG,2014B,625649,P3,F3,0.0,0.47990906
GGG,2014B,625651,P3,F3,0.0,0.4367609
GGG,2014B,625676,P3,F3,1.0,0.5550074
GGG,2014B,625722,P3,F3,0.0,0.46759346
GGG,2014B,625775,P3,F3,1.0,0.46946463
GGG,2014B,625875,P3,F3,0.0,0.51783264
GGG,2014B,625903,P3,F3,0.0,0.530329
GGG,2014B,625912,P3,F3,0.0,0.4975897
GGG,2014B,625930,P3,F3,1.0,0.4720693
GGG,2014B,626023,P3,F3,0.0,0.44029427
GGG,2014B,626091,P3,F3,0.0,0.46003097
GGG,2014B,626092,P3,F3,1.0,0.496615
GGG,2014B,626096,P3,F3,1.0,0.4825243
GGG,2014B,626145,P3,F3,0.0,0.51187664
GGG,2014B,626159,P3,F3,0.0,0.42739838
GGG,2014B,626213,P3,F3,1.0,0.49400458
GGG,2014B,626256,P3,F3,0.0,0.4803059
GGG,2014B,626282,P3,F3,0.0,0.45961198
GGG,2014B,626287,P3,F3,0.0,0.5052591
GGG,2014B,626306,P3,F3,0.0,0.47946343
GGG,2014B,626307,P3,F3,1.0,0.5002305
GGG,2014B,626317,P3,F3,1.0,0.46722946
GGG,2014B,626372,P3,F3,0.0,0.5550074
GGG,2014B,626379,P3,F3,0.0,0.45250362
GGG,2014B,626585,P3,F3,0.0,0.46210867
GGG,2014B,626589,P3,F3,0.0,0.47536704
GGG,2014B,626618,P3,F3,1.0,0.5325798
GGG,2014B,626629,P3,F3,1.0,0.47233823
GGG,2014B,626667,P3,F3,1.0,0.46000043
GGG,2014B,626675,P3,F3,1.0,0.492594
GGG,2014B,626708,P3,F3,0.0,0.47769076
GGG,2014B,626751,P3,F3,1.0,0.5187416
GGG,2014B,626927,P3,F3,1.0,0.5076318
GGG,2014B,626940,P3,F3,1.0,0.54432565
GGG,2014B,626982,P3,F3,0.0,0.5037088
GGG,2014B,627043,P3,F3,1.0,0.50551945
GGG,2014B,627050,P3,F3,0.0,0.5550074
GGG,2014B,627057,P3,F3,0.0,0.49838132
GGG,2014B,627076,P3,F3,1.0,0.4699414
GGG,2014B,627217,P3,F3,0.0,0.47905645
GGG,2014B,627251,P3,F3,0.0,0.49503034
GGG,2014B,627264,P3,F3,0.0,0.43719575
GGG,2014B,627327,P3,F3,0.0,0.496615
GGG,2014B,627330,P3,F3,0.0,0.4684074
GGG,2014B,627441,P3,F3,1.0,0.4951819
GGG,2014B,627530,P3,F3,0.0,0.533997
GGG,2014B,627597,P3,F3,0.0,0.46602353
GGG,2014B,627661,P3,F3,0.0,0.4751385
GGG,2014B,627764,P3,F3,0.0,0.50371265
GGG,2014B,627773,P3,F3,0.0,0.4733191
GGG,2014B,627787,P3,F3,0.0,0.48297027
GGG,2014B,627812,P3,F3,1.0,0.49491143
GGG,2014B,627821,P3,F3,0.0,0.4629115
GGG,2014B,627827,P3,F3,1.0,0.5124835
GGG,2014B,627834,P3,F3,0.0,0.4606016
GGG,2014B,627843,P3,F3,1.0,0.47237387
GGG,2014B,627895,P3,F3,0.0,0.53356093
GGG,2014B,627901,P3,F3,0.0,0.4825135
GGG,2014B,627973,P3,F3,1.0,0.45332888
GGG,2014B,628189,P3,F3,1.0,0.54746217
GGG,2014B,628217,P3,F3,1.0,0.49121442
GGG,2014B,628227,P3,F3,0.0,0.5031807
GGG,2014B,628245,P3,F3,1.0,0.557086
GGG,2014B,628280,P3,F3,0.0,0.48402232
GGG,2014B,628316,P3,F3,0.0,0.4950896
GGG,2014B,628365,P3,F3,1.0,0.55427635
GGG,2014B,628367,P3,F3,0.0,0.51544935
GGG,2014B,628369,P3,F3,0.0,0.4619741
GGG,2014B,628455,P3,F3,0.0,0.4780087
GGG,2014B,628495,P3,F3,0.0,0.47493786
GGG,2014B,628530,P3,F3,0.0,0.50126624
GGG,2014B,628538,P3,F3,1.0,0.47896892
GGG,2014B,628545,P3,F3,0.0,0.4397088
GGG,2014B,628598,P3,F3,0.0,0.48193854
GGG,2014B,628630,P3,F3,0.0,0.48713833
GGG,2014B,628653,P3,F3,1.0,0.4984283
GGG,2014B,628669,P3,F3,0.0,0.4384224
GGG,2014B,628712,P3,F3,0.0,0.4518799
GGG,2014B,628715,P3,F3,1.0,0.4845242
GGG,2014B,628722,P3,F3,1.0,0.46824053
GGG,2014B,628759,P3,F3,1.0,0.49232364
GGG,2014B,628849,P3,F3,1.0,0.5368223
GGG,2014B,628851,P3,F3,1.0,0.49288523
GGG,2014B,628869,P3,F3,0.0,0.48368406
GGG,2014B,628870,P3,F3,0.0,0.45449767
GGG,2014B,628881,P3,F3,0.0,0.47793847
GGG,2014B,628929,P3,F3,0.0,0.49003103
GGG,2014B,628931,P3,F3,0.0,0.47643
GGG,2014B,629153,P3,F3,0.0,0.5398685
GGG,2014B,629198,P3,F3,0.0,0.46982738
GGG,2014B,629310,P3,F3,1.0,0.45165956
GGG,2014B,629387,P3,F3,1.0,0.49288523
GGG,2014B,629514,P3,F3,1.0,0.4778555
GGG,2014B,629537,P3,F3,1.0,0.5139975
GGG,2014B,629542,P3,F3,1.0,0.47785088
GGG,2014B,629580,P3,F3,1.0,0.4862552
GGG,2014B,629633,P3,F3,0.0,0.4756214
GGG,2014B,629736,P3,F3,0.0,0.48767263
GGG,2014B,629745,P3,F3,1.0,0.48328507
GGG,2014B,629772,P3,F3,0.0,0.5082249
GGG,2014B,629777,P3,F3,0.0,0.47017992
GGG,2014B,629779,P3,F3,0.0,0.4999289
GGG,2014B,629813,P3,F3,1.0,0.4863631
GGG,2014B,629820,P3,F3,0.0,0.5136729
GGG,2014B,629853,P3,F3,0.0,0.47008285
GGG,2014B,629960,P3,F3,1.0,0.47507885
GGG,2014B,629961,P3,F3,1.0,0.46333694
GGG,2014B,629963,P3,F3,1.0,0.5420991
GGG,2014B,629978,P3,F3,1.0,0.5550074
GGG,2014B,629990,P3,F3,1.0,0.4845242
GGG,2014B,630008,P3,F3,1.0,0.49844003
GGG,2014B,630099,P3,F3,0.0,0.47135082
GGG,2014B,630108,P3,F3,0.0,0.48452637
GGG,2014B,630133,P3,F3,1.0,0.55427635
GGG,2014B,630149,P3,F3,1.0,0.55427635
GGG,2014B,630156,P3,F3,1.0,0.5550074
GGG,2014B,630169,P3,F3,1.0,0.5550074
GGG,2014B,630203,P3,F3,1.0,0.49550557
GGG,2014B,630219,P3,F3,0.0,0.49754897
GGG,2014B,630221,P3,F3,0.0,0.47407773
GGG,2014B,630240,P3,F3,1.0,0.5234226
GGG,2014B,630242,P3,F3,1.0,0.5011621
GGG,2014B,630446,P3,F3,0.0,0.4844165
GGG,2014B,630496,P3,F3,0.0,0.46649686
GGG,2014B,630522,P3,F3,0.0,0.5550074
GGG,2014B,630569,P3,F3,0.0,0.48379016
GGG,2014B,630762,P3,F3,1.0,0.5188227
GGG,2014B,630770,P3,F3,0.0,0.48135188
GGG,2014B,630776,P3,F3,1.0,0.457399
GGG,2014B,630787,P3,F3,0.0,0.4737896
GGG,2014B,630788,P3,F3,0.0,0.47687754
GGG,2014B,630834,P3,F3,0.0,0.477344
GGG,2014B,630841,P3,F3,0.0,0.44513267
GGG,2014B,630863,P3,F3,0.0,0.5550074
GGG,2014B,630881,P3,F3,0.0,0.46944782
GGG,2014B,630946,P3,F3,0.0,0.5135073
GGG,2014B,631033,P3,F3,0.0,0.49331602
GGG,2014B,631189,P3,F3,1.0,0.46028733
GGG,2014B,631201,P3,F3,0.0,0.4605215
GGG,2014B,631212,P3,F3,1.0,0.48181227
GGG,2014B,631277,P3,F3,0.0,0.5110628
GGG,2014B,631290,P3,F3,0.0,0.45909762
GGG,2014B,631392,P3,F3,0.0,0.47172996
GGG,2014B,631446,P3,F3,1.0,0.54432565
GGG,2014B,631454,P3,F3,0.0,0.42909446
GGG,2014B,631542,P3,F3,0.0,0.44448692
GGG,2014B,631693,P3,F3,1.0,0.4691472
GGG,2014B,631753,P3,F3,0.0,0.44865948
GGG,2014B,631756,P3,F3,1.0,0.50158703
GGG,2014B,631786,P3,F3,0.0,0.48989293
GGG,2014B,631788,P3,F3,1.0,0.5550074
GGG,2014B,631935,P3,F3,0.0,0.50249743
GGG,2014B,631953,P3,F3,0.0,0.45142573
GGG,2014B,631978,P3,F3,1.0,0.47941548
GGG,2014B,631992,P3,F3,1.0,0.55427635
GGG,2014B,632152,P3,F3,1.0,0.49974895
GGG,2014B,632153,P3,F3,0.0,0.49317026
GGG,2014B,632210,P3,F3,1.0,0.5110628
GGG,2014B,632267,P3,F3,1.0,0.50045013
GGG,2014B,632475,P3,F3,0.0,0.47041866
GGG,2014B,632483,P3,F3,0.0,0.4487434
GGG,2014B,632485,P3,F3,0.0,0.5081497
GGG,2014B,632512,P3,F3,0.0,0.47033578
GGG,2014B,632514,P3,F3,0.0,0.5063475
GGG,2014B,632526,P3,F3,0.0,0.5236822
GGG,2014B,632543,P3,F3,0.0,0.46329293
GGG,2014B,632558,P3,F3,1.0,0.48499492
GGG,2014B,632559,P3,F3,0.0,0.46419737
GGG,2014B,632569,P3,F3,0.0,0.5177351
GGG,2014B,632577,P3,F3,1.0,0.5550074
GGG,2014B,632613,P3,F3,1.0,0.509997
GGG,2014B,632619,P3,F3,0.0,0.55427635
GGG,2014B,632631,P3,F3,1.0,0.47800013
GGG,2014B,632638,P3,F3,1.0,0.49122187
GGG,2014B,632640,P3,F3,0.0,0.50269806
GGG,2014B,632667,P3,F3,0.0,0.47865146
GGG,2014B,632673,P3,F3,0.0,0.4576943
GGG,2014B,632675,P3,F3,0.0,0.5079759
GGG,2014B,632687,P3,F3,0.0,0.5074621
GGG,2014B,632936,P3,F3,0.0,0.4553981
GGG,2014B,632959,P3,F3,0.0,0.49489677
GGG,2014B,632966,P3,F3,1.0,0.49891624
GGG,2014B,632989,P3,F3,0.0,0.48752388
GGG,2014B,633026,P3,F3,1.0,0.4636623
GGG,2014B,633096,P3,F3,1.0,0.4886885
GGG,2014B,633098,P3,F3,0.0,0.48713833
GGG,2014B,633118,P3,F3,0.0,0.47225422
GGG,2014B,633123,P3,F3,0.0,0.49695557
GGG,2014B,633209,P3,F3,0.0,0.484932
GGG,2014B,633285,P3,F3,1.0,0.5150846
GGG,2014B,633389,P3,F3,1.0,0.4842163
GGG,2014B,633417,P3,F3,0.0,0.45073867
GGG,2014B,633429,P3,F3,0.0,0.51144534
GGG,2014B,633435,P3,F3,1.0,0.485376
GGG,2014B,633436,P3,F3,1.0,0.49366003
GGG,2014B,633448,P3,F3,1.0,0.4706667
GGG,2014B,633453,P3,F3,0.0,0.4640222
GGG,2014B,633459,P3,F3,0.0,0.47119737
GGG,2014B,633464,P3,F3,0.0,0.51762295
GGG,2014B,633474,P3,F3,0.0,0.48168623
GGG,2014B,633498,P3,F3,1.0,0.46460477
GGG,2014B,633514,P3,F3,0.0,0.4832879
GGG,2014B,633515,P3,F3,1.0,0.5047474
GGG,2014B,633569,P3,F3,1.0,0.5550074
GGG,2014B,633585,P3,F3,1.0,0.5373149
GGG,2014B,633588,P3,F3,0.0,0.45782238
GGG,2014B,633608,P3,F3,0.0,0.4754612
GGG,2014B,633609,P3,F3,0.0,0.48120156
GGG,2014B,633643,P3,F3,0.0,0.46085286
GGG,2014B,633660,P3,F3,0.0,0.47529066
GGG,2014B,633666,P3,F3,0.0,0.49216074
GGG,2014B,633682,P3,F3,0.0,0.47007445
GGG,2014B,633683,P3,F3,0.0,0.4982808
GGG,2014B,633685,P3,F3,0.0,0.42493683
GGG,2014B,633690,P3,F3,0.0,0.50270855
GGG,2014B,633747,P3,F3,0.0,0.49895564
GGG,2014B,633749,P3,F3,1.0,0.49216074
GGG,2014B,633923,P3,F3,0.0,0.4257281
GGG,2014B,633956,P3,F3,0.0,0.46228766
GGG,2014B,633967,P3,F3,1.0,0.55427635
GGG,2014B,633979,P3,F3,0.0,0.44965982
GGG,2014B,634018,P3,F3,0.0,0.48760062
GGG,2014B,634027,P3,F3,0.0,0.47498158
GGG,2014B,634054,P3,F3,1.0,0.54432565
GGG,2014B,634061,P3,F3,0.0,0.475401
GGG,2014B,634066,P3,F3,1.0,0.4800505
GGG,2014B,634076,P3,F3,0.0,0.44865948
GGG,2014B,634234,P3,F3,0.0,0.4308177
GGG,2014B,634258,P3,F3,0.0,0.43250373
GGG,2014B,634273,P3,F3,1.0,0.48881072
GGG,2014B,634311,P3,F3,1.0,0.49796754
GGG,2014B,634316,P3,F3,0.0,0.5062566
GGG,2014B,634320,P3,F3,0.0,0.46969694
GGG,2014B,634323,P3,F3,0.0,0.5120621
GGG,2014B,634340,P3,F3,1.0,0.48425636
GGG,2014B,634344,P3,F3,1.0,0.47723258
GGG,2014B,634345,P3,F3,1.0,0.54432565
GGG,2014B,634347,P3,F3,1.0,0.51735604
GGG,2014B,634369,P3,F3,0.0,0.47869757
GGG,2014B,634404,P3,F3,0.0,0.51031137
GGG,2014B,634444,P3,F3,1.0,0.48728278
GGG,2014B,634461,P3,F3,1.0,0.4807939
GGG,2014B,634470,P3,F3,0.0,0.45839038
GGG,2014B,634494,P3,F3,1.0,0.49787793
GGG,2014B,634498,P3,F3,1.0,0.54432565
GGG,2014B,634503,P3,F3,0.0,0.46467465
GGG,2014B,634529,P3,F3,0.0,0.48807162
GGG,2014B,634530,P3,F3,0.0,0.48192284
GGG,2014B,634547,P3,F3,0.0,0.49772668
GGG,2014B,634551,P3,F3,0.0,0.4550157
GGG,2014B,634562,P3,F3,1.0,0.4653953
GGG,2014B,634569,P3,F3,0.0,0.49738637
GGG,2014B,634583,P3,F3,0.0,0.44828776
GGG,2014B,634746,P3,F3,0.0,0.5037088
GGG,2014B,634751,P3,F3,0.0,0.4799355
GGG,2014B,634789,P3,F3,1.0,0.45859525
GGG,2014B,634822,P3,F3,1.0,0.47515416
GGG,2014B,634848,P3,F3,1.0,0.47633883
GGG,2014B,634899,P3,F3,1.0,0.51366043
GGG,2014B,634933,P3,F3,1.0,0.47814858
GGG,2014B,634968,P3,F3,1.0,0.47968853
GGG,2014B,634986,P3,F3,0.0,0.42418003
GGG,2014B,635035,P3,F3,0.0,0.43149877
GGG,2014B,635052,P3,F3,0.0,0.45504972
GGG,2014B,635233,P3,F3,0.0,0.47871974
GGG,2014B,635506,P3,F3,0.0,0.45406917
GGG,2014B,635813,P3,F3,0.0,0.5550074
GGG,2014B,635885,P3,F3,1.0,0.5550074
GGG,2014B,1338955,P3,F3,1.0,0.5035478
GGG,2014B,1413027,P3,F3,0.0,0.5011153
GGG,2014B,1422737,P3,F3,0.0,0.47713077
GGG,2014B,1860171,P3,F3,0.0,0.4428817
GGG,2014B,1882021,P3,F3,0.0,0.47642145
GGG,2014B,1897611,P3,F3,0.0,0.48641595
GGG,2014B,1986312,P3,F3,1.0,0.54432565
GGG,2014B,1994632,P3,F3,0.0,0.46415335
GGG,2014B,2067555,P3,F3,0.0,0.54027396
GGG,2014B,2081937,P3,F3,0.0,0.4431676
GGG,2014B,2082945,P3,F3,0.0,0.4887425
GGG,2014B,2135315,P3,F3,0.0,0.46440178
GGG,2014B,2237813,P3,F3,1.0,0.4975474
GGG,2014B,2252963,P3,F3,0.0,0.48181084
GGG,2014B,2262510,P3,F3,0.0,0.503441
GGG,2014B,2264282,P3,F3,1.0,0.48713833
GGG,2014B,2272474,P3,F3,0.0,0.47596484
GGG,2014B,2322120,P3,F3,1.0,0.47623938
GGG,2014B,2351589,P3,F3,0.0,0.4634696
GGG,2014B,2392554,P3,F3,0.0,0.4955775
GGG,2014B,2410140,P3,F3,1.0,0.49206373
GGG,2014B,2445562,P3,F3,0.0,0.5733051
GGG,2014B,2452045,P3,F3,0.0,0.4873847
GGG,2014B,2477545,P3,F3,1.0,0.4738938
GGG,2014B,2526485,P3,F3,0.0,0.43211576
GGG,2014B,2533407,P3,F3,0.0,0.420627
GGG,2014B,2546763,P3,F3,1.0,0.47740862
GGG,2014B,2563715,P3,F3,0.0,0.46409336
GGG,2014B,2574822,P3,F3,1.0,0.46791574
GGG,2014B,2574825,P3,F3,1.0,0.47935233
GGG,2014B,2577437,P3,F3,1.0,0.5036065
GGG,2014B,2619903,P3,F3,1.0,0.4711727
GGG,2014B,2649914,P3,F3,0.0,0.54432565
GGG,2014B,2658277,P3,F3,1.0,0.48242652
GGG,2014B,2672138,P3,F3,0.0,0.4692517
GGG,2014B,2677135,P3,F3,0.0,0.47528535
GGG,2014B,2682002,P3,F3,0.0,0.557086
GGG,2014B,2689480,P3,F3,0.0,0.43615657
GGG,2014B,2695362,P3,F3,0.0,0.45415235
